Company Name,Area Name,Mine Name,Creation datetime,Record time,PM - 2.5 (µg/m3),PM - 10 (µg/m3),SO2 (µg/m3),NO2  (µg/m3),CO (mg/m3),Device ID,Created by,Date
South Eastern Coalfields Limited,Dipka Area,M/s Dipka Expansion Project South Eastern Coal Fields Limited Dipka Area,2026-08-30 22:30:00,2026-08-30 17:00:00,14.09,20.21,38.6,,0.51,site_5664,Thermo Fisher Scientific India Private Limited,2026-08-30
South Eastern Coalfields Limited,Dipka Area,M/s Dipka Expansion Project South Eastern Coal Fields Limited Dipka Area,2026-08-30 22:29:00,2026-08-30 16:59:00,14.5,19.86,37.28,,0.55,site_5664,Thermo Fisher Scientific India Private Limited,2026-08-30
South Eastern Coalfields Limited,Dipka Area,M/s Dipka Expansion Project South Eastern Coal Fields Limited Dipka Area,2026-08-30 22:29:00,2026-08-30 16:59:00,14.99,19.68,30.07,,0.59,site_5664,Thermo Fisher Scientific India Private Limited,2026-08-30
South Eastern Coalfields Limited,Dipka Area,M/s Dipka Expansion Project South Eastern Coal Fields Limited Dipka Area,2026-08-30 22:28:00,2026-08-30 16:58:00,15.38,19.49,32.6,,0.61,site_5664,Thermo Fisher Scientific India Private Limited,2026-08-30
South Eastern Coalfields Limited,Dipka Area,M/s Dipka Expansion Project South Eastern Coal Fields Limited Dipka Area,2026-08-30 22:28:00,2026-08-30 16:58:00,15.78,19.41,38.04,,0.66,site_5664,Thermo Fisher Scientific India Private Limited,2026-08-30
South Eastern Coalfields Limited,Dipka Area,M/s Dipka Expansion Project South Eastern Coal Fields Limited Dipka Area,2026-08-30 22:27:00,2026-08-30 16:57:00,16.36,19.35,35.08,,0.67,site_5664,Thermo Fisher Scientific India Private Limited,2026-08-30
South Eastern Coalfields Limited,Dipka Area,M/s Dipka Expansion Project South Eastern Coal Fields Limited Dipka Area,2026-08-30 22:27:00,2026-08-30 16:57:00,16.83,19.32,31.61,,0.76,site_5664,Thermo Fisher Scientific India Private Limited,2026-08-30
South Eastern Coalfields Limited,Dipka Area,M/s Dipka Expansion Project South Eastern Coal Fields Limited Dipka Area,2026-08-30 22:26:00,2026-08-30 16:56:00,17.34,19.26,32.7,,0.78,site_5664,Thermo Fisher Scientific India Private Limited,2026-08-30
South Eastern Coalfields Limited,Dipka Area,M/s Dipka Expansion Project South Eastern Coal Fields Limited Dipka Area,2026-08-30 22:26:00,2026-08-30 16:56:00,17.68,19.21,35.77,,0.68,site_5664,Thermo Fisher Scientific India Private Limited,2026-08-30
South Eastern Coalfields Limited,Dipka Area,M/s Dipka Expansion Project South Eastern Coal Fields Limited Dipka Area,2026-08-30 22:25:00,2026-08-30 16:55:00,18.0,19.14,34.5,,0.54,site_5664,Thermo Fisher Scientific India Private Limited,2026-08-30
South Eastern Coalfields Limited,"Gevra , Chattisgarh",SECL GEVRA,2026-08-30 22:25:00,2026-08-30 22:15:00,44.5,79.71,13.94,10.27,0.94,site_,Envea India Pvt Ltd,2026-08-30
South Eastern Coalfields Limited,Dipka Area,M/s Dipka Expansion Project South Eastern Coal Fields Limited Dipka Area,2026-08-30 22:25:00,2026-08-30 16:55:00,17.98,19.12,33.49,,0.56,site_5664,Thermo Fisher Scientific India Private Limited,2026-08-30
South Eastern Coalfields Limited,Dipka Area,M/s Dipka Expansion Project South Eastern Coal Fields Limited Dipka Area,2026-08-30 22:24:00,2026-08-30 16:54:00,17.73,19.01,38.04,,0.51,site_5664,Thermo Fisher Scientific India Private Limited,2026-08-30
South Eastern Coalfields Limited,Dipka Area,M/s Dipka Expansion Project South Eastern Coal Fields Limited Dipka Area,2026-08-30 22:24:00,2026-08-30 16:54:00,17.66,18.96,33.56,,0.5,site_5664,Thermo Fisher Scientific India Private Limited,2026-08-30
South Eastern Coalfields Limited,Dipka Area,M/s Dipka Expansion Project South Eastern Coal Fields Limited Dipka Area,2026-08-30 22:23:00,2026-08-30 16:53:00,17.55,19.03,33.84,,0.47,site_5664,Thermo Fisher Scientific India Private Limited,2026-08-30
South Eastern Coalfields Limited,Dipka Area,M/s Dipka Expansion Project South Eastern Coal Fields Limited Dipka Area,2026-08-30 22:23:00,2026-08-30 16:53:00,17.4,19.2,33.08,,0.29,site_5664,Thermo Fisher Scientific India Private Limited,2026-08-30
South Eastern Coalfields Limited,Dipka Area,M/s Dipka Expansion Project South Eastern Coal Fields Limited Dipka Area,2026-08-30 22:22:00,2026-08-30 16:52:00,17.4,19.41,34.91,,0.24,site_5664,Thermo Fisher Scientific India Private Limited,2026-08-30
South Eastern Coalfields Limited,Dipka Area,M/s Dipka Expansion Project South Eastern Coal Fields Limited Dipka Area,2026-08-30 22:22:00,2026-08-30 16:52:00,17.51,19.55,42.51,,0.18,site_5664,Thermo Fisher Scientific India Private Limited,2026-08-30
South Eastern Coalfields Limited,Dipka Area,M/s Dipka Expansion Project South Eastern Coal Fields Limited Dipka Area,2026-08-30 22:21:00,2026-08-30 16:51:00,17.58,19.84,32.77,,0.0,site_5664,Thermo Fisher Scientific India Private Limited,2026-08-30
South Eastern Coalfields Limited,Dipka Area,M/s Dipka Expansion Project South Eastern Coal Fields Limited Dipka Area,2026-08-30 22:21:00,2026-08-30 16:51:00,17.6,20.09,33.09,,0.0,site_5664,Thermo Fisher Scientific India Private Limited,2026-08-30
South Eastern Coalfields Limited,Dipka Area,M/s Dipka Expansion Project South Eastern Coal Fields Limited Dipka Area,2026-08-30 22:20:00,2026-08-30 16:50:00,17.67,20.29,29.64,,0.0,site_5664,Thermo Fisher Scientific India Private Limited,2026-08-30
South Eastern Coalfields Limited,Dipka Area,M/s Dipka Expansion Project South Eastern Coal Fields Limited Dipka Area,2026-08-30 22:20:00,2026-08-30 16:50:00,17.81,20.43,35.97,,0.0,site_5664,Thermo Fisher Scientific India Private Limited,2026-08-30
South Eastern Coalfields Limited,Dipka Area,M/s Dipka Expansion Project South Eastern Coal Fields Limited Dipka Area,2026-08-30 22:19:00,2026-08-30 16:49:00,17.89,20.63,39.47,,0.0,site_5664,Thermo Fisher Scientific India Private Limited,2026-08-30
South Eastern Coalfields Limited,Dipka Area,M/s Dipka Expansion Project South Eastern Coal Fields Limited Dipka Area,2026-08-30 22:19:00,2026-08-30 16:49:00,17.91,20.99,29.12,,0.0,site_5664,Thermo Fisher Scientific India Private Limited,2026-08-30
South Eastern Coalfields Limited,Dipka Area,M/s Dipka Expansion Project South Eastern Coal Fields Limited Dipka Area,2026-08-30 22:18:00,2026-08-30 16:48:00,17.8,21.49,28.8,,0.01,site_5664,Thermo Fisher Scientific India Private Limited,2026-08-30
South Eastern Coalfields Limited,Dipka Area,M/s Dipka Expansion Project South Eastern Coal Fields Limited Dipka Area,2026-08-30 22:18:00,2026-08-30 16:48:00,17.64,21.89,32.96,,0.13,site_5664,Thermo Fisher Scientific India Private Limited,2026-08-30
South Eastern Coalfields Limited,Dipka Area,M/s Dipka Expansion Project South Eastern Coal Fields Limited Dipka Area,2026-08-30 22:17:00,2026-08-30 16:47:00,17.48,22.44,34.18,,0.06,site_5664,Thermo Fisher Scientific India Private Limited,2026-08-30
South Eastern Coalfields Limited,Dipka Area,M/s Dipka Expansion Project South Eastern Coal Fields Limited Dipka Area,2026-08-30 22:17:00,2026-08-30 16:47:00,17.37,22.87,36.39,,0.03,site_5664,Thermo Fisher Scientific India Private Limited,2026-08-30
South Eastern Coalfields Limited,Dipka Area,M/s Dipka Expansion Project South Eastern Coal Fields Limited Dipka Area,2026-08-30 22:16:00,2026-08-30 16:46:00,17.37,23.25,28.93,,0.22,site_5664,Thermo Fisher Scientific India Private Limited,2026-08-30
South Eastern Coalfields Limited,Dipka Area,M/s Dipka Expansion Project South Eastern Coal Fields Limited Dipka Area,2026-08-30 22:16:00,2026-08-30 16:46:00,17.42,23.38,31.15,,0.25,site_5664,Thermo Fisher Scientific India Private Limited,2026-08-30
South Eastern Coalfields Limited,Dipka Area,M/s Dipka Expansion Project South Eastern Coal Fields Limited Dipka Area,2026-08-30 22:15:00,2026-08-30 16:45:00,17.66,23.38,33.66,,0.3,site_5664,Thermo Fisher Scientific India Private Limited,2026-08-30
South Eastern Coalfields Limited,"Bilaspur, CHHATTISGARHr",South Eastern Coalfields  Limited - AQMS_H_Q,2026-08-30 22:15:00,2026-08-30 16:44:00,3.69,,18.39,0.0,0.0,site_5592,Swan Environ,2026-08-30
South Eastern Coalfields Limited,Dipka Area,M/s Dipka Expansion Project South Eastern Coal Fields Limited Dipka Area,2026-08-30 22:15:00,2026-08-30 16:45:00,17.98,23.42,33.34,,0.48,site_5664,Thermo Fisher Scientific India Private Limited,2026-08-30
South Eastern Coalfields Limited,Dipka Area,M/s Dipka Expansion Project South Eastern Coal Fields Limited Dipka Area,2026-08-30 22:14:00,2026-08-30 16:44:00,18.41,23.35,33.56,,0.47,site_5664,Thermo Fisher Scientific India Private Limited,2026-08-30
South Eastern Coalfields Limited,Dipka Area,M/s Dipka Expansion Project South Eastern Coal Fields Limited Dipka Area,2026-08-30 22:14:00,2026-08-30 16:44:00,18.88,23.29,32.36,,0.47,site_5664,Thermo Fisher Scientific India Private Limited,2026-08-30
South Eastern Coalfields Limited,Dipka Area,M/s Dipka Expansion Project South Eastern Coal Fields Limited Dipka Area,2026-08-30 22:13:00,2026-08-30 16:43:00,19.12,23.2,29.29,,0.45,site_5664,Thermo Fisher Scientific India Private Limited,2026-08-30
South Eastern Coalfields Limited,Dipka Area,M/s Dipka Expansion Project South Eastern Coal Fields Limited Dipka Area,2026-08-30 22:13:00,2026-08-30 16:43:00,19.26,23.0,34.74,,0.38,site_5664,Thermo Fisher Scientific India Private Limited,2026-08-30
South Eastern Coalfields Limited,Dipka Area,M/s Dipka Expansion Project South Eastern Coal Fields Limited Dipka Area,2026-08-30 22:12:00,2026-08-30 16:42:00,19.57,22.69,31.84,,0.59,site_5664,Thermo Fisher Scientific India Private Limited,2026-08-30
South Eastern Coalfields Limited,Dipka Area,M/s Dipka Expansion Project South Eastern Coal Fields Limited Dipka Area,2026-08-30 22:12:00,2026-08-30 16:42:00,19.89,22.31,32.25,,0.56,site_5664,Thermo Fisher Scientific India Private Limited,2026-08-30
South Eastern Coalfields Limited,Dipka Area,M/s Dipka Expansion Project South Eastern Coal Fields Limited Dipka Area,2026-08-30 22:11:00,2026-08-30 16:41:00,20.27,21.75,30.33,,0.57,site_5664,Thermo Fisher Scientific India Private Limited,2026-08-30
South Eastern Coalfields Limited,Dipka Area,M/s Dipka Expansion Project South Eastern Coal Fields Limited Dipka Area,2026-08-30 22:11:00,2026-08-30 16:41:00,20.44,21.25,32.73,,0.52,site_5664,Thermo Fisher Scientific India Private Limited,2026-08-30
South Eastern Coalfields Limited,Dipka Area,M/s Dipka Expansion Project South Eastern Coal Fields Limited Dipka Area,2026-08-30 22:10:00,2026-08-30 16:40:00,20.71,20.62,32.41,,0.5,site_5664,Thermo Fisher Scientific India Private Limited,2026-08-30
South Eastern Coalfields Limited,"Gevra , Chattisgarh",SECL GEVRA,2026-08-30 22:10:00,2026-08-30 22:00:00,32.3,58.45,13.26,8.46,0.65,site_,Envea India Pvt Ltd,2026-08-30
South Eastern Coalfields Limited,Dipka Area,M/s Dipka Expansion Project South Eastern Coal Fields Limited Dipka Area,2026-08-30 22:10:00,2026-08-30 16:40:00,20.74,20.17,33.8,,0.29,site_5664,Thermo Fisher Scientific India Private Limited,2026-08-30
South Eastern Coalfields Limited,Dipka Area,M/s Dipka Expansion Project South Eastern Coal Fields Limited Dipka Area,2026-08-30 22:09:00,2026-08-30 16:39:00,20.6,19.74,36.85,,0.29,site_5664,Thermo Fisher Scientific India Private Limited,2026-08-30
South Eastern Coalfields Limited,Dipka Area,M/s Dipka Expansion Project South Eastern Coal Fields Limited Dipka Area,2026-08-30 22:09:00,2026-08-30 16:39:00,20.22,19.57,35.81,,0.37,site_5664,Thermo Fisher Scientific India Private Limited,2026-08-30
South Eastern Coalfields Limited,Dipka Area,M/s Dipka Expansion Project South Eastern Coal Fields Limited Dipka Area,2026-08-30 22:08:00,2026-08-30 16:38:00,19.54,19.38,43.97,,0.35,site_5664,Thermo Fisher Scientific India Private Limited,2026-08-30
South Eastern Coalfields Limited,Dipka Area,M/s Dipka Expansion Project South Eastern Coal Fields Limited Dipka Area,2026-08-30 22:08:00,2026-08-30 16:38:00,18.85,19.19,38.46,,0.4,site_5664,Thermo Fisher Scientific India Private Limited,2026-08-30
South Eastern Coalfields Limited,Dipka Area,M/s Dipka Expansion Project South Eastern Coal Fields Limited Dipka Area,2026-08-30 22:07:00,2026-08-30 16:37:00,18.09,18.93,36.09,,0.37,site_5664,Thermo Fisher Scientific India Private Limited,2026-08-30
South Eastern Coalfields Limited,Dipka Area,M/s Dipka Expansion Project South Eastern Coal Fields Limited Dipka Area,2026-08-30 22:07:00,2026-08-30 16:37:00,17.5,18.73,28.73,,0.4,site_5664,Thermo Fisher Scientific India Private Limited,2026-08-30
South Eastern Coalfields Limited,Dipka Area,M/s Dipka Expansion Project South Eastern Coal Fields Limited Dipka Area,2026-08-30 22:06:00,2026-08-30 16:36:00,16.9,18.45,35.26,,0.41,site_5664,Thermo Fisher Scientific India Private Limited,2026-08-30
South Eastern Coalfields Limited,Dipka Area,M/s Dipka Expansion Project South Eastern Coal Fields Limited Dipka Area,2026-08-30 22:06:00,2026-08-30 16:36:00,16.49,18.08,39.04,,0.39,site_5664,Thermo Fisher Scientific India Private Limited,2026-08-30
South Eastern Coalfields Limited,Dipka Area,M/s Dipka Expansion Project South Eastern Coal Fields Limited Dipka Area,2026-08-30 22:05:00,2026-08-30 16:35:00,16.14,17.52,39.41,,0.5,site_5664,Thermo Fisher Scientific India Private Limited,2026-08-30
South Eastern Coalfields Limited,Dipka Area,M/s Dipka Expansion Project South Eastern Coal Fields Limited Dipka Area,2026-08-30 22:05:00,2026-08-30 16:35:00,15.9,16.97,31.59,,0.75,site_5664,Thermo Fisher Scientific India Private Limited,2026-08-30
South Eastern Coalfields Limited,Dipka Area,M/s Dipka Expansion Project South Eastern Coal Fields Limited Dipka Area,2026-08-30 22:04:00,2026-08-30 16:34:00,15.64,16.41,34.94,,0.61,site_5664,Thermo Fisher Scientific India Private Limited,2026-08-30
South Eastern Coalfields Limited,Dipka Area,M/s Dipka Expansion Project South Eastern Coal Fields Limited Dipka Area,2026-08-30 22:04:00,2026-08-30 16:34:00,15.43,16.04,33.18,,0.4,site_5664,Thermo Fisher Scientific India Private Limited,2026-08-30
South Eastern Coalfields Limited,Dipka Area,M/s Dipka Expansion Project South Eastern Coal Fields Limited Dipka Area,2026-08-30 22:03:00,2026-08-30 16:33:00,15.16,15.61,41.59,,0.39,site_5664,Thermo Fisher Scientific India Private Limited,2026-08-30
South Eastern Coalfields Limited,Dipka Area,M/s Dipka Expansion Project South Eastern Coal Fields Limited Dipka Area,2026-08-30 22:03:00,2026-08-30 16:33:00,14.9,15.18,37.28,,0.38,site_5664,Thermo Fisher Scientific India Private Limited,2026-08-30
South Eastern Coalfields Limited,Dipka Area,M/s Dipka Expansion Project South Eastern Coal Fields Limited Dipka Area,2026-08-30 22:02:00,2026-08-30 16:32:00,14.61,14.88,37.24,,0.24,site_5664,Thermo Fisher Scientific India Private Limited,2026-08-30
South Eastern Coalfields Limited,Dipka Area,M/s Dipka Expansion Project South Eastern Coal Fields Limited Dipka Area,2026-08-30 22:02:00,2026-08-30 16:32:00,14.38,14.7,32.14,,0.31,site_5664,Thermo Fisher Scientific India Private Limited,2026-08-30
South Eastern Coalfields Limited,Dipka Area,M/s Dipka Expansion Project South Eastern Coal Fields Limited Dipka Area,2026-08-30 22:01:00,2026-08-30 16:31:00,14.11,14.61,37.37,,0.25,site_5664,Thermo Fisher Scientific India Private Limited,2026-08-30
South Eastern Coalfields Limited,Dipka Area,M/s Dipka Expansion Project South Eastern Coal Fields Limited Dipka Area,2026-08-30 22:01:00,2026-08-30 16:31:00,14.04,14.44,31.17,,0.33,site_5664,Thermo Fisher Scientific India Private Limited,2026-08-30
South Eastern Coalfields Limited,"Bilaspur, CHHATTISGARHr",South Eastern Coalfields  Limited - AQMS_H_Q,2026-08-30 22:00:00,2026-08-30 16:29:00,3.82,,19.25,255.52,0.24,site_5592,Swan Environ,2026-08-30
South Eastern Coalfields Limited,Dipka Area,M/s Dipka Expansion Project South Eastern Coal Fields Limited Dipka Area,2026-08-30 22:00:00,2026-08-30 16:30:00,13.94,14.09,36.81,,0.23,site_5664,Thermo Fisher Scientific India Private Limited,2026-08-30
South Eastern Coalfields Limited,Dipka Area,M/s Dipka Expansion Project South Eastern Coal Fields Limited Dipka Area,2026-08-30 21:59:00,2026-08-30 16:29:00,13.71,13.54,37.34,,0.17,site_5664,Thermo Fisher Scientific India Private Limited,2026-08-30
South Eastern Coalfields Limited,Dipka Area,M/s Dipka Expansion Project South Eastern Coal Fields Limited Dipka Area,2026-08-30 21:59:00,2026-08-30 16:29:00,13.49,13.43,36.71,,0.36,site_5664,Thermo Fisher Scientific India Private Limited,2026-08-30
South Eastern Coalfields Limited,Dipka Area,M/s Dipka Expansion Project South Eastern Coal Fields Limited Dipka Area,2026-08-30 21:58:00,2026-08-30 16:28:00,13.32,13.3,32.71,,0.39,site_5664,Thermo Fisher Scientific India Private Limited,2026-08-30
South Eastern Coalfields Limited,Dipka Area,M/s Dipka Expansion Project South Eastern Coal Fields Limited Dipka Area,2026-08-30 21:58:00,2026-08-30 16:28:00,13.0,13.24,37.28,,0.44,site_5664,Thermo Fisher Scientific India Private Limited,2026-08-30
South Eastern Coalfields Limited,Dipka Area,M/s Dipka Expansion Project South Eastern Coal Fields Limited Dipka Area,2026-08-30 21:57:00,2026-08-30 16:27:00,12.53,13.38,35.8,,0.57,site_5664,Thermo Fisher Scientific India Private Limited,2026-08-30
South Eastern Coalfields Limited,Dipka Area,M/s Dipka Expansion Project South Eastern Coal Fields Limited Dipka Area,2026-08-30 21:57:00,2026-08-30 16:27:00,12.08,13.53,39.26,,0.57,site_5664,Thermo Fisher Scientific India Private Limited,2026-08-30
South Eastern Coalfields Limited,Dipka Area,M/s Dipka Expansion Project South Eastern Coal Fields Limited Dipka Area,2026-08-30 21:56:00,2026-08-30 16:26:00,11.64,13.79,31.86,,0.6,site_5664,Thermo Fisher Scientific India Private Limited,2026-08-30
South Eastern Coalfields Limited,Dipka Area,M/s Dipka Expansion Project South Eastern Coal Fields Limited Dipka Area,2026-08-30 21:56:00,2026-08-30 16:26:00,11.2,13.99,35.5,,0.58,site_5664,Thermo Fisher Scientific India Private Limited,2026-08-30
South Eastern Coalfields Limited,Dipka Area,M/s Dipka Expansion Project South Eastern Coal Fields Limited Dipka Area,2026-08-30 21:55:00,2026-08-30 16:25:00,10.63,14.23,36.09,,0.6,site_5664,Thermo Fisher Scientific India Private Limited,2026-08-30
South Eastern Coalfields Limited,"Gevra , Chattisgarh",SECL GEVRA,2026-08-30 21:55:00,2026-08-30 21:45:00,45.7,81.73,14.0,10.44,0.97,site_,Envea India Pvt Ltd,2026-08-30
South Eastern Coalfields Limited,Dipka Area,M/s Dipka Expansion Project South Eastern Coal Fields Limited Dipka Area,2026-08-30 21:55:00,2026-08-30 16:25:00,10.33,14.41,34.55,,0.72,site_5664,Thermo Fisher Scientific India Private Limited,2026-08-30
South Eastern Coalfields Limited,Dipka Area,M/s Dipka Expansion Project South Eastern Coal Fields Limited Dipka Area,2026-08-30 21:54:00,2026-08-30 16:24:00,10.21,14.68,33.52,,0.61,site_5664,Thermo Fisher Scientific India Private Limited,2026-08-30
South Eastern Coalfields Limited,Dipka Area,M/s Dipka Expansion Project South Eastern Coal Fields Limited Dipka Area,2026-08-30 21:54:00,2026-08-30 16:24:00,10.22,15.14,30.0,,0.41,site_5664,Thermo Fisher Scientific India Private Limited,2026-08-30
South Eastern Coalfields Limited,Dipka Area,M/s Dipka Expansion Project South Eastern Coal Fields Limited Dipka Area,2026-08-30 21:53:00,2026-08-30 16:23:00,10.24,15.43,37.67,,0.49,site_5664,Thermo Fisher Scientific India Private Limited,2026-08-30
South Eastern Coalfields Limited,Dipka Area,M/s Dipka Expansion Project South Eastern Coal Fields Limited Dipka Area,2026-08-30 21:53:00,2026-08-30 16:23:00,10.24,15.52,38.62,,0.56,site_5664,Thermo Fisher Scientific India Private Limited,2026-08-30
South Eastern Coalfields Limited,Dipka Area,M/s Dipka Expansion Project South Eastern Coal Fields Limited Dipka Area,2026-08-30 21:52:00,2026-08-30 16:22:00,10.4,15.55,32.65,,0.51,site_5664,Thermo Fisher Scientific India Private Limited,2026-08-30
South Eastern Coalfields Limited,Dipka Area,M/s Dipka Expansion Project South Eastern Coal Fields Limited Dipka Area,2026-08-30 21:52:00,2026-08-30 16:22:00,10.73,15.64,32.21,,0.59,site_5664,Thermo Fisher Scientific India Private Limited,2026-08-30
South Eastern Coalfields Limited,Dipka Area,M/s Dipka Expansion Project South Eastern Coal Fields Limited Dipka Area,2026-08-30 21:51:00,2026-08-30 16:21:00,11.15,15.69,35.07,,0.5,site_5664,Thermo Fisher Scientific India Private Limited,2026-08-30
South Eastern Coalfields Limited,Dipka Area,M/s Dipka Expansion Project South Eastern Coal Fields Limited Dipka Area,2026-08-30 21:51:00,2026-08-30 16:21:00,11.5,15.43,34.59,,0.61,site_5664,Thermo Fisher Scientific India Private Limited,2026-08-30
South Eastern Coalfields Limited,Dipka Area,M/s Dipka Expansion Project South Eastern Coal Fields Limited Dipka Area,2026-08-30 21:50:00,2026-08-30 16:20:00,11.78,15.17,38.45,,0.65,site_5664,Thermo Fisher Scientific India Private Limited,2026-08-30
South Eastern Coalfields Limited,Dipka Area,M/s Dipka Expansion Project South Eastern Coal Fields Limited Dipka Area,2026-08-30 21:50:00,2026-08-30 16:20:00,12.05,15.09,35.31,,0.58,site_5664,Thermo Fisher Scientific India Private Limited,2026-08-30
South Eastern Coalfields Limited,Dipka Area,M/s Dipka Expansion Project South Eastern Coal Fields Limited Dipka Area,2026-08-30 21:49:00,2026-08-30 16:19:00,12.25,15.08,34.02,,0.52,site_5664,Thermo Fisher Scientific India Private Limited,2026-08-30
South Eastern Coalfields Limited,Dipka Area,M/s Dipka Expansion Project South Eastern Coal Fields Limited Dipka Area,2026-08-30 21:49:00,2026-08-30 16:19:00,12.35,15.06,30.9,,0.6,site_5664,Thermo Fisher Scientific India Private Limited,2026-08-30
South Eastern Coalfields Limited,Dipka Area,M/s Dipka Expansion Project South Eastern Coal Fields Limited Dipka Area,2026-08-30 21:48:00,2026-08-30 16:18:00,12.23,14.96,37.09,,0.38,site_5664,Thermo Fisher Scientific India Private Limited,2026-08-30
South Eastern Coalfields Limited,Dipka Area,M/s Dipka Expansion Project South Eastern Coal Fields Limited Dipka Area,2026-08-30 21:48:00,2026-08-30 16:18:00,12.09,14.98,38.07,,0.3,site_5664,Thermo Fisher Scientific India Private Limited,2026-08-30
South Eastern Coalfields Limited,Dipka Area,M/s Dipka Expansion Project South Eastern Coal Fields Limited Dipka Area,2026-08-30 21:47:00,2026-08-30 16:17:00,12.07,14.99,33.98,,0.4,site_5664,Thermo Fisher Scientific India Private Limited,2026-08-30
South Eastern Coalfields Limited,Dipka Area,M/s Dipka Expansion Project South Eastern Coal Fields Limited Dipka Area,2026-08-30 21:47:00,2026-08-30 16:17:00,12.13,15.01,32.04,,0.36,site_5664,Thermo Fisher Scientific India Private Limited,2026-08-30
South Eastern Coalfields Limited,Dipka Area,M/s Dipka Expansion Project South Eastern Coal Fields Limited Dipka Area,2026-08-30 21:46:00,2026-08-30 16:16:00,12.19,15.07,34.64,,0.44,site_5664,Thermo Fisher Scientific India Private Limited,2026-08-30
South Eastern Coalfields Limited,Dipka Area,M/s Dipka Expansion Project South Eastern Coal Fields Limited Dipka Area,2026-08-30 21:46:00,2026-08-30 16:16:00,12.33,15.08,34.27,,0.32,site_5664,Thermo Fisher Scientific India Private Limited,2026-08-30
South Eastern Coalfields Limited,"Bilaspur, CHHATTISGARHr",South Eastern Coalfields  Limited - AQMS_H_Q,2026-08-30 21:45:00,2026-08-30 16:14:00,3.95,,20.04,0.0,0.0,site_5592,Swan Environ,2026-08-30
South Eastern Coalfields Limited,Dipka Area,M/s Dipka Expansion Project South Eastern Coal Fields Limited Dipka Area,2026-08-30 21:45:00,2026-08-30 16:15:00,12.54,15.25,36.97,,0.24,site_5664,Thermo Fisher Scientific India Private Limited,2026-08-30
South Eastern Coalfields Limited,Dipka Area,M/s Dipka Expansion Project South Eastern Coal Fields Limited Dipka Area,2026-08-30 21:45:00,2026-08-30 16:15:00,12.97,15.37,36.09,,0.19,site_5664,Thermo Fisher Scientific India Private Limited,2026-08-30
South Eastern Coalfields Limited,Dipka Area,M/s Dipka Expansion Project South Eastern Coal Fields Limited Dipka Area,2026-08-30 21:44:00,2026-08-30 16:14:00,13.39,15.52,32.04,,0.35,site_5664,Thermo Fisher Scientific India Private Limited,2026-08-30
South Eastern Coalfields Limited,Dipka Area,M/s Dipka Expansion Project South Eastern Coal Fields Limited Dipka Area,2026-08-30 21:44:00,2026-08-30 16:14:00,13.88,15.61,35.5,,0.31,site_5664,Thermo Fisher Scientific India Private Limited,2026-08-30
South Eastern Coalfields Limited,Dipka Area,M/s Dipka Expansion Project South Eastern Coal Fields Limited Dipka Area,2026-08-30 21:43:00,2026-08-30 16:13:00,14.46,15.58,28.14,,0.32,site_5664,Thermo Fisher Scientific India Private Limited,2026-08-30
South Eastern Coalfields Limited,Dipka Area,M/s Dipka Expansion Project South Eastern Coal Fields Limited Dipka Area,2026-08-30 21:43:00,2026-08-30 16:13:00,14.74,15.47,34.09,,0.28,site_5664,Thermo Fisher Scientific India Private Limited,2026-08-30
South Eastern Coalfields Limited,Dipka Area,M/s Dipka Expansion Project South Eastern Coal Fields Limited Dipka Area,2026-08-30 21:42:00,2026-08-30 16:12:00,15.17,15.39,30.36,,0.22,site_5664,Thermo Fisher Scientific India Private Limited,2026-08-30
South Eastern Coalfields Limited,Dipka Area,M/s Dipka Expansion Project South Eastern Coal Fields Limited Dipka Area,2026-08-30 21:42:00,2026-08-30 16:12:00,15.3,15.34,31.01,,0.08,site_5664,Thermo Fisher Scientific India Private Limited,2026-08-30
South Eastern Coalfields Limited,Dipka Area,M/s Dipka Expansion Project South Eastern Coal Fields Limited Dipka Area,2026-08-30 21:41:00,2026-08-30 16:11:00,15.45,15.33,38.32,,0.03,site_5664,Thermo Fisher Scientific India Private Limited,2026-08-30
South Eastern Coalfields Limited,Dipka Area,M/s Dipka Expansion Project South Eastern Coal Fields Limited Dipka Area,2026-08-30 21:41:00,2026-08-30 16:11:00,15.62,15.3,38.84,,0.14,site_5664,Thermo Fisher Scientific India Private Limited,2026-08-30
South Eastern Coalfields Limited,Dipka Area,M/s Dipka Expansion Project South Eastern Coal Fields Limited Dipka Area,2026-08-30 21:40:00,2026-08-30 16:10:00,15.92,15.35,35.01,,0.11,site_5664,Thermo Fisher Scientific India Private Limited,2026-08-30
South Eastern Coalfields Limited,"Gevra , Chattisgarh",SECL GEVRA,2026-08-30 21:40:00,2026-08-30 21:30:00,35.0,63.23,13.41,8.86,0.71,site_,Envea India Pvt Ltd,2026-08-30
South Eastern Coalfields Limited,Dipka Area,M/s Dipka Expansion Project South Eastern Coal Fields Limited Dipka Area,2026-08-30 21:40:00,2026-08-30 16:10:00,16.33,15.44,36.76,,0.23,site_5664,Thermo Fisher Scientific India Private Limited,2026-08-30
South Eastern Coalfields Limited,Dipka Area,M/s Dipka Expansion Project South Eastern Coal Fields Limited Dipka Area,2026-08-30 21:39:00,2026-08-30 16:09:00,16.8,15.47,32.15,,0.19,site_5664,Thermo Fisher Scientific India Private Limited,2026-08-30
South Eastern Coalfields Limited,Dipka Area,M/s Dipka Expansion Project South Eastern Coal Fields Limited Dipka Area,2026-08-30 21:39:00,2026-08-30 16:09:00,17.14,15.57,34.39,,0.25,site_5664,Thermo Fisher Scientific India Private Limited,2026-08-30
South Eastern Coalfields Limited,Dipka Area,M/s Dipka Expansion Project South Eastern Coal Fields Limited Dipka Area,2026-08-30 21:38:00,2026-08-30 16:08:00,17.46,15.69,34.07,,0.33,site_5664,Thermo Fisher Scientific India Private Limited,2026-08-30
South Eastern Coalfields Limited,Dipka Area,M/s Dipka Expansion Project South Eastern Coal Fields Limited Dipka Area,2026-08-30 21:38:00,2026-08-30 16:08:00,17.52,15.94,34.2,,0.28,site_5664,Thermo Fisher Scientific India Private Limited,2026-08-30
South Eastern Coalfields Limited,Dipka Area,M/s Dipka Expansion Project South Eastern Coal Fields Limited Dipka Area,2026-08-30 21:37:00,2026-08-30 16:07:00,17.57,16.25,34.49,,0.26,site_5664,Thermo Fisher Scientific India Private Limited,2026-08-30
South Eastern Coalfields Limited,Dipka Area,M/s Dipka Expansion Project South Eastern Coal Fields Limited Dipka Area,2026-08-30 21:37:00,2026-08-30 16:07:00,17.47,16.56,36.95,,0.49,site_5664,Thermo Fisher Scientific India Private Limited,2026-08-30
South Eastern Coalfields Limited,Dipka Area,M/s Dipka Expansion Project South Eastern Coal Fields Limited Dipka Area,2026-08-30 21:36:00,2026-08-30 16:06:00,17.1,16.81,30.53,,0.54,site_5664,Thermo Fisher Scientific India Private Limited,2026-08-30
South Eastern Coalfields Limited,Dipka Area,M/s Dipka Expansion Project South Eastern Coal Fields Limited Dipka Area,2026-08-30 21:36:00,2026-08-30 16:06:00,16.88,16.94,34.28,,0.43,site_5664,Thermo Fisher Scientific India Private Limited,2026-08-30
South Eastern Coalfields Limited,Dipka Area,M/s Dipka Expansion Project South Eastern Coal Fields Limited Dipka Area,2026-08-30 21:35:00,2026-08-30 16:05:00,16.58,17.1,37.18,,0.5,site_5664,Thermo Fisher Scientific India Private Limited,2026-08-30
South Eastern Coalfields Limited,Dipka Area,M/s Dipka Expansion Project South Eastern Coal Fields Limited Dipka Area,2026-08-30 21:35:00,2026-08-30 16:05:00,16.52,17.17,39.92,,0.54,site_5664,Thermo Fisher Scientific India Private Limited,2026-08-30
South Eastern Coalfields Limited,Dipka Area,M/s Dipka Expansion Project South Eastern Coal Fields Limited Dipka Area,2026-08-30 21:34:00,2026-08-30 16:04:00,16.33,17.1,31.43,,0.42,site_5664,Thermo Fisher Scientific India Private Limited,2026-08-30
South Eastern Coalfields Limited,Dipka Area,M/s Dipka Expansion Project South Eastern Coal Fields Limited Dipka Area,2026-08-30 21:34:00,2026-08-30 16:04:00,16.23,17.03,35.78,,0.35,site_5664,Thermo Fisher Scientific India Private Limited,2026-08-30
South Eastern Coalfields Limited,Dipka Area,M/s Dipka Expansion Project South Eastern Coal Fields Limited Dipka Area,2026-08-30 21:33:00,2026-08-30 16:03:00,16.26,17.01,32.97,,0.3,site_5664,Thermo Fisher Scientific India Private Limited,2026-08-30
South Eastern Coalfields Limited,Dipka Area,M/s Dipka Expansion Project South Eastern Coal Fields Limited Dipka Area,2026-08-30 21:33:00,2026-08-30 16:03:00,16.22,16.98,38.02,,0.4,site_5664,Thermo Fisher Scientific India Private Limited,2026-08-30
South Eastern Coalfields Limited,Dipka Area,M/s Dipka Expansion Project South Eastern Coal Fields Limited Dipka Area,2026-08-30 21:32:00,2026-08-30 16:02:00,16.38,16.88,37.28,,0.22,site_5664,Thermo Fisher Scientific India Private Limited,2026-08-30
South Eastern Coalfields Limited,Dipka Area,M/s Dipka Expansion Project South Eastern Coal Fields Limited Dipka Area,2026-08-30 21:32:00,2026-08-30 16:02:00,16.29,16.81,33.67,,0.09,site_5664,Thermo Fisher Scientific India Private Limited,2026-08-30
South Eastern Coalfields Limited,Dipka Area,M/s Dipka Expansion Project South Eastern Coal Fields Limited Dipka Area,2026-08-30 21:31:00,2026-08-30 16:01:00,16.25,16.79,31.44,,0.13,site_5664,Thermo Fisher Scientific India Private Limited,2026-08-30
South Eastern Coalfields Limited,Dipka Area,M/s Dipka Expansion Project South Eastern Coal Fields Limited Dipka Area,2026-08-30 21:31:00,2026-08-30 16:01:00,16.06,16.76,39.4,,0.24,site_5664,Thermo Fisher Scientific India Private Limited,2026-08-30
South Eastern Coalfields Limited,Dipka Area,M/s Dipka Expansion Project South Eastern Coal Fields Limited Dipka Area,2026-08-30 21:30:00,2026-08-30 16:00:00,15.81,16.57,35.65,,0.17,site_5664,Thermo Fisher Scientific India Private Limited,2026-08-30
South Eastern Coalfields Limited,Dipka Area,M/s Dipka Expansion Project South Eastern Coal Fields Limited Dipka Area,2026-08-30 21:30:00,2026-08-30 16:00:00,15.49,16.35,35.04,,0.09,site_5664,Thermo Fisher Scientific India Private Limited,2026-08-30
South Eastern Coalfields Limited,"Bilaspur, CHHATTISGARHr",South Eastern Coalfields  Limited - AQMS_H_Q,2026-08-30 21:30:00,2026-08-30 15:59:00,3.89,,19.25,270.0,0.17,site_5592,Swan Environ,2026-08-30
South Eastern Coalfields Limited,Dipka Area,M/s Dipka Expansion Project South Eastern Coal Fields Limited Dipka Area,2026-08-30 21:29:00,2026-08-30 15:59:00,15.0,16.05,31.91,,0.4,site_5664,Thermo Fisher Scientific India Private Limited,2026-08-30
South Eastern Coalfields Limited,Dipka Area,M/s Dipka Expansion Project South Eastern Coal Fields Limited Dipka Area,2026-08-30 21:29:00,2026-08-30 15:59:00,14.72,15.71,31.4,,0.52,site_5664,Thermo Fisher Scientific India Private Limited,2026-08-30
South Eastern Coalfields Limited,Dipka Area,M/s Dipka Expansion Project South Eastern Coal Fields Limited Dipka Area,2026-08-30 21:28:00,2026-08-30 15:58:00,14.31,15.28,38.68,,0.47,site_5664,Thermo Fisher Scientific India Private Limited,2026-08-30
South Eastern Coalfields Limited,Dipka Area,M/s Dipka Expansion Project South Eastern Coal Fields Limited Dipka Area,2026-08-30 21:28:00,2026-08-30 15:58:00,14.09,14.96,44.5,,0.42,site_5664,Thermo Fisher Scientific India Private Limited,2026-08-30
South Eastern Coalfields Limited,Dipka Area,M/s Dipka Expansion Project South Eastern Coal Fields Limited Dipka Area,2026-08-30 21:27:00,2026-08-30 15:57:00,13.77,14.75,32.48,,0.51,site_5664,Thermo Fisher Scientific India Private Limited,2026-08-30
South Eastern Coalfields Limited,Dipka Area,M/s Dipka Expansion Project South Eastern Coal Fields Limited Dipka Area,2026-08-30 21:27:00,2026-08-30 15:57:00,13.64,14.69,27.35,,0.53,site_5664,Thermo Fisher Scientific India Private Limited,2026-08-30
South Eastern Coalfields Limited,Dipka Area,M/s Dipka Expansion Project South Eastern Coal Fields Limited Dipka Area,2026-08-30 21:26:00,2026-08-30 15:56:00,13.39,14.76,36.08,,0.44,site_5664,Thermo Fisher Scientific India Private Limited,2026-08-30
South Eastern Coalfields Limited,Dipka Area,M/s Dipka Expansion Project South Eastern Coal Fields Limited Dipka Area,2026-08-30 21:26:00,2026-08-30 15:56:00,13.06,14.84,43.2,,0.34,site_5664,Thermo Fisher Scientific India Private Limited,2026-08-30
South Eastern Coalfields Limited,Dipka Area,M/s Dipka Expansion Project South Eastern Coal Fields Limited Dipka Area,2026-08-30 21:25:00,2026-08-30 15:55:00,12.7,15.07,31.71,,0.4,site_5664,Thermo Fisher Scientific India Private Limited,2026-08-30
South Eastern Coalfields Limited,"Gevra , Chattisgarh",SECL GEVRA,2026-08-30 21:25:00,2026-08-30 21:15:00,41.2,73.94,13.75,9.77,0.86,site_,Envea India Pvt Ltd,2026-08-30
South Eastern Coalfields Limited,Dipka Area,M/s Dipka Expansion Project South Eastern Coal Fields Limited Dipka Area,2026-08-30 21:25:00,2026-08-30 15:55:00,12.48,15.27,35.02,,0.47,site_5664,Thermo Fisher Scientific India Private Limited,2026-08-30
South Eastern Coalfields Limited,Dipka Area,M/s Dipka Expansion Project South Eastern Coal Fields Limited Dipka Area,2026-08-30 21:24:00,2026-08-30 15:54:00,12.46,15.35,34.98,,0.23,site_5664,Thermo Fisher Scientific India Private Limited,2026-08-30
South Eastern Coalfields Limited,Dipka Area,M/s Dipka Expansion Project South Eastern Coal Fields Limited Dipka Area,2026-08-30 21:24:00,2026-08-30 15:54:00,12.48,15.41,39.68,,0.16,site_5664,Thermo Fisher Scientific India Private Limited,2026-08-30
South Eastern Coalfields Limited,Dipka Area,M/s Dipka Expansion Project South Eastern Coal Fields Limited Dipka Area,2026-08-30 21:23:00,2026-08-30 15:53:00,12.81,15.52,33.8,,0.34,site_5664,Thermo Fisher Scientific India Private Limited,2026-08-30
South Eastern Coalfields Limited,Dipka Area,M/s Dipka Expansion Project South Eastern Coal Fields Limited Dipka Area,2026-08-30 21:23:00,2026-08-30 15:53:00,13.38,15.62,37.15,,0.32,site_5664,Thermo Fisher Scientific India Private Limited,2026-08-30
South Eastern Coalfields Limited,Dipka Area,M/s Dipka Expansion Project South Eastern Coal Fields Limited Dipka Area,2026-08-30 21:22:00,2026-08-30 15:52:00,14.14,15.75,33.79,,0.33,site_5664,Thermo Fisher Scientific India Private Limited,2026-08-30
South Eastern Coalfields Limited,Dipka Area,M/s Dipka Expansion Project South Eastern Coal Fields Limited Dipka Area,2026-08-30 21:22:00,2026-08-30 15:52:00,14.77,15.86,36.17,,0.25,site_5664,Thermo Fisher Scientific India Private Limited,2026-08-30
South Eastern Coalfields Limited,Dipka Area,M/s Dipka Expansion Project South Eastern Coal Fields Limited Dipka Area,2026-08-30 21:21:00,2026-08-30 15:51:00,15.44,16.2,37.89,,0.41,site_5664,Thermo Fisher Scientific India Private Limited,2026-08-30
South Eastern Coalfields Limited,Dipka Area,M/s Dipka Expansion Project South Eastern Coal Fields Limited Dipka Area,2026-08-30 21:21:00,2026-08-30 15:51:00,15.97,16.58,39.17,,0.52,site_5664,Thermo Fisher Scientific India Private Limited,2026-08-30
South Eastern Coalfields Limited,Dipka Area,M/s Dipka Expansion Project South Eastern Coal Fields Limited Dipka Area,2026-08-30 21:20:00,2026-08-30 15:50:00,16.38,16.96,37.91,,0.34,site_5664,Thermo Fisher Scientific India Private Limited,2026-08-30
South Eastern Coalfields Limited,Dipka Area,M/s Dipka Expansion Project South Eastern Coal Fields Limited Dipka Area,2026-08-30 21:20:00,2026-08-30 15:50:00,16.53,17.29,37.08,,0.36,site_5664,Thermo Fisher Scientific India Private Limited,2026-08-30
South Eastern Coalfields Limited,Dipka Area,M/s Dipka Expansion Project South Eastern Coal Fields Limited Dipka Area,2026-08-30 21:19:00,2026-08-30 15:49:00,16.71,17.72,34.68,,0.48,site_5664,Thermo Fisher Scientific India Private Limited,2026-08-30
South Eastern Coalfields Limited,Dipka Area,M/s Dipka Expansion Project South Eastern Coal Fields Limited Dipka Area,2026-08-30 21:19:00,2026-08-30 15:49:00,16.77,18.2,34.48,,0.59,site_5664,Thermo Fisher Scientific India Private Limited,2026-08-30
South Eastern Coalfields Limited,Dipka Area,M/s Dipka Expansion Project South Eastern Coal Fields Limited Dipka Area,2026-08-30 21:18:00,2026-08-30 15:48:00,16.85,18.71,36.12,,0.46,site_5664,Thermo Fisher Scientific India Private Limited,2026-08-30
South Eastern Coalfields Limited,Dipka Area,M/s Dipka Expansion Project South Eastern Coal Fields Limited Dipka Area,2026-08-30 21:18:00,2026-08-30 15:48:00,17.04,19.18,36.59,,0.5,site_5664,Thermo Fisher Scientific India Private Limited,2026-08-30
South Eastern Coalfields Limited,Dipka Area,M/s Dipka Expansion Project South Eastern Coal Fields Limited Dipka Area,2026-08-30 21:17:00,2026-08-30 15:47:00,17.39,19.83,34.38,,0.71,site_5664,Thermo Fisher Scientific India Private Limited,2026-08-30
South Eastern Coalfields Limited,Dipka Area,M/s Dipka Expansion Project South Eastern Coal Fields Limited Dipka Area,2026-08-30 21:17:00,2026-08-30 15:47:00,17.73,20.48,36.12,,0.83,site_5664,Thermo Fisher Scientific India Private Limited,2026-08-30
South Eastern Coalfields Limited,Dipka Area,M/s Dipka Expansion Project South Eastern Coal Fields Limited Dipka Area,2026-08-30 21:16:00,2026-08-30 15:46:00,18.11,21.17,36.54,,0.71,site_5664,Thermo Fisher Scientific India Private Limited,2026-08-30
South Eastern Coalfields Limited,Dipka Area,M/s Dipka Expansion Project South Eastern Coal Fields Limited Dipka Area,2026-08-30 21:16:00,2026-08-30 15:46:00,18.33,21.72,31.15,,0.62,site_5664,Thermo Fisher Scientific India Private Limited,2026-08-30
South Eastern Coalfields Limited,Dipka Area,M/s Dipka Expansion Project South Eastern Coal Fields Limited Dipka Area,2026-08-30 21:15:00,2026-08-30 15:45:00,18.4,22.24,36.42,,0.8,site_5664,Thermo Fisher Scientific India Private Limited,2026-08-30
South Eastern Coalfields Limited,"Bilaspur, CHHATTISGARHr",South Eastern Coalfields  Limited - AQMS_H_Q,2026-08-30 21:15:00,2026-08-30 15:44:00,3.64,,19.97,0.0,0.0,site_5592,Swan Environ,2026-08-30
South Eastern Coalfields Limited,Dipka Area,M/s Dipka Expansion Project South Eastern Coal Fields Limited Dipka Area,2026-08-30 21:15:00,2026-08-30 15:45:00,18.52,22.63,36.29,,0.79,site_5664,Thermo Fisher Scientific India Private Limited,2026-08-30
South Eastern Coalfields Limited,Dipka Area,M/s Dipka Expansion Project South Eastern Coal Fields Limited Dipka Area,2026-08-30 21:14:00,2026-08-30 15:44:00,18.75,23.05,37.72,,0.65,site_5664,Thermo Fisher Scientific India Private Limited,2026-08-30
South Eastern Coalfields Limited,Dipka Area,M/s Dipka Expansion Project South Eastern Coal Fields Limited Dipka Area,2026-08-30 21:14:00,2026-08-30 15:44:00,18.82,23.52,34.14,,0.53,site_5664,Thermo Fisher Scientific India Private Limited,2026-08-30
South Eastern Coalfields Limited,Dipka Area,M/s Dipka Expansion Project South Eastern Coal Fields Limited Dipka Area,2026-08-30 21:13:00,2026-08-30 15:43:00,18.66,24.03,34.51,,0.65,site_5664,Thermo Fisher Scientific India Private Limited,2026-08-30
South Eastern Coalfields Limited,Dipka Area,M/s Dipka Expansion Project South Eastern Coal Fields Limited Dipka Area,2026-08-30 21:13:00,2026-08-30 15:43:00,18.6,24.6,33.15,,0.65,site_5664,Thermo Fisher Scientific India Private Limited,2026-08-30
South Eastern Coalfields Limited,Dipka Area,M/s Dipka Expansion Project South Eastern Coal Fields Limited Dipka Area,2026-08-30 21:12:00,2026-08-30 15:42:00,18.77,25.18,34.68,,0.39,site_5664,Thermo Fisher Scientific India Private Limited,2026-08-30
South Eastern Coalfields Limited,Dipka Area,M/s Dipka Expansion Project South Eastern Coal Fields Limited Dipka Area,2026-08-30 21:12:00,2026-08-30 15:42:00,18.75,25.7,33.72,,0.32,site_5664,Thermo Fisher Scientific India Private Limited,2026-08-30
South Eastern Coalfields Limited,Dipka Area,M/s Dipka Expansion Project South Eastern Coal Fields Limited Dipka Area,2026-08-30 21:11:00,2026-08-30 15:41:00,18.48,26.29,33.81,,0.34,site_5664,Thermo Fisher Scientific India Private Limited,2026-08-30
South Eastern Coalfields Limited,Dipka Area,M/s Dipka Expansion Project South Eastern Coal Fields Limited Dipka Area,2026-08-30 21:11:00,2026-08-30 15:41:00,18.29,26.73,35.03,,0.34,site_5664,Thermo Fisher Scientific India Private Limited,2026-08-30
South Eastern Coalfields Limited,Dipka Area,M/s Dipka Expansion Project South Eastern Coal Fields Limited Dipka Area,2026-08-30 21:10:00,2026-08-30 15:40:00,18.21,27.22,33.93,,0.35,site_5664,Thermo Fisher Scientific India Private Limited,2026-08-30
South Eastern Coalfields Limited,"Gevra , Chattisgarh",SECL GEVRA,2026-08-30 21:10:00,2026-08-30 21:00:00,48.6,86.88,14.17,10.88,1.04,site_,Envea India Pvt Ltd,2026-08-30
South Eastern Coalfields Limited,Dipka Area,M/s Dipka Expansion Project South Eastern Coal Fields Limited Dipka Area,2026-08-30 21:10:00,2026-08-30 15:40:00,17.9,27.47,37.67,,0.24,site_5664,Thermo Fisher Scientific India Private Limited,2026-08-30
South Eastern Coalfields Limited,Dipka Area,M/s Dipka Expansion Project South Eastern Coal Fields Limited Dipka Area,2026-08-30 21:09:00,2026-08-30 15:39:00,17.24,27.8,38.09,,0.36,site_5664,Thermo Fisher Scientific India Private Limited,2026-08-30
South Eastern Coalfields Limited,Dipka Area,M/s Dipka Expansion Project South Eastern Coal Fields Limited Dipka Area,2026-08-30 21:09:00,2026-08-30 15:39:00,16.62,28.08,32.24,,0.37,site_5664,Thermo Fisher Scientific India Private Limited,2026-08-30
South Eastern Coalfields Limited,Dipka Area,M/s Dipka Expansion Project South Eastern Coal Fields Limited Dipka Area,2026-08-30 21:08:00,2026-08-30 15:38:00,15.99,28.29,33.59,,0.27,site_5664,Thermo Fisher Scientific India Private Limited,2026-08-30
South Eastern Coalfields Limited,Dipka Area,M/s Dipka Expansion Project South Eastern Coal Fields Limited Dipka Area,2026-08-30 21:08:00,2026-08-30 15:38:00,15.4,28.4,37.99,,0.25,site_5664,Thermo Fisher Scientific India Private Limited,2026-08-30
South Eastern Coalfields Limited,Dipka Area,M/s Dipka Expansion Project South Eastern Coal Fields Limited Dipka Area,2026-08-30 21:07:00,2026-08-30 15:37:00,14.77,28.42,36.28,,0.44,site_5664,Thermo Fisher Scientific India Private Limited,2026-08-30
South Eastern Coalfields Limited,Dipka Area,M/s Dipka Expansion Project South Eastern Coal Fields Limited Dipka Area,2026-08-30 21:07:00,2026-08-30 15:37:00,14.32,28.37,32.91,,0.5,site_5664,Thermo Fisher Scientific India Private Limited,2026-08-30
South Eastern Coalfields Limited,Dipka Area,M/s Dipka Expansion Project South Eastern Coal Fields Limited Dipka Area,2026-08-30 21:06:00,2026-08-30 15:36:00,13.89,28.16,33.25,,0.49,site_5664,Thermo Fisher Scientific India Private Limited,2026-08-30
South Eastern Coalfields Limited,Dipka Area,M/s Dipka Expansion Project South Eastern Coal Fields Limited Dipka Area,2026-08-30 21:06:00,2026-08-30 15:36:00,13.64,27.86,34.78,,0.48,site_5664,Thermo Fisher Scientific India Private Limited,2026-08-30
South Eastern Coalfields Limited,Dipka Area,M/s Dipka Expansion Project South Eastern Coal Fields Limited Dipka Area,2026-08-30 21:05:00,2026-08-30 15:35:00,13.38,27.34,35.76,,0.42,site_5664,Thermo Fisher Scientific India Private Limited,2026-08-30
South Eastern Coalfields Limited,Dipka Area,M/s Dipka Expansion Project South Eastern Coal Fields Limited Dipka Area,2026-08-30 21:05:00,2026-08-30 15:35:00,13.27,26.68,39.56,,0.51,site_5664,Thermo Fisher Scientific India Private Limited,2026-08-30
South Eastern Coalfields Limited,Dipka Area,M/s Dipka Expansion Project South Eastern Coal Fields Limited Dipka Area,2026-08-30 21:04:00,2026-08-30 15:34:00,13.36,25.76,37.98,,0.37,site_5664,Thermo Fisher Scientific India Private Limited,2026-08-30
South Eastern Coalfields Limited,Dipka Area,M/s Dipka Expansion Project South Eastern Coal Fields Limited Dipka Area,2026-08-30 21:04:00,2026-08-30 15:34:00,13.41,24.98,35.31,,0.38,site_5664,Thermo Fisher Scientific India Private Limited,2026-08-30
South Eastern Coalfields Limited,Dipka Area,M/s Dipka Expansion Project South Eastern Coal Fields Limited Dipka Area,2026-08-30 21:03:00,2026-08-30 15:33:00,13.48,24.15,32.17,,0.34,site_5664,Thermo Fisher Scientific India Private Limited,2026-08-30
South Eastern Coalfields Limited,Dipka Area,M/s Dipka Expansion Project South Eastern Coal Fields Limited Dipka Area,2026-08-30 21:03:00,2026-08-30 15:33:00,13.48,23.45,32.64,,0.32,site_5664,Thermo Fisher Scientific India Private Limited,2026-08-30
South Eastern Coalfields Limited,Dipka Area,M/s Dipka Expansion Project South Eastern Coal Fields Limited Dipka Area,2026-08-30 21:02:00,2026-08-30 15:32:00,13.46,22.62,40.71,,0.16,site_5664,Thermo Fisher Scientific India Private Limited,2026-08-30
South Eastern Coalfields Limited,Dipka Area,M/s Dipka Expansion Project South Eastern Coal Fields Limited Dipka Area,2026-08-30 21:02:00,2026-08-30 15:32:00,13.33,22.04,35.66,,0.14,site_5664,Thermo Fisher Scientific India Private Limited,2026-08-30
South Eastern Coalfields Limited,Dipka Area,M/s Dipka Expansion Project South Eastern Coal Fields Limited Dipka Area,2026-08-30 21:01:00,2026-08-30 15:31:00,13.05,21.46,29.14,,0.09,site_5664,Thermo Fisher Scientific India Private Limited,2026-08-30
South Eastern Coalfields Limited,Dipka Area,M/s Dipka Expansion Project South Eastern Coal Fields Limited Dipka Area,2026-08-30 21:01:00,2026-08-30 15:31:00,12.94,20.97,35.54,,0.12,site_5664,Thermo Fisher Scientific India Private Limited,2026-08-30
South Eastern Coalfields Limited,Dipka Area,M/s Dipka Expansion Project South Eastern Coal Fields Limited Dipka Area,2026-08-30 21:00:00,2026-08-30 15:30:00,12.69,20.49,37.07,,0.09,site_5664,Thermo Fisher Scientific India Private Limited,2026-08-30
South Eastern Coalfields Limited,"Bilaspur, CHHATTISGARHr",South Eastern Coalfields  Limited - AQMS_H_Q,2026-08-30 21:00:00,2026-08-30 15:29:00,3.67,,19.2,0.0,0.0,site_5592,Swan Environ,2026-08-30
South Eastern Coalfields Limited,Dipka Area,M/s Dipka Expansion Project South Eastern Coal Fields Limited Dipka Area,2026-08-30 20:59:00,2026-08-30 15:29:00,12.27,19.36,32.51,,0.22,site_5664,Thermo Fisher Scientific India Private Limited,2026-08-30
South Eastern Coalfields Limited,Dipka Area,M/s Dipka Expansion Project South Eastern Coal Fields Limited Dipka Area,2026-08-30 20:59:00,2026-08-30 15:29:00,12.23,18.67,40.34,,0.19,site_5664,Thermo Fisher Scientific India Private Limited,2026-08-30
South Eastern Coalfields Limited,Dipka Area,M/s Dipka Expansion Project South Eastern Coal Fields Limited Dipka Area,2026-08-30 20:58:00,2026-08-30 15:28:00,12.26,17.82,37.84,,0.24,site_5664,Thermo Fisher Scientific India Private Limited,2026-08-30
South Eastern Coalfields Limited,Dipka Area,M/s Dipka Expansion Project South Eastern Coal Fields Limited Dipka Area,2026-08-30 20:58:00,2026-08-30 15:28:00,12.37,17.04,41.75,,0.26,site_5664,Thermo Fisher Scientific India Private Limited,2026-08-30
South Eastern Coalfields Limited,Dipka Area,M/s Dipka Expansion Project South Eastern Coal Fields Limited Dipka Area,2026-08-30 20:57:00,2026-08-30 15:27:00,12.78,15.87,29.67,,0.3,site_5664,Thermo Fisher Scientific India Private Limited,2026-08-30
South Eastern Coalfields Limited,Dipka Area,M/s Dipka Expansion Project South Eastern Coal Fields Limited Dipka Area,2026-08-30 20:57:00,2026-08-30 15:27:00,13.11,14.7,34.68,,0.25,site_5664,Thermo Fisher Scientific India Private Limited,2026-08-30
South Eastern Coalfields Limited,Dipka Area,M/s Dipka Expansion Project South Eastern Coal Fields Limited Dipka Area,2026-08-30 20:56:00,2026-08-30 15:26:00,13.47,13.39,36.81,,0.44,site_5664,Thermo Fisher Scientific India Private Limited,2026-08-30
South Eastern Coalfields Limited,Dipka Area,M/s Dipka Expansion Project South Eastern Coal Fields Limited Dipka Area,2026-08-30 20:56:00,2026-08-30 15:26:00,13.61,12.37,39.93,,0.5,site_5664,Thermo Fisher Scientific India Private Limited,2026-08-30
South Eastern Coalfields Limited,Dipka Area,M/s Dipka Expansion Project South Eastern Coal Fields Limited Dipka Area,2026-08-30 20:55:00,2026-08-30 15:25:00,13.74,11.39,34.52,,0.56,site_5664,Thermo Fisher Scientific India Private Limited,2026-08-30
South Eastern Coalfields Limited,"Gevra , Chattisgarh",SECL GEVRA,2026-08-30 20:55:00,2026-08-30 20:45:00,36.8,66.38,13.51,9.13,0.76,site_,Envea India Pvt Ltd,2026-08-30
South Eastern Coalfields Limited,Dipka Area,M/s Dipka Expansion Project South Eastern Coal Fields Limited Dipka Area,2026-08-30 20:55:00,2026-08-30 15:25:00,13.72,10.68,32.85,,0.51,site_5664,Thermo Fisher Scientific India Private Limited,2026-08-30
South Eastern Coalfields Limited,Dipka Area,M/s Dipka Expansion Project South Eastern Coal Fields Limited Dipka Area,2026-08-30 20:54:00,2026-08-30 15:24:00,13.57,10.05,40.37,,0.47,site_5664,Thermo Fisher Scientific India Private Limited,2026-08-30
South Eastern Coalfields Limited,Dipka Area,M/s Dipka Expansion Project South Eastern Coal Fields Limited Dipka Area,2026-08-30 20:54:00,2026-08-30 15:24:00,13.54,9.69,36.76,,0.42,site_5664,Thermo Fisher Scientific India Private Limited,2026-08-30
South Eastern Coalfields Limited,Dipka Area,M/s Dipka Expansion Project South Eastern Coal Fields Limited Dipka Area,2026-08-30 20:53:00,2026-08-30 15:23:00,13.54,9.46,39.94,,0.45,site_5664,Thermo Fisher Scientific India Private Limited,2026-08-30
South Eastern Coalfields Limited,Dipka Area,M/s Dipka Expansion Project South Eastern Coal Fields Limited Dipka Area,2026-08-30 20:53:00,2026-08-30 15:23:00,13.66,9.43,35.36,,0.54,site_5664,Thermo Fisher Scientific India Private Limited,2026-08-30
South Eastern Coalfields Limited,Dipka Area,M/s Dipka Expansion Project South Eastern Coal Fields Limited Dipka Area,2026-08-30 20:52:00,2026-08-30 15:22:00,13.8,9.44,37.19,,0.58,site_5664,Thermo Fisher Scientific India Private Limited,2026-08-30
South Eastern Coalfields Limited,Dipka Area,M/s Dipka Expansion Project South Eastern Coal Fields Limited Dipka Area,2026-08-30 20:52:00,2026-08-30 15:22:00,13.95,9.52,30.73,,0.47,site_5664,Thermo Fisher Scientific India Private Limited,2026-08-30
South Eastern Coalfields Limited,Dipka Area,M/s Dipka Expansion Project South Eastern Coal Fields Limited Dipka Area,2026-08-30 20:51:00,2026-08-30 15:21:00,14.18,9.61,36.08,,0.42,site_5664,Thermo Fisher Scientific India Private Limited,2026-08-30
South Eastern Coalfields Limited,Dipka Area,M/s Dipka Expansion Project South Eastern Coal Fields Limited Dipka Area,2026-08-30 20:51:00,2026-08-30 15:21:00,14.42,9.74,35.09,,0.38,site_5664,Thermo Fisher Scientific India Private Limited,2026-08-30
South Eastern Coalfields Limited,Dipka Area,M/s Dipka Expansion Project South Eastern Coal Fields Limited Dipka Area,2026-08-30 20:50:00,2026-08-30 15:20:00,14.76,9.81,35.76,,0.57,site_5664,Thermo Fisher Scientific India Private Limited,2026-08-30
South Eastern Coalfields Limited,Dipka Area,M/s Dipka Expansion Project South Eastern Coal Fields Limited Dipka Area,2026-08-30 20:50:00,2026-08-30 15:20:00,15.07,9.76,31.31,,0.55,site_5664,Thermo Fisher Scientific India Private Limited,2026-08-30
South Eastern Coalfields Limited,Dipka Area,M/s Dipka Expansion Project South Eastern Coal Fields Limited Dipka Area,2026-08-30 20:49:00,2026-08-30 15:19:00,15.54,9.7,33.98,,0.47,site_5664,Thermo Fisher Scientific India Private Limited,2026-08-30
South Eastern Coalfields Limited,Dipka Area,M/s Dipka Expansion Project South Eastern Coal Fields Limited Dipka Area,2026-08-30 20:49:00,2026-08-30 15:19:00,16.1,9.59,35.26,,0.5,site_5664,Thermo Fisher Scientific India Private Limited,2026-08-30
South Eastern Coalfields Limited,Dipka Area,M/s Dipka Expansion Project South Eastern Coal Fields Limited Dipka Area,2026-08-30 20:48:00,2026-08-30 15:18:00,16.64,9.33,39.22,,0.52,site_5664,Thermo Fisher Scientific India Private Limited,2026-08-30
South Eastern Coalfields Limited,Dipka Area,M/s Dipka Expansion Project South Eastern Coal Fields Limited Dipka Area,2026-08-30 20:48:00,2026-08-30 15:18:00,17.06,9.13,32.07,,0.38,site_5664,Thermo Fisher Scientific India Private Limited,2026-08-30
South Eastern Coalfields Limited,Dipka Area,M/s Dipka Expansion Project South Eastern Coal Fields Limited Dipka Area,2026-08-30 20:47:00,2026-08-30 15:17:00,17.67,9.0,33.49,,0.36,site_5664,Thermo Fisher Scientific India Private Limited,2026-08-30
South Eastern Coalfields Limited,Dipka Area,M/s Dipka Expansion Project South Eastern Coal Fields Limited Dipka Area,2026-08-30 20:47:00,2026-08-30 15:17:00,18.24,8.89,34.55,,0.4,site_5664,Thermo Fisher Scientific India Private Limited,2026-08-30
South Eastern Coalfields Limited,Dipka Area,M/s Dipka Expansion Project South Eastern Coal Fields Limited Dipka Area,2026-08-30 20:46:00,2026-08-30 15:16:00,18.8,8.66,32.87,,0.26,site_5664,Thermo Fisher Scientific India Private Limited,2026-08-30
South Eastern Coalfields Limited,Dipka Area,M/s Dipka Expansion Project South Eastern Coal Fields Limited Dipka Area,2026-08-30 20:46:00,2026-08-30 15:16:00,19.14,8.32,35.22,,0.28,site_5664,Thermo Fisher Scientific India Private Limited,2026-08-30
South Eastern Coalfields Limited,Dipka Area,M/s Dipka Expansion Project South Eastern Coal Fields Limited Dipka Area,2026-08-30 20:45:00,2026-08-30 15:15:00,19.76,8.14,26.21,,0.07,site_5664,Thermo Fisher Scientific India Private Limited,2026-08-30
South Eastern Coalfields Limited,"Bilaspur, CHHATTISGARHr",South Eastern Coalfields  Limited - AQMS_H_Q,2026-08-30 20:45:00,2026-08-30 15:15:00,3.61,,17.16,0.0,0.0,site_5592,Swan Environ,2026-08-30
South Eastern Coalfields Limited,Dipka Area,M/s Dipka Expansion Project South Eastern Coal Fields Limited Dipka Area,2026-08-30 20:45:00,2026-08-30 15:15:00,20.41,8.12,35.91,,0.09,site_5664,Thermo Fisher Scientific India Private Limited,2026-08-30
South Eastern Coalfields Limited,Dipka Area,M/s Dipka Expansion Project South Eastern Coal Fields Limited Dipka Area,2026-08-30 20:44:00,2026-08-30 15:14:00,21.12,8.11,35.6,,0.13,site_5664,Thermo Fisher Scientific India Private Limited,2026-08-30
South Eastern Coalfields Limited,Dipka Area,M/s Dipka Expansion Project South Eastern Coal Fields Limited Dipka Area,2026-08-30 20:44:00,2026-08-30 15:14:00,21.78,8.13,34.13,,0.28,site_5664,Thermo Fisher Scientific India Private Limited,2026-08-30
South Eastern Coalfields Limited,Dipka Area,M/s Dipka Expansion Project South Eastern Coal Fields Limited Dipka Area,2026-08-30 20:43:00,2026-08-30 15:13:00,22.52,8.15,36.86,,0.24,site_5664,Thermo Fisher Scientific India Private Limited,2026-08-30
South Eastern Coalfields Limited,Dipka Area,M/s Dipka Expansion Project South Eastern Coal Fields Limited Dipka Area,2026-08-30 20:43:00,2026-08-30 15:13:00,23.18,8.2,31.53,,0.3,site_5664,Thermo Fisher Scientific India Private Limited,2026-08-30
South Eastern Coalfields Limited,Dipka Area,M/s Dipka Expansion Project South Eastern Coal Fields Limited Dipka Area,2026-08-30 20:42:00,2026-08-30 15:12:00,23.63,8.26,36.27,,0.33,site_5664,Thermo Fisher Scientific India Private Limited,2026-08-30
South Eastern Coalfields Limited,Dipka Area,M/s Dipka Expansion Project South Eastern Coal Fields Limited Dipka Area,2026-08-30 20:42:00,2026-08-30 15:12:00,23.92,8.39,39.69,,0.37,site_5664,Thermo Fisher Scientific India Private Limited,2026-08-30
South Eastern Coalfields Limited,Dipka Area,M/s Dipka Expansion Project South Eastern Coal Fields Limited Dipka Area,2026-08-30 20:41:00,2026-08-30 15:11:00,23.95,8.49,33.99,,0.4,site_5664,Thermo Fisher Scientific India Private Limited,2026-08-30
South Eastern Coalfields Limited,Dipka Area,M/s Dipka Expansion Project South Eastern Coal Fields Limited Dipka Area,2026-08-30 20:41:00,2026-08-30 15:11:00,23.76,8.54,32.03,,0.38,site_5664,Thermo Fisher Scientific India Private Limited,2026-08-30
South Eastern Coalfields Limited,Dipka Area,M/s Dipka Expansion Project South Eastern Coal Fields Limited Dipka Area,2026-08-30 20:40:00,2026-08-30 15:10:00,23.34,8.74,40.47,,0.38,site_5664,Thermo Fisher Scientific India Private Limited,2026-08-30
South Eastern Coalfields Limited,"Gevra , Chattisgarh",SECL GEVRA,2026-08-30 20:40:00,2026-08-30 20:30:00,47.8,85.49,14.12,10.76,1.02,site_,Envea India Pvt Ltd,2026-08-30
South Eastern Coalfields Limited,Dipka Area,M/s Dipka Expansion Project South Eastern Coal Fields Limited Dipka Area,2026-08-30 20:40:00,2026-08-30 15:10:00,23.07,9.18,35.66,,0.32,site_5664,Thermo Fisher Scientific India Private Limited,2026-08-30
South Eastern Coalfields Limited,Dipka Area,M/s Dipka Expansion Project South Eastern Coal Fields Limited Dipka Area,2026-08-30 20:39:00,2026-08-30 15:09:00,22.88,9.81,39.71,,0.44,site_5664,Thermo Fisher Scientific India Private Limited,2026-08-30
South Eastern Coalfields Limited,Dipka Area,M/s Dipka Expansion Project South Eastern Coal Fields Limited Dipka Area,2026-08-30 20:39:00,2026-08-30 15:09:00,22.47,10.27,32.79,,0.39,site_5664,Thermo Fisher Scientific India Private Limited,2026-08-30
South Eastern Coalfields Limited,Dipka Area,M/s Dipka Expansion Project South Eastern Coal Fields Limited Dipka Area,2026-08-30 20:38:00,2026-08-30 15:08:00,21.89,10.72,32.06,,0.41,site_5664,Thermo Fisher Scientific India Private Limited,2026-08-30
South Eastern Coalfields Limited,Dipka Area,M/s Dipka Expansion Project South Eastern Coal Fields Limited Dipka Area,2026-08-30 20:38:00,2026-08-30 15:08:00,21.33,11.13,36.65,,0.46,site_5664,Thermo Fisher Scientific India Private Limited,2026-08-30
South Eastern Coalfields Limited,Dipka Area,M/s Dipka Expansion Project South Eastern Coal Fields Limited Dipka Area,2026-08-30 20:37:00,2026-08-30 15:07:00,20.81,11.74,35.09,,0.3,site_5664,Thermo Fisher Scientific India Private Limited,2026-08-30
South Eastern Coalfields Limited,Dipka Area,M/s Dipka Expansion Project South Eastern Coal Fields Limited Dipka Area,2026-08-30 20:37:00,2026-08-30 15:07:00,20.4,12.1,37.45,,0.35,site_5664,Thermo Fisher Scientific India Private Limited,2026-08-30
South Eastern Coalfields Limited,Dipka Area,M/s Dipka Expansion Project South Eastern Coal Fields Limited Dipka Area,2026-08-30 20:36:00,2026-08-30 15:06:00,19.85,12.34,39.35,,0.4,site_5664,Thermo Fisher Scientific India Private Limited,2026-08-30
South Eastern Coalfields Limited,Dipka Area,M/s Dipka Expansion Project South Eastern Coal Fields Limited Dipka Area,2026-08-30 20:36:00,2026-08-30 15:06:00,19.58,12.52,29.33,,0.4,site_5664,Thermo Fisher Scientific India Private Limited,2026-08-30
South Eastern Coalfields Limited,Dipka Area,M/s Dipka Expansion Project South Eastern Coal Fields Limited Dipka Area,2026-08-30 20:35:00,2026-08-30 15:05:00,19.49,12.8,33.46,,0.39,site_5664,Thermo Fisher Scientific India Private Limited,2026-08-30
South Eastern Coalfields Limited,Dipka Area,M/s Dipka Expansion Project South Eastern Coal Fields Limited Dipka Area,2026-08-30 20:35:00,2026-08-30 15:05:00,19.6,13.01,33.55,,0.46,site_5664,Thermo Fisher Scientific India Private Limited,2026-08-30
South Eastern Coalfields Limited,Dipka Area,M/s Dipka Expansion Project South Eastern Coal Fields Limited Dipka Area,2026-08-30 20:34:00,2026-08-30 15:04:00,19.86,13.25,36.83,,0.41,site_5664,Thermo Fisher Scientific India Private Limited,2026-08-30
South Eastern Coalfields Limited,Dipka Area,M/s Dipka Expansion Project South Eastern Coal Fields Limited Dipka Area,2026-08-30 20:34:00,2026-08-30 15:04:00,19.97,13.39,35.17,,0.41,site_5664,Thermo Fisher Scientific India Private Limited,2026-08-30
South Eastern Coalfields Limited,Dipka Area,M/s Dipka Expansion Project South Eastern Coal Fields Limited Dipka Area,2026-08-30 20:33:00,2026-08-30 15:03:00,19.92,13.36,36.54,,0.32,site_5664,Thermo Fisher Scientific India Private Limited,2026-08-30
South Eastern Coalfields Limited,Dipka Area,M/s Dipka Expansion Project South Eastern Coal Fields Limited Dipka Area,2026-08-30 20:33:00,2026-08-30 15:03:00,19.77,13.29,37.05,,0.35,site_5664,Thermo Fisher Scientific India Private Limited,2026-08-30
South Eastern Coalfields Limited,Dipka Area,M/s Dipka Expansion Project South Eastern Coal Fields Limited Dipka Area,2026-08-30 20:32:00,2026-08-30 15:02:00,19.57,13.19,36.87,,0.52,site_5664,Thermo Fisher Scientific India Private Limited,2026-08-30
South Eastern Coalfields Limited,Dipka Area,M/s Dipka Expansion Project South Eastern Coal Fields Limited Dipka Area,2026-08-30 20:32:00,2026-08-30 15:02:00,19.32,13.15,34.1,,0.45,site_5664,Thermo Fisher Scientific India Private Limited,2026-08-30
South Eastern Coalfields Limited,Dipka Area,M/s Dipka Expansion Project South Eastern Coal Fields Limited Dipka Area,2026-08-30 20:31:00,2026-08-30 15:01:00,18.84,13.02,36.64,,0.55,site_5664,Thermo Fisher Scientific India Private Limited,2026-08-30
South Eastern Coalfields Limited,Dipka Area,M/s Dipka Expansion Project South Eastern Coal Fields Limited Dipka Area,2026-08-30 20:31:00,2026-08-30 15:01:00,18.41,12.9,37.39,,0.52,site_5664,Thermo Fisher Scientific India Private Limited,2026-08-30
South Eastern Coalfields Limited,"Bilaspur, CHHATTISGARHr",South Eastern Coalfields  Limited - AQMS_H_Q,2026-08-30 20:30:00,2026-08-30 15:00:00,2.98,,14.29,267.02,0.19,site_5592,Swan Environ,2026-08-30
South Eastern Coalfields Limited,Dipka Area,M/s Dipka Expansion Project South Eastern Coal Fields Limited Dipka Area,2026-08-30 20:30:00,2026-08-30 15:00:00,18.09,12.95,37.23,,0.72,site_5664,Thermo Fisher Scientific India Private Limited,2026-08-30
South Eastern Coalfields Limited,Dipka Area,M/s Dipka Expansion Project South Eastern Coal Fields Limited Dipka Area,2026-08-30 20:30:00,2026-08-30 15:00:00,17.73,12.92,37.41,,0.63,site_5664,Thermo Fisher Scientific India Private Limited,2026-08-30
South Eastern Coalfields Limited,Dipka Area,M/s Dipka Expansion Project South Eastern Coal Fields Limited Dipka Area,2026-08-30 20:29:00,2026-08-30 14:59:00,17.29,12.86,34.68,,0.74,site_5664,Thermo Fisher Scientific India Private Limited,2026-08-30
South Eastern Coalfields Limited,Dipka Area,M/s Dipka Expansion Project South Eastern Coal Fields Limited Dipka Area,2026-08-30 20:29:00,2026-08-30 14:59:00,16.92,12.76,36.06,,0.75,site_5664,Thermo Fisher Scientific India Private Limited,2026-08-30
South Eastern Coalfields Limited,Dipka Area,M/s Dipka Expansion Project South Eastern Coal Fields Limited Dipka Area,2026-08-30 20:28:00,2026-08-30 14:58:00,16.35,12.63,36.9,,0.78,site_5664,Thermo Fisher Scientific India Private Limited,2026-08-30
South Eastern Coalfields Limited,Dipka Area,M/s Dipka Expansion Project South Eastern Coal Fields Limited Dipka Area,2026-08-30 20:28:00,2026-08-30 14:58:00,15.91,12.53,34.72,,0.76,site_5664,Thermo Fisher Scientific India Private Limited,2026-08-30
South Eastern Coalfields Limited,Dipka Area,M/s Dipka Expansion Project South Eastern Coal Fields Limited Dipka Area,2026-08-30 20:27:00,2026-08-30 14:57:00,15.42,12.32,38.38,,0.58,site_5664,Thermo Fisher Scientific India Private Limited,2026-08-30
South Eastern Coalfields Limited,Dipka Area,M/s Dipka Expansion Project South Eastern Coal Fields Limited Dipka Area,2026-08-30 20:27:00,2026-08-30 14:57:00,15.06,12.05,38.45,,0.57,site_5664,Thermo Fisher Scientific India Private Limited,2026-08-30
South Eastern Coalfields Limited,Dipka Area,M/s Dipka Expansion Project South Eastern Coal Fields Limited Dipka Area,2026-08-30 20:26:00,2026-08-30 14:56:00,14.71,11.72,38.13,,0.44,site_5664,Thermo Fisher Scientific India Private Limited,2026-08-30
South Eastern Coalfields Limited,Dipka Area,M/s Dipka Expansion Project South Eastern Coal Fields Limited Dipka Area,2026-08-30 20:26:00,2026-08-30 14:56:00,14.32,11.44,31.6,,0.53,site_5664,Thermo Fisher Scientific India Private Limited,2026-08-30
South Eastern Coalfields Limited,Dipka Area,M/s Dipka Expansion Project South Eastern Coal Fields Limited Dipka Area,2026-08-30 20:25:00,2026-08-30 14:55:00,14.0,11.08,38.98,,0.35,site_5664,Thermo Fisher Scientific India Private Limited,2026-08-30
South Eastern Coalfields Limited,"Gevra , Chattisgarh",SECL GEVRA,2026-08-30 20:25:00,2026-08-30 20:15:00,26.6,48.65,12.94,7.62,0.51,site_,Envea India Pvt Ltd,2026-08-30
South Eastern Coalfields Limited,Dipka Area,M/s Dipka Expansion Project South Eastern Coal Fields Limited Dipka Area,2026-08-30 20:25:00,2026-08-30 14:55:00,13.6,10.75,42.49,,0.39,site_5664,Thermo Fisher Scientific India Private Limited,2026-08-30
South Eastern Coalfields Limited,Dipka Area,M/s Dipka Expansion Project South Eastern Coal Fields Limited Dipka Area,2026-08-30 20:24:00,2026-08-30 14:54:00,13.09,10.54,38.08,,0.18,site_5664,Thermo Fisher Scientific India Private Limited,2026-08-30
South Eastern Coalfields Limited,Dipka Area,M/s Dipka Expansion Project South Eastern Coal Fields Limited Dipka Area,2026-08-30 20:24:00,2026-08-30 14:54:00,12.67,10.52,37.1,,0.33,site_5664,Thermo Fisher Scientific India Private Limited,2026-08-30
South Eastern Coalfields Limited,Dipka Area,M/s Dipka Expansion Project South Eastern Coal Fields Limited Dipka Area,2026-08-30 20:23:00,2026-08-30 14:53:00,12.14,10.66,34.83,,0.38,site_5664,Thermo Fisher Scientific India Private Limited,2026-08-30
South Eastern Coalfields Limited,Dipka Area,M/s Dipka Expansion Project South Eastern Coal Fields Limited Dipka Area,2026-08-30 20:23:00,2026-08-30 14:53:00,11.64,10.67,39.24,,0.24,site_5664,Thermo Fisher Scientific India Private Limited,2026-08-30
South Eastern Coalfields Limited,Dipka Area,M/s Dipka Expansion Project South Eastern Coal Fields Limited Dipka Area,2026-08-30 20:22:00,2026-08-30 14:52:00,10.97,10.73,35.02,,0.29,site_5664,Thermo Fisher Scientific India Private Limited,2026-08-30
South Eastern Coalfields Limited,Dipka Area,M/s Dipka Expansion Project South Eastern Coal Fields Limited Dipka Area,2026-08-30 20:22:00,2026-08-30 14:52:00,10.43,10.76,36.04,,0.36,site_5664,Thermo Fisher Scientific India Private Limited,2026-08-30
South Eastern Coalfields Limited,Dipka Area,M/s Dipka Expansion Project South Eastern Coal Fields Limited Dipka Area,2026-08-30 20:21:00,2026-08-30 14:51:00,9.72,10.74,32.8,,0.37,site_5664,Thermo Fisher Scientific India Private Limited,2026-08-30
South Eastern Coalfields Limited,Dipka Area,M/s Dipka Expansion Project South Eastern Coal Fields Limited Dipka Area,2026-08-30 20:21:00,2026-08-30 14:51:00,9.14,10.8,34.69,,0.3,site_5664,Thermo Fisher Scientific India Private Limited,2026-08-30
South Eastern Coalfields Limited,Dipka Area,M/s Dipka Expansion Project South Eastern Coal Fields Limited Dipka Area,2026-08-30 20:20:00,2026-08-30 14:50:00,8.48,10.8,41.72,,0.23,site_5664,Thermo Fisher Scientific India Private Limited,2026-08-30
South Eastern Coalfields Limited,Dipka Area,M/s Dipka Expansion Project South Eastern Coal Fields Limited Dipka Area,2026-08-30 20:20:00,2026-08-30 14:50:00,7.92,10.9,33.81,,0.3,site_5664,Thermo Fisher Scientific India Private Limited,2026-08-30
South Eastern Coalfields Limited,Dipka Area,M/s Dipka Expansion Project South Eastern Coal Fields Limited Dipka Area,2026-08-30 20:19:00,2026-08-30 14:49:00,7.43,11.03,36.15,,0.35,site_5664,Thermo Fisher Scientific India Private Limited,2026-08-30
South Eastern Coalfields Limited,Dipka Area,M/s Dipka Expansion Project South Eastern Coal Fields Limited Dipka Area,2026-08-30 20:19:00,2026-08-30 14:49:00,7.09,11.24,33.62,,0.17,site_5664,Thermo Fisher Scientific India Private Limited,2026-08-30
South Eastern Coalfields Limited,Dipka Area,M/s Dipka Expansion Project South Eastern Coal Fields Limited Dipka Area,2026-08-30 20:18:00,2026-08-30 14:48:00,6.7,11.42,36.62,,0.2,site_5664,Thermo Fisher Scientific India Private Limited,2026-08-30
South Eastern Coalfields Limited,Dipka Area,M/s Dipka Expansion Project South Eastern Coal Fields Limited Dipka Area,2026-08-30 20:18:00,2026-08-30 14:48:00,6.42,11.53,35.96,,0.29,site_5664,Thermo Fisher Scientific India Private Limited,2026-08-30
South Eastern Coalfields Limited,Dipka Area,M/s Dipka Expansion Project South Eastern Coal Fields Limited Dipka Area,2026-08-30 20:17:00,2026-08-30 14:47:00,6.13,11.69,35.82,,0.39,site_5664,Thermo Fisher Scientific India Private Limited,2026-08-30
South Eastern Coalfields Limited,Dipka Area,M/s Dipka Expansion Project South Eastern Coal Fields Limited Dipka Area,2026-08-30 20:17:00,2026-08-30 14:47:00,5.92,11.8,31.75,,0.39,site_5664,Thermo Fisher Scientific India Private Limited,2026-08-30
South Eastern Coalfields Limited,Dipka Area,M/s Dipka Expansion Project South Eastern Coal Fields Limited Dipka Area,2026-08-30 20:16:00,2026-08-30 14:46:00,5.78,11.94,35.21,,0.49,site_5664,Thermo Fisher Scientific India Private Limited,2026-08-30
South Eastern Coalfields Limited,Dipka Area,M/s Dipka Expansion Project South Eastern Coal Fields Limited Dipka Area,2026-08-30 20:16:00,2026-08-30 14:46:00,5.81,12.05,36.86,,0.56,site_5664,Thermo Fisher Scientific India Private Limited,2026-08-30
South Eastern Coalfields Limited,"Bilaspur, CHHATTISGARHr",South Eastern Coalfields  Limited - AQMS_H_Q,2026-08-30 20:15:00,2026-08-30 14:45:00,0.0,,3.06,0.12,13.9,site_5592,Swan Environ,2026-08-30
South Eastern Coalfields Limited,Dipka Area,M/s Dipka Expansion Project South Eastern Coal Fields Limited Dipka Area,2026-08-30 20:15:00,2026-08-30 14:45:00,6.12,12.31,40.67,,0.72,site_5664,Thermo Fisher Scientific India Private Limited,2026-08-30
South Eastern Coalfields Limited,Dipka Area,M/s Dipka Expansion Project South Eastern Coal Fields Limited Dipka Area,2026-08-30 20:15:00,2026-08-30 14:45:00,6.42,12.53,33.27,,0.65,site_5664,Thermo Fisher Scientific India Private Limited,2026-08-30
South Eastern Coalfields Limited,Dipka Area,M/s Dipka Expansion Project South Eastern Coal Fields Limited Dipka Area,2026-08-30 20:14:00,2026-08-30 14:44:00,6.92,12.68,34.38,,0.83,site_5664,Thermo Fisher Scientific India Private Limited,2026-08-30
South Eastern Coalfields Limited,Dipka Area,M/s Dipka Expansion Project South Eastern Coal Fields Limited Dipka Area,2026-08-30 20:14:00,2026-08-30 14:44:00,7.5,12.94,35.54,,0.78,site_5664,Thermo Fisher Scientific India Private Limited,2026-08-30
South Eastern Coalfields Limited,Dipka Area,M/s Dipka Expansion Project South Eastern Coal Fields Limited Dipka Area,2026-08-30 20:13:00,2026-08-30 14:43:00,8.02,13.19,36.91,,0.72,site_5664,Thermo Fisher Scientific India Private Limited,2026-08-30
South Eastern Coalfields Limited,Dipka Area,M/s Dipka Expansion Project South Eastern Coal Fields Limited Dipka Area,2026-08-30 20:13:00,2026-08-30 14:43:00,8.69,13.55,41.59,,0.66,site_5664,Thermo Fisher Scientific India Private Limited,2026-08-30
South Eastern Coalfields Limited,Dipka Area,M/s Dipka Expansion Project South Eastern Coal Fields Limited Dipka Area,2026-08-30 20:12:00,2026-08-30 14:42:00,9.34,13.88,34.1,,0.64,site_5664,Thermo Fisher Scientific India Private Limited,2026-08-30
South Eastern Coalfields Limited,Dipka Area,M/s Dipka Expansion Project South Eastern Coal Fields Limited Dipka Area,2026-08-30 20:12:00,2026-08-30 14:42:00,9.95,14.31,33.95,,0.76,site_5664,Thermo Fisher Scientific India Private Limited,2026-08-30
South Eastern Coalfields Limited,Dipka Area,M/s Dipka Expansion Project South Eastern Coal Fields Limited Dipka Area,2026-08-30 20:11:00,2026-08-30 14:41:00,10.53,14.96,36.55,,0.7,site_5664,Thermo Fisher Scientific India Private Limited,2026-08-30
South Eastern Coalfields Limited,Dipka Area,M/s Dipka Expansion Project South Eastern Coal Fields Limited Dipka Area,2026-08-30 20:11:00,2026-08-30 14:41:00,11.09,15.52,34.67,,0.52,site_5664,Thermo Fisher Scientific India Private Limited,2026-08-30
South Eastern Coalfields Limited,Dipka Area,M/s Dipka Expansion Project South Eastern Coal Fields Limited Dipka Area,2026-08-30 20:10:00,2026-08-30 14:40:00,11.54,15.94,37.04,,0.39,site_5664,Thermo Fisher Scientific India Private Limited,2026-08-30
South Eastern Coalfields Limited,"Gevra , Chattisgarh",SECL GEVRA,2026-08-30 20:10:00,2026-08-30 20:00:00,26.8,49.02,12.95,7.65,0.52,site_,Envea India Pvt Ltd,2026-08-30
South Eastern Coalfields Limited,Dipka Area,M/s Dipka Expansion Project South Eastern Coal Fields Limited Dipka Area,2026-08-30 20:10:00,2026-08-30 14:40:00,12.2,16.48,30.69,,0.44,site_5664,Thermo Fisher Scientific India Private Limited,2026-08-30
South Eastern Coalfields Limited,Dipka Area,M/s Dipka Expansion Project South Eastern Coal Fields Limited Dipka Area,2026-08-30 20:09:00,2026-08-30 14:39:00,12.64,16.87,30.03,,0.37,site_5664,Thermo Fisher Scientific India Private Limited,2026-08-30
South Eastern Coalfields Limited,Dipka Area,M/s Dipka Expansion Project South Eastern Coal Fields Limited Dipka Area,2026-08-30 20:09:00,2026-08-30 14:39:00,13.1,17.13,31.14,,0.34,site_5664,Thermo Fisher Scientific India Private Limited,2026-08-30
South Eastern Coalfields Limited,Dipka Area,M/s Dipka Expansion Project South Eastern Coal Fields Limited Dipka Area,2026-08-30 20:08:00,2026-08-30 14:38:00,13.69,17.45,36.61,,0.28,site_5664,Thermo Fisher Scientific India Private Limited,2026-08-30
South Eastern Coalfields Limited,Dipka Area,M/s Dipka Expansion Project South Eastern Coal Fields Limited Dipka Area,2026-08-30 20:08:00,2026-08-30 14:38:00,14.05,17.75,35.18,,0.31,site_5664,Thermo Fisher Scientific India Private Limited,2026-08-30
South Eastern Coalfields Limited,Dipka Area,M/s Dipka Expansion Project South Eastern Coal Fields Limited Dipka Area,2026-08-30 20:07:00,2026-08-30 14:37:00,14.35,18.24,32.52,,0.42,site_5664,Thermo Fisher Scientific India Private Limited,2026-08-30
South Eastern Coalfields Limited,Dipka Area,M/s Dipka Expansion Project South Eastern Coal Fields Limited Dipka Area,2026-08-30 20:07:00,2026-08-30 14:37:00,14.52,18.7,32.26,,0.22,site_5664,Thermo Fisher Scientific India Private Limited,2026-08-30
South Eastern Coalfields Limited,Dipka Area,M/s Dipka Expansion Project South Eastern Coal Fields Limited Dipka Area,2026-08-30 20:06:00,2026-08-30 14:36:00,14.74,19.28,35.44,,0.14,site_5664,Thermo Fisher Scientific India Private Limited,2026-08-30
South Eastern Coalfields Limited,Dipka Area,M/s Dipka Expansion Project South Eastern Coal Fields Limited Dipka Area,2026-08-30 20:06:00,2026-08-30 14:36:00,14.85,19.75,33.93,,0.25,site_5664,Thermo Fisher Scientific India Private Limited,2026-08-30
South Eastern Coalfields Limited,Dipka Area,M/s Dipka Expansion Project South Eastern Coal Fields Limited Dipka Area,2026-08-30 20:05:00,2026-08-30 14:35:00,14.91,20.31,33.89,,0.37,site_5664,Thermo Fisher Scientific India Private Limited,2026-08-30
South Eastern Coalfields Limited,Dipka Area,M/s Dipka Expansion Project South Eastern Coal Fields Limited Dipka Area,2026-08-30 20:05:00,2026-08-30 14:35:00,14.96,20.77,35.5,,0.24,site_5664,Thermo Fisher Scientific India Private Limited,2026-08-30
South Eastern Coalfields Limited,Dipka Area,M/s Dipka Expansion Project South Eastern Coal Fields Limited Dipka Area,2026-08-30 20:04:00,2026-08-30 14:34:00,15.12,21.18,38.01,,0.19,site_5664,Thermo Fisher Scientific India Private Limited,2026-08-30
South Eastern Coalfields Limited,Dipka Area,M/s Dipka Expansion Project South Eastern Coal Fields Limited Dipka Area,2026-08-30 20:04:00,2026-08-30 14:34:00,15.23,21.57,35.34,,0.26,site_5664,Thermo Fisher Scientific India Private Limited,2026-08-30
South Eastern Coalfields Limited,Dipka Area,M/s Dipka Expansion Project South Eastern Coal Fields Limited Dipka Area,2026-08-30 20:03:00,2026-08-30 14:33:00,15.39,22.04,39.08,,0.31,site_5664,Thermo Fisher Scientific India Private Limited,2026-08-30
South Eastern Coalfields Limited,Dipka Area,M/s Dipka Expansion Project South Eastern Coal Fields Limited Dipka Area,2026-08-30 20:03:00,2026-08-30 14:33:00,15.35,22.47,33.38,,0.38,site_5664,Thermo Fisher Scientific India Private Limited,2026-08-30
South Eastern Coalfields Limited,Dipka Area,M/s Dipka Expansion Project South Eastern Coal Fields Limited Dipka Area,2026-08-30 20:02:00,2026-08-30 14:32:00,15.2,22.84,28.49,,0.24,site_5664,Thermo Fisher Scientific India Private Limited,2026-08-30
South Eastern Coalfields Limited,Dipka Area,M/s Dipka Expansion Project South Eastern Coal Fields Limited Dipka Area,2026-08-30 20:02:00,2026-08-30 14:32:00,15.09,22.97,40.45,,0.32,site_5664,Thermo Fisher Scientific India Private Limited,2026-08-30
South Eastern Coalfields Limited,Dipka Area,M/s Dipka Expansion Project South Eastern Coal Fields Limited Dipka Area,2026-08-30 20:01:00,2026-08-30 14:31:00,14.95,23.13,34.56,,0.38,site_5664,Thermo Fisher Scientific India Private Limited,2026-08-30
South Eastern Coalfields Limited,Dipka Area,M/s Dipka Expansion Project South Eastern Coal Fields Limited Dipka Area,2026-08-30 20:01:00,2026-08-30 14:31:00,14.83,23.17,35.34,,0.24,site_5664,Thermo Fisher Scientific India Private Limited,2026-08-30
South Eastern Coalfields Limited,Dipka Area,M/s Dipka Expansion Project South Eastern Coal Fields Limited Dipka Area,2026-08-30 20:00:00,2026-08-30 14:30:00,14.69,23.03,35.31,,0.13,site_5664,Thermo Fisher Scientific India Private Limited,2026-08-30
South Eastern Coalfields Limited,"Bilaspur, CHHATTISGARHr",South Eastern Coalfields  Limited - AQMS_H_Q,2026-08-30 20:00:00,2026-08-30 14:29:00,3.05,,14.59,270.0,0.48,site_5592,Swan Environ,2026-08-30
South Eastern Coalfields Limited,Dipka Area,M/s Dipka Expansion Project South Eastern Coal Fields Limited Dipka Area,2026-08-30 19:59:00,2026-08-30 14:29:00,14.96,22.33,35.7,,0.15,site_5664,Thermo Fisher Scientific India Private Limited,2026-08-30
South Eastern Coalfields Limited,Dipka Area,M/s Dipka Expansion Project South Eastern Coal Fields Limited Dipka Area,2026-08-30 19:59:00,2026-08-30 14:29:00,15.1,22.06,38.21,,0.09,site_5664,Thermo Fisher Scientific India Private Limited,2026-08-30
South Eastern Coalfields Limited,Dipka Area,M/s Dipka Expansion Project South Eastern Coal Fields Limited Dipka Area,2026-08-30 19:58:00,2026-08-30 14:28:00,15.02,21.73,30.71,,0.0,site_5664,Thermo Fisher Scientific India Private Limited,2026-08-30
South Eastern Coalfields Limited,Dipka Area,M/s Dipka Expansion Project South Eastern Coal Fields Limited Dipka Area,2026-08-30 19:58:00,2026-08-30 14:28:00,14.92,21.43,28.6,,0.0,site_5664,Thermo Fisher Scientific India Private Limited,2026-08-30
South Eastern Coalfields Limited,Dipka Area,M/s Dipka Expansion Project South Eastern Coal Fields Limited Dipka Area,2026-08-30 19:57:00,2026-08-30 14:27:00,14.92,21.13,31.28,,0.0,site_5664,Thermo Fisher Scientific India Private Limited,2026-08-30
South Eastern Coalfields Limited,Dipka Area,M/s Dipka Expansion Project South Eastern Coal Fields Limited Dipka Area,2026-08-30 19:57:00,2026-08-30 14:27:00,14.86,20.93,34.35,,0.0,site_5664,Thermo Fisher Scientific India Private Limited,2026-08-30
South Eastern Coalfields Limited,Dipka Area,M/s Dipka Expansion Project South Eastern Coal Fields Limited Dipka Area,2026-08-30 19:56:00,2026-08-30 14:26:00,14.59,20.78,33.8,,0.0,site_5664,Thermo Fisher Scientific India Private Limited,2026-08-30
South Eastern Coalfields Limited,Dipka Area,M/s Dipka Expansion Project South Eastern Coal Fields Limited Dipka Area,2026-08-30 19:56:00,2026-08-30 14:26:00,14.4,20.72,33.61,,0.04,site_5664,Thermo Fisher Scientific India Private Limited,2026-08-30
South Eastern Coalfields Limited,Dipka Area,M/s Dipka Expansion Project South Eastern Coal Fields Limited Dipka Area,2026-08-30 19:55:00,2026-08-30 14:25:00,14.28,20.7,33.75,,0.04,site_5664,Thermo Fisher Scientific India Private Limited,2026-08-30
South Eastern Coalfields Limited,Dipka Area,M/s Dipka Expansion Project South Eastern Coal Fields Limited Dipka Area,2026-08-30 19:55:00,2026-08-30 14:25:00,14.14,20.63,31.96,,0.0,site_5664,Thermo Fisher Scientific India Private Limited,2026-08-30
South Eastern Coalfields Limited,"Gevra , Chattisgarh",SECL GEVRA,2026-08-30 19:55:00,2026-08-30 19:45:00,49.0,87.55,14.19,10.93,1.05,site_,Envea India Pvt Ltd,2026-08-30
South Eastern Coalfields Limited,Dipka Area,M/s Dipka Expansion Project South Eastern Coal Fields Limited Dipka Area,2026-08-30 19:54:00,2026-08-30 14:24:00,14.03,20.51,39.0,,0.0,site_5664,Thermo Fisher Scientific India Private Limited,2026-08-30
South Eastern Coalfields Limited,Dipka Area,M/s Dipka Expansion Project South Eastern Coal Fields Limited Dipka Area,2026-08-30 19:54:00,2026-08-30 14:24:00,13.99,20.49,34.19,,0.11,site_5664,Thermo Fisher Scientific India Private Limited,2026-08-30
South Eastern Coalfields Limited,Dipka Area,M/s Dipka Expansion Project South Eastern Coal Fields Limited Dipka Area,2026-08-30 19:53:00,2026-08-30 14:23:00,13.78,20.54,37.62,,0.22,site_5664,Thermo Fisher Scientific India Private Limited,2026-08-30
South Eastern Coalfields Limited,Dipka Area,M/s Dipka Expansion Project South Eastern Coal Fields Limited Dipka Area,2026-08-30 19:53:00,2026-08-30 14:23:00,13.6,20.52,42.01,,0.23,site_5664,Thermo Fisher Scientific India Private Limited,2026-08-30
South Eastern Coalfields Limited,Dipka Area,M/s Dipka Expansion Project South Eastern Coal Fields Limited Dipka Area,2026-08-30 19:52:00,2026-08-30 14:22:00,13.31,20.5,37.95,,0.37,site_5664,Thermo Fisher Scientific India Private Limited,2026-08-30
South Eastern Coalfields Limited,Dipka Area,M/s Dipka Expansion Project South Eastern Coal Fields Limited Dipka Area,2026-08-30 19:52:00,2026-08-30 14:22:00,13.08,20.52,39.86,,0.46,site_5664,Thermo Fisher Scientific India Private Limited,2026-08-30
South Eastern Coalfields Limited,Dipka Area,M/s Dipka Expansion Project South Eastern Coal Fields Limited Dipka Area,2026-08-30 19:51:00,2026-08-30 14:21:00,12.74,20.69,33.65,,0.44,site_5664,Thermo Fisher Scientific India Private Limited,2026-08-30
South Eastern Coalfields Limited,Dipka Area,M/s Dipka Expansion Project South Eastern Coal Fields Limited Dipka Area,2026-08-30 19:51:00,2026-08-30 14:21:00,12.4,20.83,38.31,,0.6,site_5664,Thermo Fisher Scientific India Private Limited,2026-08-30
South Eastern Coalfields Limited,Dipka Area,M/s Dipka Expansion Project South Eastern Coal Fields Limited Dipka Area,2026-08-30 19:50:00,2026-08-30 14:20:00,12.11,21.04,34.81,,0.58,site_5664,Thermo Fisher Scientific India Private Limited,2026-08-30
South Eastern Coalfields Limited,Dipka Area,M/s Dipka Expansion Project South Eastern Coal Fields Limited Dipka Area,2026-08-30 19:50:00,2026-08-30 14:20:00,12.09,21.05,36.6,,0.7,site_5664,Thermo Fisher Scientific India Private Limited,2026-08-30
South Eastern Coalfields Limited,Dipka Area,M/s Dipka Expansion Project South Eastern Coal Fields Limited Dipka Area,2026-08-30 19:49:00,2026-08-30 14:19:00,12.31,21.06,38.77,,0.66,site_5664,Thermo Fisher Scientific India Private Limited,2026-08-30
South Eastern Coalfields Limited,Dipka Area,M/s Dipka Expansion Project South Eastern Coal Fields Limited Dipka Area,2026-08-30 19:49:00,2026-08-30 14:19:00,12.52,20.98,33.1,,0.6,site_5664,Thermo Fisher Scientific India Private Limited,2026-08-30
South Eastern Coalfields Limited,Dipka Area,M/s Dipka Expansion Project South Eastern Coal Fields Limited Dipka Area,2026-08-30 19:48:00,2026-08-30 14:18:00,12.68,20.82,32.64,,0.63,site_5664,Thermo Fisher Scientific India Private Limited,2026-08-30
South Eastern Coalfields Limited,Dipka Area,M/s Dipka Expansion Project South Eastern Coal Fields Limited Dipka Area,2026-08-30 19:48:00,2026-08-30 14:18:00,12.87,20.56,37.36,,0.64,site_5664,Thermo Fisher Scientific India Private Limited,2026-08-30
South Eastern Coalfields Limited,Dipka Area,M/s Dipka Expansion Project South Eastern Coal Fields Limited Dipka Area,2026-08-30 19:47:00,2026-08-30 14:17:00,13.01,20.24,38.1,,0.48,site_5664,Thermo Fisher Scientific India Private Limited,2026-08-30
South Eastern Coalfields Limited,Dipka Area,M/s Dipka Expansion Project South Eastern Coal Fields Limited Dipka Area,2026-08-30 19:47:00,2026-08-30 14:17:00,12.96,20.09,35.76,,0.41,site_5664,Thermo Fisher Scientific India Private Limited,2026-08-30
South Eastern Coalfields Limited,Dipka Area,M/s Dipka Expansion Project South Eastern Coal Fields Limited Dipka Area,2026-08-30 19:46:00,2026-08-30 14:16:00,12.91,19.89,30.63,,0.4,site_5664,Thermo Fisher Scientific India Private Limited,2026-08-30
South Eastern Coalfields Limited,Dipka Area,M/s Dipka Expansion Project South Eastern Coal Fields Limited Dipka Area,2026-08-30 19:46:00,2026-08-30 14:16:00,12.93,19.73,43.92,,0.44,site_5664,Thermo Fisher Scientific India Private Limited,2026-08-30
South Eastern Coalfields Limited,Dipka Area,M/s Dipka Expansion Project South Eastern Coal Fields Limited Dipka Area,2026-08-30 19:45:00,2026-08-30 14:15:00,12.97,19.56,38.22,,0.56,site_5664,Thermo Fisher Scientific India Private Limited,2026-08-30
South Eastern Coalfields Limited,Dipka Area,M/s Dipka Expansion Project South Eastern Coal Fields Limited Dipka Area,2026-08-30 19:45:00,2026-08-30 14:15:00,13.1,19.4,37.02,,0.54,site_5664,Thermo Fisher Scientific India Private Limited,2026-08-30
South Eastern Coalfields Limited,"Bilaspur, CHHATTISGARHr",South Eastern Coalfields  Limited - AQMS_H_Q,2026-08-30 19:45:00,2026-08-30 14:14:00,270.0,,27.03,0.0,91.81,site_5592,Swan Environ,2026-08-30
South Eastern Coalfields Limited,Dipka Area,M/s Dipka Expansion Project South Eastern Coal Fields Limited Dipka Area,2026-08-30 19:44:00,2026-08-30 14:14:00,13.54,19.15,33.72,,0.64,site_5664,Thermo Fisher Scientific India Private Limited,2026-08-30
South Eastern Coalfields Limited,Dipka Area,M/s Dipka Expansion Project South Eastern Coal Fields Limited Dipka Area,2026-08-30 19:44:00,2026-08-30 14:14:00,14.11,18.95,36.33,,0.63,site_5664,Thermo Fisher Scientific India Private Limited,2026-08-30
South Eastern Coalfields Limited,Dipka Area,M/s Dipka Expansion Project South Eastern Coal Fields Limited Dipka Area,2026-08-30 19:43:00,2026-08-30 14:13:00,14.8,18.87,33.83,,0.65,site_5664,Thermo Fisher Scientific India Private Limited,2026-08-30
South Eastern Coalfields Limited,Dipka Area,M/s Dipka Expansion Project South Eastern Coal Fields Limited Dipka Area,2026-08-30 19:43:00,2026-08-30 14:13:00,15.46,18.75,31.58,,0.49,site_5664,Thermo Fisher Scientific India Private Limited,2026-08-30
South Eastern Coalfields Limited,Dipka Area,M/s Dipka Expansion Project South Eastern Coal Fields Limited Dipka Area,2026-08-30 19:42:00,2026-08-30 14:12:00,16.07,18.61,35.21,,0.44,site_5664,Thermo Fisher Scientific India Private Limited,2026-08-30
South Eastern Coalfields Limited,Dipka Area,M/s Dipka Expansion Project South Eastern Coal Fields Limited Dipka Area,2026-08-30 19:42:00,2026-08-30 14:12:00,16.46,18.47,31.17,,0.35,site_5664,Thermo Fisher Scientific India Private Limited,2026-08-30
South Eastern Coalfields Limited,Dipka Area,M/s Dipka Expansion Project South Eastern Coal Fields Limited Dipka Area,2026-08-30 19:41:00,2026-08-30 14:11:00,17.0,18.37,32.82,,0.23,site_5664,Thermo Fisher Scientific India Private Limited,2026-08-30
South Eastern Coalfields Limited,Dipka Area,M/s Dipka Expansion Project South Eastern Coal Fields Limited Dipka Area,2026-08-30 19:41:00,2026-08-30 14:11:00,17.25,18.22,35.26,,0.07,site_5664,Thermo Fisher Scientific India Private Limited,2026-08-30
South Eastern Coalfields Limited,Dipka Area,M/s Dipka Expansion Project South Eastern Coal Fields Limited Dipka Area,2026-08-30 19:40:00,2026-08-30 14:10:00,17.48,17.94,34.98,,0.04,site_5664,Thermo Fisher Scientific India Private Limited,2026-08-30
South Eastern Coalfields Limited,"Gevra , Chattisgarh",SECL GEVRA,2026-08-30 19:40:00,2026-08-30 19:30:00,22.5,41.52,12.71,7.01,0.41,site_,Envea India Pvt Ltd,2026-08-30
South Eastern Coalfields Limited,Dipka Area,M/s Dipka Expansion Project South Eastern Coal Fields Limited Dipka Area,2026-08-30 19:40:00,2026-08-30 14:10:00,17.74,17.77,41.5,,0.08,site_5664,Thermo Fisher Scientific India Private Limited,2026-08-30
South Eastern Coalfields Limited,Dipka Area,M/s Dipka Expansion Project South Eastern Coal Fields Limited Dipka Area,2026-08-30 19:39:00,2026-08-30 14:09:00,18.13,17.53,33.55,,0.01,site_5664,Thermo Fisher Scientific India Private Limited,2026-08-30
South Eastern Coalfields Limited,Dipka Area,M/s Dipka Expansion Project South Eastern Coal Fields Limited Dipka Area,2026-08-30 19:39:00,2026-08-30 14:09:00,18.59,17.48,32.3,,0.03,site_5664,Thermo Fisher Scientific India Private Limited,2026-08-30
South Eastern Coalfields Limited,Dipka Area,M/s Dipka Expansion Project South Eastern Coal Fields Limited Dipka Area,2026-08-30 19:38:00,2026-08-30 14:08:00,18.96,17.53,34.06,,0.15,site_5664,Thermo Fisher Scientific India Private Limited,2026-08-30
South Eastern Coalfields Limited,Dipka Area,M/s Dipka Expansion Project South Eastern Coal Fields Limited Dipka Area,2026-08-30 19:38:00,2026-08-30 14:08:00,19.26,17.68,38.72,,0.32,site_5664,Thermo Fisher Scientific India Private Limited,2026-08-30
South Eastern Coalfields Limited,Dipka Area,M/s Dipka Expansion Project South Eastern Coal Fields Limited Dipka Area,2026-08-30 19:37:00,2026-08-30 14:07:00,19.73,17.78,32.51,,0.44,site_5664,Thermo Fisher Scientific India Private Limited,2026-08-30
South Eastern Coalfields Limited,Dipka Area,M/s Dipka Expansion Project South Eastern Coal Fields Limited Dipka Area,2026-08-30 19:37:00,2026-08-30 14:07:00,20.11,17.8,32.78,,0.61,site_5664,Thermo Fisher Scientific India Private Limited,2026-08-30
South Eastern Coalfields Limited,Dipka Area,M/s Dipka Expansion Project South Eastern Coal Fields Limited Dipka Area,2026-08-30 19:36:00,2026-08-30 14:06:00,20.42,17.91,31.33,,0.7,site_5664,Thermo Fisher Scientific India Private Limited,2026-08-30
South Eastern Coalfields Limited,Dipka Area,M/s Dipka Expansion Project South Eastern Coal Fields Limited Dipka Area,2026-08-30 19:36:00,2026-08-30 14:06:00,20.59,17.99,34.97,,0.73,site_5664,Thermo Fisher Scientific India Private Limited,2026-08-30
South Eastern Coalfields Limited,Dipka Area,M/s Dipka Expansion Project South Eastern Coal Fields Limited Dipka Area,2026-08-30 19:35:00,2026-08-30 14:05:00,20.71,17.97,34.85,,0.76,site_5664,Thermo Fisher Scientific India Private Limited,2026-08-30
South Eastern Coalfields Limited,Dipka Area,M/s Dipka Expansion Project South Eastern Coal Fields Limited Dipka Area,2026-08-30 19:35:00,2026-08-30 14:05:00,20.71,17.87,36.42,,0.73,site_5664,Thermo Fisher Scientific India Private Limited,2026-08-30
South Eastern Coalfields Limited,Dipka Area,M/s Dipka Expansion Project South Eastern Coal Fields Limited Dipka Area,2026-08-30 19:34:00,2026-08-30 14:04:00,20.48,17.77,35.88,,0.77,site_5664,Thermo Fisher Scientific India Private Limited,2026-08-30
South Eastern Coalfields Limited,Dipka Area,M/s Dipka Expansion Project South Eastern Coal Fields Limited Dipka Area,2026-08-30 19:34:00,2026-08-30 14:04:00,20.04,17.69,31.22,,0.62,site_5664,Thermo Fisher Scientific India Private Limited,2026-08-30
South Eastern Coalfields Limited,Dipka Area,M/s Dipka Expansion Project South Eastern Coal Fields Limited Dipka Area,2026-08-30 19:33:00,2026-08-30 14:03:00,19.62,17.49,35.24,,0.43,site_5664,Thermo Fisher Scientific India Private Limited,2026-08-30
South Eastern Coalfields Limited,Dipka Area,M/s Dipka Expansion Project South Eastern Coal Fields Limited Dipka Area,2026-08-30 19:33:00,2026-08-30 14:03:00,19.09,17.13,35.86,,0.41,site_5664,Thermo Fisher Scientific India Private Limited,2026-08-30
South Eastern Coalfields Limited,Dipka Area,M/s Dipka Expansion Project South Eastern Coal Fields Limited Dipka Area,2026-08-30 19:32:00,2026-08-30 14:02:00,18.41,16.64,39.0,,0.33,site_5664,Thermo Fisher Scientific India Private Limited,2026-08-30
South Eastern Coalfields Limited,Dipka Area,M/s Dipka Expansion Project South Eastern Coal Fields Limited Dipka Area,2026-08-30 19:32:00,2026-08-30 14:02:00,17.92,16.22,36.91,,0.23,site_5664,Thermo Fisher Scientific India Private Limited,2026-08-30
South Eastern Coalfields Limited,Dipka Area,M/s Dipka Expansion Project South Eastern Coal Fields Limited Dipka Area,2026-08-30 19:31:00,2026-08-30 14:01:00,17.54,15.88,35.32,,0.22,site_5664,Thermo Fisher Scientific India Private Limited,2026-08-30
South Eastern Coalfields Limited,Dipka Area,M/s Dipka Expansion Project South Eastern Coal Fields Limited Dipka Area,2026-08-30 19:31:00,2026-08-30 14:01:00,17.12,15.34,34.37,,0.22,site_5664,Thermo Fisher Scientific India Private Limited,2026-08-30
South Eastern Coalfields Limited,Dipka Area,M/s Dipka Expansion Project South Eastern Coal Fields Limited Dipka Area,2026-08-30 19:30:00,2026-08-30 14:00:00,16.82,14.98,35.9,,0.25,site_5664,Thermo Fisher Scientific India Private Limited,2026-08-30
South Eastern Coalfields Limited,"Bilaspur, CHHATTISGARHr",South Eastern Coalfields  Limited - AQMS_H_Q,2026-08-30 19:30:00,2026-08-30 13:59:00,3.34,,15.17,270.0,0.32,site_5592,Swan Environ,2026-08-30
South Eastern Coalfields Limited,Dipka Area,M/s Dipka Expansion Project South Eastern Coal Fields Limited Dipka Area,2026-08-30 19:30:00,2026-08-30 14:00:00,16.59,14.73,32.21,,0.17,site_5664,Thermo Fisher Scientific India Private Limited,2026-08-30
South Eastern Coalfields Limited,Dipka Area,M/s Dipka Expansion Project South Eastern Coal Fields Limited Dipka Area,2026-08-30 19:29:00,2026-08-30 13:59:00,16.35,14.5,32.62,,0.23,site_5664,Thermo Fisher Scientific India Private Limited,2026-08-30
South Eastern Coalfields Limited,Dipka Area,M/s Dipka Expansion Project South Eastern Coal Fields Limited Dipka Area,2026-08-30 19:29:00,2026-08-30 13:59:00,15.98,14.29,36.7,,0.38,site_5664,Thermo Fisher Scientific India Private Limited,2026-08-30
South Eastern Coalfields Limited,Dipka Area,M/s Dipka Expansion Project South Eastern Coal Fields Limited Dipka Area,2026-08-30 19:28:00,2026-08-30 13:58:00,15.34,14.04,34.95,,0.51,site_5664,Thermo Fisher Scientific India Private Limited,2026-08-30
South Eastern Coalfields Limited,Dipka Area,M/s Dipka Expansion Project South Eastern Coal Fields Limited Dipka Area,2026-08-30 19:28:00,2026-08-30 13:58:00,14.8,13.9,37.83,,0.41,site_5664,Thermo Fisher Scientific India Private Limited,2026-08-30
South Eastern Coalfields Limited,Dipka Area,M/s Dipka Expansion Project South Eastern Coal Fields Limited Dipka Area,2026-08-30 19:27:00,2026-08-30 13:57:00,14.18,13.87,35.0,,0.58,site_5664,Thermo Fisher Scientific India Private Limited,2026-08-30
South Eastern Coalfields Limited,Dipka Area,M/s Dipka Expansion Project South Eastern Coal Fields Limited Dipka Area,2026-08-30 19:27:00,2026-08-30 13:57:00,13.63,13.9,31.39,,0.68,site_5664,Thermo Fisher Scientific India Private Limited,2026-08-30
South Eastern Coalfields Limited,Dipka Area,M/s Dipka Expansion Project South Eastern Coal Fields Limited Dipka Area,2026-08-30 19:26:00,2026-08-30 13:56:00,13.06,13.95,26.63,,0.64,site_5664,Thermo Fisher Scientific India Private Limited,2026-08-30
South Eastern Coalfields Limited,Dipka Area,M/s Dipka Expansion Project South Eastern Coal Fields Limited Dipka Area,2026-08-30 19:26:00,2026-08-30 13:56:00,12.68,13.98,39.28,,0.59,site_5664,Thermo Fisher Scientific India Private Limited,2026-08-30
South Eastern Coalfields Limited,Dipka Area,M/s Dipka Expansion Project South Eastern Coal Fields Limited Dipka Area,2026-08-30 19:25:00,2026-08-30 13:55:00,12.46,14.03,35.06,,0.54,site_5664,Thermo Fisher Scientific India Private Limited,2026-08-30
South Eastern Coalfields Limited,"Gevra , Chattisgarh",SECL GEVRA,2026-08-30 19:25:00,2026-08-30 19:15:00,54.5,97.2,14.5,11.76,1.18,site_,Envea India Pvt Ltd,2026-08-30
South Eastern Coalfields Limited,Dipka Area,M/s Dipka Expansion Project South Eastern Coal Fields Limited Dipka Area,2026-08-30 19:25:00,2026-08-30 13:55:00,12.12,13.91,36.08,,0.75,site_5664,Thermo Fisher Scientific India Private Limited,2026-08-30
South Eastern Coalfields Limited,Dipka Area,M/s Dipka Expansion Project South Eastern Coal Fields Limited Dipka Area,2026-08-30 19:24:00,2026-08-30 13:54:00,11.53,13.58,32.68,,0.69,site_5664,Thermo Fisher Scientific India Private Limited,2026-08-30
South Eastern Coalfields Limited,Dipka Area,M/s Dipka Expansion Project South Eastern Coal Fields Limited Dipka Area,2026-08-30 19:24:00,2026-08-30 13:54:00,10.93,13.31,33.47,,0.69,site_5664,Thermo Fisher Scientific India Private Limited,2026-08-30
South Eastern Coalfields Limited,Dipka Area,M/s Dipka Expansion Project South Eastern Coal Fields Limited Dipka Area,2026-08-30 19:23:00,2026-08-30 13:53:00,10.19,13.04,36.4,,0.61,site_5664,Thermo Fisher Scientific India Private Limited,2026-08-30
South Eastern Coalfields Limited,Dipka Area,M/s Dipka Expansion Project South Eastern Coal Fields Limited Dipka Area,2026-08-30 19:23:00,2026-08-30 13:53:00,9.46,12.78,34.08,,0.59,site_5664,Thermo Fisher Scientific India Private Limited,2026-08-30
South Eastern Coalfields Limited,Dipka Area,M/s Dipka Expansion Project South Eastern Coal Fields Limited Dipka Area,2026-08-30 19:22:00,2026-08-30 13:52:00,8.47,12.48,37.12,,0.41,site_5664,Thermo Fisher Scientific India Private Limited,2026-08-30
South Eastern Coalfields Limited,Dipka Area,M/s Dipka Expansion Project South Eastern Coal Fields Limited Dipka Area,2026-08-30 19:22:00,2026-08-30 13:52:00,7.75,12.28,32.17,,0.43,site_5664,Thermo Fisher Scientific India Private Limited,2026-08-30
South Eastern Coalfields Limited,Dipka Area,M/s Dipka Expansion Project South Eastern Coal Fields Limited Dipka Area,2026-08-30 19:21:00,2026-08-30 13:51:00,7.26,12.13,37.26,,0.43,site_5664,Thermo Fisher Scientific India Private Limited,2026-08-30
South Eastern Coalfields Limited,Dipka Area,M/s Dipka Expansion Project South Eastern Coal Fields Limited Dipka Area,2026-08-30 19:21:00,2026-08-30 13:51:00,7.01,11.98,37.09,,0.42,site_5664,Thermo Fisher Scientific India Private Limited,2026-08-30
South Eastern Coalfields Limited,Dipka Area,M/s Dipka Expansion Project South Eastern Coal Fields Limited Dipka Area,2026-08-30 19:20:00,2026-08-30 13:50:00,6.74,11.71,36.99,,0.38,site_5664,Thermo Fisher Scientific India Private Limited,2026-08-30
South Eastern Coalfields Limited,Dipka Area,M/s Dipka Expansion Project South Eastern Coal Fields Limited Dipka Area,2026-08-30 19:20:00,2026-08-30 13:50:00,6.54,11.31,31.8,,0.32,site_5664,Thermo Fisher Scientific India Private Limited,2026-08-30
South Eastern Coalfields Limited,Dipka Area,M/s Dipka Expansion Project South Eastern Coal Fields Limited Dipka Area,2026-08-30 19:19:00,2026-08-30 13:49:00,6.12,10.82,32.03,,0.32,site_5664,Thermo Fisher Scientific India Private Limited,2026-08-30
South Eastern Coalfields Limited,Dipka Area,M/s Dipka Expansion Project South Eastern Coal Fields Limited Dipka Area,2026-08-30 19:19:00,2026-08-30 13:49:00,5.69,10.5,42.35,,0.23,site_5664,Thermo Fisher Scientific India Private Limited,2026-08-30
South Eastern Coalfields Limited,Dipka Area,M/s Dipka Expansion Project South Eastern Coal Fields Limited Dipka Area,2026-08-30 19:18:00,2026-08-30 13:48:00,5.26,10.1,34.75,,0.25,site_5664,Thermo Fisher Scientific India Private Limited,2026-08-30
South Eastern Coalfields Limited,Dipka Area,M/s Dipka Expansion Project South Eastern Coal Fields Limited Dipka Area,2026-08-30 19:18:00,2026-08-30 13:48:00,5.0,9.69,34.47,,0.3,site_5664,Thermo Fisher Scientific India Private Limited,2026-08-30
South Eastern Coalfields Limited,Dipka Area,M/s Dipka Expansion Project South Eastern Coal Fields Limited Dipka Area,2026-08-30 19:17:00,2026-08-30 13:47:00,4.91,9.36,31.96,,0.33,site_5664,Thermo Fisher Scientific India Private Limited,2026-08-30
South Eastern Coalfields Limited,Dipka Area,M/s Dipka Expansion Project South Eastern Coal Fields Limited Dipka Area,2026-08-30 19:17:00,2026-08-30 13:47:00,5.02,9.33,37.01,,0.18,site_5664,Thermo Fisher Scientific India Private Limited,2026-08-30
South Eastern Coalfields Limited,Dipka Area,M/s Dipka Expansion Project South Eastern Coal Fields Limited Dipka Area,2026-08-30 19:16:00,2026-08-30 13:46:00,5.38,9.3,32.23,,0.25,site_5664,Thermo Fisher Scientific India Private Limited,2026-08-30
South Eastern Coalfields Limited,Dipka Area,M/s Dipka Expansion Project South Eastern Coal Fields Limited Dipka Area,2026-08-30 19:16:00,2026-08-30 13:46:00,5.65,9.17,34.91,,0.23,site_5664,Thermo Fisher Scientific India Private Limited,2026-08-30
South Eastern Coalfields Limited,Dipka Area,M/s Dipka Expansion Project South Eastern Coal Fields Limited Dipka Area,2026-08-30 19:15:00,2026-08-30 13:45:00,5.73,9.07,33.04,,0.17,site_5664,Thermo Fisher Scientific India Private Limited,2026-08-30
South Eastern Coalfields Limited,"Bilaspur, CHHATTISGARHr",South Eastern Coalfields  Limited - AQMS_H_Q,2026-08-30 19:15:00,2026-08-30 13:44:00,3.26,,14.58,270.0,0.48,site_5592,Swan Environ,2026-08-30
South Eastern Coalfields Limited,Dipka Area,M/s Dipka Expansion Project South Eastern Coal Fields Limited Dipka Area,2026-08-30 19:15:00,2026-08-30 13:45:00,5.6,9.03,29.25,,0.14,site_5664,Thermo Fisher Scientific India Private Limited,2026-08-30
South Eastern Coalfields Limited,Dipka Area,M/s Dipka Expansion Project South Eastern Coal Fields Limited Dipka Area,2026-08-30 19:14:00,2026-08-30 13:44:00,5.37,8.97,34.29,,0.24,site_5664,Thermo Fisher Scientific India Private Limited,2026-08-30
South Eastern Coalfields Limited,Dipka Area,M/s Dipka Expansion Project South Eastern Coal Fields Limited Dipka Area,2026-08-30 19:14:00,2026-08-30 13:44:00,5.12,8.93,37.42,,0.28,site_5664,Thermo Fisher Scientific India Private Limited,2026-08-30
South Eastern Coalfields Limited,Dipka Area,M/s Dipka Expansion Project South Eastern Coal Fields Limited Dipka Area,2026-08-30 19:13:00,2026-08-30 13:43:00,5.03,9.0,32.75,,0.1,site_5664,Thermo Fisher Scientific India Private Limited,2026-08-30
South Eastern Coalfields Limited,Dipka Area,M/s Dipka Expansion Project South Eastern Coal Fields Limited Dipka Area,2026-08-30 19:13:00,2026-08-30 13:43:00,5.17,9.15,35.04,,0.13,site_5664,Thermo Fisher Scientific India Private Limited,2026-08-30
South Eastern Coalfields Limited,Dipka Area,M/s Dipka Expansion Project South Eastern Coal Fields Limited Dipka Area,2026-08-30 19:12:00,2026-08-30 13:42:00,5.53,9.33,32.0,,0.32,site_5664,Thermo Fisher Scientific India Private Limited,2026-08-30
South Eastern Coalfields Limited,Dipka Area,M/s Dipka Expansion Project South Eastern Coal Fields Limited Dipka Area,2026-08-30 19:12:00,2026-08-30 13:42:00,5.8,9.49,32.73,,0.45,site_5664,Thermo Fisher Scientific India Private Limited,2026-08-30
South Eastern Coalfields Limited,Dipka Area,M/s Dipka Expansion Project South Eastern Coal Fields Limited Dipka Area,2026-08-30 19:11:00,2026-08-30 13:41:00,6.07,9.69,34.78,,0.44,site_5664,Thermo Fisher Scientific India Private Limited,2026-08-30
South Eastern Coalfields Limited,Dipka Area,M/s Dipka Expansion Project South Eastern Coal Fields Limited Dipka Area,2026-08-30 19:11:00,2026-08-30 13:41:00,6.24,9.83,37.72,,0.54,site_5664,Thermo Fisher Scientific India Private Limited,2026-08-30
South Eastern Coalfields Limited,Dipka Area,M/s Dipka Expansion Project South Eastern Coal Fields Limited Dipka Area,2026-08-30 19:10:00,2026-08-30 13:40:00,6.32,9.8,31.84,,0.57,site_5664,Thermo Fisher Scientific India Private Limited,2026-08-30
South Eastern Coalfields Limited,Dipka Area,M/s Dipka Expansion Project South Eastern Coal Fields Limited Dipka Area,2026-08-30 19:10:00,2026-08-30 13:40:00,6.28,9.74,31.33,,0.6,site_5664,Thermo Fisher Scientific India Private Limited,2026-08-30
South Eastern Coalfields Limited,"Gevra , Chattisgarh",SECL GEVRA,2026-08-30 19:10:00,2026-08-30 19:00:00,30.4,55.22,13.15,8.18,0.6,site_,Envea India Pvt Ltd,2026-08-30
South Eastern Coalfields Limited,Dipka Area,M/s Dipka Expansion Project South Eastern Coal Fields Limited Dipka Area,2026-08-30 19:09:00,2026-08-30 13:39:00,6.26,9.6,33.92,,0.47,site_5664,Thermo Fisher Scientific India Private Limited,2026-08-30
South Eastern Coalfields Limited,Dipka Area,M/s Dipka Expansion Project South Eastern Coal Fields Limited Dipka Area,2026-08-30 19:09:00,2026-08-30 13:39:00,6.41,9.47,35.41,,0.43,site_5664,Thermo Fisher Scientific India Private Limited,2026-08-30
South Eastern Coalfields Limited,Dipka Area,M/s Dipka Expansion Project South Eastern Coal Fields Limited Dipka Area,2026-08-30 19:08:00,2026-08-30 13:38:00,6.65,9.35,30.01,,0.71,site_5664,Thermo Fisher Scientific India Private Limited,2026-08-30
South Eastern Coalfields Limited,Dipka Area,M/s Dipka Expansion Project South Eastern Coal Fields Limited Dipka Area,2026-08-30 19:08:00,2026-08-30 13:38:00,6.77,9.3,29.83,,0.65,site_5664,Thermo Fisher Scientific India Private Limited,2026-08-30
South Eastern Coalfields Limited,Dipka Area,M/s Dipka Expansion Project South Eastern Coal Fields Limited Dipka Area,2026-08-30 19:07:00,2026-08-30 13:37:00,7.08,9.41,34.38,,0.53,site_5664,Thermo Fisher Scientific India Private Limited,2026-08-30
South Eastern Coalfields Limited,Dipka Area,M/s Dipka Expansion Project South Eastern Coal Fields Limited Dipka Area,2026-08-30 19:07:00,2026-08-30 13:37:00,7.52,9.58,33.87,,0.37,site_5664,Thermo Fisher Scientific India Private Limited,2026-08-30
South Eastern Coalfields Limited,Dipka Area,M/s Dipka Expansion Project South Eastern Coal Fields Limited Dipka Area,2026-08-30 19:06:00,2026-08-30 13:36:00,8.03,9.92,32.9,,0.41,site_5664,Thermo Fisher Scientific India Private Limited,2026-08-30
South Eastern Coalfields Limited,Dipka Area,M/s Dipka Expansion Project South Eastern Coal Fields Limited Dipka Area,2026-08-30 19:06:00,2026-08-30 13:36:00,8.64,10.23,31.37,,0.28,site_5664,Thermo Fisher Scientific India Private Limited,2026-08-30
South Eastern Coalfields Limited,Dipka Area,M/s Dipka Expansion Project South Eastern Coal Fields Limited Dipka Area,2026-08-30 19:05:00,2026-08-30 13:35:00,9.43,10.58,35.49,,0.23,site_5664,Thermo Fisher Scientific India Private Limited,2026-08-30
South Eastern Coalfields Limited,Dipka Area,M/s Dipka Expansion Project South Eastern Coal Fields Limited Dipka Area,2026-08-30 19:05:00,2026-08-30 13:35:00,10.32,11.04,35.78,,0.1,site_5664,Thermo Fisher Scientific India Private Limited,2026-08-30
South Eastern Coalfields Limited,Dipka Area,M/s Dipka Expansion Project South Eastern Coal Fields Limited Dipka Area,2026-08-30 19:04:00,2026-08-30 13:34:00,11.38,11.63,37.53,,0.21,site_5664,Thermo Fisher Scientific India Private Limited,2026-08-30
South Eastern Coalfields Limited,Dipka Area,M/s Dipka Expansion Project South Eastern Coal Fields Limited Dipka Area,2026-08-30 19:04:00,2026-08-30 13:34:00,12.28,12.18,30.9,,0.19,site_5664,Thermo Fisher Scientific India Private Limited,2026-08-30
South Eastern Coalfields Limited,Dipka Area,M/s Dipka Expansion Project South Eastern Coal Fields Limited Dipka Area,2026-08-30 19:03:00,2026-08-30 13:33:00,13.27,12.8,33.81,,0.07,site_5664,Thermo Fisher Scientific India Private Limited,2026-08-30
South Eastern Coalfields Limited,Dipka Area,M/s Dipka Expansion Project South Eastern Coal Fields Limited Dipka Area,2026-08-30 19:03:00,2026-08-30 13:33:00,14.03,13.35,30.28,,0.19,site_5664,Thermo Fisher Scientific India Private Limited,2026-08-30
South Eastern Coalfields Limited,Dipka Area,M/s Dipka Expansion Project South Eastern Coal Fields Limited Dipka Area,2026-08-30 19:02:00,2026-08-30 13:32:00,14.65,13.98,31.44,,0.26,site_5664,Thermo Fisher Scientific India Private Limited,2026-08-30
South Eastern Coalfields Limited,Dipka Area,M/s Dipka Expansion Project South Eastern Coal Fields Limited Dipka Area,2026-08-30 19:02:00,2026-08-30 13:32:00,15.15,14.37,31.13,,0.32,site_5664,Thermo Fisher Scientific India Private Limited,2026-08-30
South Eastern Coalfields Limited,Dipka Area,M/s Dipka Expansion Project South Eastern Coal Fields Limited Dipka Area,2026-08-30 19:01:00,2026-08-30 13:31:00,15.56,14.62,34.5,,0.22,site_5664,Thermo Fisher Scientific India Private Limited,2026-08-30
South Eastern Coalfields Limited,Dipka Area,M/s Dipka Expansion Project South Eastern Coal Fields Limited Dipka Area,2026-08-30 19:01:00,2026-08-30 13:31:00,15.72,14.78,35.61,,0.26,site_5664,Thermo Fisher Scientific India Private Limited,2026-08-30
South Eastern Coalfields Limited,"Bilaspur, CHHATTISGARHr",South Eastern Coalfields  Limited - AQMS_H_Q,2026-08-30 19:00:00,2026-08-30 13:29:00,3.11,,13.66,270.0,0.62,site_5592,Swan Environ,2026-08-30
South Eastern Coalfields Limited,Dipka Area,M/s Dipka Expansion Project South Eastern Coal Fields Limited Dipka Area,2026-08-30 19:00:00,2026-08-30 13:30:00,15.83,14.72,35.26,,0.28,site_5664,Thermo Fisher Scientific India Private Limited,2026-08-30
South Eastern Coalfields Limited,Dipka Area,M/s Dipka Expansion Project South Eastern Coal Fields Limited Dipka Area,2026-08-30 18:59:00,2026-08-30 13:29:00,16.32,14.32,32.79,,0.1,site_5664,Thermo Fisher Scientific India Private Limited,2026-08-30
South Eastern Coalfields Limited,Dipka Area,M/s Dipka Expansion Project South Eastern Coal Fields Limited Dipka Area,2026-08-30 18:59:00,2026-08-30 13:29:00,16.64,14.08,29.83,,0.15,site_5664,Thermo Fisher Scientific India Private Limited,2026-08-30
South Eastern Coalfields Limited,Dipka Area,M/s Dipka Expansion Project South Eastern Coal Fields Limited Dipka Area,2026-08-30 18:58:00,2026-08-30 13:28:00,17.11,13.86,34.33,,0.12,site_5664,Thermo Fisher Scientific India Private Limited,2026-08-30
South Eastern Coalfields Limited,Dipka Area,M/s Dipka Expansion Project South Eastern Coal Fields Limited Dipka Area,2026-08-30 18:58:00,2026-08-30 13:28:00,17.61,13.61,30.07,,0.11,site_5664,Thermo Fisher Scientific India Private Limited,2026-08-30
South Eastern Coalfields Limited,Dipka Area,M/s Dipka Expansion Project South Eastern Coal Fields Limited Dipka Area,2026-08-30 18:57:00,2026-08-30 13:27:00,18.02,13.54,35.64,,0.0,site_5664,Thermo Fisher Scientific India Private Limited,2026-08-30
South Eastern Coalfields Limited,Dipka Area,M/s Dipka Expansion Project South Eastern Coal Fields Limited Dipka Area,2026-08-30 18:57:00,2026-08-30 13:27:00,18.33,13.57,36.97,,0.0,site_5664,Thermo Fisher Scientific India Private Limited,2026-08-30
South Eastern Coalfields Limited,Dipka Area,M/s Dipka Expansion Project South Eastern Coal Fields Limited Dipka Area,2026-08-30 18:56:00,2026-08-30 13:26:00,18.71,13.65,32.58,,0.01,site_5664,Thermo Fisher Scientific India Private Limited,2026-08-30
South Eastern Coalfields Limited,Dipka Area,M/s Dipka Expansion Project South Eastern Coal Fields Limited Dipka Area,2026-08-30 18:56:00,2026-08-30 13:26:00,18.86,13.73,31.81,,0.02,site_5664,Thermo Fisher Scientific India Private Limited,2026-08-30
South Eastern Coalfields Limited,Dipka Area,M/s Dipka Expansion Project South Eastern Coal Fields Limited Dipka Area,2026-08-30 18:55:00,2026-08-30 13:25:00,18.87,13.83,36.44,,0.1,site_5664,Thermo Fisher Scientific India Private Limited,2026-08-30
South Eastern Coalfields Limited,"Gevra , Chattisgarh",SECL GEVRA,2026-08-30 18:55:00,2026-08-30 18:45:00,33.5,60.63,13.33,8.64,0.68,site_,Envea India Pvt Ltd,2026-08-30
South Eastern Coalfields Limited,Dipka Area,M/s Dipka Expansion Project South Eastern Coal Fields Limited Dipka Area,2026-08-30 18:55:00,2026-08-30 13:25:00,18.75,14.02,34.26,,0.18,site_5664,Thermo Fisher Scientific India Private Limited,2026-08-30
South Eastern Coalfields Limited,Dipka Area,M/s Dipka Expansion Project South Eastern Coal Fields Limited Dipka Area,2026-08-30 18:54:00,2026-08-30 13:24:00,18.82,14.21,34.47,,0.2,site_5664,Thermo Fisher Scientific India Private Limited,2026-08-30
South Eastern Coalfields Limited,Dipka Area,M/s Dipka Expansion Project South Eastern Coal Fields Limited Dipka Area,2026-08-30 18:54:00,2026-08-30 13:24:00,18.94,14.39,32.53,,0.32,site_5664,Thermo Fisher Scientific India Private Limited,2026-08-30
South Eastern Coalfields Limited,Dipka Area,M/s Dipka Expansion Project South Eastern Coal Fields Limited Dipka Area,2026-08-30 18:53:00,2026-08-30 13:23:00,19.07,14.56,35.0,,0.33,site_5664,Thermo Fisher Scientific India Private Limited,2026-08-30
South Eastern Coalfields Limited,Dipka Area,M/s Dipka Expansion Project South Eastern Coal Fields Limited Dipka Area,2026-08-30 18:53:00,2026-08-30 13:23:00,19.41,14.73,31.94,,0.23,site_5664,Thermo Fisher Scientific India Private Limited,2026-08-30
South Eastern Coalfields Limited,Dipka Area,M/s Dipka Expansion Project South Eastern Coal Fields Limited Dipka Area,2026-08-30 18:52:00,2026-08-30 13:22:00,19.79,14.73,28.47,,0.24,site_5664,Thermo Fisher Scientific India Private Limited,2026-08-30
South Eastern Coalfields Limited,Dipka Area,M/s Dipka Expansion Project South Eastern Coal Fields Limited Dipka Area,2026-08-30 18:52:00,2026-08-30 13:22:00,20.21,14.69,40.16,,0.4,site_5664,Thermo Fisher Scientific India Private Limited,2026-08-30
South Eastern Coalfields Limited,Dipka Area,M/s Dipka Expansion Project South Eastern Coal Fields Limited Dipka Area,2026-08-30 18:51:00,2026-08-30 13:21:00,20.45,14.6,36.26,,0.3,site_5664,Thermo Fisher Scientific India Private Limited,2026-08-30
South Eastern Coalfields Limited,Dipka Area,M/s Dipka Expansion Project South Eastern Coal Fields Limited Dipka Area,2026-08-30 18:51:00,2026-08-30 13:21:00,20.5,14.52,30.1,,0.25,site_5664,Thermo Fisher Scientific India Private Limited,2026-08-30
South Eastern Coalfields Limited,Dipka Area,M/s Dipka Expansion Project South Eastern Coal Fields Limited Dipka Area,2026-08-30 18:50:00,2026-08-30 13:20:00,20.43,14.43,33.23,,0.15,site_5664,Thermo Fisher Scientific India Private Limited,2026-08-30
South Eastern Coalfields Limited,Dipka Area,M/s Dipka Expansion Project South Eastern Coal Fields Limited Dipka Area,2026-08-30 18:50:00,2026-08-30 13:20:00,20.12,14.36,35.45,,0.15,site_5664,Thermo Fisher Scientific India Private Limited,2026-08-30
South Eastern Coalfields Limited,Dipka Area,M/s Dipka Expansion Project South Eastern Coal Fields Limited Dipka Area,2026-08-30 18:49:00,2026-08-30 13:19:00,19.48,14.38,36.15,,0.19,site_5664,Thermo Fisher Scientific India Private Limited,2026-08-30
South Eastern Coalfields Limited,Dipka Area,M/s Dipka Expansion Project South Eastern Coal Fields Limited Dipka Area,2026-08-30 18:49:00,2026-08-30 13:19:00,18.75,14.51,37.29,,0.02,site_5664,Thermo Fisher Scientific India Private Limited,2026-08-30
South Eastern Coalfields Limited,Dipka Area,M/s Dipka Expansion Project South Eastern Coal Fields Limited Dipka Area,2026-08-30 18:48:00,2026-08-30 13:18:00,17.93,14.58,31.93,,0.05,site_5664,Thermo Fisher Scientific India Private Limited,2026-08-30
South Eastern Coalfields Limited,Dipka Area,M/s Dipka Expansion Project South Eastern Coal Fields Limited Dipka Area,2026-08-30 18:48:00,2026-08-30 13:18:00,17.3,14.5,36.61,,0.1,site_5664,Thermo Fisher Scientific India Private Limited,2026-08-30
South Eastern Coalfields Limited,Dipka Area,M/s Dipka Expansion Project South Eastern Coal Fields Limited Dipka Area,2026-08-30 18:47:00,2026-08-30 13:17:00,16.5,14.33,37.63,,0.16,site_5664,Thermo Fisher Scientific India Private Limited,2026-08-30
South Eastern Coalfields Limited,Dipka Area,M/s Dipka Expansion Project South Eastern Coal Fields Limited Dipka Area,2026-08-30 18:47:00,2026-08-30 13:17:00,15.96,14.21,35.03,,0.01,site_5664,Thermo Fisher Scientific India Private Limited,2026-08-30
South Eastern Coalfields Limited,Dipka Area,M/s Dipka Expansion Project South Eastern Coal Fields Limited Dipka Area,2026-08-30 18:46:00,2026-08-30 13:16:00,15.49,14.07,32.61,,0.12,site_5664,Thermo Fisher Scientific India Private Limited,2026-08-30
South Eastern Coalfields Limited,Dipka Area,M/s Dipka Expansion Project South Eastern Coal Fields Limited Dipka Area,2026-08-30 18:46:00,2026-08-30 13:16:00,15.0,13.79,33.18,,0.18,site_5664,Thermo Fisher Scientific India Private Limited,2026-08-30
South Eastern Coalfields Limited,"Bilaspur, CHHATTISGARHr",South Eastern Coalfields  Limited - AQMS_H_Q,2026-08-30 18:45:00,2026-08-30 13:15:00,3.58,,14.76,271.77,0.59,site_5592,Swan Environ,2026-08-30
South Eastern Coalfields Limited,Dipka Area,M/s Dipka Expansion Project South Eastern Coal Fields Limited Dipka Area,2026-08-30 18:45:00,2026-08-30 13:15:00,14.65,13.56,40.39,,0.14,site_5664,Thermo Fisher Scientific India Private Limited,2026-08-30
South Eastern Coalfields Limited,Dipka Area,M/s Dipka Expansion Project South Eastern Coal Fields Limited Dipka Area,2026-08-30 18:45:00,2026-08-30 13:15:00,14.27,13.45,28.61,,0.24,site_5664,Thermo Fisher Scientific India Private Limited,2026-08-30
South Eastern Coalfields Limited,Dipka Area,M/s Dipka Expansion Project South Eastern Coal Fields Limited Dipka Area,2026-08-30 18:44:00,2026-08-30 13:14:00,14.14,13.32,34.82,,0.19,site_5664,Thermo Fisher Scientific India Private Limited,2026-08-30
South Eastern Coalfields Limited,Dipka Area,M/s Dipka Expansion Project South Eastern Coal Fields Limited Dipka Area,2026-08-30 18:44:00,2026-08-30 13:14:00,14.11,13.07,34.74,,0.37,site_5664,Thermo Fisher Scientific India Private Limited,2026-08-30
South Eastern Coalfields Limited,Dipka Area,M/s Dipka Expansion Project South Eastern Coal Fields Limited Dipka Area,2026-08-30 18:43:00,2026-08-30 13:13:00,14.18,12.72,33.96,,0.27,site_5664,Thermo Fisher Scientific India Private Limited,2026-08-30
South Eastern Coalfields Limited,Dipka Area,M/s Dipka Expansion Project South Eastern Coal Fields Limited Dipka Area,2026-08-30 18:43:00,2026-08-30 13:13:00,14.2,12.32,30.67,,0.31,site_5664,Thermo Fisher Scientific India Private Limited,2026-08-30
South Eastern Coalfields Limited,Dipka Area,M/s Dipka Expansion Project South Eastern Coal Fields Limited Dipka Area,2026-08-30 18:42:00,2026-08-30 13:12:00,14.13,12.01,34.64,,0.24,site_5664,Thermo Fisher Scientific India Private Limited,2026-08-30
South Eastern Coalfields Limited,Dipka Area,M/s Dipka Expansion Project South Eastern Coal Fields Limited Dipka Area,2026-08-30 18:42:00,2026-08-30 13:12:00,14.17,11.79,30.6,,0.26,site_5664,Thermo Fisher Scientific India Private Limited,2026-08-30
South Eastern Coalfields Limited,Dipka Area,M/s Dipka Expansion Project South Eastern Coal Fields Limited Dipka Area,2026-08-30 18:41:00,2026-08-30 13:11:00,13.91,11.67,37.33,,0.16,site_5664,Thermo Fisher Scientific India Private Limited,2026-08-30
South Eastern Coalfields Limited,Dipka Area,M/s Dipka Expansion Project South Eastern Coal Fields Limited Dipka Area,2026-08-30 18:41:00,2026-08-30 13:11:00,13.42,11.77,34.14,,0.13,site_5664,Thermo Fisher Scientific India Private Limited,2026-08-30
South Eastern Coalfields Limited,Dipka Area,M/s Dipka Expansion Project South Eastern Coal Fields Limited Dipka Area,2026-08-30 18:40:00,2026-08-30 13:10:00,13.02,11.94,40.7,,0.24,site_5664,Thermo Fisher Scientific India Private Limited,2026-08-30
South Eastern Coalfields Limited,"Gevra , Chattisgarh",SECL GEVRA,2026-08-30 18:40:00,2026-08-30 18:30:00,17.6,33.03,12.44,6.29,0.3,site_,Envea India Pvt Ltd,2026-08-30
South Eastern Coalfields Limited,Dipka Area,M/s Dipka Expansion Project South Eastern Coal Fields Limited Dipka Area,2026-08-30 18:40:00,2026-08-30 13:10:00,12.79,12.17,31.67,,0.2,site_5664,Thermo Fisher Scientific India Private Limited,2026-08-30
South Eastern Coalfields Limited,Dipka Area,M/s Dipka Expansion Project South Eastern Coal Fields Limited Dipka Area,2026-08-30 18:39:00,2026-08-30 13:09:00,12.56,12.4,31.28,,0.19,site_5664,Thermo Fisher Scientific India Private Limited,2026-08-30
South Eastern Coalfields Limited,Dipka Area,M/s Dipka Expansion Project South Eastern Coal Fields Limited Dipka Area,2026-08-30 18:39:00,2026-08-30 13:09:00,12.28,12.56,32.27,,0.07,site_5664,Thermo Fisher Scientific India Private Limited,2026-08-30
South Eastern Coalfields Limited,Dipka Area,M/s Dipka Expansion Project South Eastern Coal Fields Limited Dipka Area,2026-08-30 18:38:00,2026-08-30 13:08:00,12.19,12.66,32.59,,0.12,site_5664,Thermo Fisher Scientific India Private Limited,2026-08-30
South Eastern Coalfields Limited,Dipka Area,M/s Dipka Expansion Project South Eastern Coal Fields Limited Dipka Area,2026-08-30 18:38:00,2026-08-30 13:08:00,12.14,12.55,35.59,,0.02,site_5664,Thermo Fisher Scientific India Private Limited,2026-08-30
South Eastern Coalfields Limited,Dipka Area,M/s Dipka Expansion Project South Eastern Coal Fields Limited Dipka Area,2026-08-30 18:37:00,2026-08-30 13:07:00,11.85,12.5,33.93,,0.19,site_5664,Thermo Fisher Scientific India Private Limited,2026-08-30
South Eastern Coalfields Limited,Dipka Area,M/s Dipka Expansion Project South Eastern Coal Fields Limited Dipka Area,2026-08-30 18:37:00,2026-08-30 13:07:00,11.51,12.48,35.36,,0.13,site_5664,Thermo Fisher Scientific India Private Limited,2026-08-30
South Eastern Coalfields Limited,Dipka Area,M/s Dipka Expansion Project South Eastern Coal Fields Limited Dipka Area,2026-08-30 18:36:00,2026-08-30 13:06:00,11.01,12.36,33.85,,0.23,site_5664,Thermo Fisher Scientific India Private Limited,2026-08-30
South Eastern Coalfields Limited,Dipka Area,M/s Dipka Expansion Project South Eastern Coal Fields Limited Dipka Area,2026-08-30 18:36:00,2026-08-30 13:06:00,10.5,12.25,33.38,,0.22,site_5664,Thermo Fisher Scientific India Private Limited,2026-08-30
South Eastern Coalfields Limited,Dipka Area,M/s Dipka Expansion Project South Eastern Coal Fields Limited Dipka Area,2026-08-30 18:35:00,2026-08-30 13:05:00,9.6,12.29,30.75,,0.22,site_5664,Thermo Fisher Scientific India Private Limited,2026-08-30
South Eastern Coalfields Limited,Dipka Area,M/s Dipka Expansion Project South Eastern Coal Fields Limited Dipka Area,2026-08-30 18:35:00,2026-08-30 13:05:00,8.96,12.43,34.36,,0.22,site_5664,Thermo Fisher Scientific India Private Limited,2026-08-30
South Eastern Coalfields Limited,Dipka Area,M/s Dipka Expansion Project South Eastern Coal Fields Limited Dipka Area,2026-08-30 18:34:00,2026-08-30 13:04:00,8.52,12.62,31.57,,0.26,site_5664,Thermo Fisher Scientific India Private Limited,2026-08-30
South Eastern Coalfields Limited,Dipka Area,M/s Dipka Expansion Project South Eastern Coal Fields Limited Dipka Area,2026-08-30 18:34:00,2026-08-30 13:04:00,8.22,12.84,36.14,,0.36,site_5664,Thermo Fisher Scientific India Private Limited,2026-08-30
South Eastern Coalfields Limited,Dipka Area,M/s Dipka Expansion Project South Eastern Coal Fields Limited Dipka Area,2026-08-30 18:33:00,2026-08-30 13:03:00,8.11,13.15,31.31,,0.34,site_5664,Thermo Fisher Scientific India Private Limited,2026-08-30
South Eastern Coalfields Limited,Dipka Area,M/s Dipka Expansion Project South Eastern Coal Fields Limited Dipka Area,2026-08-30 18:33:00,2026-08-30 13:03:00,8.12,13.57,30.4,,0.3,site_5664,Thermo Fisher Scientific India Private Limited,2026-08-30
South Eastern Coalfields Limited,Dipka Area,M/s Dipka Expansion Project South Eastern Coal Fields Limited Dipka Area,2026-08-30 18:32:00,2026-08-30 13:02:00,8.44,13.95,34.4,,0.17,site_5664,Thermo Fisher Scientific India Private Limited,2026-08-30
South Eastern Coalfields Limited,Dipka Area,M/s Dipka Expansion Project South Eastern Coal Fields Limited Dipka Area,2026-08-30 18:32:00,2026-08-30 13:02:00,8.85,14.13,35.96,,0.24,site_5664,Thermo Fisher Scientific India Private Limited,2026-08-30
South Eastern Coalfields Limited,Dipka Area,M/s Dipka Expansion Project South Eastern Coal Fields Limited Dipka Area,2026-08-30 18:31:00,2026-08-30 13:01:00,9.22,14.36,34.94,,0.18,site_5664,Thermo Fisher Scientific India Private Limited,2026-08-30
South Eastern Coalfields Limited,Dipka Area,M/s Dipka Expansion Project South Eastern Coal Fields Limited Dipka Area,2026-08-30 18:31:00,2026-08-30 13:01:00,9.48,14.54,34.19,,0.11,site_5664,Thermo Fisher Scientific India Private Limited,2026-08-30
South Eastern Coalfields Limited,Dipka Area,M/s Dipka Expansion Project South Eastern Coal Fields Limited Dipka Area,2026-08-30 18:30:00,2026-08-30 13:00:00,9.72,14.62,30.53,,0.1,site_5664,Thermo Fisher Scientific India Private Limited,2026-08-30
South Eastern Coalfields Limited,Dipka Area,M/s Dipka Expansion Project South Eastern Coal Fields Limited Dipka Area,2026-08-30 18:30:00,2026-08-30 13:00:00,9.88,14.66,32.73,,0.06,site_5664,Thermo Fisher Scientific India Private Limited,2026-08-30
South Eastern Coalfields Limited,"Bilaspur, CHHATTISGARHr",South Eastern Coalfields  Limited - AQMS_H_Q,2026-08-30 18:30:00,2026-08-30 12:59:00,3.94,,16.02,240.56,0.55,site_5592,Swan Environ,2026-08-30
South Eastern Coalfields Limited,Dipka Area,M/s Dipka Expansion Project South Eastern Coal Fields Limited Dipka Area,2026-08-30 18:29:00,2026-08-30 12:59:00,10.03,14.88,35.03,,0.1,site_5664,Thermo Fisher Scientific India Private Limited,2026-08-30
South Eastern Coalfields Limited,Dipka Area,M/s Dipka Expansion Project South Eastern Coal Fields Limited Dipka Area,2026-08-30 18:29:00,2026-08-30 12:59:00,10.15,15.08,28.97,,0.0,site_5664,Thermo Fisher Scientific India Private Limited,2026-08-30
South Eastern Coalfields Limited,Dipka Area,M/s Dipka Expansion Project South Eastern Coal Fields Limited Dipka Area,2026-08-30 18:28:00,2026-08-30 12:58:00,10.43,15.32,36.64,,0.0,site_5664,Thermo Fisher Scientific India Private Limited,2026-08-30
South Eastern Coalfields Limited,Dipka Area,M/s Dipka Expansion Project South Eastern Coal Fields Limited Dipka Area,2026-08-30 18:28:00,2026-08-30 12:58:00,10.76,15.53,27.36,,0.09,site_5664,Thermo Fisher Scientific India Private Limited,2026-08-30
South Eastern Coalfields Limited,Dipka Area,M/s Dipka Expansion Project South Eastern Coal Fields Limited Dipka Area,2026-08-30 18:27:00,2026-08-30 12:57:00,11.29,15.9,26.71,,0.04,site_5664,Thermo Fisher Scientific India Private Limited,2026-08-30
South Eastern Coalfields Limited,Dipka Area,M/s Dipka Expansion Project South Eastern Coal Fields Limited Dipka Area,2026-08-30 18:27:00,2026-08-30 12:57:00,11.82,16.26,35.93,,0.0,site_5664,Thermo Fisher Scientific India Private Limited,2026-08-30
South Eastern Coalfields Limited,Dipka Area,M/s Dipka Expansion Project South Eastern Coal Fields Limited Dipka Area,2026-08-30 18:26:00,2026-08-30 12:56:00,12.35,16.53,35.66,,0.0,site_5664,Thermo Fisher Scientific India Private Limited,2026-08-30
South Eastern Coalfields Limited,Dipka Area,M/s Dipka Expansion Project South Eastern Coal Fields Limited Dipka Area,2026-08-30 18:26:00,2026-08-30 12:56:00,12.88,16.79,28.81,,0.02,site_5664,Thermo Fisher Scientific India Private Limited,2026-08-30
South Eastern Coalfields Limited,Dipka Area,M/s Dipka Expansion Project South Eastern Coal Fields Limited Dipka Area,2026-08-30 18:25:00,2026-08-30 12:55:00,13.43,17.1,34.72,,0.0,site_5664,Thermo Fisher Scientific India Private Limited,2026-08-30
South Eastern Coalfields Limited,"Gevra , Chattisgarh",SECL GEVRA,2026-08-30 18:25:00,2026-08-30 18:15:00,36.3,65.47,13.48,9.05,0.74,site_,Envea India Pvt Ltd,2026-08-30
South Eastern Coalfields Limited,Dipka Area,M/s Dipka Expansion Project South Eastern Coal Fields Limited Dipka Area,2026-08-30 18:25:00,2026-08-30 12:55:00,13.99,17.37,32.88,,0.0,site_5664,Thermo Fisher Scientific India Private Limited,2026-08-30
South Eastern Coalfields Limited,Dipka Area,M/s Dipka Expansion Project South Eastern Coal Fields Limited Dipka Area,2026-08-30 18:24:00,2026-08-30 12:54:00,14.57,17.59,32.42,,0.0,site_5664,Thermo Fisher Scientific India Private Limited,2026-08-30
South Eastern Coalfields Limited,Dipka Area,M/s Dipka Expansion Project South Eastern Coal Fields Limited Dipka Area,2026-08-30 18:24:00,2026-08-30 12:54:00,15.31,17.74,30.41,,0.0,site_5664,Thermo Fisher Scientific India Private Limited,2026-08-30
South Eastern Coalfields Limited,Dipka Area,M/s Dipka Expansion Project South Eastern Coal Fields Limited Dipka Area,2026-08-30 18:23:00,2026-08-30 12:53:00,16.15,17.94,34.03,,0.25,site_5664,Thermo Fisher Scientific India Private Limited,2026-08-30
South Eastern Coalfields Limited,Dipka Area,M/s Dipka Expansion Project South Eastern Coal Fields Limited Dipka Area,2026-08-30 18:23:00,2026-08-30 12:53:00,16.82,18.06,39.58,,0.14,site_5664,Thermo Fisher Scientific India Private Limited,2026-08-30
South Eastern Coalfields Limited,Dipka Area,M/s Dipka Expansion Project South Eastern Coal Fields Limited Dipka Area,2026-08-30 18:22:00,2026-08-30 12:52:00,17.8,18.14,30.29,,0.29,site_5664,Thermo Fisher Scientific India Private Limited,2026-08-30
South Eastern Coalfields Limited,Dipka Area,M/s Dipka Expansion Project South Eastern Coal Fields Limited Dipka Area,2026-08-30 18:22:00,2026-08-30 12:52:00,18.77,18.2,28.18,,0.39,site_5664,Thermo Fisher Scientific India Private Limited,2026-08-30
South Eastern Coalfields Limited,Dipka Area,M/s Dipka Expansion Project South Eastern Coal Fields Limited Dipka Area,2026-08-30 18:21:00,2026-08-30 12:51:00,19.93,18.25,33.91,,0.38,site_5664,Thermo Fisher Scientific India Private Limited,2026-08-30
South Eastern Coalfields Limited,Dipka Area,M/s Dipka Expansion Project South Eastern Coal Fields Limited Dipka Area,2026-08-30 18:21:00,2026-08-30 12:51:00,20.99,18.29,30.22,,0.36,site_5664,Thermo Fisher Scientific India Private Limited,2026-08-30
South Eastern Coalfields Limited,Dipka Area,M/s Dipka Expansion Project South Eastern Coal Fields Limited Dipka Area,2026-08-30 18:20:00,2026-08-30 12:50:00,22.42,18.34,37.25,,0.44,site_5664,Thermo Fisher Scientific India Private Limited,2026-08-30
South Eastern Coalfields Limited,Dipka Area,M/s Dipka Expansion Project South Eastern Coal Fields Limited Dipka Area,2026-08-30 18:20:00,2026-08-30 12:50:00,23.61,18.45,31.39,,0.48,site_5664,Thermo Fisher Scientific India Private Limited,2026-08-30
South Eastern Coalfields Limited,Dipka Area,M/s Dipka Expansion Project South Eastern Coal Fields Limited Dipka Area,2026-08-30 18:19:00,2026-08-30 12:49:00,24.63,18.63,29.46,,0.42,site_5664,Thermo Fisher Scientific India Private Limited,2026-08-30
South Eastern Coalfields Limited,Dipka Area,M/s Dipka Expansion Project South Eastern Coal Fields Limited Dipka Area,2026-08-30 18:19:00,2026-08-30 12:49:00,25.32,18.79,29.33,,0.46,site_5664,Thermo Fisher Scientific India Private Limited,2026-08-30
South Eastern Coalfields Limited,Dipka Area,M/s Dipka Expansion Project South Eastern Coal Fields Limited Dipka Area,2026-08-30 18:18:00,2026-08-30 12:48:00,25.91,19.0,37.01,,0.29,site_5664,Thermo Fisher Scientific India Private Limited,2026-08-30
South Eastern Coalfields Limited,Dipka Area,M/s Dipka Expansion Project South Eastern Coal Fields Limited Dipka Area,2026-08-30 18:18:00,2026-08-30 12:48:00,26.18,19.18,33.41,,0.43,site_5664,Thermo Fisher Scientific India Private Limited,2026-08-30
South Eastern Coalfields Limited,Dipka Area,M/s Dipka Expansion Project South Eastern Coal Fields Limited Dipka Area,2026-08-30 18:17:00,2026-08-30 12:47:00,26.11,19.27,36.52,,0.29,site_5664,Thermo Fisher Scientific India Private Limited,2026-08-30
South Eastern Coalfields Limited,Dipka Area,M/s Dipka Expansion Project South Eastern Coal Fields Limited Dipka Area,2026-08-30 18:17:00,2026-08-30 12:47:00,25.98,19.36,34.3,,0.32,site_5664,Thermo Fisher Scientific India Private Limited,2026-08-30
South Eastern Coalfields Limited,Dipka Area,M/s Dipka Expansion Project South Eastern Coal Fields Limited Dipka Area,2026-08-30 18:16:00,2026-08-30 12:46:00,25.69,19.63,36.59,,0.37,site_5664,Thermo Fisher Scientific India Private Limited,2026-08-30
South Eastern Coalfields Limited,Dipka Area,M/s Dipka Expansion Project South Eastern Coal Fields Limited Dipka Area,2026-08-30 18:16:00,2026-08-30 12:46:00,25.4,19.9,31.21,,0.27,site_5664,Thermo Fisher Scientific India Private Limited,2026-08-30
South Eastern Coalfields Limited,Dipka Area,M/s Dipka Expansion Project South Eastern Coal Fields Limited Dipka Area,2026-08-30 18:15:00,2026-08-30 12:45:00,24.99,20.31,33.35,,0.19,site_5664,Thermo Fisher Scientific India Private Limited,2026-08-30
South Eastern Coalfields Limited,Dipka Area,M/s Dipka Expansion Project South Eastern Coal Fields Limited Dipka Area,2026-08-30 18:15:00,2026-08-30 12:45:00,24.51,20.7,38.09,,0.29,site_5664,Thermo Fisher Scientific India Private Limited,2026-08-30
South Eastern Coalfields Limited,"Bilaspur, CHHATTISGARHr",South Eastern Coalfields  Limited - AQMS_H_Q,2026-08-30 18:15:00,2026-08-30 12:44:00,3.84,,16.14,185.75,0.3,site_5592,Swan Environ,2026-08-30
South Eastern Coalfields Limited,Dipka Area,M/s Dipka Expansion Project South Eastern Coal Fields Limited Dipka Area,2026-08-30 18:14:00,2026-08-30 12:44:00,24.07,21.25,33.55,,0.25,site_5664,Thermo Fisher Scientific India Private Limited,2026-08-30
South Eastern Coalfields Limited,Dipka Area,M/s Dipka Expansion Project South Eastern Coal Fields Limited Dipka Area,2026-08-30 18:14:00,2026-08-30 12:44:00,23.67,21.65,37.18,,0.17,site_5664,Thermo Fisher Scientific India Private Limited,2026-08-30
South Eastern Coalfields Limited,Dipka Area,M/s Dipka Expansion Project South Eastern Coal Fields Limited Dipka Area,2026-08-30 18:13:00,2026-08-30 12:43:00,23.28,21.94,33.78,,0.06,site_5664,Thermo Fisher Scientific India Private Limited,2026-08-30
South Eastern Coalfields Limited,Dipka Area,M/s Dipka Expansion Project South Eastern Coal Fields Limited Dipka Area,2026-08-30 18:13:00,2026-08-30 12:43:00,22.94,22.09,37.22,,0.04,site_5664,Thermo Fisher Scientific India Private Limited,2026-08-30
South Eastern Coalfields Limited,Dipka Area,M/s Dipka Expansion Project South Eastern Coal Fields Limited Dipka Area,2026-08-30 18:12:00,2026-08-30 12:42:00,22.54,22.23,36.81,,0.0,site_5664,Thermo Fisher Scientific India Private Limited,2026-08-30
South Eastern Coalfields Limited,Dipka Area,M/s Dipka Expansion Project South Eastern Coal Fields Limited Dipka Area,2026-08-30 18:12:00,2026-08-30 12:42:00,22.11,22.43,35.24,,0.0,site_5664,Thermo Fisher Scientific India Private Limited,2026-08-30
South Eastern Coalfields Limited,Dipka Area,M/s Dipka Expansion Project South Eastern Coal Fields Limited Dipka Area,2026-08-30 18:11:00,2026-08-30 12:41:00,21.51,22.66,30.87,,0.0,site_5664,Thermo Fisher Scientific India Private Limited,2026-08-30
South Eastern Coalfields Limited,Dipka Area,M/s Dipka Expansion Project South Eastern Coal Fields Limited Dipka Area,2026-08-30 18:11:00,2026-08-30 12:41:00,21.04,22.88,35.04,,0.1,site_5664,Thermo Fisher Scientific India Private Limited,2026-08-30
South Eastern Coalfields Limited,Dipka Area,M/s Dipka Expansion Project South Eastern Coal Fields Limited Dipka Area,2026-08-30 18:10:00,2026-08-30 12:40:00,20.49,23.13,31.89,,0.14,site_5664,Thermo Fisher Scientific India Private Limited,2026-08-30
South Eastern Coalfields Limited,"Gevra , Chattisgarh",SECL GEVRA,2026-08-30 18:10:00,2026-08-30 18:00:00,32.6,59.09,13.28,8.51,0.66,site_,Envea India Pvt Ltd,2026-08-30
South Eastern Coalfields Limited,Dipka Area,M/s Dipka Expansion Project South Eastern Coal Fields Limited Dipka Area,2026-08-30 18:10:00,2026-08-30 12:40:00,20.02,23.49,39.17,,0.03,site_5664,Thermo Fisher Scientific India Private Limited,2026-08-30
South Eastern Coalfields Limited,Dipka Area,M/s Dipka Expansion Project South Eastern Coal Fields Limited Dipka Area,2026-08-30 18:09:00,2026-08-30 12:39:00,19.54,23.95,33.07,,0.2,site_5664,Thermo Fisher Scientific India Private Limited,2026-08-30
South Eastern Coalfields Limited,Dipka Area,M/s Dipka Expansion Project South Eastern Coal Fields Limited Dipka Area,2026-08-30 18:09:00,2026-08-30 12:39:00,19.23,24.28,31.78,,0.18,site_5664,Thermo Fisher Scientific India Private Limited,2026-08-30
South Eastern Coalfields Limited,Dipka Area,M/s Dipka Expansion Project South Eastern Coal Fields Limited Dipka Area,2026-08-30 18:08:00,2026-08-30 12:38:00,18.96,24.7,31.42,,0.25,site_5664,Thermo Fisher Scientific India Private Limited,2026-08-30
South Eastern Coalfields Limited,Dipka Area,M/s Dipka Expansion Project South Eastern Coal Fields Limited Dipka Area,2026-08-30 18:08:00,2026-08-30 12:38:00,18.72,25.09,34.22,,0.14,site_5664,Thermo Fisher Scientific India Private Limited,2026-08-30
South Eastern Coalfields Limited,Dipka Area,M/s Dipka Expansion Project South Eastern Coal Fields Limited Dipka Area,2026-08-30 18:07:00,2026-08-30 12:37:00,18.5,25.41,34.86,,0.2,site_5664,Thermo Fisher Scientific India Private Limited,2026-08-30
South Eastern Coalfields Limited,Dipka Area,M/s Dipka Expansion Project South Eastern Coal Fields Limited Dipka Area,2026-08-30 18:07:00,2026-08-30 12:37:00,18.3,25.68,33.54,,0.33,site_5664,Thermo Fisher Scientific India Private Limited,2026-08-30
South Eastern Coalfields Limited,Dipka Area,M/s Dipka Expansion Project South Eastern Coal Fields Limited Dipka Area,2026-08-30 18:06:00,2026-08-30 12:36:00,18.18,25.99,37.67,,0.19,site_5664,Thermo Fisher Scientific India Private Limited,2026-08-30
South Eastern Coalfields Limited,Dipka Area,M/s Dipka Expansion Project South Eastern Coal Fields Limited Dipka Area,2026-08-30 18:06:00,2026-08-30 12:36:00,18.14,26.14,35.54,,0.15,site_5664,Thermo Fisher Scientific India Private Limited,2026-08-30
South Eastern Coalfields Limited,Dipka Area,M/s Dipka Expansion Project South Eastern Coal Fields Limited Dipka Area,2026-08-30 18:05:00,2026-08-30 12:35:00,18.05,26.02,35.13,,0.1,site_5664,Thermo Fisher Scientific India Private Limited,2026-08-30
South Eastern Coalfields Limited,Dipka Area,M/s Dipka Expansion Project South Eastern Coal Fields Limited Dipka Area,2026-08-30 18:05:00,2026-08-30 12:35:00,17.95,25.9,37.91,,0.1,site_5664,Thermo Fisher Scientific India Private Limited,2026-08-30
South Eastern Coalfields Limited,Dipka Area,M/s Dipka Expansion Project South Eastern Coal Fields Limited Dipka Area,2026-08-30 18:04:00,2026-08-30 12:34:00,17.8,25.79,31.93,,0.0,site_5664,Thermo Fisher Scientific India Private Limited,2026-08-30
South Eastern Coalfields Limited,Dipka Area,M/s Dipka Expansion Project South Eastern Coal Fields Limited Dipka Area,2026-08-30 18:04:00,2026-08-30 12:34:00,17.69,25.59,42.0,,0.03,site_5664,Thermo Fisher Scientific India Private Limited,2026-08-30
South Eastern Coalfields Limited,Dipka Area,M/s Dipka Expansion Project South Eastern Coal Fields Limited Dipka Area,2026-08-30 18:03:00,2026-08-30 12:33:00,17.41,25.08,38.29,,0.0,site_5664,Thermo Fisher Scientific India Private Limited,2026-08-30
South Eastern Coalfields Limited,Dipka Area,M/s Dipka Expansion Project South Eastern Coal Fields Limited Dipka Area,2026-08-30 18:03:00,2026-08-30 12:33:00,17.04,24.71,38.46,,0.0,site_5664,Thermo Fisher Scientific India Private Limited,2026-08-30
South Eastern Coalfields Limited,Dipka Area,M/s Dipka Expansion Project South Eastern Coal Fields Limited Dipka Area,2026-08-30 18:02:00,2026-08-30 12:32:00,16.68,24.47,35.34,,0.02,site_5664,Thermo Fisher Scientific India Private Limited,2026-08-30
South Eastern Coalfields Limited,Dipka Area,M/s Dipka Expansion Project South Eastern Coal Fields Limited Dipka Area,2026-08-30 18:02:00,2026-08-30 12:32:00,16.42,24.21,30.95,,0.0,site_5664,Thermo Fisher Scientific India Private Limited,2026-08-30
South Eastern Coalfields Limited,Dipka Area,M/s Dipka Expansion Project South Eastern Coal Fields Limited Dipka Area,2026-08-30 18:01:00,2026-08-30 12:31:00,16.09,23.91,35.75,,0.13,site_5664,Thermo Fisher Scientific India Private Limited,2026-08-30
South Eastern Coalfields Limited,Dipka Area,M/s Dipka Expansion Project South Eastern Coal Fields Limited Dipka Area,2026-08-30 18:01:00,2026-08-30 12:31:00,15.72,23.76,38.16,,0.11,site_5664,Thermo Fisher Scientific India Private Limited,2026-08-30
South Eastern Coalfields Limited,Dipka Area,M/s Dipka Expansion Project South Eastern Coal Fields Limited Dipka Area,2026-08-30 18:00:00,2026-08-30 12:30:00,15.41,23.64,34.76,,0.21,site_5664,Thermo Fisher Scientific India Private Limited,2026-08-30
South Eastern Coalfields Limited,"Bilaspur, CHHATTISGARHr",South Eastern Coalfields  Limited - AQMS_H_Q,2026-08-30 18:00:00,2026-08-30 12:29:00,4.08,,17.61,271.81,1.07,site_5592,Swan Environ,2026-08-30
South Eastern Coalfields Limited,Dipka Area,M/s Dipka Expansion Project South Eastern Coal Fields Limited Dipka Area,2026-08-30 17:59:00,2026-08-30 12:29:00,15.13,23.39,34.93,,0.18,site_5664,Thermo Fisher Scientific India Private Limited,2026-08-30
South Eastern Coalfields Limited,Dipka Area,M/s Dipka Expansion Project South Eastern Coal Fields Limited Dipka Area,2026-08-30 17:59:00,2026-08-30 12:29:00,15.01,23.36,34.98,,0.24,site_5664,Thermo Fisher Scientific India Private Limited,2026-08-30
South Eastern Coalfields Limited,Dipka Area,M/s Dipka Expansion Project South Eastern Coal Fields Limited Dipka Area,2026-08-30 17:58:00,2026-08-30 12:28:00,14.93,23.39,36.06,,0.43,site_5664,Thermo Fisher Scientific India Private Limited,2026-08-30
South Eastern Coalfields Limited,Dipka Area,M/s Dipka Expansion Project South Eastern Coal Fields Limited Dipka Area,2026-08-30 17:58:00,2026-08-30 12:28:00,15.06,23.32,31.25,,0.51,site_5664,Thermo Fisher Scientific India Private Limited,2026-08-30
South Eastern Coalfields Limited,Dipka Area,M/s Dipka Expansion Project South Eastern Coal Fields Limited Dipka Area,2026-08-30 17:57:00,2026-08-30 12:27:00,15.19,23.3,39.8,,0.51,site_5664,Thermo Fisher Scientific India Private Limited,2026-08-30
South Eastern Coalfields Limited,Dipka Area,M/s Dipka Expansion Project South Eastern Coal Fields Limited Dipka Area,2026-08-30 17:57:00,2026-08-30 12:27:00,15.32,23.43,37.02,,0.58,site_5664,Thermo Fisher Scientific India Private Limited,2026-08-30
South Eastern Coalfields Limited,Dipka Area,M/s Dipka Expansion Project South Eastern Coal Fields Limited Dipka Area,2026-08-30 17:56:00,2026-08-30 12:26:00,15.72,23.55,33.87,,0.58,site_5664,Thermo Fisher Scientific India Private Limited,2026-08-30
South Eastern Coalfields Limited,Dipka Area,M/s Dipka Expansion Project South Eastern Coal Fields Limited Dipka Area,2026-08-30 17:56:00,2026-08-30 12:26:00,16.23,23.59,33.61,,0.66,site_5664,Thermo Fisher Scientific India Private Limited,2026-08-30
South Eastern Coalfields Limited,Dipka Area,M/s Dipka Expansion Project South Eastern Coal Fields Limited Dipka Area,2026-08-30 17:55:00,2026-08-30 12:25:00,16.83,23.61,38.09,,0.67,site_5664,Thermo Fisher Scientific India Private Limited,2026-08-30
South Eastern Coalfields Limited,"Gevra , Chattisgarh",SECL GEVRA,2026-08-30 17:55:00,2026-08-30 17:45:00,46.3,82.92,14.04,10.54,0.98,site_,Envea India Pvt Ltd,2026-08-30
South Eastern Coalfields Limited,Dipka Area,M/s Dipka Expansion Project South Eastern Coal Fields Limited Dipka Area,2026-08-30 17:55:00,2026-08-30 12:25:00,17.31,23.69,31.25,,0.71,site_5664,Thermo Fisher Scientific India Private Limited,2026-08-30
South Eastern Coalfields Limited,Dipka Area,M/s Dipka Expansion Project South Eastern Coal Fields Limited Dipka Area,2026-08-30 17:54:00,2026-08-30 12:24:00,18.15,23.77,37.14,,0.86,site_5664,Thermo Fisher Scientific India Private Limited,2026-08-30
South Eastern Coalfields Limited,Dipka Area,M/s Dipka Expansion Project South Eastern Coal Fields Limited Dipka Area,2026-08-30 17:54:00,2026-08-30 12:24:00,18.98,23.82,40.67,,0.98,site_5664,Thermo Fisher Scientific India Private Limited,2026-08-30
South Eastern Coalfields Limited,Dipka Area,M/s Dipka Expansion Project South Eastern Coal Fields Limited Dipka Area,2026-08-30 17:53:00,2026-08-30 12:23:00,19.69,23.82,28.35,,0.87,site_5664,Thermo Fisher Scientific India Private Limited,2026-08-30
South Eastern Coalfields Limited,Dipka Area,M/s Dipka Expansion Project South Eastern Coal Fields Limited Dipka Area,2026-08-30 17:53:00,2026-08-30 12:23:00,20.24,23.87,30.52,,0.81,site_5664,Thermo Fisher Scientific India Private Limited,2026-08-30
South Eastern Coalfields Limited,Dipka Area,M/s Dipka Expansion Project South Eastern Coal Fields Limited Dipka Area,2026-08-30 17:52:00,2026-08-30 12:22:00,20.96,24.12,36.28,,0.83,site_5664,Thermo Fisher Scientific India Private Limited,2026-08-30
South Eastern Coalfields Limited,Dipka Area,M/s Dipka Expansion Project South Eastern Coal Fields Limited Dipka Area,2026-08-30 17:52:00,2026-08-30 12:22:00,21.58,24.23,35.9,,0.81,site_5664,Thermo Fisher Scientific India Private Limited,2026-08-30
South Eastern Coalfields Limited,Dipka Area,M/s Dipka Expansion Project South Eastern Coal Fields Limited Dipka Area,2026-08-30 17:51:00,2026-08-30 12:21:00,22.1,24.27,29.49,,0.59,site_5664,Thermo Fisher Scientific India Private Limited,2026-08-30
South Eastern Coalfields Limited,Dipka Area,M/s Dipka Expansion Project South Eastern Coal Fields Limited Dipka Area,2026-08-30 17:51:00,2026-08-30 12:21:00,22.48,24.16,31.38,,0.56,site_5664,Thermo Fisher Scientific India Private Limited,2026-08-30
South Eastern Coalfields Limited,Dipka Area,M/s Dipka Expansion Project South Eastern Coal Fields Limited Dipka Area,2026-08-30 17:50:00,2026-08-30 12:20:00,22.88,23.99,31.86,,0.54,site_5664,Thermo Fisher Scientific India Private Limited,2026-08-30
South Eastern Coalfields Limited,Dipka Area,M/s Dipka Expansion Project South Eastern Coal Fields Limited Dipka Area,2026-08-30 17:50:00,2026-08-30 12:20:00,23.21,23.95,31.85,,0.59,site_5664,Thermo Fisher Scientific India Private Limited,2026-08-30
South Eastern Coalfields Limited,Dipka Area,M/s Dipka Expansion Project South Eastern Coal Fields Limited Dipka Area,2026-08-30 17:49:00,2026-08-30 12:19:00,23.45,23.86,32.7,,0.39,site_5664,Thermo Fisher Scientific India Private Limited,2026-08-30
South Eastern Coalfields Limited,Dipka Area,M/s Dipka Expansion Project South Eastern Coal Fields Limited Dipka Area,2026-08-30 17:49:00,2026-08-30 12:19:00,23.6,23.84,35.93,,0.19,site_5664,Thermo Fisher Scientific India Private Limited,2026-08-30
South Eastern Coalfields Limited,Dipka Area,M/s Dipka Expansion Project South Eastern Coal Fields Limited Dipka Area,2026-08-30 17:48:00,2026-08-30 12:18:00,23.8,23.94,27.4,,0.22,site_5664,Thermo Fisher Scientific India Private Limited,2026-08-30
South Eastern Coalfields Limited,Dipka Area,M/s Dipka Expansion Project South Eastern Coal Fields Limited Dipka Area,2026-08-30 17:48:00,2026-08-30 12:18:00,23.94,24.13,33.32,,0.22,site_5664,Thermo Fisher Scientific India Private Limited,2026-08-30
South Eastern Coalfields Limited,Dipka Area,M/s Dipka Expansion Project South Eastern Coal Fields Limited Dipka Area,2026-08-30 17:47:00,2026-08-30 12:17:00,24.16,24.29,30.61,,0.21,site_5664,Thermo Fisher Scientific India Private Limited,2026-08-30
South Eastern Coalfields Limited,Dipka Area,M/s Dipka Expansion Project South Eastern Coal Fields Limited Dipka Area,2026-08-30 17:47:00,2026-08-30 12:17:00,24.42,24.42,34.54,,0.15,site_5664,Thermo Fisher Scientific India Private Limited,2026-08-30
South Eastern Coalfields Limited,Dipka Area,M/s Dipka Expansion Project South Eastern Coal Fields Limited Dipka Area,2026-08-30 17:46:00,2026-08-30 12:16:00,24.76,24.46,35.01,,0.26,site_5664,Thermo Fisher Scientific India Private Limited,2026-08-30
South Eastern Coalfields Limited,Dipka Area,M/s Dipka Expansion Project South Eastern Coal Fields Limited Dipka Area,2026-08-30 17:46:00,2026-08-30 12:16:00,25.09,24.45,32.11,,0.31,site_5664,Thermo Fisher Scientific India Private Limited,2026-08-30
South Eastern Coalfields Limited,"Bilaspur, CHHATTISGARHr",South Eastern Coalfields  Limited - AQMS_H_Q,2026-08-30 17:45:00,2026-08-30 12:14:00,3.67,,15.43,265.75,0.63,site_5592,Swan Environ,2026-08-30
South Eastern Coalfields Limited,Dipka Area,M/s Dipka Expansion Project South Eastern Coal Fields Limited Dipka Area,2026-08-30 17:45:00,2026-08-30 12:15:00,25.2,24.41,34.72,,0.25,site_5664,Thermo Fisher Scientific India Private Limited,2026-08-30
South Eastern Coalfields Limited,Dipka Area,M/s Dipka Expansion Project South Eastern Coal Fields Limited Dipka Area,2026-08-30 17:45:00,2026-08-30 12:15:00,25.25,24.38,35.0,,0.3,site_5664,Thermo Fisher Scientific India Private Limited,2026-08-30
South Eastern Coalfields Limited,Dipka Area,M/s Dipka Expansion Project South Eastern Coal Fields Limited Dipka Area,2026-08-30 17:44:00,2026-08-30 12:14:00,25.37,24.36,29.63,,0.4,site_5664,Thermo Fisher Scientific India Private Limited,2026-08-30
South Eastern Coalfields Limited,Dipka Area,M/s Dipka Expansion Project South Eastern Coal Fields Limited Dipka Area,2026-08-30 17:44:00,2026-08-30 12:14:00,25.23,24.38,30.51,,0.31,site_5664,Thermo Fisher Scientific India Private Limited,2026-08-30
South Eastern Coalfields Limited,Dipka Area,M/s Dipka Expansion Project South Eastern Coal Fields Limited Dipka Area,2026-08-30 17:43:00,2026-08-30 12:13:00,24.9,24.48,29.79,,0.32,site_5664,Thermo Fisher Scientific India Private Limited,2026-08-30
South Eastern Coalfields Limited,Dipka Area,M/s Dipka Expansion Project South Eastern Coal Fields Limited Dipka Area,2026-08-30 17:43:00,2026-08-30 12:13:00,24.41,24.63,32.85,,0.24,site_5664,Thermo Fisher Scientific India Private Limited,2026-08-30
South Eastern Coalfields Limited,Dipka Area,M/s Dipka Expansion Project South Eastern Coal Fields Limited Dipka Area,2026-08-30 17:42:00,2026-08-30 12:12:00,23.9,24.79,31.46,,0.22,site_5664,Thermo Fisher Scientific India Private Limited,2026-08-30
South Eastern Coalfields Limited,Dipka Area,M/s Dipka Expansion Project South Eastern Coal Fields Limited Dipka Area,2026-08-30 17:42:00,2026-08-30 12:12:00,23.57,24.82,30.08,,0.27,site_5664,Thermo Fisher Scientific India Private Limited,2026-08-30
South Eastern Coalfields Limited,Dipka Area,M/s Dipka Expansion Project South Eastern Coal Fields Limited Dipka Area,2026-08-30 17:41:00,2026-08-30 12:11:00,22.96,24.92,33.56,,0.15,site_5664,Thermo Fisher Scientific India Private Limited,2026-08-30
South Eastern Coalfields Limited,Dipka Area,M/s Dipka Expansion Project South Eastern Coal Fields Limited Dipka Area,2026-08-30 17:41:00,2026-08-30 12:11:00,22.47,24.93,34.69,,0.08,site_5664,Thermo Fisher Scientific India Private Limited,2026-08-30
South Eastern Coalfields Limited,Dipka Area,M/s Dipka Expansion Project South Eastern Coal Fields Limited Dipka Area,2026-08-30 17:40:00,2026-08-30 12:10:00,22.08,24.91,32.61,,0.1,site_5664,Thermo Fisher Scientific India Private Limited,2026-08-30
South Eastern Coalfields Limited,"Gevra , Chattisgarh",SECL GEVRA,2026-08-30 17:40:00,2026-08-30 17:30:00,44.8,80.22,13.95,10.31,0.95,site_,Envea India Pvt Ltd,2026-08-30
South Eastern Coalfields Limited,Dipka Area,M/s Dipka Expansion Project South Eastern Coal Fields Limited Dipka Area,2026-08-30 17:40:00,2026-08-30 12:10:00,21.86,25.04,36.54,,0.04,site_5664,Thermo Fisher Scientific India Private Limited,2026-08-30
South Eastern Coalfields Limited,Dipka Area,M/s Dipka Expansion Project South Eastern Coal Fields Limited Dipka Area,2026-08-30 17:39:00,2026-08-30 12:09:00,21.72,25.02,35.25,,0.08,site_5664,Thermo Fisher Scientific India Private Limited,2026-08-30
South Eastern Coalfields Limited,Dipka Area,M/s Dipka Expansion Project South Eastern Coal Fields Limited Dipka Area,2026-08-30 17:39:00,2026-08-30 12:09:00,21.57,25.03,30.91,,0.13,site_5664,Thermo Fisher Scientific India Private Limited,2026-08-30
South Eastern Coalfields Limited,Dipka Area,M/s Dipka Expansion Project South Eastern Coal Fields Limited Dipka Area,2026-08-30 17:38:00,2026-08-30 12:08:00,21.61,25.02,32.18,,0.0,site_5664,Thermo Fisher Scientific India Private Limited,2026-08-30
South Eastern Coalfields Limited,Dipka Area,M/s Dipka Expansion Project South Eastern Coal Fields Limited Dipka Area,2026-08-30 17:38:00,2026-08-30 12:08:00,21.69,25.03,35.42,,0.23,site_5664,Thermo Fisher Scientific India Private Limited,2026-08-30
South Eastern Coalfields Limited,Dipka Area,M/s Dipka Expansion Project South Eastern Coal Fields Limited Dipka Area,2026-08-30 17:37:00,2026-08-30 12:07:00,21.72,25.02,31.52,,0.25,site_5664,Thermo Fisher Scientific India Private Limited,2026-08-30
South Eastern Coalfields Limited,Dipka Area,M/s Dipka Expansion Project South Eastern Coal Fields Limited Dipka Area,2026-08-30 17:37:00,2026-08-30 12:07:00,21.64,24.92,37.52,,0.17,site_5664,Thermo Fisher Scientific India Private Limited,2026-08-30
South Eastern Coalfields Limited,Dipka Area,M/s Dipka Expansion Project South Eastern Coal Fields Limited Dipka Area,2026-08-30 17:36:00,2026-08-30 12:06:00,21.56,24.92,32.14,,0.26,site_5664,Thermo Fisher Scientific India Private Limited,2026-08-30
South Eastern Coalfields Limited,Dipka Area,M/s Dipka Expansion Project South Eastern Coal Fields Limited Dipka Area,2026-08-30 17:36:00,2026-08-30 12:06:00,21.27,24.9,35.3,,0.18,site_5664,Thermo Fisher Scientific India Private Limited,2026-08-30
South Eastern Coalfields Limited,Dipka Area,M/s Dipka Expansion Project South Eastern Coal Fields Limited Dipka Area,2026-08-30 17:35:00,2026-08-30 12:05:00,20.52,24.75,32.83,,0.15,site_5664,Thermo Fisher Scientific India Private Limited,2026-08-30
South Eastern Coalfields Limited,Dipka Area,M/s Dipka Expansion Project South Eastern Coal Fields Limited Dipka Area,2026-08-30 17:35:00,2026-08-30 12:05:00,19.79,24.51,30.14,,0.22,site_5664,Thermo Fisher Scientific India Private Limited,2026-08-30
South Eastern Coalfields Limited,Dipka Area,M/s Dipka Expansion Project South Eastern Coal Fields Limited Dipka Area,2026-08-30 17:34:00,2026-08-30 12:04:00,19.1,24.13,34.14,,0.29,site_5664,Thermo Fisher Scientific India Private Limited,2026-08-30
South Eastern Coalfields Limited,Dipka Area,M/s Dipka Expansion Project South Eastern Coal Fields Limited Dipka Area,2026-08-30 17:34:00,2026-08-30 12:04:00,18.6,23.78,33.35,,0.35,site_5664,Thermo Fisher Scientific India Private Limited,2026-08-30
South Eastern Coalfields Limited,Dipka Area,M/s Dipka Expansion Project South Eastern Coal Fields Limited Dipka Area,2026-08-30 17:33:00,2026-08-30 12:03:00,17.85,23.26,34.42,,0.4,site_5664,Thermo Fisher Scientific India Private Limited,2026-08-30
South Eastern Coalfields Limited,Dipka Area,M/s Dipka Expansion Project South Eastern Coal Fields Limited Dipka Area,2026-08-30 17:33:00,2026-08-30 12:03:00,17.22,22.79,31.54,,0.31,site_5664,Thermo Fisher Scientific India Private Limited,2026-08-30
South Eastern Coalfields Limited,Dipka Area,M/s Dipka Expansion Project South Eastern Coal Fields Limited Dipka Area,2026-08-30 17:32:00,2026-08-30 12:02:00,17.02,22.38,33.71,,0.29,site_5664,Thermo Fisher Scientific India Private Limited,2026-08-30
South Eastern Coalfields Limited,Dipka Area,M/s Dipka Expansion Project South Eastern Coal Fields Limited Dipka Area,2026-08-30 17:32:00,2026-08-30 12:02:00,16.96,21.95,31.53,,0.3,site_5664,Thermo Fisher Scientific India Private Limited,2026-08-30
South Eastern Coalfields Limited,Dipka Area,M/s Dipka Expansion Project South Eastern Coal Fields Limited Dipka Area,2026-08-30 17:31:00,2026-08-30 12:01:00,16.72,21.6,30.51,,0.28,site_5664,Thermo Fisher Scientific India Private Limited,2026-08-30
South Eastern Coalfields Limited,Dipka Area,M/s Dipka Expansion Project South Eastern Coal Fields Limited Dipka Area,2026-08-30 17:31:00,2026-08-30 12:01:00,16.41,21.39,37.19,,0.45,site_5664,Thermo Fisher Scientific India Private Limited,2026-08-30
South Eastern Coalfields Limited,"Bilaspur, CHHATTISGARHr",South Eastern Coalfields  Limited - AQMS_H_Q,2026-08-30 17:30:00,2026-08-30 11:59:00,3.7,,14.18,270.0,0.29,site_5592,Swan Environ,2026-08-30
South Eastern Coalfields Limited,Dipka Area,M/s Dipka Expansion Project South Eastern Coal Fields Limited Dipka Area,2026-08-30 17:30:00,2026-08-30 12:00:00,15.93,21.3,30.92,,0.47,site_5664,Thermo Fisher Scientific India Private Limited,2026-08-30
South Eastern Coalfields Limited,Dipka Area,M/s Dipka Expansion Project South Eastern Coal Fields Limited Dipka Area,2026-08-30 17:30:00,2026-08-30 12:00:00,15.52,21.3,32.13,,0.36,site_5664,Thermo Fisher Scientific India Private Limited,2026-08-30
South Eastern Coalfields Limited,Dipka Area,M/s Dipka Expansion Project South Eastern Coal Fields Limited Dipka Area,2026-08-30 17:29:00,2026-08-30 11:59:00,14.65,21.32,25.32,,0.27,site_5664,Thermo Fisher Scientific India Private Limited,2026-08-30
South Eastern Coalfields Limited,Dipka Area,M/s Dipka Expansion Project South Eastern Coal Fields Limited Dipka Area,2026-08-30 17:29:00,2026-08-30 11:59:00,13.8,21.39,39.36,,0.24,site_5664,Thermo Fisher Scientific India Private Limited,2026-08-30
South Eastern Coalfields Limited,Dipka Area,M/s Dipka Expansion Project South Eastern Coal Fields Limited Dipka Area,2026-08-30 17:28:00,2026-08-30 11:58:00,12.83,21.33,35.92,,0.26,site_5664,Thermo Fisher Scientific India Private Limited,2026-08-30
South Eastern Coalfields Limited,Dipka Area,M/s Dipka Expansion Project South Eastern Coal Fields Limited Dipka Area,2026-08-30 17:28:00,2026-08-30 11:58:00,12.04,21.13,28.83,,0.21,site_5664,Thermo Fisher Scientific India Private Limited,2026-08-30
South Eastern Coalfields Limited,Dipka Area,M/s Dipka Expansion Project South Eastern Coal Fields Limited Dipka Area,2026-08-30 17:27:00,2026-08-30 11:57:00,11.39,20.73,26.78,,0.24,site_5664,Thermo Fisher Scientific India Private Limited,2026-08-30
South Eastern Coalfields Limited,Dipka Area,M/s Dipka Expansion Project South Eastern Coal Fields Limited Dipka Area,2026-08-30 17:27:00,2026-08-30 11:57:00,10.95,20.23,32.03,,0.3,site_5664,Thermo Fisher Scientific India Private Limited,2026-08-30
South Eastern Coalfields Limited,Dipka Area,M/s Dipka Expansion Project South Eastern Coal Fields Limited Dipka Area,2026-08-30 17:26:00,2026-08-30 11:56:00,10.47,19.59,37.5,,0.27,site_5664,Thermo Fisher Scientific India Private Limited,2026-08-30
South Eastern Coalfields Limited,Dipka Area,M/s Dipka Expansion Project South Eastern Coal Fields Limited Dipka Area,2026-08-30 17:26:00,2026-08-30 11:56:00,10.01,19.01,34.95,,0.16,site_5664,Thermo Fisher Scientific India Private Limited,2026-08-30
South Eastern Coalfields Limited,Dipka Area,M/s Dipka Expansion Project South Eastern Coal Fields Limited Dipka Area,2026-08-30 17:25:00,2026-08-30 11:55:00,9.74,18.36,34.66,,0.27,site_5664,Thermo Fisher Scientific India Private Limited,2026-08-30
South Eastern Coalfields Limited,"Gevra , Chattisgarh",SECL GEVRA,2026-08-30 17:25:00,2026-08-30 17:15:00,31.1,56.51,13.19,8.29,0.62,site_,Envea India Pvt Ltd,2026-08-30
South Eastern Coalfields Limited,Dipka Area,M/s Dipka Expansion Project South Eastern Coal Fields Limited Dipka Area,2026-08-30 17:25:00,2026-08-30 11:55:00,9.58,17.84,34.15,,0.26,site_5664,Thermo Fisher Scientific India Private Limited,2026-08-30
South Eastern Coalfields Limited,Dipka Area,M/s Dipka Expansion Project South Eastern Coal Fields Limited Dipka Area,2026-08-30 17:24:00,2026-08-30 11:54:00,9.51,17.38,38.28,,0.16,site_5664,Thermo Fisher Scientific India Private Limited,2026-08-30
South Eastern Coalfields Limited,Dipka Area,M/s Dipka Expansion Project South Eastern Coal Fields Limited Dipka Area,2026-08-30 17:24:00,2026-08-30 11:54:00,9.57,17.21,35.04,,0.2,site_5664,Thermo Fisher Scientific India Private Limited,2026-08-30
South Eastern Coalfields Limited,Dipka Area,M/s Dipka Expansion Project South Eastern Coal Fields Limited Dipka Area,2026-08-30 17:23:00,2026-08-30 11:53:00,9.89,17.21,37.21,,0.21,site_5664,Thermo Fisher Scientific India Private Limited,2026-08-30
South Eastern Coalfields Limited,Dipka Area,M/s Dipka Expansion Project South Eastern Coal Fields Limited Dipka Area,2026-08-30 17:23:00,2026-08-30 11:53:00,10.22,17.28,34.65,,0.23,site_5664,Thermo Fisher Scientific India Private Limited,2026-08-30
South Eastern Coalfields Limited,Dipka Area,M/s Dipka Expansion Project South Eastern Coal Fields Limited Dipka Area,2026-08-30 17:22:00,2026-08-30 11:52:00,10.35,17.58,34.33,,0.1,site_5664,Thermo Fisher Scientific India Private Limited,2026-08-30
South Eastern Coalfields Limited,Dipka Area,M/s Dipka Expansion Project South Eastern Coal Fields Limited Dipka Area,2026-08-30 17:22:00,2026-08-30 11:52:00,10.6,17.94,33.07,,0.09,site_5664,Thermo Fisher Scientific India Private Limited,2026-08-30
South Eastern Coalfields Limited,Dipka Area,M/s Dipka Expansion Project South Eastern Coal Fields Limited Dipka Area,2026-08-30 17:21:00,2026-08-30 11:51:00,10.7,18.27,32.56,,0.23,site_5664,Thermo Fisher Scientific India Private Limited,2026-08-30
South Eastern Coalfields Limited,Dipka Area,M/s Dipka Expansion Project South Eastern Coal Fields Limited Dipka Area,2026-08-30 17:21:00,2026-08-30 11:51:00,10.74,18.48,31.62,,0.3,site_5664,Thermo Fisher Scientific India Private Limited,2026-08-30
South Eastern Coalfields Limited,Dipka Area,M/s Dipka Expansion Project South Eastern Coal Fields Limited Dipka Area,2026-08-30 17:20:00,2026-08-30 11:50:00,10.69,18.58,38.92,,0.18,site_5664,Thermo Fisher Scientific India Private Limited,2026-08-30
South Eastern Coalfields Limited,Dipka Area,M/s Dipka Expansion Project South Eastern Coal Fields Limited Dipka Area,2026-08-30 17:20:00,2026-08-30 11:50:00,10.68,18.64,31.1,,0.2,site_5664,Thermo Fisher Scientific India Private Limited,2026-08-30
South Eastern Coalfields Limited,Dipka Area,M/s Dipka Expansion Project South Eastern Coal Fields Limited Dipka Area,2026-08-30 17:19:00,2026-08-30 11:49:00,10.79,18.62,35.96,,0.38,site_5664,Thermo Fisher Scientific India Private Limited,2026-08-30
South Eastern Coalfields Limited,Dipka Area,M/s Dipka Expansion Project South Eastern Coal Fields Limited Dipka Area,2026-08-30 17:19:00,2026-08-30 11:49:00,10.78,18.54,32.19,,0.34,site_5664,Thermo Fisher Scientific India Private Limited,2026-08-30
South Eastern Coalfields Limited,Dipka Area,M/s Dipka Expansion Project South Eastern Coal Fields Limited Dipka Area,2026-08-30 17:18:00,2026-08-30 11:48:00,10.85,18.53,31.94,,0.37,site_5664,Thermo Fisher Scientific India Private Limited,2026-08-30
South Eastern Coalfields Limited,Dipka Area,M/s Dipka Expansion Project South Eastern Coal Fields Limited Dipka Area,2026-08-30 17:18:00,2026-08-30 11:48:00,10.92,18.6,30.93,,0.43,site_5664,Thermo Fisher Scientific India Private Limited,2026-08-30
South Eastern Coalfields Limited,Dipka Area,M/s Dipka Expansion Project South Eastern Coal Fields Limited Dipka Area,2026-08-30 17:17:00,2026-08-30 11:47:00,10.97,18.73,38.2,,0.51,site_5664,Thermo Fisher Scientific India Private Limited,2026-08-30
South Eastern Coalfields Limited,Dipka Area,M/s Dipka Expansion Project South Eastern Coal Fields Limited Dipka Area,2026-08-30 17:17:00,2026-08-30 11:47:00,10.8,18.91,32.39,,0.52,site_5664,Thermo Fisher Scientific India Private Limited,2026-08-30
South Eastern Coalfields Limited,Dipka Area,M/s Dipka Expansion Project South Eastern Coal Fields Limited Dipka Area,2026-08-30 17:16:00,2026-08-30 11:46:00,10.63,19.07,34.78,,0.44,site_5664,Thermo Fisher Scientific India Private Limited,2026-08-30
South Eastern Coalfields Limited,Dipka Area,M/s Dipka Expansion Project South Eastern Coal Fields Limited Dipka Area,2026-08-30 17:16:00,2026-08-30 11:46:00,10.6,19.27,29.04,,0.42,site_5664,Thermo Fisher Scientific India Private Limited,2026-08-30
South Eastern Coalfields Limited,"Bilaspur, CHHATTISGARHr",South Eastern Coalfields  Limited - AQMS_H_Q,2026-08-30 17:15:00,2026-08-30 11:45:00,3.77,,15.47,274.48,1.53,site_5592,Swan Environ,2026-08-30
South Eastern Coalfields Limited,Dipka Area,M/s Dipka Expansion Project South Eastern Coal Fields Limited Dipka Area,2026-08-30 17:15:00,2026-08-30 11:45:00,10.55,19.51,31.75,,0.4,site_5664,Thermo Fisher Scientific India Private Limited,2026-08-30
South Eastern Coalfields Limited,Dipka Area,M/s Dipka Expansion Project South Eastern Coal Fields Limited Dipka Area,2026-08-30 17:15:00,2026-08-30 11:45:00,10.41,19.73,33.33,,0.48,site_5664,Thermo Fisher Scientific India Private Limited,2026-08-30
South Eastern Coalfields Limited,Dipka Area,M/s Dipka Expansion Project South Eastern Coal Fields Limited Dipka Area,2026-08-30 17:14:00,2026-08-30 11:44:00,10.23,19.97,32.95,,0.42,site_5664,Thermo Fisher Scientific India Private Limited,2026-08-30
South Eastern Coalfields Limited,Dipka Area,M/s Dipka Expansion Project South Eastern Coal Fields Limited Dipka Area,2026-08-30 17:14:00,2026-08-30 11:44:00,10.49,20.17,32.28,,0.51,site_5664,Thermo Fisher Scientific India Private Limited,2026-08-30
South Eastern Coalfields Limited,Dipka Area,M/s Dipka Expansion Project South Eastern Coal Fields Limited Dipka Area,2026-08-30 17:13:00,2026-08-30 11:43:00,10.81,20.53,33.76,,0.5,site_5664,Thermo Fisher Scientific India Private Limited,2026-08-30
South Eastern Coalfields Limited,Dipka Area,M/s Dipka Expansion Project South Eastern Coal Fields Limited Dipka Area,2026-08-30 17:13:00,2026-08-30 11:43:00,10.98,20.83,33.7,,0.45,site_5664,Thermo Fisher Scientific India Private Limited,2026-08-30
South Eastern Coalfields Limited,Dipka Area,M/s Dipka Expansion Project South Eastern Coal Fields Limited Dipka Area,2026-08-30 17:12:00,2026-08-30 11:42:00,11.26,21.12,33.8,,0.5,site_5664,Thermo Fisher Scientific India Private Limited,2026-08-30
South Eastern Coalfields Limited,Dipka Area,M/s Dipka Expansion Project South Eastern Coal Fields Limited Dipka Area,2026-08-30 17:12:00,2026-08-30 11:42:00,11.68,21.29,32.37,,0.51,site_5664,Thermo Fisher Scientific India Private Limited,2026-08-30
South Eastern Coalfields Limited,Dipka Area,M/s Dipka Expansion Project South Eastern Coal Fields Limited Dipka Area,2026-08-30 17:11:00,2026-08-30 11:41:00,12.19,21.43,30.35,,0.53,site_5664,Thermo Fisher Scientific India Private Limited,2026-08-30
South Eastern Coalfields Limited,Dipka Area,M/s Dipka Expansion Project South Eastern Coal Fields Limited Dipka Area,2026-08-30 17:11:00,2026-08-30 11:41:00,12.34,21.46,35.21,,0.54,site_5664,Thermo Fisher Scientific India Private Limited,2026-08-30
South Eastern Coalfields Limited,Dipka Area,M/s Dipka Expansion Project South Eastern Coal Fields Limited Dipka Area,2026-08-30 17:10:00,2026-08-30 11:40:00,12.41,21.47,33.6,,0.45,site_5664,Thermo Fisher Scientific India Private Limited,2026-08-30
South Eastern Coalfields Limited,"Gevra , Chattisgarh",SECL GEVRA,2026-08-30 17:10:00,2026-08-30 17:00:00,44.0,78.82,13.91,10.19,0.93,site_,Envea India Pvt Ltd,2026-08-30
South Eastern Coalfields Limited,Dipka Area,M/s Dipka Expansion Project South Eastern Coal Fields Limited Dipka Area,2026-08-30 17:10:00,2026-08-30 11:40:00,12.53,21.48,33.76,,0.41,site_5664,Thermo Fisher Scientific India Private Limited,2026-08-30
South Eastern Coalfields Limited,Dipka Area,M/s Dipka Expansion Project South Eastern Coal Fields Limited Dipka Area,2026-08-30 17:09:00,2026-08-30 11:39:00,12.58,21.48,37.92,,0.3,site_5664,Thermo Fisher Scientific India Private Limited,2026-08-30
South Eastern Coalfields Limited,Dipka Area,M/s Dipka Expansion Project South Eastern Coal Fields Limited Dipka Area,2026-08-30 17:09:00,2026-08-30 11:39:00,12.33,21.57,28.63,,0.17,site_5664,Thermo Fisher Scientific India Private Limited,2026-08-30
South Eastern Coalfields Limited,Dipka Area,M/s Dipka Expansion Project South Eastern Coal Fields Limited Dipka Area,2026-08-30 17:08:00,2026-08-30 11:38:00,12.11,21.74,32.39,,0.18,site_5664,Thermo Fisher Scientific India Private Limited,2026-08-30
South Eastern Coalfields Limited,Dipka Area,M/s Dipka Expansion Project South Eastern Coal Fields Limited Dipka Area,2026-08-30 17:08:00,2026-08-30 11:38:00,11.9,21.98,31.66,,0.21,site_5664,Thermo Fisher Scientific India Private Limited,2026-08-30
South Eastern Coalfields Limited,Dipka Area,M/s Dipka Expansion Project South Eastern Coal Fields Limited Dipka Area,2026-08-30 17:07:00,2026-08-30 11:37:00,11.51,22.19,37.73,,0.12,site_5664,Thermo Fisher Scientific India Private Limited,2026-08-30
South Eastern Coalfields Limited,Dipka Area,M/s Dipka Expansion Project South Eastern Coal Fields Limited Dipka Area,2026-08-30 17:07:00,2026-08-30 11:37:00,11.08,22.49,35.94,,0.09,site_5664,Thermo Fisher Scientific India Private Limited,2026-08-30
South Eastern Coalfields Limited,Dipka Area,M/s Dipka Expansion Project South Eastern Coal Fields Limited Dipka Area,2026-08-30 17:06:00,2026-08-30 11:36:00,10.45,22.82,30.52,,0.12,site_5664,Thermo Fisher Scientific India Private Limited,2026-08-30
South Eastern Coalfields Limited,Dipka Area,M/s Dipka Expansion Project South Eastern Coal Fields Limited Dipka Area,2026-08-30 17:06:00,2026-08-30 11:36:00,9.94,22.94,33.22,,0.17,site_5664,Thermo Fisher Scientific India Private Limited,2026-08-30
South Eastern Coalfields Limited,Dipka Area,M/s Dipka Expansion Project South Eastern Coal Fields Limited Dipka Area,2026-08-30 17:05:00,2026-08-30 11:35:00,9.12,22.86,33.5,,0.31,site_5664,Thermo Fisher Scientific India Private Limited,2026-08-30
South Eastern Coalfields Limited,Dipka Area,M/s Dipka Expansion Project South Eastern Coal Fields Limited Dipka Area,2026-08-30 17:05:00,2026-08-30 11:35:00,8.4,22.68,33.18,,0.34,site_5664,Thermo Fisher Scientific India Private Limited,2026-08-30
South Eastern Coalfields Limited,Dipka Area,M/s Dipka Expansion Project South Eastern Coal Fields Limited Dipka Area,2026-08-30 17:04:00,2026-08-30 11:34:00,7.9,22.37,39.12,,0.36,site_5664,Thermo Fisher Scientific India Private Limited,2026-08-30
South Eastern Coalfields Limited,Dipka Area,M/s Dipka Expansion Project South Eastern Coal Fields Limited Dipka Area,2026-08-30 17:04:00,2026-08-30 11:34:00,7.62,21.85,30.09,,0.4,site_5664,Thermo Fisher Scientific India Private Limited,2026-08-30
South Eastern Coalfields Limited,Dipka Area,M/s Dipka Expansion Project South Eastern Coal Fields Limited Dipka Area,2026-08-30 17:03:00,2026-08-30 11:33:00,7.48,21.12,31.36,,0.32,site_5664,Thermo Fisher Scientific India Private Limited,2026-08-30
South Eastern Coalfields Limited,Dipka Area,M/s Dipka Expansion Project South Eastern Coal Fields Limited Dipka Area,2026-08-30 17:03:00,2026-08-30 11:33:00,7.47,20.63,32.88,,0.39,site_5664,Thermo Fisher Scientific India Private Limited,2026-08-30
South Eastern Coalfields Limited,Dipka Area,M/s Dipka Expansion Project South Eastern Coal Fields Limited Dipka Area,2026-08-30 17:02:00,2026-08-30 11:32:00,7.65,20.16,34.88,,0.34,site_5664,Thermo Fisher Scientific India Private Limited,2026-08-30
South Eastern Coalfields Limited,Dipka Area,M/s Dipka Expansion Project South Eastern Coal Fields Limited Dipka Area,2026-08-30 17:02:00,2026-08-30 11:32:00,7.92,19.83,32.8,,0.26,site_5664,Thermo Fisher Scientific India Private Limited,2026-08-30
South Eastern Coalfields Limited,Dipka Area,M/s Dipka Expansion Project South Eastern Coal Fields Limited Dipka Area,2026-08-30 17:01:00,2026-08-30 11:31:00,8.0,19.65,32.96,,0.2,site_5664,Thermo Fisher Scientific India Private Limited,2026-08-30
South Eastern Coalfields Limited,Dipka Area,M/s Dipka Expansion Project South Eastern Coal Fields Limited Dipka Area,2026-08-30 17:01:00,2026-08-30 11:31:00,7.83,19.61,38.62,,0.23,site_5664,Thermo Fisher Scientific India Private Limited,2026-08-30
South Eastern Coalfields Limited,Dipka Area,M/s Dipka Expansion Project South Eastern Coal Fields Limited Dipka Area,2026-08-30 17:00:00,2026-08-30 11:30:00,7.45,19.64,35.1,,0.19,site_5664,Thermo Fisher Scientific India Private Limited,2026-08-30
South Eastern Coalfields Limited,"Bilaspur, CHHATTISGARHr",South Eastern Coalfields  Limited - AQMS_H_Q,2026-08-30 17:00:00,2026-08-30 11:29:00,3.77,,14.61,254.27,0.31,site_5592,Swan Environ,2026-08-30
South Eastern Coalfields Limited,Dipka Area,M/s Dipka Expansion Project South Eastern Coal Fields Limited Dipka Area,2026-08-30 16:59:00,2026-08-30 11:29:00,6.91,19.64,34.95,,0.17,site_5664,Thermo Fisher Scientific India Private Limited,2026-08-30
South Eastern Coalfields Limited,Dipka Area,M/s Dipka Expansion Project South Eastern Coal Fields Limited Dipka Area,2026-08-30 16:59:00,2026-08-30 11:29:00,6.6,19.72,32.6,,0.12,site_5664,Thermo Fisher Scientific India Private Limited,2026-08-30
South Eastern Coalfields Limited,Dipka Area,M/s Dipka Expansion Project South Eastern Coal Fields Limited Dipka Area,2026-08-30 16:58:00,2026-08-30 11:28:00,6.2,19.83,34.7,,0.12,site_5664,Thermo Fisher Scientific India Private Limited,2026-08-30
South Eastern Coalfields Limited,Dipka Area,M/s Dipka Expansion Project South Eastern Coal Fields Limited Dipka Area,2026-08-30 16:58:00,2026-08-30 11:28:00,6.0,19.98,36.77,,0.09,site_5664,Thermo Fisher Scientific India Private Limited,2026-08-30
South Eastern Coalfields Limited,Dipka Area,M/s Dipka Expansion Project South Eastern Coal Fields Limited Dipka Area,2026-08-30 16:57:00,2026-08-30 11:27:00,6.0,20.08,30.63,,0.12,site_5664,Thermo Fisher Scientific India Private Limited,2026-08-30
South Eastern Coalfields Limited,Dipka Area,M/s Dipka Expansion Project South Eastern Coal Fields Limited Dipka Area,2026-08-30 16:57:00,2026-08-30 11:27:00,6.01,20.17,33.63,,0.17,site_5664,Thermo Fisher Scientific India Private Limited,2026-08-30
South Eastern Coalfields Limited,Dipka Area,M/s Dipka Expansion Project South Eastern Coal Fields Limited Dipka Area,2026-08-30 16:56:00,2026-08-30 11:26:00,6.02,20.33,34.68,,0.17,site_5664,Thermo Fisher Scientific India Private Limited,2026-08-30
South Eastern Coalfields Limited,Dipka Area,M/s Dipka Expansion Project South Eastern Coal Fields Limited Dipka Area,2026-08-30 16:56:00,2026-08-30 11:26:00,6.08,20.57,35.0,,0.0,site_5664,Thermo Fisher Scientific India Private Limited,2026-08-30
South Eastern Coalfields Limited,Dipka Area,M/s Dipka Expansion Project South Eastern Coal Fields Limited Dipka Area,2026-08-30 16:55:00,2026-08-30 11:25:00,6.42,20.71,25.67,,0.0,site_5664,Thermo Fisher Scientific India Private Limited,2026-08-30
South Eastern Coalfields Limited,"Gevra , Chattisgarh",SECL GEVRA,2026-08-30 16:55:00,2026-08-30 16:45:00,49.5,88.35,14.22,11.0,1.06,site_,Envea India Pvt Ltd,2026-08-30
South Eastern Coalfields Limited,Dipka Area,M/s Dipka Expansion Project South Eastern Coal Fields Limited Dipka Area,2026-08-30 16:55:00,2026-08-30 11:25:00,6.74,20.83,32.08,,0.0,site_5664,Thermo Fisher Scientific India Private Limited,2026-08-30
South Eastern Coalfields Limited,Dipka Area,M/s Dipka Expansion Project South Eastern Coal Fields Limited Dipka Area,2026-08-30 16:54:00,2026-08-30 11:24:00,6.9,20.97,35.67,,0.0,site_5664,Thermo Fisher Scientific India Private Limited,2026-08-30
South Eastern Coalfields Limited,Dipka Area,M/s Dipka Expansion Project South Eastern Coal Fields Limited Dipka Area,2026-08-30 16:54:00,2026-08-30 11:24:00,6.92,21.03,32.38,,0.08,site_5664,Thermo Fisher Scientific India Private Limited,2026-08-30
South Eastern Coalfields Limited,Dipka Area,M/s Dipka Expansion Project South Eastern Coal Fields Limited Dipka Area,2026-08-30 16:53:00,2026-08-30 11:23:00,6.94,21.02,33.3,,0.09,site_5664,Thermo Fisher Scientific India Private Limited,2026-08-30
South Eastern Coalfields Limited,Dipka Area,M/s Dipka Expansion Project South Eastern Coal Fields Limited Dipka Area,2026-08-30 16:53:00,2026-08-30 11:23:00,6.88,20.89,27.72,,0.0,site_5664,Thermo Fisher Scientific India Private Limited,2026-08-30
South Eastern Coalfields Limited,Dipka Area,M/s Dipka Expansion Project South Eastern Coal Fields Limited Dipka Area,2026-08-30 16:52:00,2026-08-30 11:22:00,6.66,20.72,31.39,,0.09,site_5664,Thermo Fisher Scientific India Private Limited,2026-08-30
South Eastern Coalfields Limited,Dipka Area,M/s Dipka Expansion Project South Eastern Coal Fields Limited Dipka Area,2026-08-30 16:52:00,2026-08-30 11:22:00,6.53,20.53,33.52,,0.14,site_5664,Thermo Fisher Scientific India Private Limited,2026-08-30
South Eastern Coalfields Limited,Dipka Area,M/s Dipka Expansion Project South Eastern Coal Fields Limited Dipka Area,2026-08-30 16:51:00,2026-08-30 11:21:00,6.57,20.35,40.07,,0.16,site_5664,Thermo Fisher Scientific India Private Limited,2026-08-30
South Eastern Coalfields Limited,Dipka Area,M/s Dipka Expansion Project South Eastern Coal Fields Limited Dipka Area,2026-08-30 16:51:00,2026-08-30 11:21:00,6.65,20.19,42.65,,0.3,site_5664,Thermo Fisher Scientific India Private Limited,2026-08-30
South Eastern Coalfields Limited,Dipka Area,M/s Dipka Expansion Project South Eastern Coal Fields Limited Dipka Area,2026-08-30 16:50:00,2026-08-30 11:20:00,7.01,19.88,35.75,,0.36,site_5664,Thermo Fisher Scientific India Private Limited,2026-08-30
South Eastern Coalfields Limited,Dipka Area,M/s Dipka Expansion Project South Eastern Coal Fields Limited Dipka Area,2026-08-30 16:50:00,2026-08-30 11:20:00,7.43,19.71,34.41,,0.34,site_5664,Thermo Fisher Scientific India Private Limited,2026-08-30
South Eastern Coalfields Limited,Dipka Area,M/s Dipka Expansion Project South Eastern Coal Fields Limited Dipka Area,2026-08-30 16:49:00,2026-08-30 11:19:00,8.15,19.6,36.42,,0.28,site_5664,Thermo Fisher Scientific India Private Limited,2026-08-30
South Eastern Coalfields Limited,Dipka Area,M/s Dipka Expansion Project South Eastern Coal Fields Limited Dipka Area,2026-08-30 16:49:00,2026-08-30 11:19:00,8.88,19.49,35.87,,0.2,site_5664,Thermo Fisher Scientific India Private Limited,2026-08-30
South Eastern Coalfields Limited,Dipka Area,M/s Dipka Expansion Project South Eastern Coal Fields Limited Dipka Area,2026-08-30 16:48:00,2026-08-30 11:18:00,9.65,19.52,35.87,,0.19,site_5664,Thermo Fisher Scientific India Private Limited,2026-08-30
South Eastern Coalfields Limited,Dipka Area,M/s Dipka Expansion Project South Eastern Coal Fields Limited Dipka Area,2026-08-30 16:48:00,2026-08-30 11:18:00,10.45,19.62,31.06,,0.28,site_5664,Thermo Fisher Scientific India Private Limited,2026-08-30
South Eastern Coalfields Limited,Dipka Area,M/s Dipka Expansion Project South Eastern Coal Fields Limited Dipka Area,2026-08-30 16:47:00,2026-08-30 11:17:00,11.23,19.87,29.48,,0.09,site_5664,Thermo Fisher Scientific India Private Limited,2026-08-30
South Eastern Coalfields Limited,Dipka Area,M/s Dipka Expansion Project South Eastern Coal Fields Limited Dipka Area,2026-08-30 16:47:00,2026-08-30 11:17:00,11.93,19.89,29.65,,0.01,site_5664,Thermo Fisher Scientific India Private Limited,2026-08-30
South Eastern Coalfields Limited,Dipka Area,M/s Dipka Expansion Project South Eastern Coal Fields Limited Dipka Area,2026-08-30 16:46:00,2026-08-30 11:16:00,12.56,19.86,35.65,,0.19,site_5664,Thermo Fisher Scientific India Private Limited,2026-08-30
South Eastern Coalfields Limited,Dipka Area,M/s Dipka Expansion Project South Eastern Coal Fields Limited Dipka Area,2026-08-30 16:46:00,2026-08-30 11:16:00,12.8,19.96,34.02,,0.17,site_5664,Thermo Fisher Scientific India Private Limited,2026-08-30
South Eastern Coalfields Limited,Dipka Area,M/s Dipka Expansion Project South Eastern Coal Fields Limited Dipka Area,2026-08-30 16:45:00,2026-08-30 11:15:00,13.05,20.03,30.66,,0.08,site_5664,Thermo Fisher Scientific India Private Limited,2026-08-30
South Eastern Coalfields Limited,"Bilaspur, CHHATTISGARHr",South Eastern Coalfields  Limited - AQMS_H_Q,2026-08-30 16:45:00,2026-08-30 11:14:00,3.97,,15.14,253.84,0.79,site_5592,Swan Environ,2026-08-30
South Eastern Coalfields Limited,Dipka Area,M/s Dipka Expansion Project South Eastern Coal Fields Limited Dipka Area,2026-08-30 16:45:00,2026-08-30 11:15:00,13.33,20.13,39.06,,0.18,site_5664,Thermo Fisher Scientific India Private Limited,2026-08-30
South Eastern Coalfields Limited,Dipka Area,M/s Dipka Expansion Project South Eastern Coal Fields Limited Dipka Area,2026-08-30 16:44:00,2026-08-30 11:14:00,13.63,20.12,33.25,,0.2,site_5664,Thermo Fisher Scientific India Private Limited,2026-08-30
South Eastern Coalfields Limited,Dipka Area,M/s Dipka Expansion Project South Eastern Coal Fields Limited Dipka Area,2026-08-30 16:44:00,2026-08-30 11:14:00,13.73,20.15,35.24,,0.04,site_5664,Thermo Fisher Scientific India Private Limited,2026-08-30
South Eastern Coalfields Limited,Dipka Area,M/s Dipka Expansion Project South Eastern Coal Fields Limited Dipka Area,2026-08-30 16:43:00,2026-08-30 11:13:00,13.82,20.29,27.68,,0.03,site_5664,Thermo Fisher Scientific India Private Limited,2026-08-30
South Eastern Coalfields Limited,Dipka Area,M/s Dipka Expansion Project South Eastern Coal Fields Limited Dipka Area,2026-08-30 16:43:00,2026-08-30 11:13:00,14.05,20.44,37.16,,0.14,site_5664,Thermo Fisher Scientific India Private Limited,2026-08-30
South Eastern Coalfields Limited,Dipka Area,M/s Dipka Expansion Project South Eastern Coal Fields Limited Dipka Area,2026-08-30 16:42:00,2026-08-30 11:12:00,14.48,20.66,39.24,,0.25,site_5664,Thermo Fisher Scientific India Private Limited,2026-08-30
South Eastern Coalfields Limited,Dipka Area,M/s Dipka Expansion Project South Eastern Coal Fields Limited Dipka Area,2026-08-30 16:42:00,2026-08-30 11:12:00,14.9,20.9,31.85,,0.16,site_5664,Thermo Fisher Scientific India Private Limited,2026-08-30
South Eastern Coalfields Limited,Dipka Area,M/s Dipka Expansion Project South Eastern Coal Fields Limited Dipka Area,2026-08-30 16:41:00,2026-08-30 11:11:00,15.39,21.34,31.17,,0.0,site_5664,Thermo Fisher Scientific India Private Limited,2026-08-30
South Eastern Coalfields Limited,Dipka Area,M/s Dipka Expansion Project South Eastern Coal Fields Limited Dipka Area,2026-08-30 16:41:00,2026-08-30 11:11:00,15.86,21.84,25.99,,0.07,site_5664,Thermo Fisher Scientific India Private Limited,2026-08-30
South Eastern Coalfields Limited,Dipka Area,M/s Dipka Expansion Project South Eastern Coal Fields Limited Dipka Area,2026-08-30 16:40:00,2026-08-30 11:10:00,16.54,22.31,32.62,,0.06,site_5664,Thermo Fisher Scientific India Private Limited,2026-08-30
South Eastern Coalfields Limited,"Gevra , Chattisgarh",SECL GEVRA,2026-08-30 16:40:00,2026-08-30 16:30:00,33.1,59.86,13.3,8.58,0.67,site_,Envea India Pvt Ltd,2026-08-30
South Eastern Coalfields Limited,Dipka Area,M/s Dipka Expansion Project South Eastern Coal Fields Limited Dipka Area,2026-08-30 16:40:00,2026-08-30 11:10:00,17.06,22.62,33.69,,0.0,site_5664,Thermo Fisher Scientific India Private Limited,2026-08-30
South Eastern Coalfields Limited,Dipka Area,M/s Dipka Expansion Project South Eastern Coal Fields Limited Dipka Area,2026-08-30 16:39:00,2026-08-30 11:09:00,17.6,22.98,33.05,,0.0,site_5664,Thermo Fisher Scientific India Private Limited,2026-08-30
South Eastern Coalfields Limited,Dipka Area,M/s Dipka Expansion Project South Eastern Coal Fields Limited Dipka Area,2026-08-30 16:39:00,2026-08-30 11:09:00,17.88,23.18,32.12,,0.0,site_5664,Thermo Fisher Scientific India Private Limited,2026-08-30
South Eastern Coalfields Limited,Dipka Area,M/s Dipka Expansion Project South Eastern Coal Fields Limited Dipka Area,2026-08-30 16:38:00,2026-08-30 11:08:00,18.48,23.36,30.15,,0.0,site_5664,Thermo Fisher Scientific India Private Limited,2026-08-30
South Eastern Coalfields Limited,Dipka Area,M/s Dipka Expansion Project South Eastern Coal Fields Limited Dipka Area,2026-08-30 16:38:00,2026-08-30 11:08:00,19.15,23.49,35.02,,0.0,site_5664,Thermo Fisher Scientific India Private Limited,2026-08-30
South Eastern Coalfields Limited,Dipka Area,M/s Dipka Expansion Project South Eastern Coal Fields Limited Dipka Area,2026-08-30 16:37:00,2026-08-30 11:07:00,19.8,23.71,32.94,,0.0,site_5664,Thermo Fisher Scientific India Private Limited,2026-08-30
South Eastern Coalfields Limited,Dipka Area,M/s Dipka Expansion Project South Eastern Coal Fields Limited Dipka Area,2026-08-30 16:37:00,2026-08-30 11:07:00,20.36,23.94,32.9,,0.0,site_5664,Thermo Fisher Scientific India Private Limited,2026-08-30
South Eastern Coalfields Limited,Dipka Area,M/s Dipka Expansion Project South Eastern Coal Fields Limited Dipka Area,2026-08-30 16:36:00,2026-08-30 11:06:00,21.03,24.33,31.52,,0.0,site_5664,Thermo Fisher Scientific India Private Limited,2026-08-30
South Eastern Coalfields Limited,Dipka Area,M/s Dipka Expansion Project South Eastern Coal Fields Limited Dipka Area,2026-08-30 16:36:00,2026-08-30 11:06:00,21.51,24.73,34.41,,0.0,site_5664,Thermo Fisher Scientific India Private Limited,2026-08-30
South Eastern Coalfields Limited,Dipka Area,M/s Dipka Expansion Project South Eastern Coal Fields Limited Dipka Area,2026-08-30 16:35:00,2026-08-30 11:05:00,21.84,25.18,32.0,,0.0,site_5664,Thermo Fisher Scientific India Private Limited,2026-08-30
South Eastern Coalfields Limited,Dipka Area,M/s Dipka Expansion Project South Eastern Coal Fields Limited Dipka Area,2026-08-30 16:35:00,2026-08-30 11:05:00,22.11,25.57,33.4,,0.04,site_5664,Thermo Fisher Scientific India Private Limited,2026-08-30
South Eastern Coalfields Limited,Dipka Area,M/s Dipka Expansion Project South Eastern Coal Fields Limited Dipka Area,2026-08-30 16:34:00,2026-08-30 11:04:00,22.31,26.04,30.42,,0.06,site_5664,Thermo Fisher Scientific India Private Limited,2026-08-30
South Eastern Coalfields Limited,Dipka Area,M/s Dipka Expansion Project South Eastern Coal Fields Limited Dipka Area,2026-08-30 16:34:00,2026-08-30 11:04:00,22.45,26.36,26.31,,0.19,site_5664,Thermo Fisher Scientific India Private Limited,2026-08-30
South Eastern Coalfields Limited,Dipka Area,M/s Dipka Expansion Project South Eastern Coal Fields Limited Dipka Area,2026-08-30 16:33:00,2026-08-30 11:03:00,22.46,26.48,34.49,,0.18,site_5664,Thermo Fisher Scientific India Private Limited,2026-08-30
South Eastern Coalfields Limited,Dipka Area,M/s Dipka Expansion Project South Eastern Coal Fields Limited Dipka Area,2026-08-30 16:33:00,2026-08-30 11:03:00,22.6,26.49,33.34,,0.12,site_5664,Thermo Fisher Scientific India Private Limited,2026-08-30
South Eastern Coalfields Limited,Dipka Area,M/s Dipka Expansion Project South Eastern Coal Fields Limited Dipka Area,2026-08-30 16:32:00,2026-08-30 11:02:00,22.9,26.52,29.06,,0.0,site_5664,Thermo Fisher Scientific India Private Limited,2026-08-30
South Eastern Coalfields Limited,Dipka Area,M/s Dipka Expansion Project South Eastern Coal Fields Limited Dipka Area,2026-08-30 16:32:00,2026-08-30 11:02:00,23.15,26.58,32.23,,0.0,site_5664,Thermo Fisher Scientific India Private Limited,2026-08-30
South Eastern Coalfields Limited,Dipka Area,M/s Dipka Expansion Project South Eastern Coal Fields Limited Dipka Area,2026-08-30 16:31:00,2026-08-30 11:01:00,23.41,26.63,35.87,,0.0,site_5664,Thermo Fisher Scientific India Private Limited,2026-08-30
South Eastern Coalfields Limited,Dipka Area,M/s Dipka Expansion Project South Eastern Coal Fields Limited Dipka Area,2026-08-30 16:31:00,2026-08-30 11:01:00,23.52,26.67,35.69,,0.0,site_5664,Thermo Fisher Scientific India Private Limited,2026-08-30
South Eastern Coalfields Limited,Dipka Area,M/s Dipka Expansion Project South Eastern Coal Fields Limited Dipka Area,2026-08-30 16:30:00,2026-08-30 11:00:00,23.51,26.83,29.22,,0.0,site_5664,Thermo Fisher Scientific India Private Limited,2026-08-30
South Eastern Coalfields Limited,"Bilaspur, CHHATTISGARHr",South Eastern Coalfields  Limited - AQMS_H_Q,2026-08-30 16:30:00,2026-08-30 10:59:00,3.75,,14.1,299.12,0.94,site_5592,Swan Environ,2026-08-30
South Eastern Coalfields Limited,Dipka Area,M/s Dipka Expansion Project South Eastern Coal Fields Limited Dipka Area,2026-08-30 16:30:00,2026-08-30 11:00:00,23.47,27.0,30.29,,0.0,site_5664,Thermo Fisher Scientific India Private Limited,2026-08-30
South Eastern Coalfields Limited,Dipka Area,M/s Dipka Expansion Project South Eastern Coal Fields Limited Dipka Area,2026-08-30 16:29:00,2026-08-30 10:59:00,23.17,27.17,30.71,,0.0,site_5664,Thermo Fisher Scientific India Private Limited,2026-08-30
South Eastern Coalfields Limited,Dipka Area,M/s Dipka Expansion Project South Eastern Coal Fields Limited Dipka Area,2026-08-30 16:29:00,2026-08-30 10:59:00,22.65,27.36,37.0,,0.0,site_5664,Thermo Fisher Scientific India Private Limited,2026-08-30
South Eastern Coalfields Limited,Dipka Area,M/s Dipka Expansion Project South Eastern Coal Fields Limited Dipka Area,2026-08-30 16:28:00,2026-08-30 10:58:00,22.14,27.48,32.57,,0.0,site_5664,Thermo Fisher Scientific India Private Limited,2026-08-30
South Eastern Coalfields Limited,Dipka Area,M/s Dipka Expansion Project South Eastern Coal Fields Limited Dipka Area,2026-08-30 16:28:00,2026-08-30 10:58:00,21.56,27.75,35.6,,0.02,site_5664,Thermo Fisher Scientific India Private Limited,2026-08-30
South Eastern Coalfields Limited,Dipka Area,M/s Dipka Expansion Project South Eastern Coal Fields Limited Dipka Area,2026-08-30 16:27:00,2026-08-30 10:57:00,21.13,28.04,33.96,,0.1,site_5664,Thermo Fisher Scientific India Private Limited,2026-08-30
South Eastern Coalfields Limited,Dipka Area,M/s Dipka Expansion Project South Eastern Coal Fields Limited Dipka Area,2026-08-30 16:27:00,2026-08-30 10:57:00,20.69,28.34,36.89,,0.09,site_5664,Thermo Fisher Scientific India Private Limited,2026-08-30
South Eastern Coalfields Limited,Dipka Area,M/s Dipka Expansion Project South Eastern Coal Fields Limited Dipka Area,2026-08-30 16:26:00,2026-08-30 10:56:00,20.19,28.54,30.52,,0.19,site_5664,Thermo Fisher Scientific India Private Limited,2026-08-30
South Eastern Coalfields Limited,Dipka Area,M/s Dipka Expansion Project South Eastern Coal Fields Limited Dipka Area,2026-08-30 16:26:00,2026-08-30 10:56:00,19.87,28.69,32.61,,0.17,site_5664,Thermo Fisher Scientific India Private Limited,2026-08-30
South Eastern Coalfields Limited,Dipka Area,M/s Dipka Expansion Project South Eastern Coal Fields Limited Dipka Area,2026-08-30 16:25:00,2026-08-30 10:55:00,19.74,28.76,36.94,,0.27,site_5664,Thermo Fisher Scientific India Private Limited,2026-08-30
South Eastern Coalfields Limited,"Gevra , Chattisgarh",SECL GEVRA,2026-08-30 16:25:00,2026-08-30 16:15:00,47.7,85.23,14.12,10.74,1.02,site_,Envea India Pvt Ltd,2026-08-30
South Eastern Coalfields Limited,Dipka Area,M/s Dipka Expansion Project South Eastern Coal Fields Limited Dipka Area,2026-08-30 16:25:00,2026-08-30 10:55:00,19.73,28.67,37.36,,0.12,site_5664,Thermo Fisher Scientific India Private Limited,2026-08-30
South Eastern Coalfields Limited,Dipka Area,M/s Dipka Expansion Project South Eastern Coal Fields Limited Dipka Area,2026-08-30 16:24:00,2026-08-30 10:54:00,19.63,28.42,29.82,,0.01,site_5664,Thermo Fisher Scientific India Private Limited,2026-08-30
South Eastern Coalfields Limited,Dipka Area,M/s Dipka Expansion Project South Eastern Coal Fields Limited Dipka Area,2026-08-30 16:24:00,2026-08-30 10:54:00,19.57,28.04,37.45,,0.01,site_5664,Thermo Fisher Scientific India Private Limited,2026-08-30
South Eastern Coalfields Limited,Dipka Area,M/s Dipka Expansion Project South Eastern Coal Fields Limited Dipka Area,2026-08-30 16:23:00,2026-08-30 10:53:00,19.5,27.56,34.28,,0.07,site_5664,Thermo Fisher Scientific India Private Limited,2026-08-30
South Eastern Coalfields Limited,Dipka Area,M/s Dipka Expansion Project South Eastern Coal Fields Limited Dipka Area,2026-08-30 16:23:00,2026-08-30 10:53:00,19.49,27.04,35.78,,0.04,site_5664,Thermo Fisher Scientific India Private Limited,2026-08-30
South Eastern Coalfields Limited,Dipka Area,M/s Dipka Expansion Project South Eastern Coal Fields Limited Dipka Area,2026-08-30 16:22:00,2026-08-30 10:52:00,19.57,26.46,35.81,,0.02,site_5664,Thermo Fisher Scientific India Private Limited,2026-08-30
South Eastern Coalfields Limited,Dipka Area,M/s Dipka Expansion Project South Eastern Coal Fields Limited Dipka Area,2026-08-30 16:22:00,2026-08-30 10:52:00,19.72,25.94,30.01,,0.05,site_5664,Thermo Fisher Scientific India Private Limited,2026-08-30
South Eastern Coalfields Limited,Dipka Area,M/s Dipka Expansion Project South Eastern Coal Fields Limited Dipka Area,2026-08-30 16:21:00,2026-08-30 10:51:00,20.04,25.27,30.15,,0.08,site_5664,Thermo Fisher Scientific India Private Limited,2026-08-30
South Eastern Coalfields Limited,Dipka Area,M/s Dipka Expansion Project South Eastern Coal Fields Limited Dipka Area,2026-08-30 16:21:00,2026-08-30 10:51:00,20.25,24.7,29.82,,0.15,site_5664,Thermo Fisher Scientific India Private Limited,2026-08-30
South Eastern Coalfields Limited,Dipka Area,M/s Dipka Expansion Project South Eastern Coal Fields Limited Dipka Area,2026-08-30 16:20:00,2026-08-30 10:50:00,20.52,24.15,31.74,,0.1,site_5664,Thermo Fisher Scientific India Private Limited,2026-08-30
South Eastern Coalfields Limited,Dipka Area,M/s Dipka Expansion Project South Eastern Coal Fields Limited Dipka Area,2026-08-30 16:20:00,2026-08-30 10:50:00,20.76,23.61,34.45,,0.3,site_5664,Thermo Fisher Scientific India Private Limited,2026-08-30
South Eastern Coalfields Limited,Dipka Area,M/s Dipka Expansion Project South Eastern Coal Fields Limited Dipka Area,2026-08-30 16:19:00,2026-08-30 10:49:00,20.84,23.05,31.07,,0.44,site_5664,Thermo Fisher Scientific India Private Limited,2026-08-30
South Eastern Coalfields Limited,Dipka Area,M/s Dipka Expansion Project South Eastern Coal Fields Limited Dipka Area,2026-08-30 16:19:00,2026-08-30 10:49:00,20.77,22.5,38.32,,0.4,site_5664,Thermo Fisher Scientific India Private Limited,2026-08-30
South Eastern Coalfields Limited,Dipka Area,M/s Dipka Expansion Project South Eastern Coal Fields Limited Dipka Area,2026-08-30 16:18:00,2026-08-30 10:48:00,20.71,22.01,34.6,,0.4,site_5664,Thermo Fisher Scientific India Private Limited,2026-08-30
South Eastern Coalfields Limited,Dipka Area,M/s Dipka Expansion Project South Eastern Coal Fields Limited Dipka Area,2026-08-30 16:18:00,2026-08-30 10:48:00,20.78,21.64,30.05,,0.48,site_5664,Thermo Fisher Scientific India Private Limited,2026-08-30
South Eastern Coalfields Limited,Dipka Area,M/s Dipka Expansion Project South Eastern Coal Fields Limited Dipka Area,2026-08-30 16:17:00,2026-08-30 10:47:00,20.94,21.18,36.53,,0.32,site_5664,Thermo Fisher Scientific India Private Limited,2026-08-30
South Eastern Coalfields Limited,Dipka Area,M/s Dipka Expansion Project South Eastern Coal Fields Limited Dipka Area,2026-08-30 16:17:00,2026-08-30 10:47:00,20.91,20.79,34.19,,0.41,site_5664,Thermo Fisher Scientific India Private Limited,2026-08-30
South Eastern Coalfields Limited,Dipka Area,M/s Dipka Expansion Project South Eastern Coal Fields Limited Dipka Area,2026-08-30 16:16:00,2026-08-30 10:46:00,20.78,20.19,35.15,,0.29,site_5664,Thermo Fisher Scientific India Private Limited,2026-08-30
South Eastern Coalfields Limited,Dipka Area,M/s Dipka Expansion Project South Eastern Coal Fields Limited Dipka Area,2026-08-30 16:16:00,2026-08-30 10:46:00,20.63,19.59,30.78,,0.16,site_5664,Thermo Fisher Scientific India Private Limited,2026-08-30
South Eastern Coalfields Limited,"Bilaspur, CHHATTISGARHr",South Eastern Coalfields  Limited - AQMS_H_Q,2026-08-30 16:15:00,2026-08-30 10:44:00,3.98,,15.12,230.14,0.32,site_5592,Swan Environ,2026-08-30
South Eastern Coalfields Limited,Dipka Area,M/s Dipka Expansion Project South Eastern Coal Fields Limited Dipka Area,2026-08-30 16:15:00,2026-08-30 10:45:00,20.23,18.81,32.65,,0.04,site_5664,Thermo Fisher Scientific India Private Limited,2026-08-30
South Eastern Coalfields Limited,Dipka Area,M/s Dipka Expansion Project South Eastern Coal Fields Limited Dipka Area,2026-08-30 16:15:00,2026-08-30 10:45:00,19.92,17.99,33.58,,0.0,site_5664,Thermo Fisher Scientific India Private Limited,2026-08-30
South Eastern Coalfields Limited,Dipka Area,M/s Dipka Expansion Project South Eastern Coal Fields Limited Dipka Area,2026-08-30 16:14:00,2026-08-30 10:44:00,19.47,17.02,32.97,,0.0,site_5664,Thermo Fisher Scientific India Private Limited,2026-08-30
South Eastern Coalfields Limited,Dipka Area,M/s Dipka Expansion Project South Eastern Coal Fields Limited Dipka Area,2026-08-30 16:14:00,2026-08-30 10:44:00,19.27,16.13,26.09,,0.0,site_5664,Thermo Fisher Scientific India Private Limited,2026-08-30
South Eastern Coalfields Limited,Dipka Area,M/s Dipka Expansion Project South Eastern Coal Fields Limited Dipka Area,2026-08-30 16:13:00,2026-08-30 10:43:00,19.2,15.25,33.02,,0.0,site_5664,Thermo Fisher Scientific India Private Limited,2026-08-30
South Eastern Coalfields Limited,Dipka Area,M/s Dipka Expansion Project South Eastern Coal Fields Limited Dipka Area,2026-08-30 16:13:00,2026-08-30 10:43:00,19.17,14.62,30.79,,0.0,site_5664,Thermo Fisher Scientific India Private Limited,2026-08-30
South Eastern Coalfields Limited,Dipka Area,M/s Dipka Expansion Project South Eastern Coal Fields Limited Dipka Area,2026-08-30 16:12:00,2026-08-30 10:42:00,18.94,13.76,33.47,,0.0,site_5664,Thermo Fisher Scientific India Private Limited,2026-08-30
South Eastern Coalfields Limited,Dipka Area,M/s Dipka Expansion Project South Eastern Coal Fields Limited Dipka Area,2026-08-30 16:12:00,2026-08-30 10:42:00,18.44,13.27,28.04,,0.0,site_5664,Thermo Fisher Scientific India Private Limited,2026-08-30
South Eastern Coalfields Limited,Dipka Area,M/s Dipka Expansion Project South Eastern Coal Fields Limited Dipka Area,2026-08-30 16:11:00,2026-08-30 10:41:00,17.71,12.88,33.01,,0.0,site_5664,Thermo Fisher Scientific India Private Limited,2026-08-30
South Eastern Coalfields Limited,Dipka Area,M/s Dipka Expansion Project South Eastern Coal Fields Limited Dipka Area,2026-08-30 16:11:00,2026-08-30 10:41:00,17.02,12.66,36.17,,0.0,site_5664,Thermo Fisher Scientific India Private Limited,2026-08-30
South Eastern Coalfields Limited,Dipka Area,M/s Dipka Expansion Project South Eastern Coal Fields Limited Dipka Area,2026-08-30 16:10:00,2026-08-30 10:40:00,15.44,12.38,31.57,,0.0,site_5664,Thermo Fisher Scientific India Private Limited,2026-08-30
South Eastern Coalfields Limited,"Gevra , Chattisgarh",SECL GEVRA,2026-08-30 16:10:00,2026-08-30 16:00:00,35.7,64.44,13.45,8.97,0.73,site_,Envea India Pvt Ltd,2026-08-30
South Eastern Coalfields Limited,Dipka Area,M/s Dipka Expansion Project South Eastern Coal Fields Limited Dipka Area,2026-08-30 16:10:00,2026-08-30 10:40:00,14.08,12.35,37.05,,0.0,site_5664,Thermo Fisher Scientific India Private Limited,2026-08-30
South Eastern Coalfields Limited,Dipka Area,M/s Dipka Expansion Project South Eastern Coal Fields Limited Dipka Area,2026-08-30 16:09:00,2026-08-30 10:39:00,12.69,12.19,37.9,,0.0,site_5664,Thermo Fisher Scientific India Private Limited,2026-08-30
South Eastern Coalfields Limited,Dipka Area,M/s Dipka Expansion Project South Eastern Coal Fields Limited Dipka Area,2026-08-30 16:09:00,2026-08-30 10:39:00,11.56,11.99,36.45,,0.0,site_5664,Thermo Fisher Scientific India Private Limited,2026-08-30
South Eastern Coalfields Limited,Dipka Area,M/s Dipka Expansion Project South Eastern Coal Fields Limited Dipka Area,2026-08-30 16:08:00,2026-08-30 10:38:00,10.56,11.78,34.46,,0.0,site_5664,Thermo Fisher Scientific India Private Limited,2026-08-30
South Eastern Coalfields Limited,Dipka Area,M/s Dipka Expansion Project South Eastern Coal Fields Limited Dipka Area,2026-08-30 16:08:00,2026-08-30 10:38:00,9.99,11.54,37.84,,0.0,site_5664,Thermo Fisher Scientific India Private Limited,2026-08-30
South Eastern Coalfields Limited,Dipka Area,M/s Dipka Expansion Project South Eastern Coal Fields Limited Dipka Area,2026-08-30 16:07:00,2026-08-30 10:37:00,9.68,11.14,32.69,,0.05,site_5664,Thermo Fisher Scientific India Private Limited,2026-08-30
South Eastern Coalfields Limited,Dipka Area,M/s Dipka Expansion Project South Eastern Coal Fields Limited Dipka Area,2026-08-30 16:07:00,2026-08-30 10:37:00,9.57,10.73,33.25,,0.05,site_5664,Thermo Fisher Scientific India Private Limited,2026-08-30
South Eastern Coalfields Limited,Dipka Area,M/s Dipka Expansion Project South Eastern Coal Fields Limited Dipka Area,2026-08-30 16:06:00,2026-08-30 10:36:00,9.62,10.39,36.18,,0.09,site_5664,Thermo Fisher Scientific India Private Limited,2026-08-30
South Eastern Coalfields Limited,Dipka Area,M/s Dipka Expansion Project South Eastern Coal Fields Limited Dipka Area,2026-08-30 16:06:00,2026-08-30 10:36:00,9.72,10.26,31.1,,0.13,site_5664,Thermo Fisher Scientific India Private Limited,2026-08-30
South Eastern Coalfields Limited,Dipka Area,M/s Dipka Expansion Project South Eastern Coal Fields Limited Dipka Area,2026-08-30 16:05:00,2026-08-30 10:35:00,9.73,10.0,33.52,,0.11,site_5664,Thermo Fisher Scientific India Private Limited,2026-08-30
South Eastern Coalfields Limited,Dipka Area,M/s Dipka Expansion Project South Eastern Coal Fields Limited Dipka Area,2026-08-30 16:05:00,2026-08-30 10:35:00,9.59,9.76,38.64,,0.18,site_5664,Thermo Fisher Scientific India Private Limited,2026-08-30
South Eastern Coalfields Limited,Dipka Area,M/s Dipka Expansion Project South Eastern Coal Fields Limited Dipka Area,2026-08-30 16:04:00,2026-08-30 10:34:00,9.27,9.59,37.75,,0.08,site_5664,Thermo Fisher Scientific India Private Limited,2026-08-30
South Eastern Coalfields Limited,Dipka Area,M/s Dipka Expansion Project South Eastern Coal Fields Limited Dipka Area,2026-08-30 16:04:00,2026-08-30 10:34:00,8.88,9.57,34.03,,0.13,site_5664,Thermo Fisher Scientific India Private Limited,2026-08-30
South Eastern Coalfields Limited,Dipka Area,M/s Dipka Expansion Project South Eastern Coal Fields Limited Dipka Area,2026-08-30 16:03:00,2026-08-30 10:33:00,8.15,9.47,29.71,,0.16,site_5664,Thermo Fisher Scientific India Private Limited,2026-08-30
South Eastern Coalfields Limited,Dipka Area,M/s Dipka Expansion Project South Eastern Coal Fields Limited Dipka Area,2026-08-30 16:03:00,2026-08-30 10:33:00,7.46,9.31,32.1,,0.14,site_5664,Thermo Fisher Scientific India Private Limited,2026-08-30
South Eastern Coalfields Limited,Dipka Area,M/s Dipka Expansion Project South Eastern Coal Fields Limited Dipka Area,2026-08-30 16:02:00,2026-08-30 10:32:00,6.72,9.22,35.29,,0.07,site_5664,Thermo Fisher Scientific India Private Limited,2026-08-30
South Eastern Coalfields Limited,Dipka Area,M/s Dipka Expansion Project South Eastern Coal Fields Limited Dipka Area,2026-08-30 16:02:00,2026-08-30 10:32:00,5.76,9.16,32.45,,0.12,site_5664,Thermo Fisher Scientific India Private Limited,2026-08-30
South Eastern Coalfields Limited,Dipka Area,M/s Dipka Expansion Project South Eastern Coal Fields Limited Dipka Area,2026-08-30 16:01:00,2026-08-30 10:31:00,4.79,9.11,36.02,,0.28,site_5664,Thermo Fisher Scientific India Private Limited,2026-08-30
South Eastern Coalfields Limited,Dipka Area,M/s Dipka Expansion Project South Eastern Coal Fields Limited Dipka Area,2026-08-30 16:01:00,2026-08-30 10:31:00,4.0,9.07,36.34,,0.3,site_5664,Thermo Fisher Scientific India Private Limited,2026-08-30
South Eastern Coalfields Limited,"Bilaspur, CHHATTISGARHr",South Eastern Coalfields  Limited - AQMS_H_Q,2026-08-30 16:00:00,2026-08-30 10:30:00,3.91,,13.89,271.78,0.77,site_5592,Swan Environ,2026-08-30
South Eastern Coalfields Limited,Dipka Area,M/s Dipka Expansion Project South Eastern Coal Fields Limited Dipka Area,2026-08-30 16:00:00,2026-08-30 10:30:00,3.28,9.09,37.36,,0.29,site_5664,Thermo Fisher Scientific India Private Limited,2026-08-30
South Eastern Coalfields Limited,Dipka Area,M/s Dipka Expansion Project South Eastern Coal Fields Limited Dipka Area,2026-08-30 15:59:00,2026-08-30 10:29:00,2.15,9.13,34.23,,0.41,site_5664,Thermo Fisher Scientific India Private Limited,2026-08-30
South Eastern Coalfields Limited,Dipka Area,M/s Dipka Expansion Project South Eastern Coal Fields Limited Dipka Area,2026-08-30 15:59:00,2026-08-30 10:29:00,1.66,9.16,36.97,,0.34,site_5664,Thermo Fisher Scientific India Private Limited,2026-08-30
South Eastern Coalfields Limited,Dipka Area,M/s Dipka Expansion Project South Eastern Coal Fields Limited Dipka Area,2026-08-30 15:58:00,2026-08-30 10:28:00,1.13,9.16,32.55,,0.39,site_5664,Thermo Fisher Scientific India Private Limited,2026-08-30
South Eastern Coalfields Limited,Dipka Area,M/s Dipka Expansion Project South Eastern Coal Fields Limited Dipka Area,2026-08-30 15:58:00,2026-08-30 10:28:00,0.66,9.17,33.52,,0.35,site_5664,Thermo Fisher Scientific India Private Limited,2026-08-30
South Eastern Coalfields Limited,Dipka Area,M/s Dipka Expansion Project South Eastern Coal Fields Limited Dipka Area,2026-08-30 15:57:00,2026-08-30 10:27:00,0.31,9.16,37.16,,0.35,site_5664,Thermo Fisher Scientific India Private Limited,2026-08-30
South Eastern Coalfields Limited,Dipka Area,M/s Dipka Expansion Project South Eastern Coal Fields Limited Dipka Area,2026-08-30 15:57:00,2026-08-30 10:27:00,0.1,9.11,35.87,,0.31,site_5664,Thermo Fisher Scientific India Private Limited,2026-08-30
South Eastern Coalfields Limited,Dipka Area,M/s Dipka Expansion Project South Eastern Coal Fields Limited Dipka Area,2026-08-30 15:56:00,2026-08-30 10:26:00,0.06,9.02,29.28,,0.14,site_5664,Thermo Fisher Scientific India Private Limited,2026-08-30
South Eastern Coalfields Limited,Dipka Area,M/s Dipka Expansion Project South Eastern Coal Fields Limited Dipka Area,2026-08-30 15:56:00,2026-08-30 10:26:00,0.07,8.86,39.89,,0.12,site_5664,Thermo Fisher Scientific India Private Limited,2026-08-30
South Eastern Coalfields Limited,Dipka Area,M/s Dipka Expansion Project South Eastern Coal Fields Limited Dipka Area,2026-08-30 15:55:00,2026-08-30 10:25:00,0.35,8.74,34.35,,0.26,site_5664,Thermo Fisher Scientific India Private Limited,2026-08-30
South Eastern Coalfields Limited,"Gevra , Chattisgarh",SECL GEVRA,2026-08-30 15:55:00,2026-08-30 15:45:00,38.2,68.81,13.59,9.34,0.79,site_,Envea India Pvt Ltd,2026-08-30
South Eastern Coalfields Limited,Dipka Area,M/s Dipka Expansion Project South Eastern Coal Fields Limited Dipka Area,2026-08-30 15:55:00,2026-08-30 10:25:00,0.75,8.53,33.29,,0.25,site_5664,Thermo Fisher Scientific India Private Limited,2026-08-30
South Eastern Coalfields Limited,Dipka Area,M/s Dipka Expansion Project South Eastern Coal Fields Limited Dipka Area,2026-08-30 15:54:00,2026-08-30 10:24:00,1.1,8.29,32.91,,0.25,site_5664,Thermo Fisher Scientific India Private Limited,2026-08-30
South Eastern Coalfields Limited,Dipka Area,M/s Dipka Expansion Project South Eastern Coal Fields Limited Dipka Area,2026-08-30 15:54:00,2026-08-30 10:24:00,1.53,8.19,33.73,,0.39,site_5664,Thermo Fisher Scientific India Private Limited,2026-08-30
South Eastern Coalfields Limited,Dipka Area,M/s Dipka Expansion Project South Eastern Coal Fields Limited Dipka Area,2026-08-30 15:53:00,2026-08-30 10:23:00,2.0,8.16,38.68,,0.3,site_5664,Thermo Fisher Scientific India Private Limited,2026-08-30
South Eastern Coalfields Limited,Dipka Area,M/s Dipka Expansion Project South Eastern Coal Fields Limited Dipka Area,2026-08-30 15:53:00,2026-08-30 10:23:00,2.46,8.19,38.11,,0.34,site_5664,Thermo Fisher Scientific India Private Limited,2026-08-30
South Eastern Coalfields Limited,Dipka Area,M/s Dipka Expansion Project South Eastern Coal Fields Limited Dipka Area,2026-08-30 15:52:00,2026-08-30 10:22:00,2.97,8.26,33.73,,0.45,site_5664,Thermo Fisher Scientific India Private Limited,2026-08-30
South Eastern Coalfields Limited,Dipka Area,M/s Dipka Expansion Project South Eastern Coal Fields Limited Dipka Area,2026-08-30 15:52:00,2026-08-30 10:22:00,3.35,8.38,31.48,,0.48,site_5664,Thermo Fisher Scientific India Private Limited,2026-08-30
South Eastern Coalfields Limited,Dipka Area,M/s Dipka Expansion Project South Eastern Coal Fields Limited Dipka Area,2026-08-30 15:51:00,2026-08-30 10:21:00,3.85,8.45,34.75,,0.51,site_5664,Thermo Fisher Scientific India Private Limited,2026-08-30
South Eastern Coalfields Limited,Dipka Area,M/s Dipka Expansion Project South Eastern Coal Fields Limited Dipka Area,2026-08-30 15:51:00,2026-08-30 10:21:00,4.26,8.45,30.26,,0.46,site_5664,Thermo Fisher Scientific India Private Limited,2026-08-30
South Eastern Coalfields Limited,Dipka Area,M/s Dipka Expansion Project South Eastern Coal Fields Limited Dipka Area,2026-08-30 15:50:00,2026-08-30 10:20:00,4.83,8.47,33.31,,0.51,site_5664,Thermo Fisher Scientific India Private Limited,2026-08-30
South Eastern Coalfields Limited,Dipka Area,M/s Dipka Expansion Project South Eastern Coal Fields Limited Dipka Area,2026-08-30 15:50:00,2026-08-30 10:20:00,5.36,8.48,34.61,,0.45,site_5664,Thermo Fisher Scientific India Private Limited,2026-08-30
South Eastern Coalfields Limited,Dipka Area,M/s Dipka Expansion Project South Eastern Coal Fields Limited Dipka Area,2026-08-30 15:49:00,2026-08-30 10:19:00,5.83,8.48,29.71,,0.33,site_5664,Thermo Fisher Scientific India Private Limited,2026-08-30
South Eastern Coalfields Limited,Dipka Area,M/s Dipka Expansion Project South Eastern Coal Fields Limited Dipka Area,2026-08-30 15:49:00,2026-08-30 10:19:00,6.0,8.48,27.59,,0.24,site_5664,Thermo Fisher Scientific India Private Limited,2026-08-30
South Eastern Coalfields Limited,Dipka Area,M/s Dipka Expansion Project South Eastern Coal Fields Limited Dipka Area,2026-08-30 15:48:00,2026-08-30 10:18:00,6.17,8.45,34.2,,0.34,site_5664,Thermo Fisher Scientific India Private Limited,2026-08-30
South Eastern Coalfields Limited,Dipka Area,M/s Dipka Expansion Project South Eastern Coal Fields Limited Dipka Area,2026-08-30 15:48:00,2026-08-30 10:18:00,6.24,8.35,30.6,,0.32,site_5664,Thermo Fisher Scientific India Private Limited,2026-08-30
South Eastern Coalfields Limited,Dipka Area,M/s Dipka Expansion Project South Eastern Coal Fields Limited Dipka Area,2026-08-30 15:47:00,2026-08-30 10:17:00,6.27,8.12,27.34,,0.25,site_5664,Thermo Fisher Scientific India Private Limited,2026-08-30
South Eastern Coalfields Limited,Dipka Area,M/s Dipka Expansion Project South Eastern Coal Fields Limited Dipka Area,2026-08-30 15:47:00,2026-08-30 10:17:00,6.25,7.97,33.27,,0.11,site_5664,Thermo Fisher Scientific India Private Limited,2026-08-30
South Eastern Coalfields Limited,Dipka Area,M/s Dipka Expansion Project South Eastern Coal Fields Limited Dipka Area,2026-08-30 15:46:00,2026-08-30 10:16:00,6.15,7.85,34.91,,0.08,site_5664,Thermo Fisher Scientific India Private Limited,2026-08-30
South Eastern Coalfields Limited,Dipka Area,M/s Dipka Expansion Project South Eastern Coal Fields Limited Dipka Area,2026-08-30 15:46:00,2026-08-30 10:16:00,6.32,7.78,28.5,,0.01,site_5664,Thermo Fisher Scientific India Private Limited,2026-08-30
South Eastern Coalfields Limited,Dipka Area,M/s Dipka Expansion Project South Eastern Coal Fields Limited Dipka Area,2026-08-30 15:45:00,2026-08-30 10:15:00,6.57,7.85,29.44,,0.0,site_5664,Thermo Fisher Scientific India Private Limited,2026-08-30
South Eastern Coalfields Limited,Dipka Area,M/s Dipka Expansion Project South Eastern Coal Fields Limited Dipka Area,2026-08-30 15:45:00,2026-08-30 10:15:00,6.77,7.99,31.48,,0.0,site_5664,Thermo Fisher Scientific India Private Limited,2026-08-30
South Eastern Coalfields Limited,"Bilaspur, CHHATTISGARHr",South Eastern Coalfields  Limited - AQMS_H_Q,2026-08-30 15:45:00,2026-08-30 10:14:00,3.8,,13.47,0.0,0.0,site_5592,Swan Environ,2026-08-30
South Eastern Coalfields Limited,Dipka Area,M/s Dipka Expansion Project South Eastern Coal Fields Limited Dipka Area,2026-08-30 15:44:00,2026-08-30 10:14:00,6.68,8.27,31.82,,0.0,site_5664,Thermo Fisher Scientific India Private Limited,2026-08-30
South Eastern Coalfields Limited,Dipka Area,M/s Dipka Expansion Project South Eastern Coal Fields Limited Dipka Area,2026-08-30 15:44:00,2026-08-30 10:14:00,6.5,8.57,30.57,,0.0,site_5664,Thermo Fisher Scientific India Private Limited,2026-08-30
South Eastern Coalfields Limited,Dipka Area,M/s Dipka Expansion Project South Eastern Coal Fields Limited Dipka Area,2026-08-30 15:43:00,2026-08-30 10:13:00,6.15,9.01,29.55,,0.0,site_5664,Thermo Fisher Scientific India Private Limited,2026-08-30
South Eastern Coalfields Limited,Dipka Area,M/s Dipka Expansion Project South Eastern Coal Fields Limited Dipka Area,2026-08-30 15:43:00,2026-08-30 10:13:00,5.95,9.35,37.53,,0.0,site_5664,Thermo Fisher Scientific India Private Limited,2026-08-30
South Eastern Coalfields Limited,Dipka Area,M/s Dipka Expansion Project South Eastern Coal Fields Limited Dipka Area,2026-08-30 15:42:00,2026-08-30 10:12:00,5.56,9.74,31.47,,0.0,site_5664,Thermo Fisher Scientific India Private Limited,2026-08-30
South Eastern Coalfields Limited,Dipka Area,M/s Dipka Expansion Project South Eastern Coal Fields Limited Dipka Area,2026-08-30 15:42:00,2026-08-30 10:12:00,5.1,10.14,32.95,,0.0,site_5664,Thermo Fisher Scientific India Private Limited,2026-08-30
South Eastern Coalfields Limited,Dipka Area,M/s Dipka Expansion Project South Eastern Coal Fields Limited Dipka Area,2026-08-30 15:41:00,2026-08-30 10:11:00,4.91,10.58,31.79,,0.0,site_5664,Thermo Fisher Scientific India Private Limited,2026-08-30
South Eastern Coalfields Limited,Dipka Area,M/s Dipka Expansion Project South Eastern Coal Fields Limited Dipka Area,2026-08-30 15:41:00,2026-08-30 10:11:00,4.96,10.92,28.98,,0.0,site_5664,Thermo Fisher Scientific India Private Limited,2026-08-30
South Eastern Coalfields Limited,Dipka Area,M/s Dipka Expansion Project South Eastern Coal Fields Limited Dipka Area,2026-08-30 15:40:00,2026-08-30 10:10:00,5.12,11.27,33.86,,0.0,site_5664,Thermo Fisher Scientific India Private Limited,2026-08-30
South Eastern Coalfields Limited,"Gevra , Chattisgarh",SECL GEVRA,2026-08-30 15:40:00,2026-08-30 15:30:00,37.9,68.26,13.57,9.29,0.78,site_,Envea India Pvt Ltd,2026-08-30
South Eastern Coalfields Limited,Dipka Area,M/s Dipka Expansion Project South Eastern Coal Fields Limited Dipka Area,2026-08-30 15:40:00,2026-08-30 10:10:00,5.18,11.58,30.75,,0.0,site_5664,Thermo Fisher Scientific India Private Limited,2026-08-30
South Eastern Coalfields Limited,Dipka Area,M/s Dipka Expansion Project South Eastern Coal Fields Limited Dipka Area,2026-08-30 15:39:00,2026-08-30 10:09:00,5.25,11.84,30.71,,0.07,site_5664,Thermo Fisher Scientific India Private Limited,2026-08-30
South Eastern Coalfields Limited,Dipka Area,M/s Dipka Expansion Project South Eastern Coal Fields Limited Dipka Area,2026-08-30 15:39:00,2026-08-30 10:09:00,5.37,11.95,29.65,,0.07,site_5664,Thermo Fisher Scientific India Private Limited,2026-08-30
South Eastern Coalfields Limited,Dipka Area,M/s Dipka Expansion Project South Eastern Coal Fields Limited Dipka Area,2026-08-30 15:38:00,2026-08-30 10:08:00,5.5,12.05,35.65,,0.05,site_5664,Thermo Fisher Scientific India Private Limited,2026-08-30
South Eastern Coalfields Limited,Dipka Area,M/s Dipka Expansion Project South Eastern Coal Fields Limited Dipka Area,2026-08-30 15:38:00,2026-08-30 10:08:00,5.46,12.17,35.71,,0.11,site_5664,Thermo Fisher Scientific India Private Limited,2026-08-30
South Eastern Coalfields Limited,Dipka Area,M/s Dipka Expansion Project South Eastern Coal Fields Limited Dipka Area,2026-08-30 15:37:00,2026-08-30 10:07:00,5.59,12.32,28.5,,0.11,site_5664,Thermo Fisher Scientific India Private Limited,2026-08-30
South Eastern Coalfields Limited,Dipka Area,M/s Dipka Expansion Project South Eastern Coal Fields Limited Dipka Area,2026-08-30 15:37:00,2026-08-30 10:07:00,5.64,12.51,31.73,,0.12,site_5664,Thermo Fisher Scientific India Private Limited,2026-08-30
South Eastern Coalfields Limited,Dipka Area,M/s Dipka Expansion Project South Eastern Coal Fields Limited Dipka Area,2026-08-30 15:36:00,2026-08-30 10:06:00,5.74,12.82,31.27,,0.08,site_5664,Thermo Fisher Scientific India Private Limited,2026-08-30
South Eastern Coalfields Limited,Dipka Area,M/s Dipka Expansion Project South Eastern Coal Fields Limited Dipka Area,2026-08-30 15:36:00,2026-08-30 10:06:00,5.82,13.05,33.33,,0.13,site_5664,Thermo Fisher Scientific India Private Limited,2026-08-30
South Eastern Coalfields Limited,Dipka Area,M/s Dipka Expansion Project South Eastern Coal Fields Limited Dipka Area,2026-08-30 15:35:00,2026-08-30 10:05:00,5.77,13.38,33.43,,0.19,site_5664,Thermo Fisher Scientific India Private Limited,2026-08-30
South Eastern Coalfields Limited,Dipka Area,M/s Dipka Expansion Project South Eastern Coal Fields Limited Dipka Area,2026-08-30 15:35:00,2026-08-30 10:05:00,5.7,13.54,30.17,,0.14,site_5664,Thermo Fisher Scientific India Private Limited,2026-08-30
South Eastern Coalfields Limited,Dipka Area,M/s Dipka Expansion Project South Eastern Coal Fields Limited Dipka Area,2026-08-30 15:34:00,2026-08-30 10:04:00,5.45,13.71,31.09,,0.0,site_5664,Thermo Fisher Scientific India Private Limited,2026-08-30
South Eastern Coalfields Limited,Dipka Area,M/s Dipka Expansion Project South Eastern Coal Fields Limited Dipka Area,2026-08-30 15:34:00,2026-08-30 10:04:00,5.3,13.76,31.79,,0.0,site_5664,Thermo Fisher Scientific India Private Limited,2026-08-30
South Eastern Coalfields Limited,Dipka Area,M/s Dipka Expansion Project South Eastern Coal Fields Limited Dipka Area,2026-08-30 15:33:00,2026-08-30 10:03:00,5.14,13.79,34.53,,0.08,site_5664,Thermo Fisher Scientific India Private Limited,2026-08-30
South Eastern Coalfields Limited,Dipka Area,M/s Dipka Expansion Project South Eastern Coal Fields Limited Dipka Area,2026-08-30 15:33:00,2026-08-30 10:03:00,5.04,13.77,38.19,,0.0,site_5664,Thermo Fisher Scientific India Private Limited,2026-08-30
South Eastern Coalfields Limited,Dipka Area,M/s Dipka Expansion Project South Eastern Coal Fields Limited Dipka Area,2026-08-30 15:32:00,2026-08-30 10:02:00,5.03,13.8,32.48,,0.0,site_5664,Thermo Fisher Scientific India Private Limited,2026-08-30
South Eastern Coalfields Limited,Dipka Area,M/s Dipka Expansion Project South Eastern Coal Fields Limited Dipka Area,2026-08-30 15:32:00,2026-08-30 10:02:00,5.09,13.76,37.6,,0.0,site_5664,Thermo Fisher Scientific India Private Limited,2026-08-30
South Eastern Coalfields Limited,Dipka Area,M/s Dipka Expansion Project South Eastern Coal Fields Limited Dipka Area,2026-08-30 15:31:00,2026-08-30 10:01:00,5.32,13.65,32.99,,0.0,site_5664,Thermo Fisher Scientific India Private Limited,2026-08-30
South Eastern Coalfields Limited,Dipka Area,M/s Dipka Expansion Project South Eastern Coal Fields Limited Dipka Area,2026-08-30 15:31:00,2026-08-30 10:01:00,5.44,13.54,32.0,,0.0,site_5664,Thermo Fisher Scientific India Private Limited,2026-08-30
South Eastern Coalfields Limited,Dipka Area,M/s Dipka Expansion Project South Eastern Coal Fields Limited Dipka Area,2026-08-30 15:30:00,2026-08-30 10:00:00,5.46,13.38,30.48,,0.0,site_5664,Thermo Fisher Scientific India Private Limited,2026-08-30
South Eastern Coalfields Limited,"Bilaspur, CHHATTISGARHr",South Eastern Coalfields  Limited - AQMS_H_Q,2026-08-30 15:30:00,2026-08-30 09:59:00,3.66,,13.87,271.09,0.69,site_5592,Swan Environ,2026-08-30
South Eastern Coalfields Limited,Dipka Area,M/s Dipka Expansion Project South Eastern Coal Fields Limited Dipka Area,2026-08-30 15:30:00,2026-08-30 10:00:00,5.29,13.33,38.27,,0.0,site_5664,Thermo Fisher Scientific India Private Limited,2026-08-30
South Eastern Coalfields Limited,Dipka Area,M/s Dipka Expansion Project South Eastern Coal Fields Limited Dipka Area,2026-08-30 15:29:00,2026-08-30 09:59:00,4.89,13.3,28.62,,0.0,site_5664,Thermo Fisher Scientific India Private Limited,2026-08-30
South Eastern Coalfields Limited,Dipka Area,M/s Dipka Expansion Project South Eastern Coal Fields Limited Dipka Area,2026-08-30 15:29:00,2026-08-30 09:59:00,4.68,13.31,36.8,,0.0,site_5664,Thermo Fisher Scientific India Private Limited,2026-08-30
South Eastern Coalfields Limited,Dipka Area,M/s Dipka Expansion Project South Eastern Coal Fields Limited Dipka Area,2026-08-30 15:28:00,2026-08-30 09:58:00,3.94,13.46,37.62,,0.0,site_5664,Thermo Fisher Scientific India Private Limited,2026-08-30
South Eastern Coalfields Limited,Dipka Area,M/s Dipka Expansion Project South Eastern Coal Fields Limited Dipka Area,2026-08-30 15:28:00,2026-08-30 09:58:00,3.5,13.69,37.86,,0.0,site_5664,Thermo Fisher Scientific India Private Limited,2026-08-30
South Eastern Coalfields Limited,Dipka Area,M/s Dipka Expansion Project South Eastern Coal Fields Limited Dipka Area,2026-08-30 15:27:00,2026-08-30 09:57:00,3.18,14.03,38.09,,0.0,site_5664,Thermo Fisher Scientific India Private Limited,2026-08-30
South Eastern Coalfields Limited,Dipka Area,M/s Dipka Expansion Project South Eastern Coal Fields Limited Dipka Area,2026-08-30 15:27:00,2026-08-30 09:57:00,2.95,14.34,37.69,,0.0,site_5664,Thermo Fisher Scientific India Private Limited,2026-08-30
South Eastern Coalfields Limited,Dipka Area,M/s Dipka Expansion Project South Eastern Coal Fields Limited Dipka Area,2026-08-30 15:26:00,2026-08-30 09:56:00,2.7,14.73,34.99,,0.05,site_5664,Thermo Fisher Scientific India Private Limited,2026-08-30
South Eastern Coalfields Limited,Dipka Area,M/s Dipka Expansion Project South Eastern Coal Fields Limited Dipka Area,2026-08-30 15:26:00,2026-08-30 09:56:00,2.63,15.18,38.78,,0.02,site_5664,Thermo Fisher Scientific India Private Limited,2026-08-30
South Eastern Coalfields Limited,Dipka Area,M/s Dipka Expansion Project South Eastern Coal Fields Limited Dipka Area,2026-08-30 15:25:00,2026-08-30 09:55:00,2.8,15.48,32.04,,0.12,site_5664,Thermo Fisher Scientific India Private Limited,2026-08-30
South Eastern Coalfields Limited,"Gevra , Chattisgarh",SECL GEVRA,2026-08-30 15:25:00,2026-08-30 15:15:00,48.9,87.31,14.18,10.91,1.04,site_,Envea India Pvt Ltd,2026-08-30
South Eastern Coalfields Limited,Dipka Area,M/s Dipka Expansion Project South Eastern Coal Fields Limited Dipka Area,2026-08-30 15:25:00,2026-08-30 09:55:00,2.95,15.6,33.72,,0.16,site_5664,Thermo Fisher Scientific India Private Limited,2026-08-30
South Eastern Coalfields Limited,Dipka Area,M/s Dipka Expansion Project South Eastern Coal Fields Limited Dipka Area,2026-08-30 15:24:00,2026-08-30 09:54:00,3.16,15.42,30.61,,0.19,site_5664,Thermo Fisher Scientific India Private Limited,2026-08-30
South Eastern Coalfields Limited,Dipka Area,M/s Dipka Expansion Project South Eastern Coal Fields Limited Dipka Area,2026-08-30 15:24:00,2026-08-30 09:54:00,3.44,15.17,35.49,,0.21,site_5664,Thermo Fisher Scientific India Private Limited,2026-08-30
South Eastern Coalfields Limited,Dipka Area,M/s Dipka Expansion Project South Eastern Coal Fields Limited Dipka Area,2026-08-30 15:23:00,2026-08-30 09:53:00,3.82,14.77,33.21,,0.29,site_5664,Thermo Fisher Scientific India Private Limited,2026-08-30
South Eastern Coalfields Limited,Dipka Area,M/s Dipka Expansion Project South Eastern Coal Fields Limited Dipka Area,2026-08-30 15:23:00,2026-08-30 09:53:00,3.95,14.4,36.04,,0.26,site_5664,Thermo Fisher Scientific India Private Limited,2026-08-30
South Eastern Coalfields Limited,Dipka Area,M/s Dipka Expansion Project South Eastern Coal Fields Limited Dipka Area,2026-08-30 15:22:00,2026-08-30 09:52:00,3.96,14.07,35.73,,0.18,site_5664,Thermo Fisher Scientific India Private Limited,2026-08-30
South Eastern Coalfields Limited,Dipka Area,M/s Dipka Expansion Project South Eastern Coal Fields Limited Dipka Area,2026-08-30 15:22:00,2026-08-30 09:52:00,4.03,13.87,39.48,,0.14,site_5664,Thermo Fisher Scientific India Private Limited,2026-08-30
South Eastern Coalfields Limited,Dipka Area,M/s Dipka Expansion Project South Eastern Coal Fields Limited Dipka Area,2026-08-30 15:21:00,2026-08-30 09:51:00,4.21,13.64,33.58,,0.04,site_5664,Thermo Fisher Scientific India Private Limited,2026-08-30
South Eastern Coalfields Limited,Dipka Area,M/s Dipka Expansion Project South Eastern Coal Fields Limited Dipka Area,2026-08-30 15:21:00,2026-08-30 09:51:00,4.16,13.59,36.09,,0.07,site_5664,Thermo Fisher Scientific India Private Limited,2026-08-30
South Eastern Coalfields Limited,Dipka Area,M/s Dipka Expansion Project South Eastern Coal Fields Limited Dipka Area,2026-08-30 15:20:00,2026-08-30 09:50:00,4.03,13.62,29.08,,0.0,site_5664,Thermo Fisher Scientific India Private Limited,2026-08-30
South Eastern Coalfields Limited,Dipka Area,M/s Dipka Expansion Project South Eastern Coal Fields Limited Dipka Area,2026-08-30 15:20:00,2026-08-30 09:50:00,3.97,13.69,40.15,,0.0,site_5664,Thermo Fisher Scientific India Private Limited,2026-08-30
South Eastern Coalfields Limited,Dipka Area,M/s Dipka Expansion Project South Eastern Coal Fields Limited Dipka Area,2026-08-30 15:19:00,2026-08-30 09:49:00,3.93,13.75,35.6,,0.0,site_5664,Thermo Fisher Scientific India Private Limited,2026-08-30
South Eastern Coalfields Limited,Dipka Area,M/s Dipka Expansion Project South Eastern Coal Fields Limited Dipka Area,2026-08-30 15:19:00,2026-08-30 09:49:00,3.87,13.75,40.32,,0.0,site_5664,Thermo Fisher Scientific India Private Limited,2026-08-30
South Eastern Coalfields Limited,Dipka Area,M/s Dipka Expansion Project South Eastern Coal Fields Limited Dipka Area,2026-08-30 15:18:00,2026-08-30 09:48:00,3.71,13.82,33.45,,0.0,site_5664,Thermo Fisher Scientific India Private Limited,2026-08-30
South Eastern Coalfields Limited,Dipka Area,M/s Dipka Expansion Project South Eastern Coal Fields Limited Dipka Area,2026-08-30 15:18:00,2026-08-30 09:48:00,3.9,13.84,38.7,,0.0,site_5664,Thermo Fisher Scientific India Private Limited,2026-08-30
South Eastern Coalfields Limited,Dipka Area,M/s Dipka Expansion Project South Eastern Coal Fields Limited Dipka Area,2026-08-30 15:17:00,2026-08-30 09:47:00,4.39,13.74,37.45,,0.0,site_5664,Thermo Fisher Scientific India Private Limited,2026-08-30
South Eastern Coalfields Limited,Dipka Area,M/s Dipka Expansion Project South Eastern Coal Fields Limited Dipka Area,2026-08-30 15:17:00,2026-08-30 09:47:00,4.83,13.65,38.19,,0.0,site_5664,Thermo Fisher Scientific India Private Limited,2026-08-30
South Eastern Coalfields Limited,Dipka Area,M/s Dipka Expansion Project South Eastern Coal Fields Limited Dipka Area,2026-08-30 15:16:00,2026-08-30 09:46:00,5.24,13.71,31.87,,0.0,site_5664,Thermo Fisher Scientific India Private Limited,2026-08-30
South Eastern Coalfields Limited,Dipka Area,M/s Dipka Expansion Project South Eastern Coal Fields Limited Dipka Area,2026-08-30 15:16:00,2026-08-30 09:46:00,5.42,13.89,31.81,,0.0,site_5664,Thermo Fisher Scientific India Private Limited,2026-08-30
South Eastern Coalfields Limited,Dipka Area,M/s Dipka Expansion Project South Eastern Coal Fields Limited Dipka Area,2026-08-30 15:15:00,2026-08-30 09:45:00,5.51,14.24,34.51,,0.02,site_5664,Thermo Fisher Scientific India Private Limited,2026-08-30
South Eastern Coalfields Limited,"Bilaspur, CHHATTISGARHr",South Eastern Coalfields  Limited - AQMS_H_Q,2026-08-30 15:15:00,2026-08-30 09:44:00,3.64,,14.86,268.67,0.76,site_5592,Swan Environ,2026-08-30
South Eastern Coalfields Limited,Dipka Area,M/s Dipka Expansion Project South Eastern Coal Fields Limited Dipka Area,2026-08-30 15:15:00,2026-08-30 09:45:00,5.49,14.56,36.28,,0.05,site_5664,Thermo Fisher Scientific India Private Limited,2026-08-30
South Eastern Coalfields Limited,Dipka Area,M/s Dipka Expansion Project South Eastern Coal Fields Limited Dipka Area,2026-08-30 15:14:00,2026-08-30 09:44:00,5.36,14.91,35.57,,0.12,site_5664,Thermo Fisher Scientific India Private Limited,2026-08-30
South Eastern Coalfields Limited,Dipka Area,M/s Dipka Expansion Project South Eastern Coal Fields Limited Dipka Area,2026-08-30 15:14:00,2026-08-30 09:44:00,5.29,15.27,34.46,,0.02,site_5664,Thermo Fisher Scientific India Private Limited,2026-08-30
South Eastern Coalfields Limited,Dipka Area,M/s Dipka Expansion Project South Eastern Coal Fields Limited Dipka Area,2026-08-30 15:13:00,2026-08-30 09:43:00,5.11,15.52,35.39,,0.06,site_5664,Thermo Fisher Scientific India Private Limited,2026-08-30
South Eastern Coalfields Limited,Dipka Area,M/s Dipka Expansion Project South Eastern Coal Fields Limited Dipka Area,2026-08-30 15:13:00,2026-08-30 09:43:00,5.15,15.68,34.51,,0.05,site_5664,Thermo Fisher Scientific India Private Limited,2026-08-30
South Eastern Coalfields Limited,Dipka Area,M/s Dipka Expansion Project South Eastern Coal Fields Limited Dipka Area,2026-08-30 15:12:00,2026-08-30 09:42:00,5.32,15.73,37.11,,0.07,site_5664,Thermo Fisher Scientific India Private Limited,2026-08-30
South Eastern Coalfields Limited,Dipka Area,M/s Dipka Expansion Project South Eastern Coal Fields Limited Dipka Area,2026-08-30 15:12:00,2026-08-30 09:42:00,5.39,15.84,32.32,,0.03,site_5664,Thermo Fisher Scientific India Private Limited,2026-08-30
South Eastern Coalfields Limited,Dipka Area,M/s Dipka Expansion Project South Eastern Coal Fields Limited Dipka Area,2026-08-30 15:11:00,2026-08-30 09:41:00,5.57,15.95,33.2,,0.11,site_5664,Thermo Fisher Scientific India Private Limited,2026-08-30
South Eastern Coalfields Limited,Dipka Area,M/s Dipka Expansion Project South Eastern Coal Fields Limited Dipka Area,2026-08-30 15:11:00,2026-08-30 09:41:00,5.62,15.95,41.1,,0.1,site_5664,Thermo Fisher Scientific India Private Limited,2026-08-30
South Eastern Coalfields Limited,Dipka Area,M/s Dipka Expansion Project South Eastern Coal Fields Limited Dipka Area,2026-08-30 15:10:00,2026-08-30 09:40:00,5.86,15.99,31.44,,0.07,site_5664,Thermo Fisher Scientific India Private Limited,2026-08-30
South Eastern Coalfields Limited,"Gevra , Chattisgarh",SECL GEVRA,2026-08-30 15:10:00,2026-08-30 15:00:00,26.4,48.27,12.93,7.59,0.51,site_,Envea India Pvt Ltd,2026-08-30
South Eastern Coalfields Limited,Dipka Area,M/s Dipka Expansion Project South Eastern Coal Fields Limited Dipka Area,2026-08-30 15:10:00,2026-08-30 09:40:00,6.23,15.98,41.46,,0.06,site_5664,Thermo Fisher Scientific India Private Limited,2026-08-30
South Eastern Coalfields Limited,Dipka Area,M/s Dipka Expansion Project South Eastern Coal Fields Limited Dipka Area,2026-08-30 15:09:00,2026-08-30 09:39:00,6.61,15.94,35.8,,0.0,site_5664,Thermo Fisher Scientific India Private Limited,2026-08-30
South Eastern Coalfields Limited,Dipka Area,M/s Dipka Expansion Project South Eastern Coal Fields Limited Dipka Area,2026-08-30 15:09:00,2026-08-30 09:39:00,7.02,15.88,34.23,,0.12,site_5664,Thermo Fisher Scientific India Private Limited,2026-08-30
South Eastern Coalfields Limited,Dipka Area,M/s Dipka Expansion Project South Eastern Coal Fields Limited Dipka Area,2026-08-30 15:08:00,2026-08-30 09:38:00,7.38,15.97,34.46,,0.05,site_5664,Thermo Fisher Scientific India Private Limited,2026-08-30
South Eastern Coalfields Limited,Dipka Area,M/s Dipka Expansion Project South Eastern Coal Fields Limited Dipka Area,2026-08-30 15:08:00,2026-08-30 09:38:00,7.69,16.09,35.72,,0.03,site_5664,Thermo Fisher Scientific India Private Limited,2026-08-30
South Eastern Coalfields Limited,Dipka Area,M/s Dipka Expansion Project South Eastern Coal Fields Limited Dipka Area,2026-08-30 15:07:00,2026-08-30 09:37:00,7.8,16.19,30.18,,0.14,site_5664,Thermo Fisher Scientific India Private Limited,2026-08-30
South Eastern Coalfields Limited,Dipka Area,M/s Dipka Expansion Project South Eastern Coal Fields Limited Dipka Area,2026-08-30 15:07:00,2026-08-30 09:37:00,7.71,16.29,35.16,,0.15,site_5664,Thermo Fisher Scientific India Private Limited,2026-08-30
South Eastern Coalfields Limited,Dipka Area,M/s Dipka Expansion Project South Eastern Coal Fields Limited Dipka Area,2026-08-30 15:06:00,2026-08-30 09:36:00,7.74,16.36,37.34,,0.21,site_5664,Thermo Fisher Scientific India Private Limited,2026-08-30
South Eastern Coalfields Limited,Dipka Area,M/s Dipka Expansion Project South Eastern Coal Fields Limited Dipka Area,2026-08-30 15:06:00,2026-08-30 09:36:00,7.71,16.42,40.08,,0.19,site_5664,Thermo Fisher Scientific India Private Limited,2026-08-30
South Eastern Coalfields Limited,Dipka Area,M/s Dipka Expansion Project South Eastern Coal Fields Limited Dipka Area,2026-08-30 15:05:00,2026-08-30 09:35:00,7.73,16.42,38.88,,0.17,site_5664,Thermo Fisher Scientific India Private Limited,2026-08-30
South Eastern Coalfields Limited,Dipka Area,M/s Dipka Expansion Project South Eastern Coal Fields Limited Dipka Area,2026-08-30 15:05:00,2026-08-30 09:35:00,7.9,16.43,32.47,,0.11,site_5664,Thermo Fisher Scientific India Private Limited,2026-08-30
South Eastern Coalfields Limited,Dipka Area,M/s Dipka Expansion Project South Eastern Coal Fields Limited Dipka Area,2026-08-30 15:04:00,2026-08-30 09:34:00,8.16,16.41,38.19,,0.15,site_5664,Thermo Fisher Scientific India Private Limited,2026-08-30
South Eastern Coalfields Limited,Dipka Area,M/s Dipka Expansion Project South Eastern Coal Fields Limited Dipka Area,2026-08-30 15:04:00,2026-08-30 09:34:00,8.31,16.41,36.75,,0.13,site_5664,Thermo Fisher Scientific India Private Limited,2026-08-30
South Eastern Coalfields Limited,Dipka Area,M/s Dipka Expansion Project South Eastern Coal Fields Limited Dipka Area,2026-08-30 15:03:00,2026-08-30 09:33:00,8.33,16.54,38.75,,0.11,site_5664,Thermo Fisher Scientific India Private Limited,2026-08-30
South Eastern Coalfields Limited,Dipka Area,M/s Dipka Expansion Project South Eastern Coal Fields Limited Dipka Area,2026-08-30 15:03:00,2026-08-30 09:33:00,8.35,16.66,36.38,,0.19,site_5664,Thermo Fisher Scientific India Private Limited,2026-08-30
South Eastern Coalfields Limited,Dipka Area,M/s Dipka Expansion Project South Eastern Coal Fields Limited Dipka Area,2026-08-30 15:02:00,2026-08-30 09:32:00,8.27,16.73,32.88,,0.16,site_5664,Thermo Fisher Scientific India Private Limited,2026-08-30
South Eastern Coalfields Limited,Dipka Area,M/s Dipka Expansion Project South Eastern Coal Fields Limited Dipka Area,2026-08-30 15:02:00,2026-08-30 09:32:00,8.21,16.7,33.59,,0.14,site_5664,Thermo Fisher Scientific India Private Limited,2026-08-30
South Eastern Coalfields Limited,Dipka Area,M/s Dipka Expansion Project South Eastern Coal Fields Limited Dipka Area,2026-08-30 15:01:00,2026-08-30 09:31:00,8.3,16.57,29.55,,0.04,site_5664,Thermo Fisher Scientific India Private Limited,2026-08-30
South Eastern Coalfields Limited,Dipka Area,M/s Dipka Expansion Project South Eastern Coal Fields Limited Dipka Area,2026-08-30 15:01:00,2026-08-30 09:31:00,8.41,16.43,40.33,,0.05,site_5664,Thermo Fisher Scientific India Private Limited,2026-08-30
South Eastern Coalfields Limited,Dipka Area,M/s Dipka Expansion Project South Eastern Coal Fields Limited Dipka Area,2026-08-30 15:00:00,2026-08-30 09:30:00,8.53,16.26,37.99,,0.08,site_5664,Thermo Fisher Scientific India Private Limited,2026-08-30
South Eastern Coalfields Limited,"Bilaspur, CHHATTISGARHr",South Eastern Coalfields  Limited - AQMS_H_Q,2026-08-30 15:00:00,2026-08-30 09:29:00,3.6,,15.26,274.92,1.33,site_5592,Swan Environ,2026-08-30
South Eastern Coalfields Limited,Dipka Area,M/s Dipka Expansion Project South Eastern Coal Fields Limited Dipka Area,2026-08-30 14:59:00,2026-08-30 09:29:00,8.91,16.02,26.85,,0.13,site_5664,Thermo Fisher Scientific India Private Limited,2026-08-30
South Eastern Coalfields Limited,Dipka Area,M/s Dipka Expansion Project South Eastern Coal Fields Limited Dipka Area,2026-08-30 14:59:00,2026-08-30 09:29:00,9.12,15.82,33.08,,0.07,site_5664,Thermo Fisher Scientific India Private Limited,2026-08-30
South Eastern Coalfields Limited,Dipka Area,M/s Dipka Expansion Project South Eastern Coal Fields Limited Dipka Area,2026-08-30 14:58:00,2026-08-30 09:28:00,8.98,15.75,31.26,,0.01,site_5664,Thermo Fisher Scientific India Private Limited,2026-08-30
South Eastern Coalfields Limited,Dipka Area,M/s Dipka Expansion Project South Eastern Coal Fields Limited Dipka Area,2026-08-30 14:58:00,2026-08-30 09:28:00,8.89,15.72,29.76,,0.06,site_5664,Thermo Fisher Scientific India Private Limited,2026-08-30
South Eastern Coalfields Limited,Dipka Area,M/s Dipka Expansion Project South Eastern Coal Fields Limited Dipka Area,2026-08-30 14:57:00,2026-08-30 09:27:00,8.97,15.69,32.88,,0.19,site_5664,Thermo Fisher Scientific India Private Limited,2026-08-30
South Eastern Coalfields Limited,Dipka Area,M/s Dipka Expansion Project South Eastern Coal Fields Limited Dipka Area,2026-08-30 14:57:00,2026-08-30 09:27:00,9.01,15.65,36.78,,0.14,site_5664,Thermo Fisher Scientific India Private Limited,2026-08-30
South Eastern Coalfields Limited,Dipka Area,M/s Dipka Expansion Project South Eastern Coal Fields Limited Dipka Area,2026-08-30 14:57:00,2026-08-30 09:27:00,8.92,15.53,42.03,,0.1,site_5664,Thermo Fisher Scientific India Private Limited,2026-08-30
South Eastern Coalfields Limited,Dipka Area,M/s Dipka Expansion Project South Eastern Coal Fields Limited Dipka Area,2026-08-30 14:56:00,2026-08-30 09:26:00,8.82,15.48,32.79,,0.16,site_5664,Thermo Fisher Scientific India Private Limited,2026-08-30
South Eastern Coalfields Limited,Dipka Area,M/s Dipka Expansion Project South Eastern Coal Fields Limited Dipka Area,2026-08-30 14:55:00,2026-08-30 09:25:00,8.89,15.38,28.69,,0.25,site_5664,Thermo Fisher Scientific India Private Limited,2026-08-30
South Eastern Coalfields Limited,Dipka Area,M/s Dipka Expansion Project South Eastern Coal Fields Limited Dipka Area,2026-08-30 14:55:00,2026-08-30 09:25:00,8.99,15.3,34.66,,0.26,site_5664,Thermo Fisher Scientific India Private Limited,2026-08-30
South Eastern Coalfields Limited,"Gevra , Chattisgarh",SECL GEVRA,2026-08-30 14:55:00,2026-08-30 14:45:00,46.4,83.02,14.04,10.55,0.99,site_,Envea India Pvt Ltd,2026-08-30
South Eastern Coalfields Limited,Dipka Area,M/s Dipka Expansion Project South Eastern Coal Fields Limited Dipka Area,2026-08-30 14:54:00,2026-08-30 09:24:00,8.93,15.18,40.69,,0.26,site_5664,Thermo Fisher Scientific India Private Limited,2026-08-30
South Eastern Coalfields Limited,Dipka Area,M/s Dipka Expansion Project South Eastern Coal Fields Limited Dipka Area,2026-08-30 14:54:00,2026-08-30 09:24:00,8.93,14.99,37.48,,0.25,site_5664,Thermo Fisher Scientific India Private Limited,2026-08-30
South Eastern Coalfields Limited,Dipka Area,M/s Dipka Expansion Project South Eastern Coal Fields Limited Dipka Area,2026-08-30 14:53:00,2026-08-30 09:23:00,9.02,14.92,32.64,,0.27,site_5664,Thermo Fisher Scientific India Private Limited,2026-08-30
South Eastern Coalfields Limited,Dipka Area,M/s Dipka Expansion Project South Eastern Coal Fields Limited Dipka Area,2026-08-30 14:53:00,2026-08-30 09:23:00,9.12,14.83,37.53,,0.36,site_5664,Thermo Fisher Scientific India Private Limited,2026-08-30
South Eastern Coalfields Limited,Dipka Area,M/s Dipka Expansion Project South Eastern Coal Fields Limited Dipka Area,2026-08-30 14:52:00,2026-08-30 09:22:00,9.27,14.71,37.44,,0.28,site_5664,Thermo Fisher Scientific India Private Limited,2026-08-30
South Eastern Coalfields Limited,Dipka Area,M/s Dipka Expansion Project South Eastern Coal Fields Limited Dipka Area,2026-08-30 14:52:00,2026-08-30 09:22:00,9.43,14.6,39.72,,0.3,site_5664,Thermo Fisher Scientific India Private Limited,2026-08-30
South Eastern Coalfields Limited,Dipka Area,M/s Dipka Expansion Project South Eastern Coal Fields Limited Dipka Area,2026-08-30 14:51:00,2026-08-30 09:21:00,9.66,14.45,38.32,,0.31,site_5664,Thermo Fisher Scientific India Private Limited,2026-08-30
South Eastern Coalfields Limited,Dipka Area,M/s Dipka Expansion Project South Eastern Coal Fields Limited Dipka Area,2026-08-30 14:51:00,2026-08-30 09:21:00,9.77,14.4,34.87,,0.29,site_5664,Thermo Fisher Scientific India Private Limited,2026-08-30
South Eastern Coalfields Limited,Dipka Area,M/s Dipka Expansion Project South Eastern Coal Fields Limited Dipka Area,2026-08-30 14:50:00,2026-08-30 09:20:00,9.8,14.37,32.56,,0.19,site_5664,Thermo Fisher Scientific India Private Limited,2026-08-30
South Eastern Coalfields Limited,Dipka Area,M/s Dipka Expansion Project South Eastern Coal Fields Limited Dipka Area,2026-08-30 14:50:00,2026-08-30 09:20:00,9.84,14.31,40.46,,0.13,site_5664,Thermo Fisher Scientific India Private Limited,2026-08-30
South Eastern Coalfields Limited,Dipka Area,M/s Dipka Expansion Project South Eastern Coal Fields Limited Dipka Area,2026-08-30 14:49:00,2026-08-30 09:19:00,9.88,14.2,36.41,,0.26,site_5664,Thermo Fisher Scientific India Private Limited,2026-08-30
South Eastern Coalfields Limited,Dipka Area,M/s Dipka Expansion Project South Eastern Coal Fields Limited Dipka Area,2026-08-30 14:49:00,2026-08-30 09:19:00,9.95,14.19,33.95,,0.33,site_5664,Thermo Fisher Scientific India Private Limited,2026-08-30
South Eastern Coalfields Limited,Dipka Area,M/s Dipka Expansion Project South Eastern Coal Fields Limited Dipka Area,2026-08-30 14:48:00,2026-08-30 09:18:00,10.04,14.25,33.96,,0.33,site_5664,Thermo Fisher Scientific India Private Limited,2026-08-30
South Eastern Coalfields Limited,Dipka Area,M/s Dipka Expansion Project South Eastern Coal Fields Limited Dipka Area,2026-08-30 14:48:00,2026-08-30 09:18:00,10.11,14.28,34.37,,0.2,site_5664,Thermo Fisher Scientific India Private Limited,2026-08-30
South Eastern Coalfields Limited,Dipka Area,M/s Dipka Expansion Project South Eastern Coal Fields Limited Dipka Area,2026-08-30 14:47:00,2026-08-30 09:17:00,10.23,14.26,31.77,,0.14,site_5664,Thermo Fisher Scientific India Private Limited,2026-08-30
South Eastern Coalfields Limited,Dipka Area,M/s Dipka Expansion Project South Eastern Coal Fields Limited Dipka Area,2026-08-30 14:47:00,2026-08-30 09:17:00,10.38,14.23,35.4,,0.14,site_5664,Thermo Fisher Scientific India Private Limited,2026-08-30
South Eastern Coalfields Limited,Dipka Area,M/s Dipka Expansion Project South Eastern Coal Fields Limited Dipka Area,2026-08-30 14:46:00,2026-08-30 09:16:00,10.49,14.3,32.09,,0.18,site_5664,Thermo Fisher Scientific India Private Limited,2026-08-30
South Eastern Coalfields Limited,Dipka Area,M/s Dipka Expansion Project South Eastern Coal Fields Limited Dipka Area,2026-08-30 14:46:00,2026-08-30 09:16:00,10.59,14.13,32.18,,0.08,site_5664,Thermo Fisher Scientific India Private Limited,2026-08-30
South Eastern Coalfields Limited,Dipka Area,M/s Dipka Expansion Project South Eastern Coal Fields Limited Dipka Area,2026-08-30 14:45:00,2026-08-30 09:15:00,10.71,13.98,38.46,,0.1,site_5664,Thermo Fisher Scientific India Private Limited,2026-08-30
South Eastern Coalfields Limited,"Bilaspur, CHHATTISGARHr",South Eastern Coalfields  Limited - AQMS_H_Q,2026-08-30 14:45:00,2026-08-30 09:14:00,3.63,,14.73,280.97,0.76,site_5592,Swan Environ,2026-08-30
South Eastern Coalfields Limited,Dipka Area,M/s Dipka Expansion Project South Eastern Coal Fields Limited Dipka Area,2026-08-30 14:45:00,2026-08-30 09:15:00,10.92,13.89,35.95,,0.08,site_5664,Thermo Fisher Scientific India Private Limited,2026-08-30
South Eastern Coalfields Limited,Dipka Area,M/s Dipka Expansion Project South Eastern Coal Fields Limited Dipka Area,2026-08-30 14:44:00,2026-08-30 09:14:00,11.09,13.84,36.22,,0.0,site_5664,Thermo Fisher Scientific India Private Limited,2026-08-30
South Eastern Coalfields Limited,Dipka Area,M/s Dipka Expansion Project South Eastern Coal Fields Limited Dipka Area,2026-08-30 14:44:00,2026-08-30 09:14:00,11.14,13.78,34.04,,0.0,site_5664,Thermo Fisher Scientific India Private Limited,2026-08-30
South Eastern Coalfields Limited,Dipka Area,M/s Dipka Expansion Project South Eastern Coal Fields Limited Dipka Area,2026-08-30 14:43:00,2026-08-30 09:13:00,11.4,13.71,34.87,,0.0,site_5664,Thermo Fisher Scientific India Private Limited,2026-08-30
South Eastern Coalfields Limited,Dipka Area,M/s Dipka Expansion Project South Eastern Coal Fields Limited Dipka Area,2026-08-30 14:43:00,2026-08-30 09:13:00,11.52,13.84,39.44,,0.0,site_5664,Thermo Fisher Scientific India Private Limited,2026-08-30
South Eastern Coalfields Limited,Dipka Area,M/s Dipka Expansion Project South Eastern Coal Fields Limited Dipka Area,2026-08-30 14:42:00,2026-08-30 09:12:00,11.5,13.89,37.51,,0.02,site_5664,Thermo Fisher Scientific India Private Limited,2026-08-30
South Eastern Coalfields Limited,Dipka Area,M/s Dipka Expansion Project South Eastern Coal Fields Limited Dipka Area,2026-08-30 14:42:00,2026-08-30 09:12:00,11.35,14.03,35.8,,0.0,site_5664,Thermo Fisher Scientific India Private Limited,2026-08-30
South Eastern Coalfields Limited,Dipka Area,M/s Dipka Expansion Project South Eastern Coal Fields Limited Dipka Area,2026-08-30 14:41:00,2026-08-30 09:11:00,10.93,14.25,29.48,,0.0,site_5664,Thermo Fisher Scientific India Private Limited,2026-08-30
South Eastern Coalfields Limited,Dipka Area,M/s Dipka Expansion Project South Eastern Coal Fields Limited Dipka Area,2026-08-30 14:41:00,2026-08-30 09:11:00,10.39,14.57,36.91,,0.0,site_5664,Thermo Fisher Scientific India Private Limited,2026-08-30
South Eastern Coalfields Limited,Dipka Area,M/s Dipka Expansion Project South Eastern Coal Fields Limited Dipka Area,2026-08-30 14:40:00,2026-08-30 09:10:00,9.65,14.93,39.94,,0.0,site_5664,Thermo Fisher Scientific India Private Limited,2026-08-30
South Eastern Coalfields Limited,Dipka Area,M/s Dipka Expansion Project South Eastern Coal Fields Limited Dipka Area,2026-08-30 14:40:00,2026-08-30 09:10:00,8.87,15.2,29.75,,0.0,site_5664,Thermo Fisher Scientific India Private Limited,2026-08-30
South Eastern Coalfields Limited,"Gevra , Chattisgarh",SECL GEVRA,2026-08-30 14:40:00,2026-08-30 14:30:00,42.3,75.96,13.82,9.95,0.89,site_,Envea India Pvt Ltd,2026-08-30
South Eastern Coalfields Limited,Dipka Area,M/s Dipka Expansion Project South Eastern Coal Fields Limited Dipka Area,2026-08-30 14:39:00,2026-08-30 09:09:00,7.98,15.64,37.84,,0.0,site_5664,Thermo Fisher Scientific India Private Limited,2026-08-30
South Eastern Coalfields Limited,Dipka Area,M/s Dipka Expansion Project South Eastern Coal Fields Limited Dipka Area,2026-08-30 14:39:00,2026-08-30 09:09:00,7.19,15.98,36.72,,0.0,site_5664,Thermo Fisher Scientific India Private Limited,2026-08-30
South Eastern Coalfields Limited,Dipka Area,M/s Dipka Expansion Project South Eastern Coal Fields Limited Dipka Area,2026-08-30 14:38:00,2026-08-30 09:08:00,6.64,16.39,37.19,,0.0,site_5664,Thermo Fisher Scientific India Private Limited,2026-08-30
South Eastern Coalfields Limited,Dipka Area,M/s Dipka Expansion Project South Eastern Coal Fields Limited Dipka Area,2026-08-30 14:38:00,2026-08-30 09:08:00,6.35,16.65,40.49,,0.0,site_5664,Thermo Fisher Scientific India Private Limited,2026-08-30
South Eastern Coalfields Limited,Dipka Area,M/s Dipka Expansion Project South Eastern Coal Fields Limited Dipka Area,2026-08-30 14:37:00,2026-08-30 09:07:00,6.08,16.89,34.31,,0.0,site_5664,Thermo Fisher Scientific India Private Limited,2026-08-30
South Eastern Coalfields Limited,Dipka Area,M/s Dipka Expansion Project South Eastern Coal Fields Limited Dipka Area,2026-08-30 14:37:00,2026-08-30 09:07:00,5.86,17.08,39.75,,0.05,site_5664,Thermo Fisher Scientific India Private Limited,2026-08-30
South Eastern Coalfields Limited,Dipka Area,M/s Dipka Expansion Project South Eastern Coal Fields Limited Dipka Area,2026-08-30 14:36:00,2026-08-30 09:06:00,5.82,17.24,35.57,,0.08,site_5664,Thermo Fisher Scientific India Private Limited,2026-08-30
South Eastern Coalfields Limited,Dipka Area,M/s Dipka Expansion Project South Eastern Coal Fields Limited Dipka Area,2026-08-30 14:36:00,2026-08-30 09:06:00,5.97,17.38,35.69,,0.02,site_5664,Thermo Fisher Scientific India Private Limited,2026-08-30
South Eastern Coalfields Limited,Dipka Area,M/s Dipka Expansion Project South Eastern Coal Fields Limited Dipka Area,2026-08-30 14:35:00,2026-08-30 09:05:00,6.2,17.45,39.65,,0.0,site_5664,Thermo Fisher Scientific India Private Limited,2026-08-30
South Eastern Coalfields Limited,Dipka Area,M/s Dipka Expansion Project South Eastern Coal Fields Limited Dipka Area,2026-08-30 14:35:00,2026-08-30 09:05:00,6.53,17.47,36.67,,0.0,site_5664,Thermo Fisher Scientific India Private Limited,2026-08-30
South Eastern Coalfields Limited,Dipka Area,M/s Dipka Expansion Project South Eastern Coal Fields Limited Dipka Area,2026-08-30 14:34:00,2026-08-30 09:04:00,6.81,17.59,40.95,,0.0,site_5664,Thermo Fisher Scientific India Private Limited,2026-08-30
South Eastern Coalfields Limited,Dipka Area,M/s Dipka Expansion Project South Eastern Coal Fields Limited Dipka Area,2026-08-30 14:34:00,2026-08-30 09:04:00,7.23,17.82,37.13,,0.0,site_5664,Thermo Fisher Scientific India Private Limited,2026-08-30
South Eastern Coalfields Limited,Dipka Area,M/s Dipka Expansion Project South Eastern Coal Fields Limited Dipka Area,2026-08-30 14:33:00,2026-08-30 09:03:00,7.69,18.03,32.91,,0.0,site_5664,Thermo Fisher Scientific India Private Limited,2026-08-30
South Eastern Coalfields Limited,Dipka Area,M/s Dipka Expansion Project South Eastern Coal Fields Limited Dipka Area,2026-08-30 14:33:00,2026-08-30 09:03:00,7.92,18.25,37.74,,0.0,site_5664,Thermo Fisher Scientific India Private Limited,2026-08-30
South Eastern Coalfields Limited,Dipka Area,M/s Dipka Expansion Project South Eastern Coal Fields Limited Dipka Area,2026-08-30 14:32:00,2026-08-30 09:02:00,8.09,18.59,33.79,,0.0,site_5664,Thermo Fisher Scientific India Private Limited,2026-08-30
South Eastern Coalfields Limited,Dipka Area,M/s Dipka Expansion Project South Eastern Coal Fields Limited Dipka Area,2026-08-30 14:32:00,2026-08-30 09:02:00,7.94,18.85,40.6,,0.0,site_5664,Thermo Fisher Scientific India Private Limited,2026-08-30
South Eastern Coalfields Limited,Dipka Area,M/s Dipka Expansion Project South Eastern Coal Fields Limited Dipka Area,2026-08-30 14:31:00,2026-08-30 09:01:00,7.81,19.23,36.62,,0.0,site_5664,Thermo Fisher Scientific India Private Limited,2026-08-30
South Eastern Coalfields Limited,Dipka Area,M/s Dipka Expansion Project South Eastern Coal Fields Limited Dipka Area,2026-08-30 14:31:00,2026-08-30 09:01:00,7.81,19.53,35.08,,0.0,site_5664,Thermo Fisher Scientific India Private Limited,2026-08-30
South Eastern Coalfields Limited,Dipka Area,M/s Dipka Expansion Project South Eastern Coal Fields Limited Dipka Area,2026-08-30 14:30:00,2026-08-30 09:00:00,7.96,19.86,37.26,,0.0,site_5664,Thermo Fisher Scientific India Private Limited,2026-08-30
South Eastern Coalfields Limited,"Bilaspur, CHHATTISGARHr",South Eastern Coalfields  Limited - AQMS_H_Q,2026-08-30 14:30:00,2026-08-30 09:00:00,290.84,,27.59,0.0,91.0,site_5592,Swan Environ,2026-08-30
South Eastern Coalfields Limited,Dipka Area,M/s Dipka Expansion Project South Eastern Coal Fields Limited Dipka Area,2026-08-30 14:30:00,2026-08-30 09:00:00,8.29,20.22,31.31,,0.04,site_5664,Thermo Fisher Scientific India Private Limited,2026-08-30
South Eastern Coalfields Limited,Dipka Area,M/s Dipka Expansion Project South Eastern Coal Fields Limited Dipka Area,2026-08-30 14:29:00,2026-08-30 08:59:00,8.62,20.53,38.09,,0.12,site_5664,Thermo Fisher Scientific India Private Limited,2026-08-30
South Eastern Coalfields Limited,Dipka Area,M/s Dipka Expansion Project South Eastern Coal Fields Limited Dipka Area,2026-08-30 14:29:00,2026-08-30 08:59:00,9.21,20.78,35.88,,0.24,site_5664,Thermo Fisher Scientific India Private Limited,2026-08-30
South Eastern Coalfields Limited,Dipka Area,M/s Dipka Expansion Project South Eastern Coal Fields Limited Dipka Area,2026-08-30 14:28:00,2026-08-30 08:58:00,9.96,21.07,37.26,,0.44,site_5664,Thermo Fisher Scientific India Private Limited,2026-08-30
South Eastern Coalfields Limited,Dipka Area,M/s Dipka Expansion Project South Eastern Coal Fields Limited Dipka Area,2026-08-30 14:28:00,2026-08-30 08:58:00,10.36,21.28,30.24,,0.41,site_5664,Thermo Fisher Scientific India Private Limited,2026-08-30
South Eastern Coalfields Limited,Dipka Area,M/s Dipka Expansion Project South Eastern Coal Fields Limited Dipka Area,2026-08-30 14:27:00,2026-08-30 08:57:00,10.51,21.62,33.12,,0.44,site_5664,Thermo Fisher Scientific India Private Limited,2026-08-30
South Eastern Coalfields Limited,Dipka Area,M/s Dipka Expansion Project South Eastern Coal Fields Limited Dipka Area,2026-08-30 14:27:00,2026-08-30 08:57:00,10.47,21.93,31.65,,0.4,site_5664,Thermo Fisher Scientific India Private Limited,2026-08-30
South Eastern Coalfields Limited,Dipka Area,M/s Dipka Expansion Project South Eastern Coal Fields Limited Dipka Area,2026-08-30 14:26:00,2026-08-30 08:56:00,10.36,22.31,32.11,,0.36,site_5664,Thermo Fisher Scientific India Private Limited,2026-08-30
South Eastern Coalfields Limited,Dipka Area,M/s Dipka Expansion Project South Eastern Coal Fields Limited Dipka Area,2026-08-30 14:26:00,2026-08-30 08:56:00,10.19,22.72,37.59,,0.4,site_5664,Thermo Fisher Scientific India Private Limited,2026-08-30
South Eastern Coalfields Limited,Dipka Area,M/s Dipka Expansion Project South Eastern Coal Fields Limited Dipka Area,2026-08-30 14:25:00,2026-08-30 08:55:00,9.84,23.2,36.09,,0.57,site_5664,Thermo Fisher Scientific India Private Limited,2026-08-30
South Eastern Coalfields Limited,Dipka Area,M/s Dipka Expansion Project South Eastern Coal Fields Limited Dipka Area,2026-08-30 14:25:00,2026-08-30 08:55:00,9.47,23.65,35.37,,0.54,site_5664,Thermo Fisher Scientific India Private Limited,2026-08-30
South Eastern Coalfields Limited,"Gevra , Chattisgarh",SECL GEVRA,2026-08-30 14:25:00,2026-08-30 14:15:00,38.7,69.63,13.62,9.41,0.8,site_,Envea India Pvt Ltd,2026-08-30
South Eastern Coalfields Limited,Dipka Area,M/s Dipka Expansion Project South Eastern Coal Fields Limited Dipka Area,2026-08-30 14:24:00,2026-08-30 08:54:00,9.0,24.16,37.73,,0.52,site_5664,Thermo Fisher Scientific India Private Limited,2026-08-30
South Eastern Coalfields Limited,Dipka Area,M/s Dipka Expansion Project South Eastern Coal Fields Limited Dipka Area,2026-08-30 14:24:00,2026-08-30 08:54:00,8.71,24.52,38.33,,0.44,site_5664,Thermo Fisher Scientific India Private Limited,2026-08-30
South Eastern Coalfields Limited,Dipka Area,M/s Dipka Expansion Project South Eastern Coal Fields Limited Dipka Area,2026-08-30 14:23:00,2026-08-30 08:53:00,8.37,24.98,33.77,,0.29,site_5664,Thermo Fisher Scientific India Private Limited,2026-08-30
South Eastern Coalfields Limited,Dipka Area,M/s Dipka Expansion Project South Eastern Coal Fields Limited Dipka Area,2026-08-30 14:23:00,2026-08-30 08:53:00,8.04,25.46,35.25,,0.26,site_5664,Thermo Fisher Scientific India Private Limited,2026-08-30
South Eastern Coalfields Limited,Dipka Area,M/s Dipka Expansion Project South Eastern Coal Fields Limited Dipka Area,2026-08-30 14:22:00,2026-08-30 08:52:00,7.73,26.02,37.17,,0.35,site_5664,Thermo Fisher Scientific India Private Limited,2026-08-30
South Eastern Coalfields Limited,Dipka Area,M/s Dipka Expansion Project South Eastern Coal Fields Limited Dipka Area,2026-08-30 14:22:00,2026-08-30 08:52:00,7.6,26.56,39.31,,0.28,site_5664,Thermo Fisher Scientific India Private Limited,2026-08-30
South Eastern Coalfields Limited,Dipka Area,M/s Dipka Expansion Project South Eastern Coal Fields Limited Dipka Area,2026-08-30 14:21:00,2026-08-30 08:51:00,7.7,26.95,38.79,,0.25,site_5664,Thermo Fisher Scientific India Private Limited,2026-08-30
South Eastern Coalfields Limited,Dipka Area,M/s Dipka Expansion Project South Eastern Coal Fields Limited Dipka Area,2026-08-30 14:21:00,2026-08-30 08:51:00,7.7,27.07,32.57,,0.25,site_5664,Thermo Fisher Scientific India Private Limited,2026-08-30
South Eastern Coalfields Limited,Dipka Area,M/s Dipka Expansion Project South Eastern Coal Fields Limited Dipka Area,2026-08-30 14:20:00,2026-08-30 08:50:00,7.65,27.36,38.33,,0.09,site_5664,Thermo Fisher Scientific India Private Limited,2026-08-30
South Eastern Coalfields Limited,Dipka Area,M/s Dipka Expansion Project South Eastern Coal Fields Limited Dipka Area,2026-08-30 14:20:00,2026-08-30 08:50:00,7.61,27.54,39.96,,0.01,site_5664,Thermo Fisher Scientific India Private Limited,2026-08-30
South Eastern Coalfields Limited,Dipka Area,M/s Dipka Expansion Project South Eastern Coal Fields Limited Dipka Area,2026-08-30 14:19:00,2026-08-30 08:49:00,7.73,27.59,33.49,,0.02,site_5664,Thermo Fisher Scientific India Private Limited,2026-08-30
South Eastern Coalfields Limited,Dipka Area,M/s Dipka Expansion Project South Eastern Coal Fields Limited Dipka Area,2026-08-30 14:19:00,2026-08-30 08:49:00,7.8,27.58,36.29,,0.0,site_5664,Thermo Fisher Scientific India Private Limited,2026-08-30
South Eastern Coalfields Limited,Dipka Area,M/s Dipka Expansion Project South Eastern Coal Fields Limited Dipka Area,2026-08-30 14:18:00,2026-08-30 08:48:00,7.89,27.9,32.95,,0.02,site_5664,Thermo Fisher Scientific India Private Limited,2026-08-30
South Eastern Coalfields Limited,Dipka Area,M/s Dipka Expansion Project South Eastern Coal Fields Limited Dipka Area,2026-08-30 14:18:00,2026-08-30 08:48:00,8.01,28.37,39.4,,0.14,site_5664,Thermo Fisher Scientific India Private Limited,2026-08-30
South Eastern Coalfields Limited,Dipka Area,M/s Dipka Expansion Project South Eastern Coal Fields Limited Dipka Area,2026-08-30 14:17:00,2026-08-30 08:47:00,8.36,28.88,36.29,,0.14,site_5664,Thermo Fisher Scientific India Private Limited,2026-08-30
South Eastern Coalfields Limited,Dipka Area,M/s Dipka Expansion Project South Eastern Coal Fields Limited Dipka Area,2026-08-30 14:17:00,2026-08-30 08:47:00,8.49,29.13,38.55,,0.26,site_5664,Thermo Fisher Scientific India Private Limited,2026-08-30
South Eastern Coalfields Limited,Dipka Area,M/s Dipka Expansion Project South Eastern Coal Fields Limited Dipka Area,2026-08-30 14:16:00,2026-08-30 08:46:00,8.71,29.53,32.85,,0.22,site_5664,Thermo Fisher Scientific India Private Limited,2026-08-30
South Eastern Coalfields Limited,Dipka Area,M/s Dipka Expansion Project South Eastern Coal Fields Limited Dipka Area,2026-08-30 14:16:00,2026-08-30 08:46:00,8.99,29.9,40.33,,0.08,site_5664,Thermo Fisher Scientific India Private Limited,2026-08-30
South Eastern Coalfields Limited,Dipka Area,M/s Dipka Expansion Project South Eastern Coal Fields Limited Dipka Area,2026-08-30 14:15:00,2026-08-30 08:45:00,9.16,30.11,38.09,,0.04,site_5664,Thermo Fisher Scientific India Private Limited,2026-08-30
South Eastern Coalfields Limited,Dipka Area,M/s Dipka Expansion Project South Eastern Coal Fields Limited Dipka Area,2026-08-30 14:15:00,2026-08-30 08:45:00,9.2,30.15,35.34,,0.0,site_5664,Thermo Fisher Scientific India Private Limited,2026-08-30
South Eastern Coalfields Limited,"Bilaspur, CHHATTISGARHr",South Eastern Coalfields  Limited - AQMS_H_Q,2026-08-30 14:15:00,2026-08-30 08:44:00,3.49,,14.75,290.78,0.65,site_5592,Swan Environ,2026-08-30
South Eastern Coalfields Limited,Dipka Area,M/s Dipka Expansion Project South Eastern Coal Fields Limited Dipka Area,2026-08-30 14:14:00,2026-08-30 08:44:00,9.15,30.34,34.42,,0.0,site_5664,Thermo Fisher Scientific India Private Limited,2026-08-30
South Eastern Coalfields Limited,Dipka Area,M/s Dipka Expansion Project South Eastern Coal Fields Limited Dipka Area,2026-08-30 14:14:00,2026-08-30 08:44:00,9.41,30.64,32.05,,0.0,site_5664,Thermo Fisher Scientific India Private Limited,2026-08-30
South Eastern Coalfields Limited,Dipka Area,M/s Dipka Expansion Project South Eastern Coal Fields Limited Dipka Area,2026-08-30 14:13:00,2026-08-30 08:43:00,9.61,30.92,33.45,,0.02,site_5664,Thermo Fisher Scientific India Private Limited,2026-08-30
South Eastern Coalfields Limited,Dipka Area,M/s Dipka Expansion Project South Eastern Coal Fields Limited Dipka Area,2026-08-30 14:13:00,2026-08-30 08:43:00,9.71,31.2,35.26,,0.0,site_5664,Thermo Fisher Scientific India Private Limited,2026-08-30
South Eastern Coalfields Limited,Dipka Area,M/s Dipka Expansion Project South Eastern Coal Fields Limited Dipka Area,2026-08-30 14:12:00,2026-08-30 08:42:00,9.84,31.66,37.99,,0.0,site_5664,Thermo Fisher Scientific India Private Limited,2026-08-30
South Eastern Coalfields Limited,Dipka Area,M/s Dipka Expansion Project South Eastern Coal Fields Limited Dipka Area,2026-08-30 14:12:00,2026-08-30 08:42:00,9.89,31.99,36.92,,0.0,site_5664,Thermo Fisher Scientific India Private Limited,2026-08-30
South Eastern Coalfields Limited,Dipka Area,M/s Dipka Expansion Project South Eastern Coal Fields Limited Dipka Area,2026-08-30 14:11:00,2026-08-30 08:41:00,10.08,32.59,35.99,,0.0,site_5664,Thermo Fisher Scientific India Private Limited,2026-08-30
South Eastern Coalfields Limited,Dipka Area,M/s Dipka Expansion Project South Eastern Coal Fields Limited Dipka Area,2026-08-30 14:11:00,2026-08-30 08:41:00,10.09,32.82,37.29,,0.1,site_5664,Thermo Fisher Scientific India Private Limited,2026-08-30
South Eastern Coalfields Limited,Dipka Area,M/s Dipka Expansion Project South Eastern Coal Fields Limited Dipka Area,2026-08-30 14:10:00,2026-08-30 08:40:00,9.82,33.04,33.07,,0.1,site_5664,Thermo Fisher Scientific India Private Limited,2026-08-30
South Eastern Coalfields Limited,Dipka Area,M/s Dipka Expansion Project South Eastern Coal Fields Limited Dipka Area,2026-08-30 14:10:00,2026-08-30 08:40:00,9.62,33.16,35.25,,0.21,site_5664,Thermo Fisher Scientific India Private Limited,2026-08-30
South Eastern Coalfields Limited,"Gevra , Chattisgarh",SECL GEVRA,2026-08-30 14:10:00,2026-08-30 14:00:00,46.4,82.96,14.04,10.54,0.98,site_,Envea India Pvt Ltd,2026-08-30
South Eastern Coalfields Limited,Dipka Area,M/s Dipka Expansion Project South Eastern Coal Fields Limited Dipka Area,2026-08-30 14:09:00,2026-08-30 08:39:00,8.94,33.38,37.16,,0.24,site_5664,Thermo Fisher Scientific India Private Limited,2026-08-30
South Eastern Coalfields Limited,Dipka Area,M/s Dipka Expansion Project South Eastern Coal Fields Limited Dipka Area,2026-08-30 14:09:00,2026-08-30 08:39:00,8.5,33.34,37.16,,0.29,site_5664,Thermo Fisher Scientific India Private Limited,2026-08-30
South Eastern Coalfields Limited,Dipka Area,M/s Dipka Expansion Project South Eastern Coal Fields Limited Dipka Area,2026-08-30 14:08:00,2026-08-30 08:38:00,7.97,33.24,35.16,,0.11,site_5664,Thermo Fisher Scientific India Private Limited,2026-08-30
South Eastern Coalfields Limited,Dipka Area,M/s Dipka Expansion Project South Eastern Coal Fields Limited Dipka Area,2026-08-30 14:08:00,2026-08-30 08:38:00,7.57,33.11,36.96,,0.13,site_5664,Thermo Fisher Scientific India Private Limited,2026-08-30
South Eastern Coalfields Limited,Dipka Area,M/s Dipka Expansion Project South Eastern Coal Fields Limited Dipka Area,2026-08-30 14:07:00,2026-08-30 08:37:00,7.23,32.88,36.27,,0.22,site_5664,Thermo Fisher Scientific India Private Limited,2026-08-30
South Eastern Coalfields Limited,Dipka Area,M/s Dipka Expansion Project South Eastern Coal Fields Limited Dipka Area,2026-08-30 14:07:00,2026-08-30 08:37:00,7.05,32.56,35.25,,0.19,site_5664,Thermo Fisher Scientific India Private Limited,2026-08-30
South Eastern Coalfields Limited,Dipka Area,M/s Dipka Expansion Project South Eastern Coal Fields Limited Dipka Area,2026-08-30 14:06:00,2026-08-30 08:36:00,6.96,31.98,35.94,,0.24,site_5664,Thermo Fisher Scientific India Private Limited,2026-08-30
South Eastern Coalfields Limited,Dipka Area,M/s Dipka Expansion Project South Eastern Coal Fields Limited Dipka Area,2026-08-30 14:06:00,2026-08-30 08:36:00,7.03,31.52,40.17,,0.24,site_5664,Thermo Fisher Scientific India Private Limited,2026-08-30
South Eastern Coalfields Limited,Dipka Area,M/s Dipka Expansion Project South Eastern Coal Fields Limited Dipka Area,2026-08-30 14:05:00,2026-08-30 08:35:00,7.07,30.84,32.75,,0.26,site_5664,Thermo Fisher Scientific India Private Limited,2026-08-30
South Eastern Coalfields Limited,Dipka Area,M/s Dipka Expansion Project South Eastern Coal Fields Limited Dipka Area,2026-08-30 14:05:00,2026-08-30 08:35:00,7.1,30.23,37.34,,0.28,site_5664,Thermo Fisher Scientific India Private Limited,2026-08-30
South Eastern Coalfields Limited,Dipka Area,M/s Dipka Expansion Project South Eastern Coal Fields Limited Dipka Area,2026-08-30 14:04:00,2026-08-30 08:34:00,7.21,29.6,38.84,,0.15,site_5664,Thermo Fisher Scientific India Private Limited,2026-08-30
South Eastern Coalfields Limited,Dipka Area,M/s Dipka Expansion Project South Eastern Coal Fields Limited Dipka Area,2026-08-30 14:04:00,2026-08-30 08:34:00,7.33,28.92,35.2,,0.09,site_5664,Thermo Fisher Scientific India Private Limited,2026-08-30
South Eastern Coalfields Limited,Dipka Area,M/s Dipka Expansion Project South Eastern Coal Fields Limited Dipka Area,2026-08-30 14:03:00,2026-08-30 08:33:00,7.41,28.08,36.41,,0.22,site_5664,Thermo Fisher Scientific India Private Limited,2026-08-30
South Eastern Coalfields Limited,Dipka Area,M/s Dipka Expansion Project South Eastern Coal Fields Limited Dipka Area,2026-08-30 14:03:00,2026-08-30 08:33:00,7.47,27.22,34.36,,0.14,site_5664,Thermo Fisher Scientific India Private Limited,2026-08-30
South Eastern Coalfields Limited,Dipka Area,M/s Dipka Expansion Project South Eastern Coal Fields Limited Dipka Area,2026-08-30 14:02:00,2026-08-30 08:32:00,7.57,26.35,34.15,,0.14,site_5664,Thermo Fisher Scientific India Private Limited,2026-08-30
South Eastern Coalfields Limited,Dipka Area,M/s Dipka Expansion Project South Eastern Coal Fields Limited Dipka Area,2026-08-30 14:02:00,2026-08-30 08:32:00,7.67,25.59,35.15,,0.06,site_5664,Thermo Fisher Scientific India Private Limited,2026-08-30
South Eastern Coalfields Limited,Dipka Area,M/s Dipka Expansion Project South Eastern Coal Fields Limited Dipka Area,2026-08-30 14:01:00,2026-08-30 08:31:00,7.78,24.53,31.03,,0.05,site_5664,Thermo Fisher Scientific India Private Limited,2026-08-30
South Eastern Coalfields Limited,Dipka Area,M/s Dipka Expansion Project South Eastern Coal Fields Limited Dipka Area,2026-08-30 14:01:00,2026-08-30 08:31:00,7.81,23.6,37.63,,0.04,site_5664,Thermo Fisher Scientific India Private Limited,2026-08-30
South Eastern Coalfields Limited,Dipka Area,M/s Dipka Expansion Project South Eastern Coal Fields Limited Dipka Area,2026-08-30 14:00:00,2026-08-30 08:30:00,7.93,22.74,37.26,,0.04,site_5664,Thermo Fisher Scientific India Private Limited,2026-08-30
South Eastern Coalfields Limited,"Bilaspur, CHHATTISGARHr",South Eastern Coalfields  Limited - AQMS_H_Q,2026-08-30 14:00:00,2026-08-30 08:29:00,3.76,,15.75,266.95,0.49,site_5592,Swan Environ,2026-08-30
South Eastern Coalfields Limited,Dipka Area,M/s Dipka Expansion Project South Eastern Coal Fields Limited Dipka Area,2026-08-30 13:59:00,2026-08-30 08:29:00,8.3,20.63,37.1,,0.11,site_5664,Thermo Fisher Scientific India Private Limited,2026-08-30
South Eastern Coalfields Limited,Dipka Area,M/s Dipka Expansion Project South Eastern Coal Fields Limited Dipka Area,2026-08-30 13:59:00,2026-08-30 08:29:00,8.65,19.71,32.65,,0.18,site_5664,Thermo Fisher Scientific India Private Limited,2026-08-30
South Eastern Coalfields Limited,Dipka Area,M/s Dipka Expansion Project South Eastern Coal Fields Limited Dipka Area,2026-08-30 13:58:00,2026-08-30 08:28:00,9.01,18.73,34.64,,0.21,site_5664,Thermo Fisher Scientific India Private Limited,2026-08-30
South Eastern Coalfields Limited,Dipka Area,M/s Dipka Expansion Project South Eastern Coal Fields Limited Dipka Area,2026-08-30 13:58:00,2026-08-30 08:28:00,9.21,17.83,32.42,,0.14,site_5664,Thermo Fisher Scientific India Private Limited,2026-08-30
South Eastern Coalfields Limited,Dipka Area,M/s Dipka Expansion Project South Eastern Coal Fields Limited Dipka Area,2026-08-30 13:57:00,2026-08-30 08:27:00,9.46,16.75,37.05,,0.0,site_5664,Thermo Fisher Scientific India Private Limited,2026-08-30
South Eastern Coalfields Limited,Dipka Area,M/s Dipka Expansion Project South Eastern Coal Fields Limited Dipka Area,2026-08-30 13:57:00,2026-08-30 08:27:00,9.73,15.87,30.52,,0.0,site_5664,Thermo Fisher Scientific India Private Limited,2026-08-30
South Eastern Coalfields Limited,Dipka Area,M/s Dipka Expansion Project South Eastern Coal Fields Limited Dipka Area,2026-08-30 13:56:00,2026-08-30 08:26:00,9.86,14.84,33.35,,0.0,site_5664,Thermo Fisher Scientific India Private Limited,2026-08-30
South Eastern Coalfields Limited,Dipka Area,M/s Dipka Expansion Project South Eastern Coal Fields Limited Dipka Area,2026-08-30 13:56:00,2026-08-30 08:26:00,9.83,13.93,34.37,,0.0,site_5664,Thermo Fisher Scientific India Private Limited,2026-08-30
South Eastern Coalfields Limited,Dipka Area,M/s Dipka Expansion Project South Eastern Coal Fields Limited Dipka Area,2026-08-30 13:55:00,2026-08-30 08:25:00,9.88,13.07,38.46,,0.0,site_5664,Thermo Fisher Scientific India Private Limited,2026-08-30
South Eastern Coalfields Limited,"Gevra , Chattisgarh",SECL GEVRA,2026-08-30 13:55:00,2026-08-30 13:45:00,29.1,52.86,13.08,7.98,0.57,site_,Envea India Pvt Ltd,2026-08-30
South Eastern Coalfields Limited,Dipka Area,M/s Dipka Expansion Project South Eastern Coal Fields Limited Dipka Area,2026-08-30 13:55:00,2026-08-30 08:25:00,10.04,12.55,33.34,,0.0,site_5664,Thermo Fisher Scientific India Private Limited,2026-08-30
South Eastern Coalfields Limited,Dipka Area,M/s Dipka Expansion Project South Eastern Coal Fields Limited Dipka Area,2026-08-30 13:54:00,2026-08-30 08:24:00,10.13,12.18,34.73,,0.0,site_5664,Thermo Fisher Scientific India Private Limited,2026-08-30
South Eastern Coalfields Limited,Dipka Area,M/s Dipka Expansion Project South Eastern Coal Fields Limited Dipka Area,2026-08-30 13:54:00,2026-08-30 08:24:00,10.11,12.07,37.71,,0.0,site_5664,Thermo Fisher Scientific India Private Limited,2026-08-30
South Eastern Coalfields Limited,Dipka Area,M/s Dipka Expansion Project South Eastern Coal Fields Limited Dipka Area,2026-08-30 13:53:00,2026-08-30 08:23:00,10.15,12.1,34.92,,0.0,site_5664,Thermo Fisher Scientific India Private Limited,2026-08-30
South Eastern Coalfields Limited,Dipka Area,M/s Dipka Expansion Project South Eastern Coal Fields Limited Dipka Area,2026-08-30 13:53:00,2026-08-30 08:23:00,10.2,12.22,28.89,,0.0,site_5664,Thermo Fisher Scientific India Private Limited,2026-08-30
South Eastern Coalfields Limited,Dipka Area,M/s Dipka Expansion Project South Eastern Coal Fields Limited Dipka Area,2026-08-30 13:52:00,2026-08-30 08:22:00,10.12,12.38,31.12,,0.13,site_5664,Thermo Fisher Scientific India Private Limited,2026-08-30
South Eastern Coalfields Limited,Dipka Area,M/s Dipka Expansion Project South Eastern Coal Fields Limited Dipka Area,2026-08-30 13:52:00,2026-08-30 08:22:00,9.91,12.58,34.46,,0.14,site_5664,Thermo Fisher Scientific India Private Limited,2026-08-30
South Eastern Coalfields Limited,Dipka Area,M/s Dipka Expansion Project South Eastern Coal Fields Limited Dipka Area,2026-08-30 13:51:00,2026-08-30 08:21:00,9.77,12.89,33.02,,0.11,site_5664,Thermo Fisher Scientific India Private Limited,2026-08-30
South Eastern Coalfields Limited,Dipka Area,M/s Dipka Expansion Project South Eastern Coal Fields Limited Dipka Area,2026-08-30 13:51:00,2026-08-30 08:21:00,9.8,13.05,36.59,,0.13,site_5664,Thermo Fisher Scientific India Private Limited,2026-08-30
South Eastern Coalfields Limited,Dipka Area,M/s Dipka Expansion Project South Eastern Coal Fields Limited Dipka Area,2026-08-30 13:50:00,2026-08-30 08:20:00,9.75,13.36,32.46,,0.11,site_5664,Thermo Fisher Scientific India Private Limited,2026-08-30
South Eastern Coalfields Limited,Dipka Area,M/s Dipka Expansion Project South Eastern Coal Fields Limited Dipka Area,2026-08-30 13:50:00,2026-08-30 08:20:00,9.66,13.66,32.28,,0.1,site_5664,Thermo Fisher Scientific India Private Limited,2026-08-30
South Eastern Coalfields Limited,Dipka Area,M/s Dipka Expansion Project South Eastern Coal Fields Limited Dipka Area,2026-08-30 13:49:00,2026-08-30 08:19:00,9.68,14.03,34.69,,0.13,site_5664,Thermo Fisher Scientific India Private Limited,2026-08-30
South Eastern Coalfields Limited,Dipka Area,M/s Dipka Expansion Project South Eastern Coal Fields Limited Dipka Area,2026-08-30 13:49:00,2026-08-30 08:19:00,9.9,14.29,35.2,,0.12,site_5664,Thermo Fisher Scientific India Private Limited,2026-08-30
South Eastern Coalfields Limited,Dipka Area,M/s Dipka Expansion Project South Eastern Coal Fields Limited Dipka Area,2026-08-30 13:48:00,2026-08-30 08:18:00,10.05,14.45,38.36,,0.1,site_5664,Thermo Fisher Scientific India Private Limited,2026-08-30
South Eastern Coalfields Limited,Dipka Area,M/s Dipka Expansion Project South Eastern Coal Fields Limited Dipka Area,2026-08-30 13:48:00,2026-08-30 08:18:00,10.06,14.61,36.04,,0.0,site_5664,Thermo Fisher Scientific India Private Limited,2026-08-30
South Eastern Coalfields Limited,Dipka Area,M/s Dipka Expansion Project South Eastern Coal Fields Limited Dipka Area,2026-08-30 13:47:00,2026-08-30 08:17:00,10.09,14.62,31.4,,0.0,site_5664,Thermo Fisher Scientific India Private Limited,2026-08-30
South Eastern Coalfields Limited,Dipka Area,M/s Dipka Expansion Project South Eastern Coal Fields Limited Dipka Area,2026-08-30 13:47:00,2026-08-30 08:17:00,10.17,14.62,33.9,,0.08,site_5664,Thermo Fisher Scientific India Private Limited,2026-08-30
South Eastern Coalfields Limited,Dipka Area,M/s Dipka Expansion Project South Eastern Coal Fields Limited Dipka Area,2026-08-30 13:46:00,2026-08-30 08:16:00,10.15,14.6,37.06,,0.0,site_5664,Thermo Fisher Scientific India Private Limited,2026-08-30
South Eastern Coalfields Limited,Dipka Area,M/s Dipka Expansion Project South Eastern Coal Fields Limited Dipka Area,2026-08-30 13:46:00,2026-08-30 08:16:00,10.07,14.62,35.74,,0.0,site_5664,Thermo Fisher Scientific India Private Limited,2026-08-30
South Eastern Coalfields Limited,Dipka Area,M/s Dipka Expansion Project South Eastern Coal Fields Limited Dipka Area,2026-08-30 13:45:00,2026-08-30 08:15:00,9.9,14.62,34.86,,0.0,site_5664,Thermo Fisher Scientific India Private Limited,2026-08-30
South Eastern Coalfields Limited,"Bilaspur, CHHATTISGARHr",South Eastern Coalfields  Limited - AQMS_H_Q,2026-08-30 13:45:00,2026-08-30 08:14:00,3.76,,15.98,286.97,0.92,site_5592,Swan Environ,2026-08-30
South Eastern Coalfields Limited,Dipka Area,M/s Dipka Expansion Project South Eastern Coal Fields Limited Dipka Area,2026-08-30 13:45:00,2026-08-30 08:15:00,9.8,14.63,33.58,,0.0,site_5664,Thermo Fisher Scientific India Private Limited,2026-08-30
South Eastern Coalfields Limited,Dipka Area,M/s Dipka Expansion Project South Eastern Coal Fields Limited Dipka Area,2026-08-30 13:44:00,2026-08-30 08:14:00,9.76,14.7,35.61,,0.0,site_5664,Thermo Fisher Scientific India Private Limited,2026-08-30
South Eastern Coalfields Limited,Dipka Area,M/s Dipka Expansion Project South Eastern Coal Fields Limited Dipka Area,2026-08-30 13:44:00,2026-08-30 08:14:00,9.7,14.8,36.13,,0.0,site_5664,Thermo Fisher Scientific India Private Limited,2026-08-30
South Eastern Coalfields Limited,Dipka Area,M/s Dipka Expansion Project South Eastern Coal Fields Limited Dipka Area,2026-08-30 13:43:00,2026-08-30 08:13:00,9.46,14.74,39.09,,0.0,site_5664,Thermo Fisher Scientific India Private Limited,2026-08-30
South Eastern Coalfields Limited,Dipka Area,M/s Dipka Expansion Project South Eastern Coal Fields Limited Dipka Area,2026-08-30 13:43:00,2026-08-30 08:13:00,9.06,14.55,35.1,,0.0,site_5664,Thermo Fisher Scientific India Private Limited,2026-08-30
South Eastern Coalfields Limited,Dipka Area,M/s Dipka Expansion Project South Eastern Coal Fields Limited Dipka Area,2026-08-30 13:42:00,2026-08-30 08:12:00,8.75,14.26,35.01,,0.0,site_5664,Thermo Fisher Scientific India Private Limited,2026-08-30
South Eastern Coalfields Limited,Dipka Area,M/s Dipka Expansion Project South Eastern Coal Fields Limited Dipka Area,2026-08-30 13:42:00,2026-08-30 08:12:00,8.39,14.03,39.15,,0.0,site_5664,Thermo Fisher Scientific India Private Limited,2026-08-30
South Eastern Coalfields Limited,Dipka Area,M/s Dipka Expansion Project South Eastern Coal Fields Limited Dipka Area,2026-08-30 13:41:00,2026-08-30 08:11:00,7.84,13.66,39.0,,0.0,site_5664,Thermo Fisher Scientific India Private Limited,2026-08-30
South Eastern Coalfields Limited,Dipka Area,M/s Dipka Expansion Project South Eastern Coal Fields Limited Dipka Area,2026-08-30 13:41:00,2026-08-30 08:11:00,7.23,13.46,36.99,,0.05,site_5664,Thermo Fisher Scientific India Private Limited,2026-08-30
South Eastern Coalfields Limited,Dipka Area,M/s Dipka Expansion Project South Eastern Coal Fields Limited Dipka Area,2026-08-30 13:40:00,2026-08-30 08:10:00,6.79,13.34,36.91,,0.0,site_5664,Thermo Fisher Scientific India Private Limited,2026-08-30
South Eastern Coalfields Limited,"Gevra , Chattisgarh",SECL GEVRA,2026-08-30 13:40:00,2026-08-30 13:30:00,43.7,78.28,13.89,10.14,0.92,site_,Envea India Pvt Ltd,2026-08-30
South Eastern Coalfields Limited,Dipka Area,M/s Dipka Expansion Project South Eastern Coal Fields Limited Dipka Area,2026-08-30 13:40:00,2026-08-30 08:10:00,6.64,13.22,40.53,,0.0,site_5664,Thermo Fisher Scientific India Private Limited,2026-08-30
South Eastern Coalfields Limited,Dipka Area,M/s Dipka Expansion Project South Eastern Coal Fields Limited Dipka Area,2026-08-30 13:39:00,2026-08-30 08:09:00,6.49,13.24,37.05,,0.0,site_5664,Thermo Fisher Scientific India Private Limited,2026-08-30
South Eastern Coalfields Limited,Dipka Area,M/s Dipka Expansion Project South Eastern Coal Fields Limited Dipka Area,2026-08-30 13:39:00,2026-08-30 08:09:00,6.47,13.23,36.95,,0.0,site_5664,Thermo Fisher Scientific India Private Limited,2026-08-30
South Eastern Coalfields Limited,Dipka Area,M/s Dipka Expansion Project South Eastern Coal Fields Limited Dipka Area,2026-08-30 13:38:00,2026-08-30 08:08:00,6.7,13.25,34.57,,0.0,site_5664,Thermo Fisher Scientific India Private Limited,2026-08-30
South Eastern Coalfields Limited,Dipka Area,M/s Dipka Expansion Project South Eastern Coal Fields Limited Dipka Area,2026-08-30 13:38:00,2026-08-30 08:08:00,7.11,13.14,33.52,,0.0,site_5664,Thermo Fisher Scientific India Private Limited,2026-08-30
South Eastern Coalfields Limited,Dipka Area,M/s Dipka Expansion Project South Eastern Coal Fields Limited Dipka Area,2026-08-30 13:37:00,2026-08-30 08:07:00,7.54,13.01,38.99,,0.0,site_5664,Thermo Fisher Scientific India Private Limited,2026-08-30
South Eastern Coalfields Limited,Dipka Area,M/s Dipka Expansion Project South Eastern Coal Fields Limited Dipka Area,2026-08-30 13:37:00,2026-08-30 08:07:00,7.66,13.0,38.01,,0.0,site_5664,Thermo Fisher Scientific India Private Limited,2026-08-30
South Eastern Coalfields Limited,Dipka Area,M/s Dipka Expansion Project South Eastern Coal Fields Limited Dipka Area,2026-08-30 13:36:00,2026-08-30 08:06:00,7.84,12.97,36.01,,0.0,site_5664,Thermo Fisher Scientific India Private Limited,2026-08-30
South Eastern Coalfields Limited,Dipka Area,M/s Dipka Expansion Project South Eastern Coal Fields Limited Dipka Area,2026-08-30 13:36:00,2026-08-30 08:06:00,8.13,12.99,35.19,,0.0,site_5664,Thermo Fisher Scientific India Private Limited,2026-08-30
South Eastern Coalfields Limited,Dipka Area,M/s Dipka Expansion Project South Eastern Coal Fields Limited Dipka Area,2026-08-30 13:35:00,2026-08-30 08:05:00,8.37,12.98,34.54,,0.0,site_5664,Thermo Fisher Scientific India Private Limited,2026-08-30
South Eastern Coalfields Limited,Dipka Area,M/s Dipka Expansion Project South Eastern Coal Fields Limited Dipka Area,2026-08-30 13:35:00,2026-08-30 08:05:00,8.39,12.85,33.42,,0.12,site_5664,Thermo Fisher Scientific India Private Limited,2026-08-30
South Eastern Coalfields Limited,Dipka Area,M/s Dipka Expansion Project South Eastern Coal Fields Limited Dipka Area,2026-08-30 13:34:00,2026-08-30 08:04:00,8.39,12.6,33.41,,0.19,site_5664,Thermo Fisher Scientific India Private Limited,2026-08-30
South Eastern Coalfields Limited,Dipka Area,M/s Dipka Expansion Project South Eastern Coal Fields Limited Dipka Area,2026-08-30 13:34:00,2026-08-30 08:04:00,8.39,12.35,39.12,,0.11,site_5664,Thermo Fisher Scientific India Private Limited,2026-08-30
South Eastern Coalfields Limited,Dipka Area,M/s Dipka Expansion Project South Eastern Coal Fields Limited Dipka Area,2026-08-30 13:33:00,2026-08-30 08:03:00,8.39,11.94,38.61,,0.17,site_5664,Thermo Fisher Scientific India Private Limited,2026-08-30
South Eastern Coalfields Limited,Dipka Area,M/s Dipka Expansion Project South Eastern Coal Fields Limited Dipka Area,2026-08-30 13:33:00,2026-08-30 08:03:00,8.39,11.57,34.63,,0.15,site_5664,Thermo Fisher Scientific India Private Limited,2026-08-30
South Eastern Coalfields Limited,Dipka Area,M/s Dipka Expansion Project South Eastern Coal Fields Limited Dipka Area,2026-08-30 13:32:00,2026-08-30 08:02:00,8.39,11.23,35.4,,0.15,site_5664,Thermo Fisher Scientific India Private Limited,2026-08-30
South Eastern Coalfields Limited,Dipka Area,M/s Dipka Expansion Project South Eastern Coal Fields Limited Dipka Area,2026-08-30 13:32:00,2026-08-30 08:02:00,8.39,11.02,36.97,,0.19,site_5664,Thermo Fisher Scientific India Private Limited,2026-08-30
South Eastern Coalfields Limited,Dipka Area,M/s Dipka Expansion Project South Eastern Coal Fields Limited Dipka Area,2026-08-30 13:31:00,2026-08-30 08:01:00,8.39,10.9,35.25,,0.19,site_5664,Thermo Fisher Scientific India Private Limited,2026-08-30
South Eastern Coalfields Limited,Dipka Area,M/s Dipka Expansion Project South Eastern Coal Fields Limited Dipka Area,2026-08-30 13:31:00,2026-08-30 08:01:00,8.39,10.88,37.71,,0.23,site_5664,Thermo Fisher Scientific India Private Limited,2026-08-30
South Eastern Coalfields Limited,"Bilaspur, CHHATTISGARHr",South Eastern Coalfields  Limited - AQMS_H_Q,2026-08-30 13:30:00,2026-08-30 07:59:00,3.64,,15.08,257.06,0.63,site_5592,Swan Environ,2026-08-30
South Eastern Coalfields Limited,Dipka Area,M/s Dipka Expansion Project South Eastern Coal Fields Limited Dipka Area,2026-08-30 13:30:00,2026-08-30 08:00:00,8.39,11.0,38.39,,0.05,site_5664,Thermo Fisher Scientific India Private Limited,2026-08-30
South Eastern Coalfields Limited,Dipka Area,M/s Dipka Expansion Project South Eastern Coal Fields Limited Dipka Area,2026-08-30 13:30:00,2026-08-30 08:00:00,8.39,11.18,36.48,,0.03,site_5664,Thermo Fisher Scientific India Private Limited,2026-08-30
South Eastern Coalfields Limited,Dipka Area,M/s Dipka Expansion Project South Eastern Coal Fields Limited Dipka Area,2026-08-30 13:29:00,2026-08-30 07:59:00,8.39,11.32,36.57,,0.08,site_5664,Thermo Fisher Scientific India Private Limited,2026-08-30
South Eastern Coalfields Limited,Dipka Area,M/s Dipka Expansion Project South Eastern Coal Fields Limited Dipka Area,2026-08-30 13:29:00,2026-08-30 07:59:00,8.39,11.5,34.84,,0.11,site_5664,Thermo Fisher Scientific India Private Limited,2026-08-30
South Eastern Coalfields Limited,Dipka Area,M/s Dipka Expansion Project South Eastern Coal Fields Limited Dipka Area,2026-08-30 13:28:00,2026-08-30 07:58:00,8.39,11.73,38.32,,0.08,site_5664,Thermo Fisher Scientific India Private Limited,2026-08-30
South Eastern Coalfields Limited,Dipka Area,M/s Dipka Expansion Project South Eastern Coal Fields Limited Dipka Area,2026-08-30 13:28:00,2026-08-30 07:58:00,8.39,11.9,39.46,,0.17,site_5664,Thermo Fisher Scientific India Private Limited,2026-08-30
South Eastern Coalfields Limited,Dipka Area,M/s Dipka Expansion Project South Eastern Coal Fields Limited Dipka Area,2026-08-30 13:27:00,2026-08-30 07:57:00,8.39,11.95,40.1,,0.07,site_5664,Thermo Fisher Scientific India Private Limited,2026-08-30
South Eastern Coalfields Limited,Dipka Area,M/s Dipka Expansion Project South Eastern Coal Fields Limited Dipka Area,2026-08-30 13:27:00,2026-08-30 07:57:00,8.39,11.99,33.57,,0.0,site_5664,Thermo Fisher Scientific India Private Limited,2026-08-30
South Eastern Coalfields Limited,Dipka Area,M/s Dipka Expansion Project South Eastern Coal Fields Limited Dipka Area,2026-08-30 13:26:00,2026-08-30 07:56:00,8.39,12.15,37.45,,0.11,site_5664,Thermo Fisher Scientific India Private Limited,2026-08-30
South Eastern Coalfields Limited,Dipka Area,M/s Dipka Expansion Project South Eastern Coal Fields Limited Dipka Area,2026-08-30 13:26:00,2026-08-30 07:56:00,8.39,12.26,34.24,,0.04,site_5664,Thermo Fisher Scientific India Private Limited,2026-08-30
South Eastern Coalfields Limited,Dipka Area,M/s Dipka Expansion Project South Eastern Coal Fields Limited Dipka Area,2026-08-30 13:25:00,2026-08-30 07:55:00,8.39,12.39,40.49,,0.0,site_5664,Thermo Fisher Scientific India Private Limited,2026-08-30
South Eastern Coalfields Limited,"Gevra , Chattisgarh",SECL GEVRA,2026-08-30 13:25:00,2026-08-30 13:15:00,26.5,48.38,12.93,7.6,0.51,site_,Envea India Pvt Ltd,2026-08-30
South Eastern Coalfields Limited,Dipka Area,M/s Dipka Expansion Project South Eastern Coal Fields Limited Dipka Area,2026-08-30 13:25:00,2026-08-30 07:55:00,8.39,12.39,43.52,,0.0,site_5664,Thermo Fisher Scientific India Private Limited,2026-08-30
South Eastern Coalfields Limited,Dipka Area,M/s Dipka Expansion Project South Eastern Coal Fields Limited Dipka Area,2026-08-30 13:24:00,2026-08-30 07:54:00,8.39,12.55,35.5,,0.05,site_5664,Thermo Fisher Scientific India Private Limited,2026-08-30
South Eastern Coalfields Limited,Dipka Area,M/s Dipka Expansion Project South Eastern Coal Fields Limited Dipka Area,2026-08-30 13:24:00,2026-08-30 07:54:00,8.39,12.68,34.12,,0.04,site_5664,Thermo Fisher Scientific India Private Limited,2026-08-30
South Eastern Coalfields Limited,Dipka Area,M/s Dipka Expansion Project South Eastern Coal Fields Limited Dipka Area,2026-08-30 13:23:00,2026-08-30 07:53:00,8.39,12.93,41.87,,0.11,site_5664,Thermo Fisher Scientific India Private Limited,2026-08-30
South Eastern Coalfields Limited,Dipka Area,M/s Dipka Expansion Project South Eastern Coal Fields Limited Dipka Area,2026-08-30 13:23:00,2026-08-30 07:53:00,8.39,13.27,42.83,,0.18,site_5664,Thermo Fisher Scientific India Private Limited,2026-08-30
South Eastern Coalfields Limited,Dipka Area,M/s Dipka Expansion Project South Eastern Coal Fields Limited Dipka Area,2026-08-30 13:22:00,2026-08-30 07:52:00,8.39,13.73,34.82,,0.32,site_5664,Thermo Fisher Scientific India Private Limited,2026-08-30
South Eastern Coalfields Limited,Dipka Area,M/s Dipka Expansion Project South Eastern Coal Fields Limited Dipka Area,2026-08-30 13:22:00,2026-08-30 07:52:00,8.39,14.27,37.26,,0.37,site_5664,Thermo Fisher Scientific India Private Limited,2026-08-30
South Eastern Coalfields Limited,Dipka Area,M/s Dipka Expansion Project South Eastern Coal Fields Limited Dipka Area,2026-08-30 13:21:00,2026-08-30 07:51:00,8.39,14.79,35.69,,0.4,site_5664,Thermo Fisher Scientific India Private Limited,2026-08-30
South Eastern Coalfields Limited,Dipka Area,M/s Dipka Expansion Project South Eastern Coal Fields Limited Dipka Area,2026-08-30 13:21:00,2026-08-30 07:51:00,8.39,15.36,38.03,,0.51,site_5664,Thermo Fisher Scientific India Private Limited,2026-08-30
South Eastern Coalfields Limited,Dipka Area,M/s Dipka Expansion Project South Eastern Coal Fields Limited Dipka Area,2026-08-30 13:20:00,2026-08-30 07:50:00,8.39,15.78,36.41,,0.64,site_5664,Thermo Fisher Scientific India Private Limited,2026-08-30
South Eastern Coalfields Limited,Dipka Area,M/s Dipka Expansion Project South Eastern Coal Fields Limited Dipka Area,2026-08-30 13:20:00,2026-08-30 07:50:00,8.49,16.08,34.93,,0.55,site_5664,Thermo Fisher Scientific India Private Limited,2026-08-30
South Eastern Coalfields Limited,Dipka Area,M/s Dipka Expansion Project South Eastern Coal Fields Limited Dipka Area,2026-08-30 13:19:00,2026-08-30 07:49:00,8.66,16.37,32.22,,0.34,site_5664,Thermo Fisher Scientific India Private Limited,2026-08-30
South Eastern Coalfields Limited,Dipka Area,M/s Dipka Expansion Project South Eastern Coal Fields Limited Dipka Area,2026-08-30 13:19:00,2026-08-30 07:49:00,8.86,16.49,38.49,,0.49,site_5664,Thermo Fisher Scientific India Private Limited,2026-08-30
South Eastern Coalfields Limited,Dipka Area,M/s Dipka Expansion Project South Eastern Coal Fields Limited Dipka Area,2026-08-30 13:18:00,2026-08-30 07:48:00,8.89,16.67,34.76,,0.5,site_5664,Thermo Fisher Scientific India Private Limited,2026-08-30
South Eastern Coalfields Limited,Dipka Area,M/s Dipka Expansion Project South Eastern Coal Fields Limited Dipka Area,2026-08-30 13:18:00,2026-08-30 07:48:00,8.7,16.67,36.47,,0.43,site_5664,Thermo Fisher Scientific India Private Limited,2026-08-30
South Eastern Coalfields Limited,Dipka Area,M/s Dipka Expansion Project South Eastern Coal Fields Limited Dipka Area,2026-08-30 13:17:00,2026-08-30 07:47:00,8.57,16.59,39.25,,0.32,site_5664,Thermo Fisher Scientific India Private Limited,2026-08-30
South Eastern Coalfields Limited,Dipka Area,M/s Dipka Expansion Project South Eastern Coal Fields Limited Dipka Area,2026-08-30 13:17:00,2026-08-30 07:47:00,8.47,16.54,34.1,,0.31,site_5664,Thermo Fisher Scientific India Private Limited,2026-08-30
South Eastern Coalfields Limited,Dipka Area,M/s Dipka Expansion Project South Eastern Coal Fields Limited Dipka Area,2026-08-30 13:16:00,2026-08-30 07:46:00,8.42,16.42,36.05,,0.3,site_5664,Thermo Fisher Scientific India Private Limited,2026-08-30
South Eastern Coalfields Limited,Dipka Area,M/s Dipka Expansion Project South Eastern Coal Fields Limited Dipka Area,2026-08-30 13:16:00,2026-08-30 07:46:00,8.26,16.37,33.41,,0.3,site_5664,Thermo Fisher Scientific India Private Limited,2026-08-30
South Eastern Coalfields Limited,"Bilaspur, CHHATTISGARHr",South Eastern Coalfields  Limited - AQMS_H_Q,2026-08-30 13:15:00,2026-08-30 07:45:00,3.81,,14.83,267.61,0.67,site_5592,Swan Environ,2026-08-30
South Eastern Coalfields Limited,Dipka Area,M/s Dipka Expansion Project South Eastern Coal Fields Limited Dipka Area,2026-08-30 13:15:00,2026-08-30 07:45:00,7.96,16.35,32.64,,0.27,site_5664,Thermo Fisher Scientific India Private Limited,2026-08-30
South Eastern Coalfields Limited,Dipka Area,M/s Dipka Expansion Project South Eastern Coal Fields Limited Dipka Area,2026-08-30 13:15:00,2026-08-30 07:45:00,7.77,16.39,38.64,,0.36,site_5664,Thermo Fisher Scientific India Private Limited,2026-08-30
South Eastern Coalfields Limited,Dipka Area,M/s Dipka Expansion Project South Eastern Coal Fields Limited Dipka Area,2026-08-30 13:14:00,2026-08-30 07:44:00,7.31,16.6,36.59,,0.45,site_5664,Thermo Fisher Scientific India Private Limited,2026-08-30
South Eastern Coalfields Limited,Dipka Area,M/s Dipka Expansion Project South Eastern Coal Fields Limited Dipka Area,2026-08-30 13:14:00,2026-08-30 07:44:00,6.85,16.78,32.42,,0.41,site_5664,Thermo Fisher Scientific India Private Limited,2026-08-30
South Eastern Coalfields Limited,Dipka Area,M/s Dipka Expansion Project South Eastern Coal Fields Limited Dipka Area,2026-08-30 13:13:00,2026-08-30 07:43:00,6.49,16.93,37.75,,0.34,site_5664,Thermo Fisher Scientific India Private Limited,2026-08-30
South Eastern Coalfields Limited,Dipka Area,M/s Dipka Expansion Project South Eastern Coal Fields Limited Dipka Area,2026-08-30 13:13:00,2026-08-30 07:43:00,6.42,17.09,40.07,,0.31,site_5664,Thermo Fisher Scientific India Private Limited,2026-08-30
South Eastern Coalfields Limited,Dipka Area,M/s Dipka Expansion Project South Eastern Coal Fields Limited Dipka Area,2026-08-30 13:12:00,2026-08-30 07:42:00,6.52,17.29,33.46,,0.32,site_5664,Thermo Fisher Scientific India Private Limited,2026-08-30
South Eastern Coalfields Limited,Dipka Area,M/s Dipka Expansion Project South Eastern Coal Fields Limited Dipka Area,2026-08-30 13:12:00,2026-08-30 07:42:00,6.57,17.46,38.84,,0.38,site_5664,Thermo Fisher Scientific India Private Limited,2026-08-30
South Eastern Coalfields Limited,Dipka Area,M/s Dipka Expansion Project South Eastern Coal Fields Limited Dipka Area,2026-08-30 13:11:00,2026-08-30 07:41:00,6.76,17.61,33.85,,0.23,site_5664,Thermo Fisher Scientific India Private Limited,2026-08-30
South Eastern Coalfields Limited,Dipka Area,M/s Dipka Expansion Project South Eastern Coal Fields Limited Dipka Area,2026-08-30 13:11:00,2026-08-30 07:41:00,7.06,17.59,37.6,,0.15,site_5664,Thermo Fisher Scientific India Private Limited,2026-08-30
South Eastern Coalfields Limited,Dipka Area,M/s Dipka Expansion Project South Eastern Coal Fields Limited Dipka Area,2026-08-30 13:10:00,2026-08-30 07:40:00,7.23,17.58,40.26,,0.21,site_5664,Thermo Fisher Scientific India Private Limited,2026-08-30
South Eastern Coalfields Limited,"Gevra , Chattisgarh",SECL GEVRA,2026-08-30 13:10:00,2026-08-30 13:00:00,20.4,37.88,12.6,6.7,0.36,site_,Envea India Pvt Ltd,2026-08-30
South Eastern Coalfields Limited,Dipka Area,M/s Dipka Expansion Project South Eastern Coal Fields Limited Dipka Area,2026-08-30 13:10:00,2026-08-30 07:40:00,7.42,17.5,40.3,,0.19,site_5664,Thermo Fisher Scientific India Private Limited,2026-08-30
South Eastern Coalfields Limited,Dipka Area,M/s Dipka Expansion Project South Eastern Coal Fields Limited Dipka Area,2026-08-30 13:09:00,2026-08-30 07:39:00,7.74,17.32,39.05,,0.22,site_5664,Thermo Fisher Scientific India Private Limited,2026-08-30
South Eastern Coalfields Limited,Dipka Area,M/s Dipka Expansion Project South Eastern Coal Fields Limited Dipka Area,2026-08-30 13:09:00,2026-08-30 07:39:00,8.01,17.13,38.35,,0.2,site_5664,Thermo Fisher Scientific India Private Limited,2026-08-30
South Eastern Coalfields Limited,Dipka Area,M/s Dipka Expansion Project South Eastern Coal Fields Limited Dipka Area,2026-08-30 13:08:00,2026-08-30 07:38:00,8.22,16.99,39.45,,0.11,site_5664,Thermo Fisher Scientific India Private Limited,2026-08-30
South Eastern Coalfields Limited,Dipka Area,M/s Dipka Expansion Project South Eastern Coal Fields Limited Dipka Area,2026-08-30 13:08:00,2026-08-30 07:38:00,8.22,16.91,37.47,,0.21,site_5664,Thermo Fisher Scientific India Private Limited,2026-08-30
South Eastern Coalfields Limited,Dipka Area,M/s Dipka Expansion Project South Eastern Coal Fields Limited Dipka Area,2026-08-30 13:07:00,2026-08-30 07:37:00,8.17,16.91,40.24,,0.28,site_5664,Thermo Fisher Scientific India Private Limited,2026-08-30
South Eastern Coalfields Limited,Dipka Area,M/s Dipka Expansion Project South Eastern Coal Fields Limited Dipka Area,2026-08-30 13:07:00,2026-08-30 07:37:00,7.96,16.82,39.32,,0.27,site_5664,Thermo Fisher Scientific India Private Limited,2026-08-30
South Eastern Coalfields Limited,Dipka Area,M/s Dipka Expansion Project South Eastern Coal Fields Limited Dipka Area,2026-08-30 13:06:00,2026-08-30 07:36:00,7.54,16.68,42.36,,0.31,site_5664,Thermo Fisher Scientific India Private Limited,2026-08-30
South Eastern Coalfields Limited,Dipka Area,M/s Dipka Expansion Project South Eastern Coal Fields Limited Dipka Area,2026-08-30 13:06:00,2026-08-30 07:36:00,7.17,16.51,36.98,,0.33,site_5664,Thermo Fisher Scientific India Private Limited,2026-08-30
South Eastern Coalfields Limited,Dipka Area,M/s Dipka Expansion Project South Eastern Coal Fields Limited Dipka Area,2026-08-30 13:05:00,2026-08-30 07:35:00,6.62,16.09,39.75,,0.19,site_5664,Thermo Fisher Scientific India Private Limited,2026-08-30
South Eastern Coalfields Limited,Dipka Area,M/s Dipka Expansion Project South Eastern Coal Fields Limited Dipka Area,2026-08-30 13:05:00,2026-08-30 07:35:00,6.04,15.65,39.43,,0.09,site_5664,Thermo Fisher Scientific India Private Limited,2026-08-30
South Eastern Coalfields Limited,Dipka Area,M/s Dipka Expansion Project South Eastern Coal Fields Limited Dipka Area,2026-08-30 13:04:00,2026-08-30 07:34:00,5.39,15.2,37.95,,0.01,site_5664,Thermo Fisher Scientific India Private Limited,2026-08-30
South Eastern Coalfields Limited,Dipka Area,M/s Dipka Expansion Project South Eastern Coal Fields Limited Dipka Area,2026-08-30 13:04:00,2026-08-30 07:34:00,4.79,14.91,34.93,,0.01,site_5664,Thermo Fisher Scientific India Private Limited,2026-08-30
South Eastern Coalfields Limited,Dipka Area,M/s Dipka Expansion Project South Eastern Coal Fields Limited Dipka Area,2026-08-30 13:03:00,2026-08-30 07:33:00,4.07,14.67,42.26,,0.06,site_5664,Thermo Fisher Scientific India Private Limited,2026-08-30
South Eastern Coalfields Limited,Dipka Area,M/s Dipka Expansion Project South Eastern Coal Fields Limited Dipka Area,2026-08-30 13:03:00,2026-08-30 07:33:00,3.38,14.47,36.78,,0.04,site_5664,Thermo Fisher Scientific India Private Limited,2026-08-30
South Eastern Coalfields Limited,Dipka Area,M/s Dipka Expansion Project South Eastern Coal Fields Limited Dipka Area,2026-08-30 13:02:00,2026-08-30 07:32:00,2.68,14.32,34.64,,0.06,site_5664,Thermo Fisher Scientific India Private Limited,2026-08-30
South Eastern Coalfields Limited,Dipka Area,M/s Dipka Expansion Project South Eastern Coal Fields Limited Dipka Area,2026-08-30 13:02:00,2026-08-30 07:32:00,2.19,14.24,33.39,,0.0,site_5664,Thermo Fisher Scientific India Private Limited,2026-08-30
South Eastern Coalfields Limited,Dipka Area,M/s Dipka Expansion Project South Eastern Coal Fields Limited Dipka Area,2026-08-30 13:01:00,2026-08-30 07:31:00,1.61,14.19,40.1,,0.0,site_5664,Thermo Fisher Scientific India Private Limited,2026-08-30
South Eastern Coalfields Limited,Dipka Area,M/s Dipka Expansion Project South Eastern Coal Fields Limited Dipka Area,2026-08-30 13:01:00,2026-08-30 07:31:00,1.17,14.14,39.75,,0.0,site_5664,Thermo Fisher Scientific India Private Limited,2026-08-30
South Eastern Coalfields Limited,"Bilaspur, CHHATTISGARHr",South Eastern Coalfields  Limited - AQMS_H_Q,2026-08-30 13:00:00,2026-08-30 07:30:00,3.34,,13.16,0.0,0.0,site_5592,Swan Environ,2026-08-30
South Eastern Coalfields Limited,Dipka Area,M/s Dipka Expansion Project South Eastern Coal Fields Limited Dipka Area,2026-08-30 13:00:00,2026-08-30 07:30:00,0.72,14.07,35.11,,0.13,site_5664,Thermo Fisher Scientific India Private Limited,2026-08-30
South Eastern Coalfields Limited,Dipka Area,M/s Dipka Expansion Project South Eastern Coal Fields Limited Dipka Area,2026-08-30 12:59:00,2026-08-30 07:29:00,0.33,14.31,31.81,,0.28,site_5664,Thermo Fisher Scientific India Private Limited,2026-08-30
South Eastern Coalfields Limited,Dipka Area,M/s Dipka Expansion Project South Eastern Coal Fields Limited Dipka Area,2026-08-30 12:59:00,2026-08-30 07:29:00,0.23,14.63,39.85,,0.24,site_5664,Thermo Fisher Scientific India Private Limited,2026-08-30
South Eastern Coalfields Limited,Dipka Area,M/s Dipka Expansion Project South Eastern Coal Fields Limited Dipka Area,2026-08-30 12:58:00,2026-08-30 07:28:00,0.14,14.98,36.46,,0.35,site_5664,Thermo Fisher Scientific India Private Limited,2026-08-30
South Eastern Coalfields Limited,Dipka Area,M/s Dipka Expansion Project South Eastern Coal Fields Limited Dipka Area,2026-08-30 12:58:00,2026-08-30 07:28:00,0.06,15.2,35.1,,0.44,site_5664,Thermo Fisher Scientific India Private Limited,2026-08-30
South Eastern Coalfields Limited,Dipka Area,M/s Dipka Expansion Project South Eastern Coal Fields Limited Dipka Area,2026-08-30 12:57:00,2026-08-30 07:27:00,0.24,15.5,44.52,,0.32,site_5664,Thermo Fisher Scientific India Private Limited,2026-08-30
South Eastern Coalfields Limited,Dipka Area,M/s Dipka Expansion Project South Eastern Coal Fields Limited Dipka Area,2026-08-30 12:57:00,2026-08-30 07:27:00,0.46,15.79,32.28,,0.36,site_5664,Thermo Fisher Scientific India Private Limited,2026-08-30
South Eastern Coalfields Limited,Dipka Area,M/s Dipka Expansion Project South Eastern Coal Fields Limited Dipka Area,2026-08-30 12:56:00,2026-08-30 07:26:00,0.93,15.93,40.53,,0.45,site_5664,Thermo Fisher Scientific India Private Limited,2026-08-30
South Eastern Coalfields Limited,Dipka Area,M/s Dipka Expansion Project South Eastern Coal Fields Limited Dipka Area,2026-08-30 12:56:00,2026-08-30 07:26:00,1.4,16.03,36.55,,0.43,site_5664,Thermo Fisher Scientific India Private Limited,2026-08-30
South Eastern Coalfields Limited,Dipka Area,M/s Dipka Expansion Project South Eastern Coal Fields Limited Dipka Area,2026-08-30 12:55:00,2026-08-30 07:25:00,2.04,16.09,36.08,,0.39,site_5664,Thermo Fisher Scientific India Private Limited,2026-08-30
South Eastern Coalfields Limited,"Gevra , Chattisgarh",SECL GEVRA,2026-08-30 12:55:00,2026-08-30 12:45:00,30.6,55.58,13.16,8.21,0.61,site_,Envea India Pvt Ltd,2026-08-30
South Eastern Coalfields Limited,Dipka Area,M/s Dipka Expansion Project South Eastern Coal Fields Limited Dipka Area,2026-08-30 12:55:00,2026-08-30 07:25:00,2.86,16.07,40.6,,0.37,site_5664,Thermo Fisher Scientific India Private Limited,2026-08-30
South Eastern Coalfields Limited,Dipka Area,M/s Dipka Expansion Project South Eastern Coal Fields Limited Dipka Area,2026-08-30 12:54:00,2026-08-30 07:24:00,3.63,16.05,33.43,,0.27,site_5664,Thermo Fisher Scientific India Private Limited,2026-08-30
South Eastern Coalfields Limited,Dipka Area,M/s Dipka Expansion Project South Eastern Coal Fields Limited Dipka Area,2026-08-30 12:54:00,2026-08-30 07:24:00,4.19,15.89,36.65,,0.25,site_5664,Thermo Fisher Scientific India Private Limited,2026-08-30
South Eastern Coalfields Limited,Dipka Area,M/s Dipka Expansion Project South Eastern Coal Fields Limited Dipka Area,2026-08-30 12:53:00,2026-08-30 07:23:00,4.97,15.7,33.27,,0.24,site_5664,Thermo Fisher Scientific India Private Limited,2026-08-30
South Eastern Coalfields Limited,Dipka Area,M/s Dipka Expansion Project South Eastern Coal Fields Limited Dipka Area,2026-08-30 12:53:00,2026-08-30 07:23:00,5.79,15.47,33.01,,0.09,site_5664,Thermo Fisher Scientific India Private Limited,2026-08-30
South Eastern Coalfields Limited,Dipka Area,M/s Dipka Expansion Project South Eastern Coal Fields Limited Dipka Area,2026-08-30 12:52:00,2026-08-30 07:22:00,6.48,15.23,34.84,,0.15,site_5664,Thermo Fisher Scientific India Private Limited,2026-08-30
South Eastern Coalfields Limited,Dipka Area,M/s Dipka Expansion Project South Eastern Coal Fields Limited Dipka Area,2026-08-30 12:52:00,2026-08-30 07:22:00,6.8,15.13,40.34,,0.11,site_5664,Thermo Fisher Scientific India Private Limited,2026-08-30
South Eastern Coalfields Limited,Dipka Area,M/s Dipka Expansion Project South Eastern Coal Fields Limited Dipka Area,2026-08-30 12:51:00,2026-08-30 07:21:00,7.16,14.99,35.5,,0.08,site_5664,Thermo Fisher Scientific India Private Limited,2026-08-30
South Eastern Coalfields Limited,Dipka Area,M/s Dipka Expansion Project South Eastern Coal Fields Limited Dipka Area,2026-08-30 12:51:00,2026-08-30 07:21:00,7.35,14.91,34.08,,0.02,site_5664,Thermo Fisher Scientific India Private Limited,2026-08-30
South Eastern Coalfields Limited,Dipka Area,M/s Dipka Expansion Project South Eastern Coal Fields Limited Dipka Area,2026-08-30 12:50:00,2026-08-30 07:20:00,7.29,14.96,35.53,,0.01,site_5664,Thermo Fisher Scientific India Private Limited,2026-08-30
South Eastern Coalfields Limited,Dipka Area,M/s Dipka Expansion Project South Eastern Coal Fields Limited Dipka Area,2026-08-30 12:50:00,2026-08-30 07:20:00,7.17,15.07,35.65,,0.03,site_5664,Thermo Fisher Scientific India Private Limited,2026-08-30
South Eastern Coalfields Limited,Dipka Area,M/s Dipka Expansion Project South Eastern Coal Fields Limited Dipka Area,2026-08-30 12:49:00,2026-08-30 07:19:00,7.0,15.47,40.53,,0.29,site_5664,Thermo Fisher Scientific India Private Limited,2026-08-30
South Eastern Coalfields Limited,Dipka Area,M/s Dipka Expansion Project South Eastern Coal Fields Limited Dipka Area,2026-08-30 12:49:00,2026-08-30 07:19:00,7.07,15.82,41.97,,0.31,site_5664,Thermo Fisher Scientific India Private Limited,2026-08-30
South Eastern Coalfields Limited,Dipka Area,M/s Dipka Expansion Project South Eastern Coal Fields Limited Dipka Area,2026-08-30 12:48:00,2026-08-30 07:18:00,7.07,16.26,37.59,,0.26,site_5664,Thermo Fisher Scientific India Private Limited,2026-08-30
South Eastern Coalfields Limited,Dipka Area,M/s Dipka Expansion Project South Eastern Coal Fields Limited Dipka Area,2026-08-30 12:48:00,2026-08-30 07:18:00,7.0,16.69,35.05,,0.2,site_5664,Thermo Fisher Scientific India Private Limited,2026-08-30
South Eastern Coalfields Limited,Dipka Area,M/s Dipka Expansion Project South Eastern Coal Fields Limited Dipka Area,2026-08-30 12:47:00,2026-08-30 07:17:00,7.03,17.08,36.72,,0.18,site_5664,Thermo Fisher Scientific India Private Limited,2026-08-30
South Eastern Coalfields Limited,Dipka Area,M/s Dipka Expansion Project South Eastern Coal Fields Limited Dipka Area,2026-08-30 12:47:00,2026-08-30 07:17:00,7.1,17.41,40.38,,0.19,site_5664,Thermo Fisher Scientific India Private Limited,2026-08-30
South Eastern Coalfields Limited,Dipka Area,M/s Dipka Expansion Project South Eastern Coal Fields Limited Dipka Area,2026-08-30 12:46:00,2026-08-30 07:16:00,7.46,17.66,33.31,,0.15,site_5664,Thermo Fisher Scientific India Private Limited,2026-08-30
South Eastern Coalfields Limited,Dipka Area,M/s Dipka Expansion Project South Eastern Coal Fields Limited Dipka Area,2026-08-30 12:46:00,2026-08-30 07:16:00,7.89,17.66,34.61,,0.35,site_5664,Thermo Fisher Scientific India Private Limited,2026-08-30
South Eastern Coalfields Limited,Dipka Area,M/s Dipka Expansion Project South Eastern Coal Fields Limited Dipka Area,2026-08-30 12:45:00,2026-08-30 07:15:00,8.47,17.62,38.36,,0.27,site_5664,Thermo Fisher Scientific India Private Limited,2026-08-30
South Eastern Coalfields Limited,Dipka Area,M/s Dipka Expansion Project South Eastern Coal Fields Limited Dipka Area,2026-08-30 12:45:00,2026-08-30 07:15:00,9.18,17.48,37.17,,0.19,site_5664,Thermo Fisher Scientific India Private Limited,2026-08-30
South Eastern Coalfields Limited,"Bilaspur, CHHATTISGARHr",South Eastern Coalfields  Limited - AQMS_H_Q,2026-08-30 12:45:00,2026-08-30 07:14:00,3.11,,13.01,262.69,0.65,site_5592,Swan Environ,2026-08-30
South Eastern Coalfields Limited,Dipka Area,M/s Dipka Expansion Project South Eastern Coal Fields Limited Dipka Area,2026-08-30 12:44:00,2026-08-30 07:14:00,9.99,17.29,43.37,,0.14,site_5664,Thermo Fisher Scientific India Private Limited,2026-08-30
South Eastern Coalfields Limited,Dipka Area,M/s Dipka Expansion Project South Eastern Coal Fields Limited Dipka Area,2026-08-30 12:44:00,2026-08-30 07:14:00,10.66,17.05,33.99,,0.16,site_5664,Thermo Fisher Scientific India Private Limited,2026-08-30
South Eastern Coalfields Limited,Dipka Area,M/s Dipka Expansion Project South Eastern Coal Fields Limited Dipka Area,2026-08-30 12:43:00,2026-08-30 07:13:00,11.19,16.84,34.98,,0.08,site_5664,Thermo Fisher Scientific India Private Limited,2026-08-30
South Eastern Coalfields Limited,Dipka Area,M/s Dipka Expansion Project South Eastern Coal Fields Limited Dipka Area,2026-08-30 12:43:00,2026-08-30 07:13:00,11.4,16.7,38.78,,0.17,site_5664,Thermo Fisher Scientific India Private Limited,2026-08-30
South Eastern Coalfields Limited,Dipka Area,M/s Dipka Expansion Project South Eastern Coal Fields Limited Dipka Area,2026-08-30 12:42:00,2026-08-30 07:12:00,11.49,16.52,34.89,,0.17,site_5664,Thermo Fisher Scientific India Private Limited,2026-08-30
South Eastern Coalfields Limited,Dipka Area,M/s Dipka Expansion Project South Eastern Coal Fields Limited Dipka Area,2026-08-30 12:42:00,2026-08-30 07:12:00,11.42,16.46,38.87,,0.17,site_5664,Thermo Fisher Scientific India Private Limited,2026-08-30
South Eastern Coalfields Limited,Dipka Area,M/s Dipka Expansion Project South Eastern Coal Fields Limited Dipka Area,2026-08-30 12:41:00,2026-08-30 07:11:00,11.25,16.4,38.05,,0.27,site_5664,Thermo Fisher Scientific India Private Limited,2026-08-30
South Eastern Coalfields Limited,Dipka Area,M/s Dipka Expansion Project South Eastern Coal Fields Limited Dipka Area,2026-08-30 12:41:00,2026-08-30 07:11:00,11.11,16.25,40.56,,0.12,site_5664,Thermo Fisher Scientific India Private Limited,2026-08-30
South Eastern Coalfields Limited,Dipka Area,M/s Dipka Expansion Project South Eastern Coal Fields Limited Dipka Area,2026-08-30 12:40:00,2026-08-30 07:10:00,10.96,16.0,35.1,,0.19,site_5664,Thermo Fisher Scientific India Private Limited,2026-08-30
South Eastern Coalfields Limited,"Gevra , Chattisgarh",SECL GEVRA,2026-08-30 12:40:00,2026-08-30 12:30:00,17.8,33.33,12.45,6.32,0.3,site_,Envea India Pvt Ltd,2026-08-30
South Eastern Coalfields Limited,Dipka Area,M/s Dipka Expansion Project South Eastern Coal Fields Limited Dipka Area,2026-08-30 12:40:00,2026-08-30 07:10:00,10.76,15.78,37.1,,0.29,site_5664,Thermo Fisher Scientific India Private Limited,2026-08-30
South Eastern Coalfields Limited,Dipka Area,M/s Dipka Expansion Project South Eastern Coal Fields Limited Dipka Area,2026-08-30 12:39:00,2026-08-30 07:09:00,10.64,15.65,35.19,,0.21,site_5664,Thermo Fisher Scientific India Private Limited,2026-08-30
South Eastern Coalfields Limited,Dipka Area,M/s Dipka Expansion Project South Eastern Coal Fields Limited Dipka Area,2026-08-30 12:39:00,2026-08-30 07:09:00,10.6,15.59,39.15,,0.16,site_5664,Thermo Fisher Scientific India Private Limited,2026-08-30
South Eastern Coalfields Limited,Dipka Area,M/s Dipka Expansion Project South Eastern Coal Fields Limited Dipka Area,2026-08-30 12:38:00,2026-08-30 07:08:00,10.51,15.46,39.75,,0.23,site_5664,Thermo Fisher Scientific India Private Limited,2026-08-30
South Eastern Coalfields Limited,Dipka Area,M/s Dipka Expansion Project South Eastern Coal Fields Limited Dipka Area,2026-08-30 12:38:00,2026-08-30 07:08:00,10.31,15.42,36.3,,0.24,site_5664,Thermo Fisher Scientific India Private Limited,2026-08-30
South Eastern Coalfields Limited,Dipka Area,M/s Dipka Expansion Project South Eastern Coal Fields Limited Dipka Area,2026-08-30 12:37:00,2026-08-30 07:07:00,9.99,15.35,37.69,,0.33,site_5664,Thermo Fisher Scientific India Private Limited,2026-08-30
South Eastern Coalfields Limited,Dipka Area,M/s Dipka Expansion Project South Eastern Coal Fields Limited Dipka Area,2026-08-30 12:37:00,2026-08-30 07:07:00,9.91,15.26,41.03,,0.29,site_5664,Thermo Fisher Scientific India Private Limited,2026-08-30
South Eastern Coalfields Limited,Dipka Area,M/s Dipka Expansion Project South Eastern Coal Fields Limited Dipka Area,2026-08-30 12:36:00,2026-08-30 07:06:00,9.73,15.12,38.02,,0.21,site_5664,Thermo Fisher Scientific India Private Limited,2026-08-30
South Eastern Coalfields Limited,Dipka Area,M/s Dipka Expansion Project South Eastern Coal Fields Limited Dipka Area,2026-08-30 12:36:00,2026-08-30 07:06:00,9.47,14.9,35.08,,0.26,site_5664,Thermo Fisher Scientific India Private Limited,2026-08-30
South Eastern Coalfields Limited,Dipka Area,M/s Dipka Expansion Project South Eastern Coal Fields Limited Dipka Area,2026-08-30 12:35:00,2026-08-30 07:05:00,9.3,14.72,35.88,,0.34,site_5664,Thermo Fisher Scientific India Private Limited,2026-08-30
South Eastern Coalfields Limited,Dipka Area,M/s Dipka Expansion Project South Eastern Coal Fields Limited Dipka Area,2026-08-30 12:35:00,2026-08-30 07:05:00,9.07,14.52,39.3,,0.3,site_5664,Thermo Fisher Scientific India Private Limited,2026-08-30
South Eastern Coalfields Limited,Dipka Area,M/s Dipka Expansion Project South Eastern Coal Fields Limited Dipka Area,2026-08-30 12:34:00,2026-08-30 07:04:00,8.9,14.35,39.76,,0.27,site_5664,Thermo Fisher Scientific India Private Limited,2026-08-30
South Eastern Coalfields Limited,Dipka Area,M/s Dipka Expansion Project South Eastern Coal Fields Limited Dipka Area,2026-08-30 12:34:00,2026-08-30 07:04:00,8.7,14.18,42.6,,0.28,site_5664,Thermo Fisher Scientific India Private Limited,2026-08-30
South Eastern Coalfields Limited,Dipka Area,M/s Dipka Expansion Project South Eastern Coal Fields Limited Dipka Area,2026-08-30 12:33:00,2026-08-30 07:03:00,8.63,13.93,32.84,,0.35,site_5664,Thermo Fisher Scientific India Private Limited,2026-08-30
South Eastern Coalfields Limited,Dipka Area,M/s Dipka Expansion Project South Eastern Coal Fields Limited Dipka Area,2026-08-30 12:33:00,2026-08-30 07:03:00,8.64,13.74,41.03,,0.28,site_5664,Thermo Fisher Scientific India Private Limited,2026-08-30
South Eastern Coalfields Limited,Dipka Area,M/s Dipka Expansion Project South Eastern Coal Fields Limited Dipka Area,2026-08-30 12:32:00,2026-08-30 07:02:00,8.35,13.32,37.08,,0.27,site_5664,Thermo Fisher Scientific India Private Limited,2026-08-30
South Eastern Coalfields Limited,Dipka Area,M/s Dipka Expansion Project South Eastern Coal Fields Limited Dipka Area,2026-08-30 12:32:00,2026-08-30 07:02:00,8.18,12.84,46.2,,0.3,site_5664,Thermo Fisher Scientific India Private Limited,2026-08-30
South Eastern Coalfields Limited,Dipka Area,M/s Dipka Expansion Project South Eastern Coal Fields Limited Dipka Area,2026-08-30 12:31:00,2026-08-30 07:01:00,7.91,12.24,42.1,,0.31,site_5664,Thermo Fisher Scientific India Private Limited,2026-08-30
South Eastern Coalfields Limited,Dipka Area,M/s Dipka Expansion Project South Eastern Coal Fields Limited Dipka Area,2026-08-30 12:31:00,2026-08-30 07:01:00,7.74,11.73,35.76,,0.17,site_5664,Thermo Fisher Scientific India Private Limited,2026-08-30
South Eastern Coalfields Limited,Dipka Area,M/s Dipka Expansion Project South Eastern Coal Fields Limited Dipka Area,2026-08-30 12:30:00,2026-08-30 07:00:00,7.73,11.31,34.91,,0.11,site_5664,Thermo Fisher Scientific India Private Limited,2026-08-30
South Eastern Coalfields Limited,"Bilaspur, CHHATTISGARHr",South Eastern Coalfields  Limited - AQMS_H_Q,2026-08-30 12:30:00,2026-08-30 06:59:00,2.96,,13.82,278.28,0.89,site_5592,Swan Environ,2026-08-30
South Eastern Coalfields Limited,Dipka Area,M/s Dipka Expansion Project South Eastern Coal Fields Limited Dipka Area,2026-08-30 12:30:00,2026-08-30 07:00:00,7.66,11.07,37.26,,0.19,site_5664,Thermo Fisher Scientific India Private Limited,2026-08-30
South Eastern Coalfields Limited,Dipka Area,M/s Dipka Expansion Project South Eastern Coal Fields Limited Dipka Area,2026-08-30 12:29:00,2026-08-30 06:59:00,7.93,11.01,34.82,,0.32,site_5664,Thermo Fisher Scientific India Private Limited,2026-08-30
South Eastern Coalfields Limited,Dipka Area,M/s Dipka Expansion Project South Eastern Coal Fields Limited Dipka Area,2026-08-30 12:29:00,2026-08-30 06:59:00,8.34,11.05,35.5,,0.4,site_5664,Thermo Fisher Scientific India Private Limited,2026-08-30
South Eastern Coalfields Limited,Dipka Area,M/s Dipka Expansion Project South Eastern Coal Fields Limited Dipka Area,2026-08-30 12:28:00,2026-08-30 06:58:00,8.97,11.17,34.75,,0.38,site_5664,Thermo Fisher Scientific India Private Limited,2026-08-30
South Eastern Coalfields Limited,Dipka Area,M/s Dipka Expansion Project South Eastern Coal Fields Limited Dipka Area,2026-08-30 12:28:00,2026-08-30 06:58:00,9.33,11.29,36.96,,0.38,site_5664,Thermo Fisher Scientific India Private Limited,2026-08-30
South Eastern Coalfields Limited,Dipka Area,M/s Dipka Expansion Project South Eastern Coal Fields Limited Dipka Area,2026-08-30 12:27:00,2026-08-30 06:57:00,9.48,11.45,39.02,,0.28,site_5664,Thermo Fisher Scientific India Private Limited,2026-08-30
South Eastern Coalfields Limited,Dipka Area,M/s Dipka Expansion Project South Eastern Coal Fields Limited Dipka Area,2026-08-30 12:27:00,2026-08-30 06:57:00,9.73,11.56,39.18,,0.28,site_5664,Thermo Fisher Scientific India Private Limited,2026-08-30
South Eastern Coalfields Limited,Dipka Area,M/s Dipka Expansion Project South Eastern Coal Fields Limited Dipka Area,2026-08-30 12:26:00,2026-08-30 06:56:00,10.05,11.79,32.58,,0.35,site_5664,Thermo Fisher Scientific India Private Limited,2026-08-30
South Eastern Coalfields Limited,Dipka Area,M/s Dipka Expansion Project South Eastern Coal Fields Limited Dipka Area,2026-08-30 12:26:00,2026-08-30 06:56:00,10.33,11.98,34.42,,0.44,site_5664,Thermo Fisher Scientific India Private Limited,2026-08-30
South Eastern Coalfields Limited,Dipka Area,M/s Dipka Expansion Project South Eastern Coal Fields Limited Dipka Area,2026-08-30 12:25:00,2026-08-30 06:55:00,10.62,12.22,33.22,,0.33,site_5664,Thermo Fisher Scientific India Private Limited,2026-08-30
South Eastern Coalfields Limited,"Gevra , Chattisgarh",SECL GEVRA,2026-08-30 12:25:00,2026-08-30 12:15:00,31.9,57.83,13.24,8.4,0.64,site_,Envea India Pvt Ltd,2026-08-30
South Eastern Coalfields Limited,Dipka Area,M/s Dipka Expansion Project South Eastern Coal Fields Limited Dipka Area,2026-08-30 12:25:00,2026-08-30 06:55:00,11.08,12.48,39.62,,0.3,site_5664,Thermo Fisher Scientific India Private Limited,2026-08-30
South Eastern Coalfields Limited,Dipka Area,M/s Dipka Expansion Project South Eastern Coal Fields Limited Dipka Area,2026-08-30 12:24:00,2026-08-30 06:54:00,11.81,12.63,41.68,,0.26,site_5664,Thermo Fisher Scientific India Private Limited,2026-08-30
South Eastern Coalfields Limited,Dipka Area,M/s Dipka Expansion Project South Eastern Coal Fields Limited Dipka Area,2026-08-30 12:24:00,2026-08-30 06:54:00,12.46,12.75,32.36,,0.18,site_5664,Thermo Fisher Scientific India Private Limited,2026-08-30
South Eastern Coalfields Limited,Dipka Area,M/s Dipka Expansion Project South Eastern Coal Fields Limited Dipka Area,2026-08-30 12:23:00,2026-08-30 06:53:00,13.11,12.86,34.66,,0.15,site_5664,Thermo Fisher Scientific India Private Limited,2026-08-30
South Eastern Coalfields Limited,Dipka Area,M/s Dipka Expansion Project South Eastern Coal Fields Limited Dipka Area,2026-08-30 12:23:00,2026-08-30 06:53:00,13.55,12.92,41.63,,0.16,site_5664,Thermo Fisher Scientific India Private Limited,2026-08-30
South Eastern Coalfields Limited,Dipka Area,M/s Dipka Expansion Project South Eastern Coal Fields Limited Dipka Area,2026-08-30 12:22:00,2026-08-30 06:52:00,13.93,12.93,37.94,,0.11,site_5664,Thermo Fisher Scientific India Private Limited,2026-08-30
South Eastern Coalfields Limited,Dipka Area,M/s Dipka Expansion Project South Eastern Coal Fields Limited Dipka Area,2026-08-30 12:22:00,2026-08-30 06:52:00,13.95,12.94,35.38,,0.11,site_5664,Thermo Fisher Scientific India Private Limited,2026-08-30
South Eastern Coalfields Limited,Dipka Area,M/s Dipka Expansion Project South Eastern Coal Fields Limited Dipka Area,2026-08-30 12:21:00,2026-08-30 06:51:00,14.08,12.96,33.68,,0.12,site_5664,Thermo Fisher Scientific India Private Limited,2026-08-30
South Eastern Coalfields Limited,Dipka Area,M/s Dipka Expansion Project South Eastern Coal Fields Limited Dipka Area,2026-08-30 12:21:00,2026-08-30 06:51:00,14.35,13.0,36.46,,0.16,site_5664,Thermo Fisher Scientific India Private Limited,2026-08-30
South Eastern Coalfields Limited,Dipka Area,M/s Dipka Expansion Project South Eastern Coal Fields Limited Dipka Area,2026-08-30 12:20:00,2026-08-30 06:50:00,14.73,13.13,32.55,,0.19,site_5664,Thermo Fisher Scientific India Private Limited,2026-08-30
South Eastern Coalfields Limited,Dipka Area,M/s Dipka Expansion Project South Eastern Coal Fields Limited Dipka Area,2026-08-30 12:20:00,2026-08-30 06:50:00,15.22,13.31,33.43,,0.13,site_5664,Thermo Fisher Scientific India Private Limited,2026-08-30
South Eastern Coalfields Limited,Dipka Area,M/s Dipka Expansion Project South Eastern Coal Fields Limited Dipka Area,2026-08-30 12:19:00,2026-08-30 06:49:00,15.71,13.51,40.34,,0.09,site_5664,Thermo Fisher Scientific India Private Limited,2026-08-30
South Eastern Coalfields Limited,Dipka Area,M/s Dipka Expansion Project South Eastern Coal Fields Limited Dipka Area,2026-08-30 12:19:00,2026-08-30 06:49:00,16.38,13.77,35.52,,0.17,site_5664,Thermo Fisher Scientific India Private Limited,2026-08-30
South Eastern Coalfields Limited,Dipka Area,M/s Dipka Expansion Project South Eastern Coal Fields Limited Dipka Area,2026-08-30 12:18:00,2026-08-30 06:48:00,17.04,14.0,37.79,,0.12,site_5664,Thermo Fisher Scientific India Private Limited,2026-08-30
South Eastern Coalfields Limited,Dipka Area,M/s Dipka Expansion Project South Eastern Coal Fields Limited Dipka Area,2026-08-30 12:18:00,2026-08-30 06:48:00,17.38,14.07,36.27,,0.12,site_5664,Thermo Fisher Scientific India Private Limited,2026-08-30
South Eastern Coalfields Limited,Dipka Area,M/s Dipka Expansion Project South Eastern Coal Fields Limited Dipka Area,2026-08-30 12:17:00,2026-08-30 06:47:00,17.6,13.93,35.95,,0.21,site_5664,Thermo Fisher Scientific India Private Limited,2026-08-30
South Eastern Coalfields Limited,Dipka Area,M/s Dipka Expansion Project South Eastern Coal Fields Limited Dipka Area,2026-08-30 12:17:00,2026-08-30 06:47:00,17.6,13.85,33.51,,0.33,site_5664,Thermo Fisher Scientific India Private Limited,2026-08-30
South Eastern Coalfields Limited,Dipka Area,M/s Dipka Expansion Project South Eastern Coal Fields Limited Dipka Area,2026-08-30 12:16:00,2026-08-30 06:46:00,17.67,13.84,36.52,,0.13,site_5664,Thermo Fisher Scientific India Private Limited,2026-08-30
South Eastern Coalfields Limited,Dipka Area,M/s Dipka Expansion Project South Eastern Coal Fields Limited Dipka Area,2026-08-30 12:16:00,2026-08-30 06:46:00,17.69,13.7,37.91,,0.07,site_5664,Thermo Fisher Scientific India Private Limited,2026-08-30
South Eastern Coalfields Limited,Dipka Area,M/s Dipka Expansion Project South Eastern Coal Fields Limited Dipka Area,2026-08-30 12:15:00,2026-08-30 06:45:00,17.51,13.56,38.61,,0.1,site_5664,Thermo Fisher Scientific India Private Limited,2026-08-30
South Eastern Coalfields Limited,"Bilaspur, CHHATTISGARHr",South Eastern Coalfields  Limited - AQMS_H_Q,2026-08-30 12:15:00,2026-08-30 06:44:00,3.58,,14.71,192.36,0.43,site_5592,Swan Environ,2026-08-30
South Eastern Coalfields Limited,Dipka Area,M/s Dipka Expansion Project South Eastern Coal Fields Limited Dipka Area,2026-08-30 12:15:00,2026-08-30 06:45:00,17.41,13.46,34.41,,0.1,site_5664,Thermo Fisher Scientific India Private Limited,2026-08-30
South Eastern Coalfields Limited,Dipka Area,M/s Dipka Expansion Project South Eastern Coal Fields Limited Dipka Area,2026-08-30 12:14:00,2026-08-30 06:44:00,17.25,13.38,33.92,,0.03,site_5664,Thermo Fisher Scientific India Private Limited,2026-08-30
South Eastern Coalfields Limited,Dipka Area,M/s Dipka Expansion Project South Eastern Coal Fields Limited Dipka Area,2026-08-30 12:14:00,2026-08-30 06:44:00,17.14,13.28,36.24,,0.04,site_5664,Thermo Fisher Scientific India Private Limited,2026-08-30
South Eastern Coalfields Limited,Dipka Area,M/s Dipka Expansion Project South Eastern Coal Fields Limited Dipka Area,2026-08-30 12:13:00,2026-08-30 06:43:00,17.0,13.04,41.14,,0.06,site_5664,Thermo Fisher Scientific India Private Limited,2026-08-30
South Eastern Coalfields Limited,Dipka Area,M/s Dipka Expansion Project South Eastern Coal Fields Limited Dipka Area,2026-08-30 12:13:00,2026-08-30 06:43:00,16.82,12.85,39.59,,0.01,site_5664,Thermo Fisher Scientific India Private Limited,2026-08-30
South Eastern Coalfields Limited,Dipka Area,M/s Dipka Expansion Project South Eastern Coal Fields Limited Dipka Area,2026-08-30 12:12:00,2026-08-30 06:42:00,16.53,12.67,35.75,,0.06,site_5664,Thermo Fisher Scientific India Private Limited,2026-08-30
South Eastern Coalfields Limited,Dipka Area,M/s Dipka Expansion Project South Eastern Coal Fields Limited Dipka Area,2026-08-30 12:12:00,2026-08-30 06:42:00,16.24,12.53,43.58,,0.0,site_5664,Thermo Fisher Scientific India Private Limited,2026-08-30
South Eastern Coalfields Limited,Dipka Area,M/s Dipka Expansion Project South Eastern Coal Fields Limited Dipka Area,2026-08-30 12:11:00,2026-08-30 06:41:00,15.97,12.38,37.35,,0.01,site_5664,Thermo Fisher Scientific India Private Limited,2026-08-30
South Eastern Coalfields Limited,Dipka Area,M/s Dipka Expansion Project South Eastern Coal Fields Limited Dipka Area,2026-08-30 12:11:00,2026-08-30 06:41:00,15.77,12.23,36.26,,0.0,site_5664,Thermo Fisher Scientific India Private Limited,2026-08-30
South Eastern Coalfields Limited,Dipka Area,M/s Dipka Expansion Project South Eastern Coal Fields Limited Dipka Area,2026-08-30 12:10:00,2026-08-30 06:40:00,15.51,12.11,38.09,,0.06,site_5664,Thermo Fisher Scientific India Private Limited,2026-08-30
South Eastern Coalfields Limited,"Gevra , Chattisgarh",SECL GEVRA,2026-08-30 12:10:00,2026-08-30 12:00:00,17.6,32.91,12.44,6.28,0.29,site_,Envea India Pvt Ltd,2026-08-30
South Eastern Coalfields Limited,Dipka Area,M/s Dipka Expansion Project South Eastern Coal Fields Limited Dipka Area,2026-08-30 12:10:00,2026-08-30 06:40:00,15.32,12.04,31.47,,0.02,site_5664,Thermo Fisher Scientific India Private Limited,2026-08-30
South Eastern Coalfields Limited,Dipka Area,M/s Dipka Expansion Project South Eastern Coal Fields Limited Dipka Area,2026-08-30 12:09:00,2026-08-30 06:39:00,15.24,11.89,34.21,,0.16,site_5664,Thermo Fisher Scientific India Private Limited,2026-08-30
South Eastern Coalfields Limited,Dipka Area,M/s Dipka Expansion Project South Eastern Coal Fields Limited Dipka Area,2026-08-30 12:09:00,2026-08-30 06:39:00,15.3,11.77,36.72,,0.11,site_5664,Thermo Fisher Scientific India Private Limited,2026-08-30
South Eastern Coalfields Limited,Dipka Area,M/s Dipka Expansion Project South Eastern Coal Fields Limited Dipka Area,2026-08-30 12:08:00,2026-08-30 06:38:00,15.31,11.74,38.52,,0.08,site_5664,Thermo Fisher Scientific India Private Limited,2026-08-30
South Eastern Coalfields Limited,Dipka Area,M/s Dipka Expansion Project South Eastern Coal Fields Limited Dipka Area,2026-08-30 12:08:00,2026-08-30 06:38:00,15.16,11.71,35.27,,0.16,site_5664,Thermo Fisher Scientific India Private Limited,2026-08-30
South Eastern Coalfields Limited,Dipka Area,M/s Dipka Expansion Project South Eastern Coal Fields Limited Dipka Area,2026-08-30 12:07:00,2026-08-30 06:37:00,15.16,11.57,37.98,,0.09,site_5664,Thermo Fisher Scientific India Private Limited,2026-08-30
South Eastern Coalfields Limited,Dipka Area,M/s Dipka Expansion Project South Eastern Coal Fields Limited Dipka Area,2026-08-30 12:07:00,2026-08-30 06:37:00,15.1,11.29,40.15,,0.14,site_5664,Thermo Fisher Scientific India Private Limited,2026-08-30
South Eastern Coalfields Limited,Dipka Area,M/s Dipka Expansion Project South Eastern Coal Fields Limited Dipka Area,2026-08-30 12:06:00,2026-08-30 06:36:00,14.9,11.01,44.93,,0.16,site_5664,Thermo Fisher Scientific India Private Limited,2026-08-30
South Eastern Coalfields Limited,Dipka Area,M/s Dipka Expansion Project South Eastern Coal Fields Limited Dipka Area,2026-08-30 12:06:00,2026-08-30 06:36:00,14.34,10.64,37.65,,0.19,site_5664,Thermo Fisher Scientific India Private Limited,2026-08-30
South Eastern Coalfields Limited,Dipka Area,M/s Dipka Expansion Project South Eastern Coal Fields Limited Dipka Area,2026-08-30 12:05:00,2026-08-30 06:35:00,13.74,10.4,42.52,,0.23,site_5664,Thermo Fisher Scientific India Private Limited,2026-08-30
South Eastern Coalfields Limited,Dipka Area,M/s Dipka Expansion Project South Eastern Coal Fields Limited Dipka Area,2026-08-30 12:05:00,2026-08-30 06:35:00,13.22,10.07,41.79,,0.27,site_5664,Thermo Fisher Scientific India Private Limited,2026-08-30
South Eastern Coalfields Limited,Dipka Area,M/s Dipka Expansion Project South Eastern Coal Fields Limited Dipka Area,2026-08-30 12:04:00,2026-08-30 06:34:00,12.51,9.83,37.41,,0.16,site_5664,Thermo Fisher Scientific India Private Limited,2026-08-30
South Eastern Coalfields Limited,Dipka Area,M/s Dipka Expansion Project South Eastern Coal Fields Limited Dipka Area,2026-08-30 12:04:00,2026-08-30 06:34:00,11.87,9.82,35.47,,0.21,site_5664,Thermo Fisher Scientific India Private Limited,2026-08-30
South Eastern Coalfields Limited,Dipka Area,M/s Dipka Expansion Project South Eastern Coal Fields Limited Dipka Area,2026-08-30 12:03:00,2026-08-30 06:33:00,11.2,9.79,39.4,,0.24,site_5664,Thermo Fisher Scientific India Private Limited,2026-08-30
South Eastern Coalfields Limited,Dipka Area,M/s Dipka Expansion Project South Eastern Coal Fields Limited Dipka Area,2026-08-30 12:03:00,2026-08-30 06:33:00,10.53,9.63,31.62,,0.12,site_5664,Thermo Fisher Scientific India Private Limited,2026-08-30
South Eastern Coalfields Limited,Dipka Area,M/s Dipka Expansion Project South Eastern Coal Fields Limited Dipka Area,2026-08-30 12:02:00,2026-08-30 06:32:00,9.83,9.36,38.62,,0.21,site_5664,Thermo Fisher Scientific India Private Limited,2026-08-30
South Eastern Coalfields Limited,Dipka Area,M/s Dipka Expansion Project South Eastern Coal Fields Limited Dipka Area,2026-08-30 12:02:00,2026-08-30 06:32:00,9.43,9.15,40.32,,0.27,site_5664,Thermo Fisher Scientific India Private Limited,2026-08-30
South Eastern Coalfields Limited,Dipka Area,M/s Dipka Expansion Project South Eastern Coal Fields Limited Dipka Area,2026-08-30 12:01:00,2026-08-30 06:31:00,9.02,8.89,34.82,,0.17,site_5664,Thermo Fisher Scientific India Private Limited,2026-08-30
South Eastern Coalfields Limited,Dipka Area,M/s Dipka Expansion Project South Eastern Coal Fields Limited Dipka Area,2026-08-30 12:01:00,2026-08-30 06:31:00,8.58,8.65,39.13,,0.22,site_5664,Thermo Fisher Scientific India Private Limited,2026-08-30
South Eastern Coalfields Limited,Dipka Area,M/s Dipka Expansion Project South Eastern Coal Fields Limited Dipka Area,2026-08-30 12:00:00,2026-08-30 06:30:00,8.06,8.52,36.95,,0.12,site_5664,Thermo Fisher Scientific India Private Limited,2026-08-30
South Eastern Coalfields Limited,"Bilaspur, CHHATTISGARHr",South Eastern Coalfields  Limited - AQMS_H_Q,2026-08-30 12:00:00,2026-08-30 06:29:00,4.09,,17.44,0.0,0.16,site_5592,Swan Environ,2026-08-30
South Eastern Coalfields Limited,Dipka Area,M/s Dipka Expansion Project South Eastern Coal Fields Limited Dipka Area,2026-08-30 11:59:00,2026-08-30 06:29:00,7.6,8.53,36.24,,0.21,site_5664,Thermo Fisher Scientific India Private Limited,2026-08-30
South Eastern Coalfields Limited,Dipka Area,M/s Dipka Expansion Project South Eastern Coal Fields Limited Dipka Area,2026-08-30 11:59:00,2026-08-30 06:29:00,7.25,8.56,39.22,,0.0,site_5664,Thermo Fisher Scientific India Private Limited,2026-08-30
South Eastern Coalfields Limited,Dipka Area,M/s Dipka Expansion Project South Eastern Coal Fields Limited Dipka Area,2026-08-30 11:58:00,2026-08-30 06:28:00,6.7,8.56,43.18,,0.03,site_5664,Thermo Fisher Scientific India Private Limited,2026-08-30
South Eastern Coalfields Limited,Dipka Area,M/s Dipka Expansion Project South Eastern Coal Fields Limited Dipka Area,2026-08-30 11:58:00,2026-08-30 06:28:00,6.39,8.55,38.76,,0.09,site_5664,Thermo Fisher Scientific India Private Limited,2026-08-30
South Eastern Coalfields Limited,Dipka Area,M/s Dipka Expansion Project South Eastern Coal Fields Limited Dipka Area,2026-08-30 11:57:00,2026-08-30 06:27:00,6.26,8.43,34.38,,0.03,site_5664,Thermo Fisher Scientific India Private Limited,2026-08-30
South Eastern Coalfields Limited,Dipka Area,M/s Dipka Expansion Project South Eastern Coal Fields Limited Dipka Area,2026-08-30 11:57:00,2026-08-30 06:27:00,6.09,8.32,40.82,,0.13,site_5664,Thermo Fisher Scientific India Private Limited,2026-08-30
South Eastern Coalfields Limited,Dipka Area,M/s Dipka Expansion Project South Eastern Coal Fields Limited Dipka Area,2026-08-30 11:56:00,2026-08-30 06:26:00,5.93,8.24,39.79,,0.37,site_5664,Thermo Fisher Scientific India Private Limited,2026-08-30
South Eastern Coalfields Limited,Dipka Area,M/s Dipka Expansion Project South Eastern Coal Fields Limited Dipka Area,2026-08-30 11:56:00,2026-08-30 06:26:00,5.84,8.15,40.82,,0.35,site_5664,Thermo Fisher Scientific India Private Limited,2026-08-30
South Eastern Coalfields Limited,Dipka Area,M/s Dipka Expansion Project South Eastern Coal Fields Limited Dipka Area,2026-08-30 11:55:00,2026-08-30 06:25:00,6.06,8.17,41.17,,0.39,site_5664,Thermo Fisher Scientific India Private Limited,2026-08-30
South Eastern Coalfields Limited,"Gevra , Chattisgarh",SECL GEVRA,2026-08-30 11:55:00,2026-08-30 11:45:00,27.0,49.32,12.96,7.68,0.52,site_,Envea India Pvt Ltd,2026-08-30
South Eastern Coalfields Limited,Dipka Area,M/s Dipka Expansion Project South Eastern Coal Fields Limited Dipka Area,2026-08-30 11:55:00,2026-08-30 06:25:00,6.36,8.09,36.72,,0.39,site_5664,Thermo Fisher Scientific India Private Limited,2026-08-30
South Eastern Coalfields Limited,Dipka Area,M/s Dipka Expansion Project South Eastern Coal Fields Limited Dipka Area,2026-08-30 11:54:00,2026-08-30 06:24:00,6.66,7.95,37.74,,0.46,site_5664,Thermo Fisher Scientific India Private Limited,2026-08-30
South Eastern Coalfields Limited,Dipka Area,M/s Dipka Expansion Project South Eastern Coal Fields Limited Dipka Area,2026-08-30 11:54:00,2026-08-30 06:24:00,6.93,7.76,42.64,,0.58,site_5664,Thermo Fisher Scientific India Private Limited,2026-08-30
South Eastern Coalfields Limited,Dipka Area,M/s Dipka Expansion Project South Eastern Coal Fields Limited Dipka Area,2026-08-30 11:53:00,2026-08-30 06:23:00,7.09,7.47,43.31,,0.64,site_5664,Thermo Fisher Scientific India Private Limited,2026-08-30
South Eastern Coalfields Limited,Dipka Area,M/s Dipka Expansion Project South Eastern Coal Fields Limited Dipka Area,2026-08-30 11:53:00,2026-08-30 06:23:00,7.24,7.26,42.55,,0.8,site_5664,Thermo Fisher Scientific India Private Limited,2026-08-30
South Eastern Coalfields Limited,Dipka Area,M/s Dipka Expansion Project South Eastern Coal Fields Limited Dipka Area,2026-08-30 11:52:00,2026-08-30 06:22:00,7.21,6.96,36.21,,0.81,site_5664,Thermo Fisher Scientific India Private Limited,2026-08-30
South Eastern Coalfields Limited,Dipka Area,M/s Dipka Expansion Project South Eastern Coal Fields Limited Dipka Area,2026-08-30 11:52:00,2026-08-30 06:22:00,7.04,6.82,45.86,,0.55,site_5664,Thermo Fisher Scientific India Private Limited,2026-08-30
South Eastern Coalfields Limited,Dipka Area,M/s Dipka Expansion Project South Eastern Coal Fields Limited Dipka Area,2026-08-30 11:51:00,2026-08-30 06:21:00,6.85,6.66,47.05,,0.49,site_5664,Thermo Fisher Scientific India Private Limited,2026-08-30
South Eastern Coalfields Limited,Dipka Area,M/s Dipka Expansion Project South Eastern Coal Fields Limited Dipka Area,2026-08-30 11:51:00,2026-08-30 06:21:00,6.72,6.52,40.39,,0.48,site_5664,Thermo Fisher Scientific India Private Limited,2026-08-30
South Eastern Coalfields Limited,Dipka Area,M/s Dipka Expansion Project South Eastern Coal Fields Limited Dipka Area,2026-08-30 11:50:00,2026-08-30 06:20:00,6.72,6.46,38.99,,0.61,site_5664,Thermo Fisher Scientific India Private Limited,2026-08-30
South Eastern Coalfields Limited,Dipka Area,M/s Dipka Expansion Project South Eastern Coal Fields Limited Dipka Area,2026-08-30 11:50:00,2026-08-30 06:20:00,6.61,6.38,36.69,,0.42,site_5664,Thermo Fisher Scientific India Private Limited,2026-08-30
South Eastern Coalfields Limited,Dipka Area,M/s Dipka Expansion Project South Eastern Coal Fields Limited Dipka Area,2026-08-30 11:49:00,2026-08-30 06:19:00,6.65,6.3,36.31,,0.43,site_5664,Thermo Fisher Scientific India Private Limited,2026-08-30
South Eastern Coalfields Limited,Dipka Area,M/s Dipka Expansion Project South Eastern Coal Fields Limited Dipka Area,2026-08-30 11:49:00,2026-08-30 06:19:00,6.67,6.32,40.94,,0.5,site_5664,Thermo Fisher Scientific India Private Limited,2026-08-30
South Eastern Coalfields Limited,Dipka Area,M/s Dipka Expansion Project South Eastern Coal Fields Limited Dipka Area,2026-08-30 11:48:00,2026-08-30 06:18:00,6.63,6.45,39.04,,0.47,site_5664,Thermo Fisher Scientific India Private Limited,2026-08-30
South Eastern Coalfields Limited,Dipka Area,M/s Dipka Expansion Project South Eastern Coal Fields Limited Dipka Area,2026-08-30 11:48:00,2026-08-30 06:18:00,6.45,6.71,39.13,,0.33,site_5664,Thermo Fisher Scientific India Private Limited,2026-08-30
South Eastern Coalfields Limited,Dipka Area,M/s Dipka Expansion Project South Eastern Coal Fields Limited Dipka Area,2026-08-30 11:47:00,2026-08-30 06:17:00,6.42,7.0,44.13,,0.41,site_5664,Thermo Fisher Scientific India Private Limited,2026-08-30
South Eastern Coalfields Limited,Dipka Area,M/s Dipka Expansion Project South Eastern Coal Fields Limited Dipka Area,2026-08-30 11:47:00,2026-08-30 06:17:00,6.58,7.27,39.56,,0.58,site_5664,Thermo Fisher Scientific India Private Limited,2026-08-30
South Eastern Coalfields Limited,Dipka Area,M/s Dipka Expansion Project South Eastern Coal Fields Limited Dipka Area,2026-08-30 11:46:00,2026-08-30 06:16:00,6.7,7.54,29.87,,0.51,site_5664,Thermo Fisher Scientific India Private Limited,2026-08-30
South Eastern Coalfields Limited,Dipka Area,M/s Dipka Expansion Project South Eastern Coal Fields Limited Dipka Area,2026-08-30 11:46:00,2026-08-30 06:16:00,6.81,7.73,37.47,,0.43,site_5664,Thermo Fisher Scientific India Private Limited,2026-08-30
South Eastern Coalfields Limited,"Bilaspur, CHHATTISGARHr",South Eastern Coalfields  Limited - AQMS_H_Q,2026-08-30 11:45:00,2026-08-30 06:15:00,3.7,,17.28,269.14,0.43,site_5592,Swan Environ,2026-08-30
South Eastern Coalfields Limited,Dipka Area,M/s Dipka Expansion Project South Eastern Coal Fields Limited Dipka Area,2026-08-30 11:45:00,2026-08-30 06:15:00,7.06,7.81,43.12,,0.26,site_5664,Thermo Fisher Scientific India Private Limited,2026-08-30
South Eastern Coalfields Limited,Dipka Area,M/s Dipka Expansion Project South Eastern Coal Fields Limited Dipka Area,2026-08-30 11:45:00,2026-08-30 06:15:00,7.57,7.8,41.47,,0.43,site_5664,Thermo Fisher Scientific India Private Limited,2026-08-30
South Eastern Coalfields Limited,Dipka Area,M/s Dipka Expansion Project South Eastern Coal Fields Limited Dipka Area,2026-08-30 11:44:00,2026-08-30 06:14:00,7.97,7.81,35.19,,0.34,site_5664,Thermo Fisher Scientific India Private Limited,2026-08-30
South Eastern Coalfields Limited,Dipka Area,M/s Dipka Expansion Project South Eastern Coal Fields Limited Dipka Area,2026-08-30 11:44:00,2026-08-30 06:14:00,8.15,7.91,33.59,,0.28,site_5664,Thermo Fisher Scientific India Private Limited,2026-08-30
South Eastern Coalfields Limited,Dipka Area,M/s Dipka Expansion Project South Eastern Coal Fields Limited Dipka Area,2026-08-30 11:43:00,2026-08-30 06:13:00,8.3,8.02,35.68,,0.37,site_5664,Thermo Fisher Scientific India Private Limited,2026-08-30
South Eastern Coalfields Limited,Dipka Area,M/s Dipka Expansion Project South Eastern Coal Fields Limited Dipka Area,2026-08-30 11:43:00,2026-08-30 06:13:00,8.51,8.06,46.29,,0.39,site_5664,Thermo Fisher Scientific India Private Limited,2026-08-30
South Eastern Coalfields Limited,Dipka Area,M/s Dipka Expansion Project South Eastern Coal Fields Limited Dipka Area,2026-08-30 11:42:00,2026-08-30 06:12:00,8.7,8.23,43.12,,0.43,site_5664,Thermo Fisher Scientific India Private Limited,2026-08-30
South Eastern Coalfields Limited,Dipka Area,M/s Dipka Expansion Project South Eastern Coal Fields Limited Dipka Area,2026-08-30 11:42:00,2026-08-30 06:12:00,8.82,8.41,37.22,,0.08,site_5664,Thermo Fisher Scientific India Private Limited,2026-08-30
South Eastern Coalfields Limited,Dipka Area,M/s Dipka Expansion Project South Eastern Coal Fields Limited Dipka Area,2026-08-30 11:41:00,2026-08-30 06:11:00,9.02,8.55,35.16,,0.03,site_5664,Thermo Fisher Scientific India Private Limited,2026-08-30
South Eastern Coalfields Limited,Dipka Area,M/s Dipka Expansion Project South Eastern Coal Fields Limited Dipka Area,2026-08-30 11:41:00,2026-08-30 06:11:00,9.3,8.6,38.96,,0.15,site_5664,Thermo Fisher Scientific India Private Limited,2026-08-30
South Eastern Coalfields Limited,Dipka Area,M/s Dipka Expansion Project South Eastern Coal Fields Limited Dipka Area,2026-08-30 11:40:00,2026-08-30 06:10:00,9.58,8.56,41.33,,0.15,site_5664,Thermo Fisher Scientific India Private Limited,2026-08-30
South Eastern Coalfields Limited,"Gevra , Chattisgarh",SECL GEVRA,2026-08-30 11:40:00,2026-08-30 11:30:00,46.6,83.33,14.05,10.57,0.99,site_,Envea India Pvt Ltd,2026-08-30
South Eastern Coalfields Limited,Dipka Area,M/s Dipka Expansion Project South Eastern Coal Fields Limited Dipka Area,2026-08-30 11:40:00,2026-08-30 06:10:00,9.76,8.43,39.75,,0.14,site_5664,Thermo Fisher Scientific India Private Limited,2026-08-30
South Eastern Coalfields Limited,Dipka Area,M/s Dipka Expansion Project South Eastern Coal Fields Limited Dipka Area,2026-08-30 11:39:00,2026-08-30 06:09:00,9.75,8.16,36.07,,0.19,site_5664,Thermo Fisher Scientific India Private Limited,2026-08-30
South Eastern Coalfields Limited,Dipka Area,M/s Dipka Expansion Project South Eastern Coal Fields Limited Dipka Area,2026-08-30 11:39:00,2026-08-30 06:09:00,9.49,7.8,36.0,,0.27,site_5664,Thermo Fisher Scientific India Private Limited,2026-08-30
South Eastern Coalfields Limited,Dipka Area,M/s Dipka Expansion Project South Eastern Coal Fields Limited Dipka Area,2026-08-30 11:38:00,2026-08-30 06:08:00,9.19,7.49,40.53,,0.19,site_5664,Thermo Fisher Scientific India Private Limited,2026-08-30
South Eastern Coalfields Limited,Dipka Area,M/s Dipka Expansion Project South Eastern Coal Fields Limited Dipka Area,2026-08-30 11:38:00,2026-08-30 06:08:00,8.79,7.27,43.17,,0.2,site_5664,Thermo Fisher Scientific India Private Limited,2026-08-30
South Eastern Coalfields Limited,Dipka Area,M/s Dipka Expansion Project South Eastern Coal Fields Limited Dipka Area,2026-08-30 11:37:00,2026-08-30 06:07:00,8.33,7.23,32.63,,0.12,site_5664,Thermo Fisher Scientific India Private Limited,2026-08-30
South Eastern Coalfields Limited,Dipka Area,M/s Dipka Expansion Project South Eastern Coal Fields Limited Dipka Area,2026-08-30 11:37:00,2026-08-30 06:07:00,7.81,7.34,37.85,,0.53,site_5664,Thermo Fisher Scientific India Private Limited,2026-08-30
South Eastern Coalfields Limited,Dipka Area,M/s Dipka Expansion Project South Eastern Coal Fields Limited Dipka Area,2026-08-30 11:36:00,2026-08-30 06:06:00,7.43,7.55,37.87,,0.57,site_5664,Thermo Fisher Scientific India Private Limited,2026-08-30
South Eastern Coalfields Limited,Dipka Area,M/s Dipka Expansion Project South Eastern Coal Fields Limited Dipka Area,2026-08-30 11:36:00,2026-08-30 06:06:00,7.08,7.8,45.37,,0.48,site_5664,Thermo Fisher Scientific India Private Limited,2026-08-30
South Eastern Coalfields Limited,Dipka Area,M/s Dipka Expansion Project South Eastern Coal Fields Limited Dipka Area,2026-08-30 11:35:00,2026-08-30 06:05:00,6.59,7.94,43.08,,0.57,site_5664,Thermo Fisher Scientific India Private Limited,2026-08-30
South Eastern Coalfields Limited,Dipka Area,M/s Dipka Expansion Project South Eastern Coal Fields Limited Dipka Area,2026-08-30 11:35:00,2026-08-30 06:05:00,6.19,8.06,36.73,,0.46,site_5664,Thermo Fisher Scientific India Private Limited,2026-08-30
South Eastern Coalfields Limited,Dipka Area,M/s Dipka Expansion Project South Eastern Coal Fields Limited Dipka Area,2026-08-30 11:34:00,2026-08-30 06:04:00,5.72,8.11,36.51,,0.49,site_5664,Thermo Fisher Scientific India Private Limited,2026-08-30
South Eastern Coalfields Limited,Dipka Area,M/s Dipka Expansion Project South Eastern Coal Fields Limited Dipka Area,2026-08-30 11:34:00,2026-08-30 06:04:00,5.32,8.1,39.43,,0.44,site_5664,Thermo Fisher Scientific India Private Limited,2026-08-30
South Eastern Coalfields Limited,Dipka Area,M/s Dipka Expansion Project South Eastern Coal Fields Limited Dipka Area,2026-08-30 11:33:00,2026-08-30 06:03:00,4.89,8.23,40.73,,0.31,site_5664,Thermo Fisher Scientific India Private Limited,2026-08-30
South Eastern Coalfields Limited,Dipka Area,M/s Dipka Expansion Project South Eastern Coal Fields Limited Dipka Area,2026-08-30 11:33:00,2026-08-30 06:03:00,4.6,8.25,40.79,,0.24,site_5664,Thermo Fisher Scientific India Private Limited,2026-08-30
South Eastern Coalfields Limited,Dipka Area,M/s Dipka Expansion Project South Eastern Coal Fields Limited Dipka Area,2026-08-30 11:32:00,2026-08-30 06:02:00,4.33,8.38,35.37,,0.25,site_5664,Thermo Fisher Scientific India Private Limited,2026-08-30
South Eastern Coalfields Limited,Dipka Area,M/s Dipka Expansion Project South Eastern Coal Fields Limited Dipka Area,2026-08-30 11:32:00,2026-08-30 06:02:00,4.08,8.43,38.77,,0.16,site_5664,Thermo Fisher Scientific India Private Limited,2026-08-30
South Eastern Coalfields Limited,Dipka Area,M/s Dipka Expansion Project South Eastern Coal Fields Limited Dipka Area,2026-08-30 11:31:00,2026-08-30 06:01:00,3.88,8.41,39.33,,0.13,site_5664,Thermo Fisher Scientific India Private Limited,2026-08-30
South Eastern Coalfields Limited,Dipka Area,M/s Dipka Expansion Project South Eastern Coal Fields Limited Dipka Area,2026-08-30 11:31:00,2026-08-30 06:01:00,3.69,8.3,38.26,,0.16,site_5664,Thermo Fisher Scientific India Private Limited,2026-08-30
South Eastern Coalfields Limited,"Bilaspur, CHHATTISGARHr",South Eastern Coalfields  Limited - AQMS_H_Q,2026-08-30 11:30:00,2026-08-30 06:00:00,3.85,,14.56,178.92,0.21,site_5592,Swan Environ,2026-08-30
South Eastern Coalfields Limited,Dipka Area,M/s Dipka Expansion Project South Eastern Coal Fields Limited Dipka Area,2026-08-30 11:30:00,2026-08-30 06:00:00,3.32,8.06,33.96,,0.08,site_5664,Thermo Fisher Scientific India Private Limited,2026-08-30
South Eastern Coalfields Limited,Dipka Area,M/s Dipka Expansion Project South Eastern Coal Fields Limited Dipka Area,2026-08-30 11:30:00,2026-08-30 06:00:00,2.93,7.99,40.92,,0.06,site_5664,Thermo Fisher Scientific India Private Limited,2026-08-30
South Eastern Coalfields Limited,Dipka Area,M/s Dipka Expansion Project South Eastern Coal Fields Limited Dipka Area,2026-08-30 11:29:00,2026-08-30 05:59:00,2.32,7.97,39.24,,0.0,site_5664,Thermo Fisher Scientific India Private Limited,2026-08-30
South Eastern Coalfields Limited,Dipka Area,M/s Dipka Expansion Project South Eastern Coal Fields Limited Dipka Area,2026-08-30 11:29:00,2026-08-30 05:59:00,1.83,7.96,43.09,,0.0,site_5664,Thermo Fisher Scientific India Private Limited,2026-08-30
South Eastern Coalfields Limited,Dipka Area,M/s Dipka Expansion Project South Eastern Coal Fields Limited Dipka Area,2026-08-30 11:28:00,2026-08-30 05:58:00,1.11,8.11,43.03,,0.06,site_5664,Thermo Fisher Scientific India Private Limited,2026-08-30
South Eastern Coalfields Limited,Dipka Area,M/s Dipka Expansion Project South Eastern Coal Fields Limited Dipka Area,2026-08-30 11:28:00,2026-08-30 05:58:00,0.48,8.3,39.5,,0.06,site_5664,Thermo Fisher Scientific India Private Limited,2026-08-30
South Eastern Coalfields Limited,Dipka Area,M/s Dipka Expansion Project South Eastern Coal Fields Limited Dipka Area,2026-08-30 11:27:00,2026-08-30 05:57:00,0.0,8.59,38.03,,0.0,site_5664,Thermo Fisher Scientific India Private Limited,2026-08-30
South Eastern Coalfields Limited,Dipka Area,M/s Dipka Expansion Project South Eastern Coal Fields Limited Dipka Area,2026-08-30 11:27:00,2026-08-30 05:57:00,0.0,8.86,41.35,,0.01,site_5664,Thermo Fisher Scientific India Private Limited,2026-08-30
South Eastern Coalfields Limited,Dipka Area,M/s Dipka Expansion Project South Eastern Coal Fields Limited Dipka Area,2026-08-30 11:26:00,2026-08-30 05:56:00,0.0,9.17,32.39,,0.16,site_5664,Thermo Fisher Scientific India Private Limited,2026-08-30
South Eastern Coalfields Limited,Dipka Area,M/s Dipka Expansion Project South Eastern Coal Fields Limited Dipka Area,2026-08-30 11:26:00,2026-08-30 05:56:00,0.0,9.51,42.56,,0.15,site_5664,Thermo Fisher Scientific India Private Limited,2026-08-30
South Eastern Coalfields Limited,Dipka Area,M/s Dipka Expansion Project South Eastern Coal Fields Limited Dipka Area,2026-08-30 11:25:00,2026-08-30 05:55:00,0.0,9.71,44.17,,0.19,site_5664,Thermo Fisher Scientific India Private Limited,2026-08-30
South Eastern Coalfields Limited,"Gevra , Chattisgarh",SECL GEVRA,2026-08-30 11:25:00,2026-08-30 11:15:00,49.5,88.44,14.22,11.01,1.06,site_,Envea India Pvt Ltd,2026-08-30
South Eastern Coalfields Limited,Dipka Area,M/s Dipka Expansion Project South Eastern Coal Fields Limited Dipka Area,2026-08-30 11:25:00,2026-08-30 05:55:00,0.0,9.78,43.83,,0.22,site_5664,Thermo Fisher Scientific India Private Limited,2026-08-30
South Eastern Coalfields Limited,Dipka Area,M/s Dipka Expansion Project South Eastern Coal Fields Limited Dipka Area,2026-08-30 11:24:00,2026-08-30 05:54:00,0.0,9.77,41.32,,0.34,site_5664,Thermo Fisher Scientific India Private Limited,2026-08-30
South Eastern Coalfields Limited,Dipka Area,M/s Dipka Expansion Project South Eastern Coal Fields Limited Dipka Area,2026-08-30 11:24:00,2026-08-30 05:54:00,0.0,9.68,37.07,,0.35,site_5664,Thermo Fisher Scientific India Private Limited,2026-08-30
South Eastern Coalfields Limited,Dipka Area,M/s Dipka Expansion Project South Eastern Coal Fields Limited Dipka Area,2026-08-30 11:23:00,2026-08-30 05:53:00,0.0,9.58,40.62,,0.42,site_5664,Thermo Fisher Scientific India Private Limited,2026-08-30
South Eastern Coalfields Limited,Dipka Area,M/s Dipka Expansion Project South Eastern Coal Fields Limited Dipka Area,2026-08-30 11:23:00,2026-08-30 05:53:00,0.0,9.53,43.05,,0.6,site_5664,Thermo Fisher Scientific India Private Limited,2026-08-30
South Eastern Coalfields Limited,Dipka Area,M/s Dipka Expansion Project South Eastern Coal Fields Limited Dipka Area,2026-08-30 11:22:00,2026-08-30 05:52:00,0.42,9.57,37.41,,0.58,site_5664,Thermo Fisher Scientific India Private Limited,2026-08-30
South Eastern Coalfields Limited,Dipka Area,M/s Dipka Expansion Project South Eastern Coal Fields Limited Dipka Area,2026-08-30 11:22:00,2026-08-30 05:52:00,0.9,9.72,41.55,,0.57,site_5664,Thermo Fisher Scientific India Private Limited,2026-08-30
South Eastern Coalfields Limited,Dipka Area,M/s Dipka Expansion Project South Eastern Coal Fields Limited Dipka Area,2026-08-30 11:21:00,2026-08-30 05:51:00,1.4,10.0,34.02,,0.4,site_5664,Thermo Fisher Scientific India Private Limited,2026-08-30
South Eastern Coalfields Limited,Dipka Area,M/s Dipka Expansion Project South Eastern Coal Fields Limited Dipka Area,2026-08-30 11:21:00,2026-08-30 05:51:00,1.8,10.4,40.76,,0.36,site_5664,Thermo Fisher Scientific India Private Limited,2026-08-30
South Eastern Coalfields Limited,Dipka Area,M/s Dipka Expansion Project South Eastern Coal Fields Limited Dipka Area,2026-08-30 11:20:00,2026-08-30 05:50:00,2.28,10.67,42.99,,0.31,site_5664,Thermo Fisher Scientific India Private Limited,2026-08-30
South Eastern Coalfields Limited,Dipka Area,M/s Dipka Expansion Project South Eastern Coal Fields Limited Dipka Area,2026-08-30 11:20:00,2026-08-30 05:50:00,2.52,10.82,34.36,,0.44,site_5664,Thermo Fisher Scientific India Private Limited,2026-08-30
South Eastern Coalfields Limited,Dipka Area,M/s Dipka Expansion Project South Eastern Coal Fields Limited Dipka Area,2026-08-30 11:19:00,2026-08-30 05:49:00,2.68,10.9,36.2,,0.38,site_5664,Thermo Fisher Scientific India Private Limited,2026-08-30
South Eastern Coalfields Limited,Dipka Area,M/s Dipka Expansion Project South Eastern Coal Fields Limited Dipka Area,2026-08-30 11:19:00,2026-08-30 05:49:00,3.07,10.89,34.3,,0.36,site_5664,Thermo Fisher Scientific India Private Limited,2026-08-30
South Eastern Coalfields Limited,Dipka Area,M/s Dipka Expansion Project South Eastern Coal Fields Limited Dipka Area,2026-08-30 11:18:00,2026-08-30 05:48:00,3.55,10.81,38.99,,0.28,site_5664,Thermo Fisher Scientific India Private Limited,2026-08-30
South Eastern Coalfields Limited,Dipka Area,M/s Dipka Expansion Project South Eastern Coal Fields Limited Dipka Area,2026-08-30 11:18:00,2026-08-30 05:48:00,4.0,10.61,40.14,,0.08,site_5664,Thermo Fisher Scientific India Private Limited,2026-08-30
South Eastern Coalfields Limited,Dipka Area,M/s Dipka Expansion Project South Eastern Coal Fields Limited Dipka Area,2026-08-30 11:17:00,2026-08-30 05:47:00,4.47,10.47,35.49,,0.02,site_5664,Thermo Fisher Scientific India Private Limited,2026-08-30
South Eastern Coalfields Limited,Dipka Area,M/s Dipka Expansion Project South Eastern Coal Fields Limited Dipka Area,2026-08-30 11:17:00,2026-08-30 05:47:00,5.3,10.31,30.05,,0.08,site_5664,Thermo Fisher Scientific India Private Limited,2026-08-30
South Eastern Coalfields Limited,Dipka Area,M/s Dipka Expansion Project South Eastern Coal Fields Limited Dipka Area,2026-08-30 11:16:00,2026-08-30 05:46:00,6.15,10.21,37.9,,0.2,site_5664,Thermo Fisher Scientific India Private Limited,2026-08-30
South Eastern Coalfields Limited,Dipka Area,M/s Dipka Expansion Project South Eastern Coal Fields Limited Dipka Area,2026-08-30 11:16:00,2026-08-30 05:46:00,6.62,10.13,38.1,,0.16,site_5664,Thermo Fisher Scientific India Private Limited,2026-08-30
South Eastern Coalfields Limited,Dipka Area,M/s Dipka Expansion Project South Eastern Coal Fields Limited Dipka Area,2026-08-30 11:15:00,2026-08-30 05:45:00,7.15,10.1,34.19,,0.17,site_5664,Thermo Fisher Scientific India Private Limited,2026-08-30
South Eastern Coalfields Limited,"Bilaspur, CHHATTISGARHr",South Eastern Coalfields  Limited - AQMS_H_Q,2026-08-30 11:15:00,2026-08-30 05:44:00,3.76,,15.64,315.67,0.17,site_5592,Swan Environ,2026-08-30
South Eastern Coalfields Limited,Dipka Area,M/s Dipka Expansion Project South Eastern Coal Fields Limited Dipka Area,2026-08-30 11:15:00,2026-08-30 05:45:00,7.72,10.11,41.1,,0.1,site_5664,Thermo Fisher Scientific India Private Limited,2026-08-30
South Eastern Coalfields Limited,Dipka Area,M/s Dipka Expansion Project South Eastern Coal Fields Limited Dipka Area,2026-08-30 11:14:00,2026-08-30 05:44:00,8.32,10.16,38.34,,0.0,site_5664,Thermo Fisher Scientific India Private Limited,2026-08-30
South Eastern Coalfields Limited,Dipka Area,M/s Dipka Expansion Project South Eastern Coal Fields Limited Dipka Area,2026-08-30 11:14:00,2026-08-30 05:44:00,8.8,10.13,34.39,,0.0,site_5664,Thermo Fisher Scientific India Private Limited,2026-08-30
South Eastern Coalfields Limited,Dipka Area,M/s Dipka Expansion Project South Eastern Coal Fields Limited Dipka Area,2026-08-30 11:13:00,2026-08-30 05:43:00,9.05,10.0,39.66,,0.0,site_5664,Thermo Fisher Scientific India Private Limited,2026-08-30
South Eastern Coalfields Limited,Dipka Area,M/s Dipka Expansion Project South Eastern Coal Fields Limited Dipka Area,2026-08-30 11:13:00,2026-08-30 05:43:00,9.26,9.95,39.67,,0.0,site_5664,Thermo Fisher Scientific India Private Limited,2026-08-30
South Eastern Coalfields Limited,Dipka Area,M/s Dipka Expansion Project South Eastern Coal Fields Limited Dipka Area,2026-08-30 11:12:00,2026-08-30 05:42:00,9.46,9.86,35.89,,0.06,site_5664,Thermo Fisher Scientific India Private Limited,2026-08-30
South Eastern Coalfields Limited,Dipka Area,M/s Dipka Expansion Project South Eastern Coal Fields Limited Dipka Area,2026-08-30 11:12:00,2026-08-30 05:42:00,9.48,9.71,37.05,,0.0,site_5664,Thermo Fisher Scientific India Private Limited,2026-08-30
South Eastern Coalfields Limited,Dipka Area,M/s Dipka Expansion Project South Eastern Coal Fields Limited Dipka Area,2026-08-30 11:11:00,2026-08-30 05:41:00,9.51,9.37,37.66,,0.0,site_5664,Thermo Fisher Scientific India Private Limited,2026-08-30
South Eastern Coalfields Limited,Dipka Area,M/s Dipka Expansion Project South Eastern Coal Fields Limited Dipka Area,2026-08-30 11:11:00,2026-08-30 05:41:00,9.29,9.06,42.53,,0.0,site_5664,Thermo Fisher Scientific India Private Limited,2026-08-30
South Eastern Coalfields Limited,Dipka Area,M/s Dipka Expansion Project South Eastern Coal Fields Limited Dipka Area,2026-08-30 11:10:00,2026-08-30 05:40:00,9.08,8.74,37.02,,0.0,site_5664,Thermo Fisher Scientific India Private Limited,2026-08-30
South Eastern Coalfields Limited,Dipka Area,M/s Dipka Expansion Project South Eastern Coal Fields Limited Dipka Area,2026-08-30 11:10:00,2026-08-30 05:40:00,9.08,8.26,32.04,,0.0,site_5664,Thermo Fisher Scientific India Private Limited,2026-08-30
South Eastern Coalfields Limited,"Gevra , Chattisgarh",SECL GEVRA,2026-08-30 11:10:00,2026-08-30 11:00:00,52.2,93.17,14.37,11.41,1.13,site_,Envea India Pvt Ltd,2026-08-30
South Eastern Coalfields Limited,Dipka Area,M/s Dipka Expansion Project South Eastern Coal Fields Limited Dipka Area,2026-08-30 11:09:00,2026-08-30 05:39:00,9.08,7.65,39.59,,0.0,site_5664,Thermo Fisher Scientific India Private Limited,2026-08-30
South Eastern Coalfields Limited,Dipka Area,M/s Dipka Expansion Project South Eastern Coal Fields Limited Dipka Area,2026-08-30 11:09:00,2026-08-30 05:39:00,9.05,7.25,39.97,,0.11,site_5664,Thermo Fisher Scientific India Private Limited,2026-08-30
South Eastern Coalfields Limited,Dipka Area,M/s Dipka Expansion Project South Eastern Coal Fields Limited Dipka Area,2026-08-30 11:08:00,2026-08-30 05:38:00,8.8,6.91,37.76,,0.12,site_5664,Thermo Fisher Scientific India Private Limited,2026-08-30
South Eastern Coalfields Limited,Dipka Area,M/s Dipka Expansion Project South Eastern Coal Fields Limited Dipka Area,2026-08-30 11:08:00,2026-08-30 05:38:00,8.85,6.6,43.26,,0.0,site_5664,Thermo Fisher Scientific India Private Limited,2026-08-30
South Eastern Coalfields Limited,Dipka Area,M/s Dipka Expansion Project South Eastern Coal Fields Limited Dipka Area,2026-08-30 11:07:00,2026-08-30 05:37:00,8.93,6.28,33.84,,0.01,site_5664,Thermo Fisher Scientific India Private Limited,2026-08-30
South Eastern Coalfields Limited,Dipka Area,M/s Dipka Expansion Project South Eastern Coal Fields Limited Dipka Area,2026-08-30 11:07:00,2026-08-30 05:37:00,8.99,6.21,33.99,,0.04,site_5664,Thermo Fisher Scientific India Private Limited,2026-08-30
South Eastern Coalfields Limited,Dipka Area,M/s Dipka Expansion Project South Eastern Coal Fields Limited Dipka Area,2026-08-30 11:06:00,2026-08-30 05:36:00,9.04,6.15,36.68,,0.09,site_5664,Thermo Fisher Scientific India Private Limited,2026-08-30
South Eastern Coalfields Limited,Dipka Area,M/s Dipka Expansion Project South Eastern Coal Fields Limited Dipka Area,2026-08-30 11:06:00,2026-08-30 05:36:00,9.21,6.06,33.99,,0.11,site_5664,Thermo Fisher Scientific India Private Limited,2026-08-30
South Eastern Coalfields Limited,Dipka Area,M/s Dipka Expansion Project South Eastern Coal Fields Limited Dipka Area,2026-08-30 11:05:00,2026-08-30 05:35:00,9.67,5.97,34.41,,0.2,site_5664,Thermo Fisher Scientific India Private Limited,2026-08-30
South Eastern Coalfields Limited,Dipka Area,M/s Dipka Expansion Project South Eastern Coal Fields Limited Dipka Area,2026-08-30 11:05:00,2026-08-30 05:35:00,9.95,6.02,32.71,,0.08,site_5664,Thermo Fisher Scientific India Private Limited,2026-08-30
South Eastern Coalfields Limited,Dipka Area,M/s Dipka Expansion Project South Eastern Coal Fields Limited Dipka Area,2026-08-30 11:04:00,2026-08-30 05:34:00,10.29,6.17,33.88,,0.09,site_5664,Thermo Fisher Scientific India Private Limited,2026-08-30
South Eastern Coalfields Limited,Dipka Area,M/s Dipka Expansion Project South Eastern Coal Fields Limited Dipka Area,2026-08-30 11:04:00,2026-08-30 05:34:00,10.45,6.1,40.97,,0.05,site_5664,Thermo Fisher Scientific India Private Limited,2026-08-30
South Eastern Coalfields Limited,Dipka Area,M/s Dipka Expansion Project South Eastern Coal Fields Limited Dipka Area,2026-08-30 11:03:00,2026-08-30 05:33:00,10.49,5.96,39.26,,0.01,site_5664,Thermo Fisher Scientific India Private Limited,2026-08-30
South Eastern Coalfields Limited,Dipka Area,M/s Dipka Expansion Project South Eastern Coal Fields Limited Dipka Area,2026-08-30 11:03:00,2026-08-30 05:33:00,10.43,5.76,34.63,,0.17,site_5664,Thermo Fisher Scientific India Private Limited,2026-08-30
South Eastern Coalfields Limited,Dipka Area,M/s Dipka Expansion Project South Eastern Coal Fields Limited Dipka Area,2026-08-30 11:02:00,2026-08-30 05:32:00,10.27,5.49,40.29,,0.22,site_5664,Thermo Fisher Scientific India Private Limited,2026-08-30
South Eastern Coalfields Limited,Dipka Area,M/s Dipka Expansion Project South Eastern Coal Fields Limited Dipka Area,2026-08-30 11:02:00,2026-08-30 05:32:00,10.24,5.17,41.78,,0.18,site_5664,Thermo Fisher Scientific India Private Limited,2026-08-30
South Eastern Coalfields Limited,Dipka Area,M/s Dipka Expansion Project South Eastern Coal Fields Limited Dipka Area,2026-08-30 11:01:00,2026-08-30 05:31:00,10.29,4.78,38.4,,0.0,site_5664,Thermo Fisher Scientific India Private Limited,2026-08-30
South Eastern Coalfields Limited,Dipka Area,M/s Dipka Expansion Project South Eastern Coal Fields Limited Dipka Area,2026-08-30 11:01:00,2026-08-30 05:31:00,10.28,4.65,39.13,,0.01,site_5664,Thermo Fisher Scientific India Private Limited,2026-08-30
South Eastern Coalfields Limited,Dipka Area,M/s Dipka Expansion Project South Eastern Coal Fields Limited Dipka Area,2026-08-30 11:00:00,2026-08-30 05:30:00,10.34,4.56,39.77,,0.04,site_5664,Thermo Fisher Scientific India Private Limited,2026-08-30
South Eastern Coalfields Limited,"Bilaspur, CHHATTISGARHr",South Eastern Coalfields  Limited - AQMS_H_Q,2026-08-30 11:00:00,2026-08-30 05:29:00,4.04,,17.23,0.0,0.0,site_5592,Swan Environ,2026-08-30
South Eastern Coalfields Limited,Dipka Area,M/s Dipka Expansion Project South Eastern Coal Fields Limited Dipka Area,2026-08-30 10:59:00,2026-08-30 05:29:00,10.24,4.6,35.27,,0.27,site_5664,Thermo Fisher Scientific India Private Limited,2026-08-30
South Eastern Coalfields Limited,Dipka Area,M/s Dipka Expansion Project South Eastern Coal Fields Limited Dipka Area,2026-08-30 10:59:00,2026-08-30 05:29:00,10.14,4.57,34.84,,0.23,site_5664,Thermo Fisher Scientific India Private Limited,2026-08-30
South Eastern Coalfields Limited,Dipka Area,M/s Dipka Expansion Project South Eastern Coal Fields Limited Dipka Area,2026-08-30 10:58:00,2026-08-30 05:28:00,9.88,4.44,33.12,,0.35,site_5664,Thermo Fisher Scientific India Private Limited,2026-08-30
South Eastern Coalfields Limited,Dipka Area,M/s Dipka Expansion Project South Eastern Coal Fields Limited Dipka Area,2026-08-30 10:58:00,2026-08-30 05:28:00,9.77,4.27,34.74,,0.23,site_5664,Thermo Fisher Scientific India Private Limited,2026-08-30
South Eastern Coalfields Limited,Dipka Area,M/s Dipka Expansion Project South Eastern Coal Fields Limited Dipka Area,2026-08-30 10:57:00,2026-08-30 05:27:00,9.8,4.12,39.96,,0.18,site_5664,Thermo Fisher Scientific India Private Limited,2026-08-30
South Eastern Coalfields Limited,Dipka Area,M/s Dipka Expansion Project South Eastern Coal Fields Limited Dipka Area,2026-08-30 10:57:00,2026-08-30 05:27:00,9.91,3.9,38.01,,0.31,site_5664,Thermo Fisher Scientific India Private Limited,2026-08-30
South Eastern Coalfields Limited,Dipka Area,M/s Dipka Expansion Project South Eastern Coal Fields Limited Dipka Area,2026-08-30 10:56:00,2026-08-30 05:26:00,9.99,3.63,36.05,,0.35,site_5664,Thermo Fisher Scientific India Private Limited,2026-08-30
South Eastern Coalfields Limited,Dipka Area,M/s Dipka Expansion Project South Eastern Coal Fields Limited Dipka Area,2026-08-30 10:56:00,2026-08-30 05:26:00,9.82,3.5,43.29,,0.36,site_5664,Thermo Fisher Scientific India Private Limited,2026-08-30
South Eastern Coalfields Limited,Dipka Area,M/s Dipka Expansion Project South Eastern Coal Fields Limited Dipka Area,2026-08-30 10:55:00,2026-08-30 05:25:00,9.64,3.55,38.01,,0.37,site_5664,Thermo Fisher Scientific India Private Limited,2026-08-30
South Eastern Coalfields Limited,"Gevra , Chattisgarh",SECL GEVRA,2026-08-30 10:55:00,2026-08-30 10:45:00,53.0,94.45,14.41,11.52,1.14,site_,Envea India Pvt Ltd,2026-08-30
South Eastern Coalfields Limited,Dipka Area,M/s Dipka Expansion Project South Eastern Coal Fields Limited Dipka Area,2026-08-30 10:55:00,2026-08-30 05:25:00,9.22,3.66,41.76,,0.32,site_5664,Thermo Fisher Scientific India Private Limited,2026-08-30
South Eastern Coalfields Limited,Dipka Area,M/s Dipka Expansion Project South Eastern Coal Fields Limited Dipka Area,2026-08-30 10:54:00,2026-08-30 05:24:00,8.71,4.02,33.89,,0.11,site_5664,Thermo Fisher Scientific India Private Limited,2026-08-30
South Eastern Coalfields Limited,Dipka Area,M/s Dipka Expansion Project South Eastern Coal Fields Limited Dipka Area,2026-08-30 10:54:00,2026-08-30 05:24:00,8.19,4.47,32.54,,0.29,site_5664,Thermo Fisher Scientific India Private Limited,2026-08-30
South Eastern Coalfields Limited,Dipka Area,M/s Dipka Expansion Project South Eastern Coal Fields Limited Dipka Area,2026-08-30 10:53:00,2026-08-30 05:23:00,7.81,4.99,39.47,,0.24,site_5664,Thermo Fisher Scientific India Private Limited,2026-08-30
South Eastern Coalfields Limited,Dipka Area,M/s Dipka Expansion Project South Eastern Coal Fields Limited Dipka Area,2026-08-30 10:53:00,2026-08-30 05:23:00,7.77,5.59,42.5,,0.25,site_5664,Thermo Fisher Scientific India Private Limited,2026-08-30
South Eastern Coalfields Limited,Dipka Area,M/s Dipka Expansion Project South Eastern Coal Fields Limited Dipka Area,2026-08-30 10:52:00,2026-08-30 05:22:00,7.83,6.2,37.82,,0.29,site_5664,Thermo Fisher Scientific India Private Limited,2026-08-30
South Eastern Coalfields Limited,Dipka Area,M/s Dipka Expansion Project South Eastern Coal Fields Limited Dipka Area,2026-08-30 10:52:00,2026-08-30 05:22:00,8.19,6.84,34.72,,0.25,site_5664,Thermo Fisher Scientific India Private Limited,2026-08-30
South Eastern Coalfields Limited,Dipka Area,M/s Dipka Expansion Project South Eastern Coal Fields Limited Dipka Area,2026-08-30 10:51:00,2026-08-30 05:21:00,8.71,7.41,36.07,,0.37,site_5664,Thermo Fisher Scientific India Private Limited,2026-08-30
South Eastern Coalfields Limited,Dipka Area,M/s Dipka Expansion Project South Eastern Coal Fields Limited Dipka Area,2026-08-30 10:51:00,2026-08-30 05:21:00,9.3,7.92,33.46,,0.27,site_5664,Thermo Fisher Scientific India Private Limited,2026-08-30
South Eastern Coalfields Limited,Dipka Area,M/s Dipka Expansion Project South Eastern Coal Fields Limited Dipka Area,2026-08-30 10:50:00,2026-08-30 05:20:00,9.78,8.51,36.26,,0.29,site_5664,Thermo Fisher Scientific India Private Limited,2026-08-30
South Eastern Coalfields Limited,Dipka Area,M/s Dipka Expansion Project South Eastern Coal Fields Limited Dipka Area,2026-08-30 10:50:00,2026-08-30 05:20:00,10.03,8.85,35.98,,0.34,site_5664,Thermo Fisher Scientific India Private Limited,2026-08-30
South Eastern Coalfields Limited,Dipka Area,M/s Dipka Expansion Project South Eastern Coal Fields Limited Dipka Area,2026-08-30 10:49:00,2026-08-30 05:19:00,10.36,9.25,31.13,,0.48,site_5664,Thermo Fisher Scientific India Private Limited,2026-08-30
South Eastern Coalfields Limited,Dipka Area,M/s Dipka Expansion Project South Eastern Coal Fields Limited Dipka Area,2026-08-30 10:49:00,2026-08-30 05:19:00,10.53,9.48,33.49,,0.35,site_5664,Thermo Fisher Scientific India Private Limited,2026-08-30
South Eastern Coalfields Limited,Dipka Area,M/s Dipka Expansion Project South Eastern Coal Fields Limited Dipka Area,2026-08-30 10:48:00,2026-08-30 05:18:00,10.43,9.68,37.21,,0.34,site_5664,Thermo Fisher Scientific India Private Limited,2026-08-30
South Eastern Coalfields Limited,Dipka Area,M/s Dipka Expansion Project South Eastern Coal Fields Limited Dipka Area,2026-08-30 10:48:00,2026-08-30 05:18:00,10.38,9.73,41.52,,0.33,site_5664,Thermo Fisher Scientific India Private Limited,2026-08-30
South Eastern Coalfields Limited,Dipka Area,M/s Dipka Expansion Project South Eastern Coal Fields Limited Dipka Area,2026-08-30 10:47:00,2026-08-30 05:17:00,10.3,9.7,40.9,,0.25,site_5664,Thermo Fisher Scientific India Private Limited,2026-08-30
South Eastern Coalfields Limited,Dipka Area,M/s Dipka Expansion Project South Eastern Coal Fields Limited Dipka Area,2026-08-30 10:47:00,2026-08-30 05:17:00,10.11,9.66,34.04,,0.28,site_5664,Thermo Fisher Scientific India Private Limited,2026-08-30
South Eastern Coalfields Limited,Dipka Area,M/s Dipka Expansion Project South Eastern Coal Fields Limited Dipka Area,2026-08-30 10:46:00,2026-08-30 05:16:00,9.73,9.55,35.39,,0.26,site_5664,Thermo Fisher Scientific India Private Limited,2026-08-30
South Eastern Coalfields Limited,Dipka Area,M/s Dipka Expansion Project South Eastern Coal Fields Limited Dipka Area,2026-08-30 10:46:00,2026-08-30 05:16:00,9.38,9.43,37.29,,0.26,site_5664,Thermo Fisher Scientific India Private Limited,2026-08-30
South Eastern Coalfields Limited,Dipka Area,M/s Dipka Expansion Project South Eastern Coal Fields Limited Dipka Area,2026-08-30 10:45:00,2026-08-30 05:15:00,9.25,9.42,40.66,,0.1,site_5664,Thermo Fisher Scientific India Private Limited,2026-08-30
South Eastern Coalfields Limited,"Bilaspur, CHHATTISGARHr",South Eastern Coalfields  Limited - AQMS_H_Q,2026-08-30 10:45:00,2026-08-30 05:14:00,4.05,,18.07,190.78,0.17,site_5592,Swan Environ,2026-08-30
South Eastern Coalfields Limited,Dipka Area,M/s Dipka Expansion Project South Eastern Coal Fields Limited Dipka Area,2026-08-30 10:45:00,2026-08-30 05:15:00,8.95,9.42,35.64,,0.09,site_5664,Thermo Fisher Scientific India Private Limited,2026-08-30
South Eastern Coalfields Limited,Dipka Area,M/s Dipka Expansion Project South Eastern Coal Fields Limited Dipka Area,2026-08-30 10:44:00,2026-08-30 05:14:00,8.91,9.43,39.49,,0.17,site_5664,Thermo Fisher Scientific India Private Limited,2026-08-30
South Eastern Coalfields Limited,Dipka Area,M/s Dipka Expansion Project South Eastern Coal Fields Limited Dipka Area,2026-08-30 10:44:00,2026-08-30 05:14:00,9.19,9.39,36.59,,0.07,site_5664,Thermo Fisher Scientific India Private Limited,2026-08-30
South Eastern Coalfields Limited,Dipka Area,M/s Dipka Expansion Project South Eastern Coal Fields Limited Dipka Area,2026-08-30 10:43:00,2026-08-30 05:13:00,9.88,9.33,40.69,,0.09,site_5664,Thermo Fisher Scientific India Private Limited,2026-08-30
South Eastern Coalfields Limited,Dipka Area,M/s Dipka Expansion Project South Eastern Coal Fields Limited Dipka Area,2026-08-30 10:43:00,2026-08-30 05:13:00,10.5,9.32,34.05,,0.14,site_5664,Thermo Fisher Scientific India Private Limited,2026-08-30
South Eastern Coalfields Limited,Dipka Area,M/s Dipka Expansion Project South Eastern Coal Fields Limited Dipka Area,2026-08-30 10:42:00,2026-08-30 05:12:00,11.1,9.2,32.36,,0.21,site_5664,Thermo Fisher Scientific India Private Limited,2026-08-30
South Eastern Coalfields Limited,Dipka Area,M/s Dipka Expansion Project South Eastern Coal Fields Limited Dipka Area,2026-08-30 10:42:00,2026-08-30 05:12:00,11.52,9.25,33.89,,0.11,site_5664,Thermo Fisher Scientific India Private Limited,2026-08-30
South Eastern Coalfields Limited,Dipka Area,M/s Dipka Expansion Project South Eastern Coal Fields Limited Dipka Area,2026-08-30 10:41:00,2026-08-30 05:11:00,11.83,9.43,36.21,,0.21,site_5664,Thermo Fisher Scientific India Private Limited,2026-08-30
South Eastern Coalfields Limited,Dipka Area,M/s Dipka Expansion Project South Eastern Coal Fields Limited Dipka Area,2026-08-30 10:41:00,2026-08-30 05:11:00,12.02,9.59,36.67,,0.3,site_5664,Thermo Fisher Scientific India Private Limited,2026-08-30
South Eastern Coalfields Limited,Dipka Area,M/s Dipka Expansion Project South Eastern Coal Fields Limited Dipka Area,2026-08-30 10:40:00,2026-08-30 05:10:00,12.17,9.98,37.19,,0.41,site_5664,Thermo Fisher Scientific India Private Limited,2026-08-30
South Eastern Coalfields Limited,"Gevra , Chattisgarh",SECL GEVRA,2026-08-30 10:40:00,2026-08-30 10:30:00,37.6,67.7,13.55,9.24,0.77,site_,Envea India Pvt Ltd,2026-08-30
South Eastern Coalfields Limited,Dipka Area,M/s Dipka Expansion Project South Eastern Coal Fields Limited Dipka Area,2026-08-30 10:40:00,2026-08-30 05:10:00,12.17,10.21,40.85,,0.43,site_5664,Thermo Fisher Scientific India Private Limited,2026-08-30
South Eastern Coalfields Limited,Dipka Area,M/s Dipka Expansion Project South Eastern Coal Fields Limited Dipka Area,2026-08-30 10:39:00,2026-08-30 05:09:00,12.15,10.51,37.62,,0.31,site_5664,Thermo Fisher Scientific India Private Limited,2026-08-30
South Eastern Coalfields Limited,Dipka Area,M/s Dipka Expansion Project South Eastern Coal Fields Limited Dipka Area,2026-08-30 10:39:00,2026-08-30 05:09:00,12.14,10.77,46.43,,0.29,site_5664,Thermo Fisher Scientific India Private Limited,2026-08-30
South Eastern Coalfields Limited,Dipka Area,M/s Dipka Expansion Project South Eastern Coal Fields Limited Dipka Area,2026-08-30 10:38:00,2026-08-30 05:08:00,12.21,10.99,36.66,,0.29,site_5664,Thermo Fisher Scientific India Private Limited,2026-08-30
South Eastern Coalfields Limited,Dipka Area,M/s Dipka Expansion Project South Eastern Coal Fields Limited Dipka Area,2026-08-30 10:38:00,2026-08-30 05:08:00,12.18,11.08,36.45,,0.21,site_5664,Thermo Fisher Scientific India Private Limited,2026-08-30
South Eastern Coalfields Limited,Dipka Area,M/s Dipka Expansion Project South Eastern Coal Fields Limited Dipka Area,2026-08-30 10:37:00,2026-08-30 05:07:00,12.18,11.04,36.31,,0.12,site_5664,Thermo Fisher Scientific India Private Limited,2026-08-30
South Eastern Coalfields Limited,Dipka Area,M/s Dipka Expansion Project South Eastern Coal Fields Limited Dipka Area,2026-08-30 10:37:00,2026-08-30 05:07:00,12.23,11.07,34.94,,0.13,site_5664,Thermo Fisher Scientific India Private Limited,2026-08-30
South Eastern Coalfields Limited,Dipka Area,M/s Dipka Expansion Project South Eastern Coal Fields Limited Dipka Area,2026-08-30 10:36:00,2026-08-30 05:06:00,12.25,11.15,34.21,,0.0,site_5664,Thermo Fisher Scientific India Private Limited,2026-08-30
South Eastern Coalfields Limited,Dipka Area,M/s Dipka Expansion Project South Eastern Coal Fields Limited Dipka Area,2026-08-30 10:36:00,2026-08-30 05:06:00,12.24,11.06,39.52,,0.0,site_5664,Thermo Fisher Scientific India Private Limited,2026-08-30
South Eastern Coalfields Limited,Dipka Area,M/s Dipka Expansion Project South Eastern Coal Fields Limited Dipka Area,2026-08-30 10:35:00,2026-08-30 05:05:00,12.08,10.89,40.37,,0.0,site_5664,Thermo Fisher Scientific India Private Limited,2026-08-30
South Eastern Coalfields Limited,Dipka Area,M/s Dipka Expansion Project South Eastern Coal Fields Limited Dipka Area,2026-08-30 10:35:00,2026-08-30 05:05:00,11.76,10.9,37.08,,0.0,site_5664,Thermo Fisher Scientific India Private Limited,2026-08-30
South Eastern Coalfields Limited,Dipka Area,M/s Dipka Expansion Project South Eastern Coal Fields Limited Dipka Area,2026-08-30 10:34:00,2026-08-30 05:04:00,11.22,11.17,39.93,,0.0,site_5664,Thermo Fisher Scientific India Private Limited,2026-08-30
South Eastern Coalfields Limited,Dipka Area,M/s Dipka Expansion Project South Eastern Coal Fields Limited Dipka Area,2026-08-30 10:34:00,2026-08-30 05:04:00,10.83,11.44,43.64,,0.01,site_5664,Thermo Fisher Scientific India Private Limited,2026-08-30
South Eastern Coalfields Limited,Dipka Area,M/s Dipka Expansion Project South Eastern Coal Fields Limited Dipka Area,2026-08-30 10:33:00,2026-08-30 05:03:00,10.33,11.73,41.75,,0.0,site_5664,Thermo Fisher Scientific India Private Limited,2026-08-30
South Eastern Coalfields Limited,Dipka Area,M/s Dipka Expansion Project South Eastern Coal Fields Limited Dipka Area,2026-08-30 10:33:00,2026-08-30 05:03:00,10.01,11.98,34.97,,0.0,site_5664,Thermo Fisher Scientific India Private Limited,2026-08-30
South Eastern Coalfields Limited,Dipka Area,M/s Dipka Expansion Project South Eastern Coal Fields Limited Dipka Area,2026-08-30 10:32:00,2026-08-30 05:02:00,9.55,12.34,39.7,,0.06,site_5664,Thermo Fisher Scientific India Private Limited,2026-08-30
South Eastern Coalfields Limited,Dipka Area,M/s Dipka Expansion Project South Eastern Coal Fields Limited Dipka Area,2026-08-30 10:32:00,2026-08-30 05:02:00,9.15,12.62,41.84,,0.24,site_5664,Thermo Fisher Scientific India Private Limited,2026-08-30
South Eastern Coalfields Limited,Dipka Area,M/s Dipka Expansion Project South Eastern Coal Fields Limited Dipka Area,2026-08-30 10:31:00,2026-08-30 05:01:00,8.76,12.89,40.08,,0.25,site_5664,Thermo Fisher Scientific India Private Limited,2026-08-30
South Eastern Coalfields Limited,Dipka Area,M/s Dipka Expansion Project South Eastern Coal Fields Limited Dipka Area,2026-08-30 10:31:00,2026-08-30 05:01:00,8.35,13.06,45.71,,0.16,site_5664,Thermo Fisher Scientific India Private Limited,2026-08-30
South Eastern Coalfields Limited,"Bilaspur, CHHATTISGARHr",South Eastern Coalfields  Limited - AQMS_H_Q,2026-08-30 10:30:00,2026-08-30 04:59:00,4.14,,18.03,0.0,0.0,site_5592,Swan Environ,2026-08-30
South Eastern Coalfields Limited,Dipka Area,M/s Dipka Expansion Project South Eastern Coal Fields Limited Dipka Area,2026-08-30 10:30:00,2026-08-30 05:00:00,8.01,13.26,41.85,,0.12,site_5664,Thermo Fisher Scientific India Private Limited,2026-08-30
South Eastern Coalfields Limited,Dipka Area,M/s Dipka Expansion Project South Eastern Coal Fields Limited Dipka Area,2026-08-30 10:30:00,2026-08-30 05:00:00,7.81,13.54,39.57,,0.23,site_5664,Thermo Fisher Scientific India Private Limited,2026-08-30
South Eastern Coalfields Limited,Dipka Area,M/s Dipka Expansion Project South Eastern Coal Fields Limited Dipka Area,2026-08-30 10:29:00,2026-08-30 04:59:00,7.65,13.73,39.2,,0.15,site_5664,Thermo Fisher Scientific India Private Limited,2026-08-30
South Eastern Coalfields Limited,Dipka Area,M/s Dipka Expansion Project South Eastern Coal Fields Limited Dipka Area,2026-08-30 10:29:00,2026-08-30 04:59:00,7.5,13.85,43.68,,0.13,site_5664,Thermo Fisher Scientific India Private Limited,2026-08-30
South Eastern Coalfields Limited,Dipka Area,M/s Dipka Expansion Project South Eastern Coal Fields Limited Dipka Area,2026-08-30 10:28:00,2026-08-30 04:58:00,7.44,13.92,37.17,,0.21,site_5664,Thermo Fisher Scientific India Private Limited,2026-08-30
South Eastern Coalfields Limited,Dipka Area,M/s Dipka Expansion Project South Eastern Coal Fields Limited Dipka Area,2026-08-30 10:28:00,2026-08-30 04:58:00,7.37,13.92,40.96,,0.28,site_5664,Thermo Fisher Scientific India Private Limited,2026-08-30
South Eastern Coalfields Limited,Dipka Area,M/s Dipka Expansion Project South Eastern Coal Fields Limited Dipka Area,2026-08-30 10:27:00,2026-08-30 04:57:00,7.16,13.82,35.0,,0.27,site_5664,Thermo Fisher Scientific India Private Limited,2026-08-30
South Eastern Coalfields Limited,Dipka Area,M/s Dipka Expansion Project South Eastern Coal Fields Limited Dipka Area,2026-08-30 10:27:00,2026-08-30 04:57:00,7.06,13.69,41.87,,0.11,site_5664,Thermo Fisher Scientific India Private Limited,2026-08-30
South Eastern Coalfields Limited,Dipka Area,M/s Dipka Expansion Project South Eastern Coal Fields Limited Dipka Area,2026-08-30 10:26:00,2026-08-30 04:56:00,7.11,13.58,37.29,,0.24,site_5664,Thermo Fisher Scientific India Private Limited,2026-08-30
South Eastern Coalfields Limited,Dipka Area,M/s Dipka Expansion Project South Eastern Coal Fields Limited Dipka Area,2026-08-30 10:26:00,2026-08-30 04:56:00,7.34,13.48,40.01,,0.33,site_5664,Thermo Fisher Scientific India Private Limited,2026-08-30
South Eastern Coalfields Limited,Dipka Area,M/s Dipka Expansion Project South Eastern Coal Fields Limited Dipka Area,2026-08-30 10:25:00,2026-08-30 04:55:00,7.6,13.3,36.79,,0.29,site_5664,Thermo Fisher Scientific India Private Limited,2026-08-30
South Eastern Coalfields Limited,"Gevra , Chattisgarh",SECL GEVRA,2026-08-30 10:25:00,2026-08-30 10:15:00,53.7,95.65,14.45,11.62,1.16,site_,Envea India Pvt Ltd,2026-08-30
South Eastern Coalfields Limited,Dipka Area,M/s Dipka Expansion Project South Eastern Coal Fields Limited Dipka Area,2026-08-30 10:25:00,2026-08-30 04:55:00,7.96,13.29,41.28,,0.32,site_5664,Thermo Fisher Scientific India Private Limited,2026-08-30
South Eastern Coalfields Limited,Dipka Area,M/s Dipka Expansion Project South Eastern Coal Fields Limited Dipka Area,2026-08-30 10:24:00,2026-08-30 04:54:00,8.64,13.41,38.4,,0.4,site_5664,Thermo Fisher Scientific India Private Limited,2026-08-30
South Eastern Coalfields Limited,Dipka Area,M/s Dipka Expansion Project South Eastern Coal Fields Limited Dipka Area,2026-08-30 10:24:00,2026-08-30 04:54:00,9.4,13.52,35.8,,0.48,site_5664,Thermo Fisher Scientific India Private Limited,2026-08-30
South Eastern Coalfields Limited,Dipka Area,M/s Dipka Expansion Project South Eastern Coal Fields Limited Dipka Area,2026-08-30 10:23:00,2026-08-30 04:53:00,10.43,13.66,30.3,,0.43,site_5664,Thermo Fisher Scientific India Private Limited,2026-08-30
South Eastern Coalfields Limited,Dipka Area,M/s Dipka Expansion Project South Eastern Coal Fields Limited Dipka Area,2026-08-30 10:23:00,2026-08-30 04:53:00,11.36,13.83,39.02,,0.37,site_5664,Thermo Fisher Scientific India Private Limited,2026-08-30
South Eastern Coalfields Limited,Dipka Area,M/s Dipka Expansion Project South Eastern Coal Fields Limited Dipka Area,2026-08-30 10:22:00,2026-08-30 04:52:00,12.48,13.99,36.75,,0.46,site_5664,Thermo Fisher Scientific India Private Limited,2026-08-30
South Eastern Coalfields Limited,Dipka Area,M/s Dipka Expansion Project South Eastern Coal Fields Limited Dipka Area,2026-08-30 10:22:00,2026-08-30 04:52:00,13.57,14.07,41.81,,0.35,site_5664,Thermo Fisher Scientific India Private Limited,2026-08-30
South Eastern Coalfields Limited,Dipka Area,M/s Dipka Expansion Project South Eastern Coal Fields Limited Dipka Area,2026-08-30 10:21:00,2026-08-30 04:51:00,14.61,14.12,30.96,,0.28,site_5664,Thermo Fisher Scientific India Private Limited,2026-08-30
South Eastern Coalfields Limited,Dipka Area,M/s Dipka Expansion Project South Eastern Coal Fields Limited Dipka Area,2026-08-30 10:21:00,2026-08-30 04:51:00,15.35,14.17,32.16,,0.43,site_5664,Thermo Fisher Scientific India Private Limited,2026-08-30
South Eastern Coalfields Limited,Dipka Area,M/s Dipka Expansion Project South Eastern Coal Fields Limited Dipka Area,2026-08-30 10:20:00,2026-08-30 04:50:00,15.82,14.23,35.66,,0.49,site_5664,Thermo Fisher Scientific India Private Limited,2026-08-30
South Eastern Coalfields Limited,Dipka Area,M/s Dipka Expansion Project South Eastern Coal Fields Limited Dipka Area,2026-08-30 10:20:00,2026-08-30 04:50:00,16.49,14.27,36.54,,0.48,site_5664,Thermo Fisher Scientific India Private Limited,2026-08-30
South Eastern Coalfields Limited,Dipka Area,M/s Dipka Expansion Project South Eastern Coal Fields Limited Dipka Area,2026-08-30 10:19:00,2026-08-30 04:49:00,16.86,14.23,42.37,,0.43,site_5664,Thermo Fisher Scientific India Private Limited,2026-08-30
South Eastern Coalfields Limited,Dipka Area,M/s Dipka Expansion Project South Eastern Coal Fields Limited Dipka Area,2026-08-30 10:19:00,2026-08-30 04:49:00,16.93,14.26,33.55,,0.41,site_5664,Thermo Fisher Scientific India Private Limited,2026-08-30
South Eastern Coalfields Limited,Dipka Area,M/s Dipka Expansion Project South Eastern Coal Fields Limited Dipka Area,2026-08-30 10:18:00,2026-08-30 04:48:00,16.85,14.32,29.68,,0.37,site_5664,Thermo Fisher Scientific India Private Limited,2026-08-30
South Eastern Coalfields Limited,Dipka Area,M/s Dipka Expansion Project South Eastern Coal Fields Limited Dipka Area,2026-08-30 10:18:00,2026-08-30 04:48:00,16.61,14.44,39.75,,0.37,site_5664,Thermo Fisher Scientific India Private Limited,2026-08-30
South Eastern Coalfields Limited,Dipka Area,M/s Dipka Expansion Project South Eastern Coal Fields Limited Dipka Area,2026-08-30 10:17:00,2026-08-30 04:47:00,16.33,14.5,38.59,,0.26,site_5664,Thermo Fisher Scientific India Private Limited,2026-08-30
South Eastern Coalfields Limited,Dipka Area,M/s Dipka Expansion Project South Eastern Coal Fields Limited Dipka Area,2026-08-30 10:17:00,2026-08-30 04:47:00,15.94,14.56,38.85,,0.29,site_5664,Thermo Fisher Scientific India Private Limited,2026-08-30
South Eastern Coalfields Limited,Dipka Area,M/s Dipka Expansion Project South Eastern Coal Fields Limited Dipka Area,2026-08-30 10:16:00,2026-08-30 04:46:00,15.6,14.61,37.98,,0.22,site_5664,Thermo Fisher Scientific India Private Limited,2026-08-30
South Eastern Coalfields Limited,Dipka Area,M/s Dipka Expansion Project South Eastern Coal Fields Limited Dipka Area,2026-08-30 10:16:00,2026-08-30 04:46:00,15.4,14.55,37.55,,0.0,site_5664,Thermo Fisher Scientific India Private Limited,2026-08-30
South Eastern Coalfields Limited,"Bilaspur, CHHATTISGARHr",South Eastern Coalfields  Limited - AQMS_H_Q,2026-08-30 10:15:00,2026-08-30 04:45:00,5.06,,19.68,0.0,0.0,site_5592,Swan Environ,2026-08-30
South Eastern Coalfields Limited,Dipka Area,M/s Dipka Expansion Project South Eastern Coal Fields Limited Dipka Area,2026-08-30 10:15:00,2026-08-30 04:45:00,15.35,14.54,36.84,,0.0,site_5664,Thermo Fisher Scientific India Private Limited,2026-08-30
South Eastern Coalfields Limited,Dipka Area,M/s Dipka Expansion Project South Eastern Coal Fields Limited Dipka Area,2026-08-30 10:15:00,2026-08-30 04:45:00,15.46,14.47,47.23,,0.0,site_5664,Thermo Fisher Scientific India Private Limited,2026-08-30
South Eastern Coalfields Limited,Dipka Area,M/s Dipka Expansion Project South Eastern Coal Fields Limited Dipka Area,2026-08-30 10:14:00,2026-08-30 04:44:00,15.47,14.42,32.78,,0.03,site_5664,Thermo Fisher Scientific India Private Limited,2026-08-30
South Eastern Coalfields Limited,Dipka Area,M/s Dipka Expansion Project South Eastern Coal Fields Limited Dipka Area,2026-08-30 10:14:00,2026-08-30 04:44:00,15.16,14.46,38.29,,0.02,site_5664,Thermo Fisher Scientific India Private Limited,2026-08-30
South Eastern Coalfields Limited,Dipka Area,M/s Dipka Expansion Project South Eastern Coal Fields Limited Dipka Area,2026-08-30 10:13:00,2026-08-30 04:43:00,14.62,14.62,36.49,,0.1,site_5664,Thermo Fisher Scientific India Private Limited,2026-08-30
South Eastern Coalfields Limited,Dipka Area,M/s Dipka Expansion Project South Eastern Coal Fields Limited Dipka Area,2026-08-30 10:13:00,2026-08-30 04:43:00,13.97,14.79,38.41,,0.15,site_5664,Thermo Fisher Scientific India Private Limited,2026-08-30
South Eastern Coalfields Limited,Dipka Area,M/s Dipka Expansion Project South Eastern Coal Fields Limited Dipka Area,2026-08-30 10:12:00,2026-08-30 04:42:00,13.09,15.0,42.56,,0.09,site_5664,Thermo Fisher Scientific India Private Limited,2026-08-30
South Eastern Coalfields Limited,Dipka Area,M/s Dipka Expansion Project South Eastern Coal Fields Limited Dipka Area,2026-08-30 10:12:00,2026-08-30 04:42:00,12.15,15.21,38.31,,0.11,site_5664,Thermo Fisher Scientific India Private Limited,2026-08-30
South Eastern Coalfields Limited,Dipka Area,M/s Dipka Expansion Project South Eastern Coal Fields Limited Dipka Area,2026-08-30 10:11:00,2026-08-30 04:41:00,11.15,15.45,32.45,,0.17,site_5664,Thermo Fisher Scientific India Private Limited,2026-08-30
South Eastern Coalfields Limited,Dipka Area,M/s Dipka Expansion Project South Eastern Coal Fields Limited Dipka Area,2026-08-30 10:11:00,2026-08-30 04:41:00,10.59,15.53,40.01,,0.16,site_5664,Thermo Fisher Scientific India Private Limited,2026-08-30
South Eastern Coalfields Limited,Dipka Area,M/s Dipka Expansion Project South Eastern Coal Fields Limited Dipka Area,2026-08-30 10:10:00,2026-08-30 04:40:00,9.97,15.64,41.36,,0.15,site_5664,Thermo Fisher Scientific India Private Limited,2026-08-30
South Eastern Coalfields Limited,"Gevra , Chattisgarh",SECL GEVRA,2026-08-30 10:10:00,2026-08-30 10:00:00,48.7,87.07,14.17,10.89,1.04,site_,Envea India Pvt Ltd,2026-08-30
South Eastern Coalfields Limited,Dipka Area,M/s Dipka Expansion Project South Eastern Coal Fields Limited Dipka Area,2026-08-30 10:10:00,2026-08-30 04:40:00,9.74,15.61,39.68,,0.04,site_5664,Thermo Fisher Scientific India Private Limited,2026-08-30
South Eastern Coalfields Limited,Dipka Area,M/s Dipka Expansion Project South Eastern Coal Fields Limited Dipka Area,2026-08-30 10:09:00,2026-08-30 04:39:00,9.52,15.43,36.54,,0.0,site_5664,Thermo Fisher Scientific India Private Limited,2026-08-30
South Eastern Coalfields Limited,Dipka Area,M/s Dipka Expansion Project South Eastern Coal Fields Limited Dipka Area,2026-08-30 10:09:00,2026-08-30 04:39:00,9.31,15.36,39.2,,0.0,site_5664,Thermo Fisher Scientific India Private Limited,2026-08-30
South Eastern Coalfields Limited,Dipka Area,M/s Dipka Expansion Project South Eastern Coal Fields Limited Dipka Area,2026-08-30 10:08:00,2026-08-30 04:38:00,8.84,15.33,42.08,,0.0,site_5664,Thermo Fisher Scientific India Private Limited,2026-08-30
South Eastern Coalfields Limited,Dipka Area,M/s Dipka Expansion Project South Eastern Coal Fields Limited Dipka Area,2026-08-30 10:08:00,2026-08-30 04:38:00,8.37,15.39,37.35,,0.0,site_5664,Thermo Fisher Scientific India Private Limited,2026-08-30
South Eastern Coalfields Limited,Dipka Area,M/s Dipka Expansion Project South Eastern Coal Fields Limited Dipka Area,2026-08-30 10:07:00,2026-08-30 04:37:00,7.76,15.42,36.2,,0.0,site_5664,Thermo Fisher Scientific India Private Limited,2026-08-30
South Eastern Coalfields Limited,Dipka Area,M/s Dipka Expansion Project South Eastern Coal Fields Limited Dipka Area,2026-08-30 10:07:00,2026-08-30 04:37:00,7.16,15.5,35.51,,0.06,site_5664,Thermo Fisher Scientific India Private Limited,2026-08-30
South Eastern Coalfields Limited,Dipka Area,M/s Dipka Expansion Project South Eastern Coal Fields Limited Dipka Area,2026-08-30 10:06:00,2026-08-30 04:36:00,6.48,15.52,39.41,,0.06,site_5664,Thermo Fisher Scientific India Private Limited,2026-08-30
South Eastern Coalfields Limited,Dipka Area,M/s Dipka Expansion Project South Eastern Coal Fields Limited Dipka Area,2026-08-30 10:06:00,2026-08-30 04:36:00,5.9,15.38,38.27,,0.13,site_5664,Thermo Fisher Scientific India Private Limited,2026-08-30
South Eastern Coalfields Limited,Dipka Area,M/s Dipka Expansion Project South Eastern Coal Fields Limited Dipka Area,2026-08-30 10:05:00,2026-08-30 04:35:00,5.37,15.03,34.82,,0.11,site_5664,Thermo Fisher Scientific India Private Limited,2026-08-30
South Eastern Coalfields Limited,Dipka Area,M/s Dipka Expansion Project South Eastern Coal Fields Limited Dipka Area,2026-08-30 10:05:00,2026-08-30 04:35:00,4.9,14.76,39.04,,0.14,site_5664,Thermo Fisher Scientific India Private Limited,2026-08-30
South Eastern Coalfields Limited,Dipka Area,M/s Dipka Expansion Project South Eastern Coal Fields Limited Dipka Area,2026-08-30 10:04:00,2026-08-30 04:34:00,4.35,14.38,40.99,,0.11,site_5664,Thermo Fisher Scientific India Private Limited,2026-08-30
South Eastern Coalfields Limited,Dipka Area,M/s Dipka Expansion Project South Eastern Coal Fields Limited Dipka Area,2026-08-30 10:04:00,2026-08-30 04:34:00,3.93,13.91,37.7,,0.09,site_5664,Thermo Fisher Scientific India Private Limited,2026-08-30
South Eastern Coalfields Limited,Dipka Area,M/s Dipka Expansion Project South Eastern Coal Fields Limited Dipka Area,2026-08-30 10:03:00,2026-08-30 04:33:00,3.38,13.4,43.58,,0.0,site_5664,Thermo Fisher Scientific India Private Limited,2026-08-30
South Eastern Coalfields Limited,Dipka Area,M/s Dipka Expansion Project South Eastern Coal Fields Limited Dipka Area,2026-08-30 10:03:00,2026-08-30 04:33:00,3.04,12.95,33.43,,0.0,site_5664,Thermo Fisher Scientific India Private Limited,2026-08-30
South Eastern Coalfields Limited,Dipka Area,M/s Dipka Expansion Project South Eastern Coal Fields Limited Dipka Area,2026-08-30 10:02:00,2026-08-30 04:32:00,2.7,12.52,41.86,,0.05,site_5664,Thermo Fisher Scientific India Private Limited,2026-08-30
South Eastern Coalfields Limited,Dipka Area,M/s Dipka Expansion Project South Eastern Coal Fields Limited Dipka Area,2026-08-30 10:02:00,2026-08-30 04:32:00,2.57,12.14,44.81,,0.03,site_5664,Thermo Fisher Scientific India Private Limited,2026-08-30
South Eastern Coalfields Limited,Dipka Area,M/s Dipka Expansion Project South Eastern Coal Fields Limited Dipka Area,2026-08-30 10:01:00,2026-08-30 04:31:00,2.62,11.79,41.79,,0.18,site_5664,Thermo Fisher Scientific India Private Limited,2026-08-30
South Eastern Coalfields Limited,Dipka Area,M/s Dipka Expansion Project South Eastern Coal Fields Limited Dipka Area,2026-08-30 10:01:00,2026-08-30 04:31:00,2.74,11.63,39.33,,0.21,site_5664,Thermo Fisher Scientific India Private Limited,2026-08-30
South Eastern Coalfields Limited,Dipka Area,M/s Dipka Expansion Project South Eastern Coal Fields Limited Dipka Area,2026-08-30 10:00:00,2026-08-30 04:30:00,3.09,11.45,39.31,,0.13,site_5664,Thermo Fisher Scientific India Private Limited,2026-08-30
South Eastern Coalfields Limited,"Bilaspur, CHHATTISGARHr",South Eastern Coalfields  Limited - AQMS_H_Q,2026-08-30 10:00:00,2026-08-30 04:29:00,4.92,,21.38,270.0,0.14,site_5592,Swan Environ,2026-08-30
South Eastern Coalfields Limited,Dipka Area,M/s Dipka Expansion Project South Eastern Coal Fields Limited Dipka Area,2026-08-30 09:59:00,2026-08-30 04:29:00,3.86,11.32,49.03,,0.23,site_5664,Thermo Fisher Scientific India Private Limited,2026-08-30
South Eastern Coalfields Limited,Dipka Area,M/s Dipka Expansion Project South Eastern Coal Fields Limited Dipka Area,2026-08-30 09:59:00,2026-08-30 04:29:00,4.33,11.26,42.17,,0.22,site_5664,Thermo Fisher Scientific India Private Limited,2026-08-30
South Eastern Coalfields Limited,Dipka Area,M/s Dipka Expansion Project South Eastern Coal Fields Limited Dipka Area,2026-08-30 09:58:00,2026-08-30 04:28:00,4.88,11.05,37.81,,0.23,site_5664,Thermo Fisher Scientific India Private Limited,2026-08-30
South Eastern Coalfields Limited,Dipka Area,M/s Dipka Expansion Project South Eastern Coal Fields Limited Dipka Area,2026-08-30 09:58:00,2026-08-30 04:28:00,5.3,10.97,35.93,,0.24,site_5664,Thermo Fisher Scientific India Private Limited,2026-08-30
South Eastern Coalfields Limited,Dipka Area,M/s Dipka Expansion Project South Eastern Coal Fields Limited Dipka Area,2026-08-30 09:57:00,2026-08-30 04:27:00,5.55,11.02,42.58,,0.21,site_5664,Thermo Fisher Scientific India Private Limited,2026-08-30
South Eastern Coalfields Limited,Dipka Area,M/s Dipka Expansion Project South Eastern Coal Fields Limited Dipka Area,2026-08-30 09:57:00,2026-08-30 04:27:00,5.83,11.07,39.42,,0.25,site_5664,Thermo Fisher Scientific India Private Limited,2026-08-30
South Eastern Coalfields Limited,Dipka Area,M/s Dipka Expansion Project South Eastern Coal Fields Limited Dipka Area,2026-08-30 09:56:00,2026-08-30 04:26:00,5.88,11.11,39.74,,0.15,site_5664,Thermo Fisher Scientific India Private Limited,2026-08-30
South Eastern Coalfields Limited,Dipka Area,M/s Dipka Expansion Project South Eastern Coal Fields Limited Dipka Area,2026-08-30 09:56:00,2026-08-30 04:26:00,5.95,11.23,39.86,,0.07,site_5664,Thermo Fisher Scientific India Private Limited,2026-08-30
South Eastern Coalfields Limited,Dipka Area,M/s Dipka Expansion Project South Eastern Coal Fields Limited Dipka Area,2026-08-30 09:55:00,2026-08-30 04:25:00,5.91,11.69,33.91,,0.25,site_5664,Thermo Fisher Scientific India Private Limited,2026-08-30
South Eastern Coalfields Limited,"Gevra , Chattisgarh",SECL GEVRA,2026-08-30 09:55:00,2026-08-30 09:45:00,44.1,79.11,13.92,10.22,0.93,site_,Envea India Pvt Ltd,2026-08-30
South Eastern Coalfields Limited,Dipka Area,M/s Dipka Expansion Project South Eastern Coal Fields Limited Dipka Area,2026-08-30 09:55:00,2026-08-30 04:25:00,5.84,12.11,33.13,,0.27,site_5664,Thermo Fisher Scientific India Private Limited,2026-08-30
South Eastern Coalfields Limited,Dipka Area,M/s Dipka Expansion Project South Eastern Coal Fields Limited Dipka Area,2026-08-30 09:54:00,2026-08-30 04:24:00,5.93,12.52,40.35,,0.18,site_5664,Thermo Fisher Scientific India Private Limited,2026-08-30
South Eastern Coalfields Limited,Dipka Area,M/s Dipka Expansion Project South Eastern Coal Fields Limited Dipka Area,2026-08-30 09:54:00,2026-08-30 04:24:00,6.0,12.97,40.06,,0.23,site_5664,Thermo Fisher Scientific India Private Limited,2026-08-30
South Eastern Coalfields Limited,Dipka Area,M/s Dipka Expansion Project South Eastern Coal Fields Limited Dipka Area,2026-08-30 09:53:00,2026-08-30 04:23:00,6.25,13.49,38.48,,0.23,site_5664,Thermo Fisher Scientific India Private Limited,2026-08-30
South Eastern Coalfields Limited,Dipka Area,M/s Dipka Expansion Project South Eastern Coal Fields Limited Dipka Area,2026-08-30 09:53:00,2026-08-30 04:23:00,6.54,13.84,39.77,,0.25,site_5664,Thermo Fisher Scientific India Private Limited,2026-08-30
South Eastern Coalfields Limited,Dipka Area,M/s Dipka Expansion Project South Eastern Coal Fields Limited Dipka Area,2026-08-30 09:52:00,2026-08-30 04:22:00,6.91,13.9,36.92,,0.3,site_5664,Thermo Fisher Scientific India Private Limited,2026-08-30
South Eastern Coalfields Limited,Dipka Area,M/s Dipka Expansion Project South Eastern Coal Fields Limited Dipka Area,2026-08-30 09:52:00,2026-08-30 04:22:00,7.16,13.84,35.44,,0.35,site_5664,Thermo Fisher Scientific India Private Limited,2026-08-30
South Eastern Coalfields Limited,Dipka Area,M/s Dipka Expansion Project South Eastern Coal Fields Limited Dipka Area,2026-08-30 09:51:00,2026-08-30 04:21:00,7.42,13.74,36.26,,0.16,site_5664,Thermo Fisher Scientific India Private Limited,2026-08-30
South Eastern Coalfields Limited,Dipka Area,M/s Dipka Expansion Project South Eastern Coal Fields Limited Dipka Area,2026-08-30 09:51:00,2026-08-30 04:21:00,7.76,13.52,38.25,,0.24,site_5664,Thermo Fisher Scientific India Private Limited,2026-08-30
South Eastern Coalfields Limited,Dipka Area,M/s Dipka Expansion Project South Eastern Coal Fields Limited Dipka Area,2026-08-30 09:50:00,2026-08-30 04:20:00,8.24,13.32,37.38,,0.23,site_5664,Thermo Fisher Scientific India Private Limited,2026-08-30
South Eastern Coalfields Limited,Dipka Area,M/s Dipka Expansion Project South Eastern Coal Fields Limited Dipka Area,2026-08-30 09:50:00,2026-08-30 04:20:00,8.52,13.22,38.08,,0.24,site_5664,Thermo Fisher Scientific India Private Limited,2026-08-30
South Eastern Coalfields Limited,Dipka Area,M/s Dipka Expansion Project South Eastern Coal Fields Limited Dipka Area,2026-08-30 09:49:00,2026-08-30 04:19:00,8.83,13.36,39.07,,0.22,site_5664,Thermo Fisher Scientific India Private Limited,2026-08-30
South Eastern Coalfields Limited,Dipka Area,M/s Dipka Expansion Project South Eastern Coal Fields Limited Dipka Area,2026-08-30 09:49:00,2026-08-30 04:19:00,9.3,13.63,38.19,,0.3,site_5664,Thermo Fisher Scientific India Private Limited,2026-08-30
South Eastern Coalfields Limited,Dipka Area,M/s Dipka Expansion Project South Eastern Coal Fields Limited Dipka Area,2026-08-30 09:48:00,2026-08-30 04:18:00,9.89,13.98,34.28,,0.34,site_5664,Thermo Fisher Scientific India Private Limited,2026-08-30
South Eastern Coalfields Limited,Dipka Area,M/s Dipka Expansion Project South Eastern Coal Fields Limited Dipka Area,2026-08-30 09:48:00,2026-08-30 04:18:00,10.23,14.29,36.88,,0.27,site_5664,Thermo Fisher Scientific India Private Limited,2026-08-30
South Eastern Coalfields Limited,Dipka Area,M/s Dipka Expansion Project South Eastern Coal Fields Limited Dipka Area,2026-08-30 09:47:00,2026-08-30 04:17:00,10.31,14.54,41.46,,0.16,site_5664,Thermo Fisher Scientific India Private Limited,2026-08-30
South Eastern Coalfields Limited,Dipka Area,M/s Dipka Expansion Project South Eastern Coal Fields Limited Dipka Area,2026-08-30 09:47:00,2026-08-30 04:17:00,10.48,14.83,44.47,,0.0,site_5664,Thermo Fisher Scientific India Private Limited,2026-08-30
South Eastern Coalfields Limited,Dipka Area,M/s Dipka Expansion Project South Eastern Coal Fields Limited Dipka Area,2026-08-30 09:46:00,2026-08-30 04:16:00,10.85,15.15,44.46,,0.1,site_5664,Thermo Fisher Scientific India Private Limited,2026-08-30
South Eastern Coalfields Limited,Dipka Area,M/s Dipka Expansion Project South Eastern Coal Fields Limited Dipka Area,2026-08-30 09:46:00,2026-08-30 04:16:00,11.14,15.27,35.33,,0.07,site_5664,Thermo Fisher Scientific India Private Limited,2026-08-30
South Eastern Coalfields Limited,Dipka Area,M/s Dipka Expansion Project South Eastern Coal Fields Limited Dipka Area,2026-08-30 09:45:00,2026-08-30 04:15:00,11.29,15.46,35.81,,0.0,site_5664,Thermo Fisher Scientific India Private Limited,2026-08-30
South Eastern Coalfields Limited,"Bilaspur, CHHATTISGARHr",South Eastern Coalfields  Limited - AQMS_H_Q,2026-08-30 09:45:00,2026-08-30 04:14:00,98.27,,0.0,3.54,8.04,site_5592,Swan Environ,2026-08-30
South Eastern Coalfields Limited,Dipka Area,M/s Dipka Expansion Project South Eastern Coal Fields Limited Dipka Area,2026-08-30 09:45:00,2026-08-30 04:15:00,11.41,15.55,48.24,,0.0,site_5664,Thermo Fisher Scientific India Private Limited,2026-08-30
South Eastern Coalfields Limited,Dipka Area,M/s Dipka Expansion Project South Eastern Coal Fields Limited Dipka Area,2026-08-30 09:44:00,2026-08-30 04:14:00,11.38,15.79,37.49,,0.0,site_5664,Thermo Fisher Scientific India Private Limited,2026-08-30
South Eastern Coalfields Limited,Dipka Area,M/s Dipka Expansion Project South Eastern Coal Fields Limited Dipka Area,2026-08-30 09:44:00,2026-08-30 04:14:00,11.38,15.93,33.83,,0.0,site_5664,Thermo Fisher Scientific India Private Limited,2026-08-30
South Eastern Coalfields Limited,Dipka Area,M/s Dipka Expansion Project South Eastern Coal Fields Limited Dipka Area,2026-08-30 09:43:00,2026-08-30 04:13:00,11.16,15.97,38.09,,0.0,site_5664,Thermo Fisher Scientific India Private Limited,2026-08-30
South Eastern Coalfields Limited,Dipka Area,M/s Dipka Expansion Project South Eastern Coal Fields Limited Dipka Area,2026-08-30 09:43:00,2026-08-30 04:13:00,10.68,16.06,41.86,,0.0,site_5664,Thermo Fisher Scientific India Private Limited,2026-08-30
South Eastern Coalfields Limited,Dipka Area,M/s Dipka Expansion Project South Eastern Coal Fields Limited Dipka Area,2026-08-30 09:42:00,2026-08-30 04:12:00,10.15,16.1,40.8,,0.0,site_5664,Thermo Fisher Scientific India Private Limited,2026-08-30
South Eastern Coalfields Limited,Dipka Area,M/s Dipka Expansion Project South Eastern Coal Fields Limited Dipka Area,2026-08-30 09:42:00,2026-08-30 04:12:00,9.57,16.15,41.55,,0.1,site_5664,Thermo Fisher Scientific India Private Limited,2026-08-30
South Eastern Coalfields Limited,Dipka Area,M/s Dipka Expansion Project South Eastern Coal Fields Limited Dipka Area,2026-08-30 09:41:00,2026-08-30 04:11:00,8.93,16.15,33.54,,0.01,site_5664,Thermo Fisher Scientific India Private Limited,2026-08-30
South Eastern Coalfields Limited,Dipka Area,M/s Dipka Expansion Project South Eastern Coal Fields Limited Dipka Area,2026-08-30 09:41:00,2026-08-30 04:11:00,8.21,16.13,41.06,,0.13,site_5664,Thermo Fisher Scientific India Private Limited,2026-08-30
South Eastern Coalfields Limited,Dipka Area,M/s Dipka Expansion Project South Eastern Coal Fields Limited Dipka Area,2026-08-30 09:40:00,2026-08-30 04:10:00,7.32,16.08,35.18,,0.31,site_5664,Thermo Fisher Scientific India Private Limited,2026-08-30
South Eastern Coalfields Limited,"Gevra , Chattisgarh",SECL GEVRA,2026-08-30 09:40:00,2026-08-30 09:30:00,55.3,98.5,14.54,11.87,1.2,site_,Envea India Pvt Ltd,2026-08-30
South Eastern Coalfields Limited,Dipka Area,M/s Dipka Expansion Project South Eastern Coal Fields Limited Dipka Area,2026-08-30 09:40:00,2026-08-30 04:10:00,6.62,15.92,38.28,,0.28,site_5664,Thermo Fisher Scientific India Private Limited,2026-08-30
South Eastern Coalfields Limited,Dipka Area,M/s Dipka Expansion Project South Eastern Coal Fields Limited Dipka Area,2026-08-30 09:39:00,2026-08-30 04:09:00,5.87,15.71,38.51,,0.27,site_5664,Thermo Fisher Scientific India Private Limited,2026-08-30
South Eastern Coalfields Limited,Dipka Area,M/s Dipka Expansion Project South Eastern Coal Fields Limited Dipka Area,2026-08-30 09:39:00,2026-08-30 04:09:00,5.34,15.46,38.43,,0.37,site_5664,Thermo Fisher Scientific India Private Limited,2026-08-30
South Eastern Coalfields Limited,Dipka Area,M/s Dipka Expansion Project South Eastern Coal Fields Limited Dipka Area,2026-08-30 09:38:00,2026-08-30 04:08:00,5.05,15.07,35.88,,0.35,site_5664,Thermo Fisher Scientific India Private Limited,2026-08-30
South Eastern Coalfields Limited,Dipka Area,M/s Dipka Expansion Project South Eastern Coal Fields Limited Dipka Area,2026-08-30 09:38:00,2026-08-30 04:08:00,5.11,14.68,37.11,,0.32,site_5664,Thermo Fisher Scientific India Private Limited,2026-08-30
South Eastern Coalfields Limited,Dipka Area,M/s Dipka Expansion Project South Eastern Coal Fields Limited Dipka Area,2026-08-30 09:37:00,2026-08-30 04:07:00,5.22,14.19,41.28,,0.31,site_5664,Thermo Fisher Scientific India Private Limited,2026-08-30
South Eastern Coalfields Limited,Dipka Area,M/s Dipka Expansion Project South Eastern Coal Fields Limited Dipka Area,2026-08-30 09:37:00,2026-08-30 04:07:00,5.38,13.83,38.97,,0.34,site_5664,Thermo Fisher Scientific India Private Limited,2026-08-30
South Eastern Coalfields Limited,Dipka Area,M/s Dipka Expansion Project South Eastern Coal Fields Limited Dipka Area,2026-08-30 09:36:00,2026-08-30 04:06:00,5.57,13.54,34.98,,0.38,site_5664,Thermo Fisher Scientific India Private Limited,2026-08-30
South Eastern Coalfields Limited,Dipka Area,M/s Dipka Expansion Project South Eastern Coal Fields Limited Dipka Area,2026-08-30 09:36:00,2026-08-30 04:06:00,5.56,13.38,42.85,,0.37,site_5664,Thermo Fisher Scientific India Private Limited,2026-08-30
South Eastern Coalfields Limited,Dipka Area,M/s Dipka Expansion Project South Eastern Coal Fields Limited Dipka Area,2026-08-30 09:35:00,2026-08-30 04:05:00,5.37,13.38,41.86,,0.38,site_5664,Thermo Fisher Scientific India Private Limited,2026-08-30
South Eastern Coalfields Limited,Dipka Area,M/s Dipka Expansion Project South Eastern Coal Fields Limited Dipka Area,2026-08-30 09:35:00,2026-08-30 04:05:00,4.97,13.44,39.82,,0.36,site_5664,Thermo Fisher Scientific India Private Limited,2026-08-30
South Eastern Coalfields Limited,Dipka Area,M/s Dipka Expansion Project South Eastern Coal Fields Limited Dipka Area,2026-08-30 09:34:00,2026-08-30 04:04:00,4.51,13.63,36.97,,0.3,site_5664,Thermo Fisher Scientific India Private Limited,2026-08-30
South Eastern Coalfields Limited,Dipka Area,M/s Dipka Expansion Project South Eastern Coal Fields Limited Dipka Area,2026-08-30 09:34:00,2026-08-30 04:04:00,4.03,13.7,33.19,,0.3,site_5664,Thermo Fisher Scientific India Private Limited,2026-08-30
South Eastern Coalfields Limited,Dipka Area,M/s Dipka Expansion Project South Eastern Coal Fields Limited Dipka Area,2026-08-30 09:33:00,2026-08-30 04:03:00,3.45,13.68,43.22,,0.33,site_5664,Thermo Fisher Scientific India Private Limited,2026-08-30
South Eastern Coalfields Limited,Dipka Area,M/s Dipka Expansion Project South Eastern Coal Fields Limited Dipka Area,2026-08-30 09:33:00,2026-08-30 04:03:00,3.09,13.66,46.79,,0.24,site_5664,Thermo Fisher Scientific India Private Limited,2026-08-30
South Eastern Coalfields Limited,Dipka Area,M/s Dipka Expansion Project South Eastern Coal Fields Limited Dipka Area,2026-08-30 09:32:00,2026-08-30 04:02:00,2.62,13.65,37.74,,0.41,site_5664,Thermo Fisher Scientific India Private Limited,2026-08-30
South Eastern Coalfields Limited,Dipka Area,M/s Dipka Expansion Project South Eastern Coal Fields Limited Dipka Area,2026-08-30 09:32:00,2026-08-30 04:02:00,2.11,13.55,34.91,,0.41,site_5664,Thermo Fisher Scientific India Private Limited,2026-08-30
South Eastern Coalfields Limited,Dipka Area,M/s Dipka Expansion Project South Eastern Coal Fields Limited Dipka Area,2026-08-30 09:31:00,2026-08-30 04:01:00,1.69,13.47,41.3,,0.37,site_5664,Thermo Fisher Scientific India Private Limited,2026-08-30
South Eastern Coalfields Limited,Dipka Area,M/s Dipka Expansion Project South Eastern Coal Fields Limited Dipka Area,2026-08-30 09:31:00,2026-08-30 04:01:00,1.29,13.48,40.82,,0.28,site_5664,Thermo Fisher Scientific India Private Limited,2026-08-30
South Eastern Coalfields Limited,Dipka Area,M/s Dipka Expansion Project South Eastern Coal Fields Limited Dipka Area,2026-08-30 09:30:00,2026-08-30 04:00:00,1.02,13.58,38.46,,0.33,site_5664,Thermo Fisher Scientific India Private Limited,2026-08-30
South Eastern Coalfields Limited,"Bilaspur, CHHATTISGARHr",South Eastern Coalfields  Limited - AQMS_H_Q,2026-08-30 09:30:00,2026-08-30 03:59:00,3.64,,11.24,0.0,0.0,site_5592,Swan Environ,2026-08-30
South Eastern Coalfields Limited,Dipka Area,M/s Dipka Expansion Project South Eastern Coal Fields Limited Dipka Area,2026-08-30 09:30:00,2026-08-30 04:00:00,0.87,13.61,37.97,,0.39,site_5664,Thermo Fisher Scientific India Private Limited,2026-08-30
South Eastern Coalfields Limited,Dipka Area,M/s Dipka Expansion Project South Eastern Coal Fields Limited Dipka Area,2026-08-30 09:29:00,2026-08-30 03:59:00,1.07,13.56,36.44,,0.46,site_5664,Thermo Fisher Scientific India Private Limited,2026-08-30
South Eastern Coalfields Limited,Dipka Area,M/s Dipka Expansion Project South Eastern Coal Fields Limited Dipka Area,2026-08-30 09:29:00,2026-08-30 03:59:00,1.33,13.56,41.47,,0.54,site_5664,Thermo Fisher Scientific India Private Limited,2026-08-30
South Eastern Coalfields Limited,Dipka Area,M/s Dipka Expansion Project South Eastern Coal Fields Limited Dipka Area,2026-08-30 09:28:00,2026-08-30 03:58:00,1.58,13.69,39.47,,0.54,site_5664,Thermo Fisher Scientific India Private Limited,2026-08-30
South Eastern Coalfields Limited,Dipka Area,M/s Dipka Expansion Project South Eastern Coal Fields Limited Dipka Area,2026-08-30 09:28:00,2026-08-30 03:58:00,2.04,13.82,40.7,,0.49,site_5664,Thermo Fisher Scientific India Private Limited,2026-08-30
South Eastern Coalfields Limited,Dipka Area,M/s Dipka Expansion Project South Eastern Coal Fields Limited Dipka Area,2026-08-30 09:27:00,2026-08-30 03:57:00,2.61,14.01,39.07,,0.37,site_5664,Thermo Fisher Scientific India Private Limited,2026-08-30
South Eastern Coalfields Limited,Dipka Area,M/s Dipka Expansion Project South Eastern Coal Fields Limited Dipka Area,2026-08-30 09:27:00,2026-08-30 03:57:00,3.27,14.25,36.57,,0.36,site_5664,Thermo Fisher Scientific India Private Limited,2026-08-30
South Eastern Coalfields Limited,Dipka Area,M/s Dipka Expansion Project South Eastern Coal Fields Limited Dipka Area,2026-08-30 09:26:00,2026-08-30 03:56:00,3.9,14.53,38.22,,0.52,site_5664,Thermo Fisher Scientific India Private Limited,2026-08-30
South Eastern Coalfields Limited,Dipka Area,M/s Dipka Expansion Project South Eastern Coal Fields Limited Dipka Area,2026-08-30 09:26:00,2026-08-30 03:56:00,4.44,14.75,43.33,,0.56,site_5664,Thermo Fisher Scientific India Private Limited,2026-08-30
South Eastern Coalfields Limited,Dipka Area,M/s Dipka Expansion Project South Eastern Coal Fields Limited Dipka Area,2026-08-30 09:25:00,2026-08-30 03:55:00,5.12,14.88,39.17,,0.46,site_5664,Thermo Fisher Scientific India Private Limited,2026-08-30
South Eastern Coalfields Limited,"Gevra , Chattisgarh",SECL GEVRA,2026-08-30 09:25:00,2026-08-30 09:15:00,44.4,79.57,13.93,10.25,0.94,site_,Envea India Pvt Ltd,2026-08-30
South Eastern Coalfields Limited,Dipka Area,M/s Dipka Expansion Project South Eastern Coal Fields Limited Dipka Area,2026-08-30 09:25:00,2026-08-30 03:55:00,5.69,15.14,32.71,,0.56,site_5664,Thermo Fisher Scientific India Private Limited,2026-08-30
South Eastern Coalfields Limited,Dipka Area,M/s Dipka Expansion Project South Eastern Coal Fields Limited Dipka Area,2026-08-30 09:24:00,2026-08-30 03:54:00,6.34,15.38,38.09,,0.55,site_5664,Thermo Fisher Scientific India Private Limited,2026-08-30
South Eastern Coalfields Limited,Dipka Area,M/s Dipka Expansion Project South Eastern Coal Fields Limited Dipka Area,2026-08-30 09:24:00,2026-08-30 03:54:00,6.73,15.58,37.55,,0.48,site_5664,Thermo Fisher Scientific India Private Limited,2026-08-30
South Eastern Coalfields Limited,Dipka Area,M/s Dipka Expansion Project South Eastern Coal Fields Limited Dipka Area,2026-08-30 09:23:00,2026-08-30 03:53:00,7.0,15.9,38.31,,0.34,site_5664,Thermo Fisher Scientific India Private Limited,2026-08-30
South Eastern Coalfields Limited,Dipka Area,M/s Dipka Expansion Project South Eastern Coal Fields Limited Dipka Area,2026-08-30 09:23:00,2026-08-30 03:53:00,7.43,16.26,36.44,,0.49,site_5664,Thermo Fisher Scientific India Private Limited,2026-08-30
South Eastern Coalfields Limited,Dipka Area,M/s Dipka Expansion Project South Eastern Coal Fields Limited Dipka Area,2026-08-30 09:22:00,2026-08-30 03:52:00,7.99,16.63,37.7,,0.6,site_5664,Thermo Fisher Scientific India Private Limited,2026-08-30
South Eastern Coalfields Limited,Dipka Area,M/s Dipka Expansion Project South Eastern Coal Fields Limited Dipka Area,2026-08-30 09:22:00,2026-08-30 03:52:00,8.19,16.85,36.92,,0.53,site_5664,Thermo Fisher Scientific India Private Limited,2026-08-30
South Eastern Coalfields Limited,Dipka Area,M/s Dipka Expansion Project South Eastern Coal Fields Limited Dipka Area,2026-08-30 09:21:00,2026-08-30 03:51:00,8.47,17.3,41.78,,0.47,site_5664,Thermo Fisher Scientific India Private Limited,2026-08-30
South Eastern Coalfields Limited,Dipka Area,M/s Dipka Expansion Project South Eastern Coal Fields Limited Dipka Area,2026-08-30 09:21:00,2026-08-30 03:51:00,8.64,17.72,37.59,,0.44,site_5664,Thermo Fisher Scientific India Private Limited,2026-08-30
South Eastern Coalfields Limited,Dipka Area,M/s Dipka Expansion Project South Eastern Coal Fields Limited Dipka Area,2026-08-30 09:20:00,2026-08-30 03:50:00,8.78,18.03,46.04,,0.49,site_5664,Thermo Fisher Scientific India Private Limited,2026-08-30
South Eastern Coalfields Limited,Dipka Area,M/s Dipka Expansion Project South Eastern Coal Fields Limited Dipka Area,2026-08-30 09:20:00,2026-08-30 03:50:00,8.67,18.23,39.54,,0.35,site_5664,Thermo Fisher Scientific India Private Limited,2026-08-30
South Eastern Coalfields Limited,Dipka Area,M/s Dipka Expansion Project South Eastern Coal Fields Limited Dipka Area,2026-08-30 09:19:00,2026-08-30 03:49:00,8.44,18.52,43.61,,0.27,site_5664,Thermo Fisher Scientific India Private Limited,2026-08-30
South Eastern Coalfields Limited,Dipka Area,M/s Dipka Expansion Project South Eastern Coal Fields Limited Dipka Area,2026-08-30 09:19:00,2026-08-30 03:49:00,8.28,18.84,38.87,,0.33,site_5664,Thermo Fisher Scientific India Private Limited,2026-08-30
South Eastern Coalfields Limited,Dipka Area,M/s Dipka Expansion Project South Eastern Coal Fields Limited Dipka Area,2026-08-30 09:18:00,2026-08-30 03:48:00,8.08,19.2,36.71,,0.45,site_5664,Thermo Fisher Scientific India Private Limited,2026-08-30
South Eastern Coalfields Limited,Dipka Area,M/s Dipka Expansion Project South Eastern Coal Fields Limited Dipka Area,2026-08-30 09:18:00,2026-08-30 03:48:00,7.76,19.49,38.37,,0.42,site_5664,Thermo Fisher Scientific India Private Limited,2026-08-30
South Eastern Coalfields Limited,Dipka Area,M/s Dipka Expansion Project South Eastern Coal Fields Limited Dipka Area,2026-08-30 09:17:00,2026-08-30 03:47:00,7.31,19.89,36.91,,0.41,site_5664,Thermo Fisher Scientific India Private Limited,2026-08-30
South Eastern Coalfields Limited,Dipka Area,M/s Dipka Expansion Project South Eastern Coal Fields Limited Dipka Area,2026-08-30 09:17:00,2026-08-30 03:47:00,6.87,20.26,35.86,,0.44,site_5664,Thermo Fisher Scientific India Private Limited,2026-08-30
South Eastern Coalfields Limited,Dipka Area,M/s Dipka Expansion Project South Eastern Coal Fields Limited Dipka Area,2026-08-30 09:16:00,2026-08-30 03:46:00,6.2,20.6,40.84,,0.18,site_5664,Thermo Fisher Scientific India Private Limited,2026-08-30
South Eastern Coalfields Limited,Dipka Area,M/s Dipka Expansion Project South Eastern Coal Fields Limited Dipka Area,2026-08-30 09:16:00,2026-08-30 03:46:00,5.57,20.85,33.59,,0.18,site_5664,Thermo Fisher Scientific India Private Limited,2026-08-30
South Eastern Coalfields Limited,Dipka Area,M/s Dipka Expansion Project South Eastern Coal Fields Limited Dipka Area,2026-08-30 09:15:00,2026-08-30 03:45:00,4.57,21.15,41.24,,0.18,site_5664,Thermo Fisher Scientific India Private Limited,2026-08-30
South Eastern Coalfields Limited,"Bilaspur, CHHATTISGARHr",South Eastern Coalfields  Limited - AQMS_H_Q,2026-08-30 09:15:00,2026-08-30 03:44:00,3.37,,11.27,0.0,0.0,site_5592,Swan Environ,2026-08-30
South Eastern Coalfields Limited,Dipka Area,M/s Dipka Expansion Project South Eastern Coal Fields Limited Dipka Area,2026-08-30 09:15:00,2026-08-30 03:45:00,3.77,21.42,44.02,,0.23,site_5664,Thermo Fisher Scientific India Private Limited,2026-08-30
South Eastern Coalfields Limited,Dipka Area,M/s Dipka Expansion Project South Eastern Coal Fields Limited Dipka Area,2026-08-30 09:14:00,2026-08-30 03:44:00,3.05,21.73,36.4,,0.28,site_5664,Thermo Fisher Scientific India Private Limited,2026-08-30
South Eastern Coalfields Limited,Dipka Area,M/s Dipka Expansion Project South Eastern Coal Fields Limited Dipka Area,2026-08-30 09:14:00,2026-08-30 03:44:00,2.56,22.0,36.85,,0.25,site_5664,Thermo Fisher Scientific India Private Limited,2026-08-30
South Eastern Coalfields Limited,Dipka Area,M/s Dipka Expansion Project South Eastern Coal Fields Limited Dipka Area,2026-08-30 09:13:00,2026-08-30 03:43:00,2.23,22.33,32.69,,0.36,site_5664,Thermo Fisher Scientific India Private Limited,2026-08-30
South Eastern Coalfields Limited,Dipka Area,M/s Dipka Expansion Project South Eastern Coal Fields Limited Dipka Area,2026-08-30 09:13:00,2026-08-30 03:43:00,2.08,22.64,37.25,,0.38,site_5664,Thermo Fisher Scientific India Private Limited,2026-08-30
South Eastern Coalfields Limited,Dipka Area,M/s Dipka Expansion Project South Eastern Coal Fields Limited Dipka Area,2026-08-30 09:12:00,2026-08-30 03:42:00,2.07,22.99,42.07,,0.24,site_5664,Thermo Fisher Scientific India Private Limited,2026-08-30
South Eastern Coalfields Limited,Dipka Area,M/s Dipka Expansion Project South Eastern Coal Fields Limited Dipka Area,2026-08-30 09:12:00,2026-08-30 03:42:00,2.16,23.22,42.35,,0.25,site_5664,Thermo Fisher Scientific India Private Limited,2026-08-30
South Eastern Coalfields Limited,Dipka Area,M/s Dipka Expansion Project South Eastern Coal Fields Limited Dipka Area,2026-08-30 09:11:00,2026-08-30 03:41:00,2.45,23.43,41.66,,0.42,site_5664,Thermo Fisher Scientific India Private Limited,2026-08-30
South Eastern Coalfields Limited,Dipka Area,M/s Dipka Expansion Project South Eastern Coal Fields Limited Dipka Area,2026-08-30 09:11:00,2026-08-30 03:41:00,2.68,23.64,39.85,,0.21,site_5664,Thermo Fisher Scientific India Private Limited,2026-08-30
South Eastern Coalfields Limited,Dipka Area,M/s Dipka Expansion Project South Eastern Coal Fields Limited Dipka Area,2026-08-30 09:10:00,2026-08-30 03:40:00,2.92,23.77,37.37,,0.32,site_5664,Thermo Fisher Scientific India Private Limited,2026-08-30
South Eastern Coalfields Limited,"Gevra , Chattisgarh",SECL GEVRA,2026-08-30 09:10:00,2026-08-30 09:00:00,50.0,89.25,14.24,11.08,1.07,site_,Envea India Pvt Ltd,2026-08-30
South Eastern Coalfields Limited,Dipka Area,M/s Dipka Expansion Project South Eastern Coal Fields Limited Dipka Area,2026-08-30 09:10:00,2026-08-30 03:40:00,3.15,23.7,44.66,,0.29,site_5664,Thermo Fisher Scientific India Private Limited,2026-08-30
South Eastern Coalfields Limited,Dipka Area,M/s Dipka Expansion Project South Eastern Coal Fields Limited Dipka Area,2026-08-30 09:09:00,2026-08-30 03:39:00,3.52,23.42,43.39,,0.22,site_5664,Thermo Fisher Scientific India Private Limited,2026-08-30
South Eastern Coalfields Limited,Dipka Area,M/s Dipka Expansion Project South Eastern Coal Fields Limited Dipka Area,2026-08-30 09:09:00,2026-08-30 03:39:00,4.06,23.02,39.5,,0.16,site_5664,Thermo Fisher Scientific India Private Limited,2026-08-30
South Eastern Coalfields Limited,Dipka Area,M/s Dipka Expansion Project South Eastern Coal Fields Limited Dipka Area,2026-08-30 09:08:00,2026-08-30 03:38:00,4.58,22.51,42.12,,0.05,site_5664,Thermo Fisher Scientific India Private Limited,2026-08-30
South Eastern Coalfields Limited,Dipka Area,M/s Dipka Expansion Project South Eastern Coal Fields Limited Dipka Area,2026-08-30 09:08:00,2026-08-30 03:38:00,5.09,22.01,42.59,,0.02,site_5664,Thermo Fisher Scientific India Private Limited,2026-08-30
South Eastern Coalfields Limited,Dipka Area,M/s Dipka Expansion Project South Eastern Coal Fields Limited Dipka Area,2026-08-30 09:07:00,2026-08-30 03:37:00,5.68,21.39,41.2,,0.06,site_5664,Thermo Fisher Scientific India Private Limited,2026-08-30
South Eastern Coalfields Limited,Dipka Area,M/s Dipka Expansion Project South Eastern Coal Fields Limited Dipka Area,2026-08-30 09:07:00,2026-08-30 03:37:00,6.25,20.89,40.12,,0.07,site_5664,Thermo Fisher Scientific India Private Limited,2026-08-30
South Eastern Coalfields Limited,Dipka Area,M/s Dipka Expansion Project South Eastern Coal Fields Limited Dipka Area,2026-08-30 09:06:00,2026-08-30 03:36:00,6.69,20.33,37.52,,0.06,site_5664,Thermo Fisher Scientific India Private Limited,2026-08-30
South Eastern Coalfields Limited,Dipka Area,M/s Dipka Expansion Project South Eastern Coal Fields Limited Dipka Area,2026-08-30 09:06:00,2026-08-30 03:36:00,6.75,19.8,36.87,,0.26,site_5664,Thermo Fisher Scientific India Private Limited,2026-08-30
South Eastern Coalfields Limited,Dipka Area,M/s Dipka Expansion Project South Eastern Coal Fields Limited Dipka Area,2026-08-30 09:05:00,2026-08-30 03:35:00,6.72,19.3,39.59,,0.1,site_5664,Thermo Fisher Scientific India Private Limited,2026-08-30
South Eastern Coalfields Limited,Dipka Area,M/s Dipka Expansion Project South Eastern Coal Fields Limited Dipka Area,2026-08-30 09:05:00,2026-08-30 03:35:00,6.67,18.95,44.64,,0.14,site_5664,Thermo Fisher Scientific India Private Limited,2026-08-30
South Eastern Coalfields Limited,Dipka Area,M/s Dipka Expansion Project South Eastern Coal Fields Limited Dipka Area,2026-08-30 09:04:00,2026-08-30 03:34:00,6.5,18.51,42.31,,0.16,site_5664,Thermo Fisher Scientific India Private Limited,2026-08-30
South Eastern Coalfields Limited,Dipka Area,M/s Dipka Expansion Project South Eastern Coal Fields Limited Dipka Area,2026-08-30 09:04:00,2026-08-30 03:34:00,6.16,18.11,38.09,,0.24,site_5664,Thermo Fisher Scientific India Private Limited,2026-08-30
South Eastern Coalfields Limited,Dipka Area,M/s Dipka Expansion Project South Eastern Coal Fields Limited Dipka Area,2026-08-30 09:03:00,2026-08-30 03:33:00,5.93,17.79,43.77,,0.22,site_5664,Thermo Fisher Scientific India Private Limited,2026-08-30
South Eastern Coalfields Limited,Dipka Area,M/s Dipka Expansion Project South Eastern Coal Fields Limited Dipka Area,2026-08-30 09:03:00,2026-08-30 03:33:00,6.02,17.57,40.89,,0.25,site_5664,Thermo Fisher Scientific India Private Limited,2026-08-30
South Eastern Coalfields Limited,Dipka Area,M/s Dipka Expansion Project South Eastern Coal Fields Limited Dipka Area,2026-08-30 09:02:00,2026-08-30 03:32:00,6.22,17.33,41.12,,0.19,site_5664,Thermo Fisher Scientific India Private Limited,2026-08-30
South Eastern Coalfields Limited,Dipka Area,M/s Dipka Expansion Project South Eastern Coal Fields Limited Dipka Area,2026-08-30 09:02:00,2026-08-30 03:32:00,6.43,17.14,38.29,,0.21,site_5664,Thermo Fisher Scientific India Private Limited,2026-08-30
South Eastern Coalfields Limited,Dipka Area,M/s Dipka Expansion Project South Eastern Coal Fields Limited Dipka Area,2026-08-30 09:01:00,2026-08-30 03:31:00,6.86,17.09,35.14,,0.26,site_5664,Thermo Fisher Scientific India Private Limited,2026-08-30
South Eastern Coalfields Limited,Dipka Area,M/s Dipka Expansion Project South Eastern Coal Fields Limited Dipka Area,2026-08-30 09:01:00,2026-08-30 03:31:00,7.54,17.19,39.3,,0.28,site_5664,Thermo Fisher Scientific India Private Limited,2026-08-30
South Eastern Coalfields Limited,"Bilaspur, CHHATTISGARHr",South Eastern Coalfields  Limited - AQMS_H_Q,2026-08-30 09:00:00,2026-08-30 03:30:00,98.22,,0.0,3.6,6.68,site_5592,Swan Environ,2026-08-30
South Eastern Coalfields Limited,Dipka Area,M/s Dipka Expansion Project South Eastern Coal Fields Limited Dipka Area,2026-08-30 09:00:00,2026-08-30 03:30:00,8.49,17.33,37.75,,0.34,site_5664,Thermo Fisher Scientific India Private Limited,2026-08-30
South Eastern Coalfields Limited,Dipka Area,M/s Dipka Expansion Project South Eastern Coal Fields Limited Dipka Area,2026-08-30 08:59:00,2026-08-30 03:29:00,10.6,17.64,39.67,,0.48,site_5664,Thermo Fisher Scientific India Private Limited,2026-08-30
South Eastern Coalfields Limited,Dipka Area,M/s Dipka Expansion Project South Eastern Coal Fields Limited Dipka Area,2026-08-30 08:59:00,2026-08-30 03:29:00,11.69,17.81,37.5,,0.45,site_5664,Thermo Fisher Scientific India Private Limited,2026-08-30
South Eastern Coalfields Limited,Dipka Area,M/s Dipka Expansion Project South Eastern Coal Fields Limited Dipka Area,2026-08-30 08:58:00,2026-08-30 03:28:00,12.95,18.06,40.02,,0.45,site_5664,Thermo Fisher Scientific India Private Limited,2026-08-30
South Eastern Coalfields Limited,Dipka Area,M/s Dipka Expansion Project South Eastern Coal Fields Limited Dipka Area,2026-08-30 08:58:00,2026-08-30 03:28:00,13.97,18.19,39.41,,0.32,site_5664,Thermo Fisher Scientific India Private Limited,2026-08-30
South Eastern Coalfields Limited,Dipka Area,M/s Dipka Expansion Project South Eastern Coal Fields Limited Dipka Area,2026-08-30 08:57:00,2026-08-30 03:27:00,14.92,18.37,41.1,,0.38,site_5664,Thermo Fisher Scientific India Private Limited,2026-08-30
South Eastern Coalfields Limited,Dipka Area,M/s Dipka Expansion Project South Eastern Coal Fields Limited Dipka Area,2026-08-30 08:57:00,2026-08-30 03:27:00,15.63,18.43,36.8,,0.36,site_5664,Thermo Fisher Scientific India Private Limited,2026-08-30
South Eastern Coalfields Limited,Dipka Area,M/s Dipka Expansion Project South Eastern Coal Fields Limited Dipka Area,2026-08-30 08:56:00,2026-08-30 03:26:00,16.38,18.38,39.6,,0.31,site_5664,Thermo Fisher Scientific India Private Limited,2026-08-30
South Eastern Coalfields Limited,Dipka Area,M/s Dipka Expansion Project South Eastern Coal Fields Limited Dipka Area,2026-08-30 08:56:00,2026-08-30 03:26:00,16.89,18.3,40.53,,0.33,site_5664,Thermo Fisher Scientific India Private Limited,2026-08-30
South Eastern Coalfields Limited,Dipka Area,M/s Dipka Expansion Project South Eastern Coal Fields Limited Dipka Area,2026-08-30 08:55:00,2026-08-30 03:25:00,17.33,18.2,39.57,,0.31,site_5664,Thermo Fisher Scientific India Private Limited,2026-08-30
South Eastern Coalfields Limited,"Gevra , Chattisgarh",SECL GEVRA,2026-08-30 08:55:00,2026-08-30 08:45:00,45.9,82.21,14.02,10.48,0.97,site_,Envea India Pvt Ltd,2026-08-30
South Eastern Coalfields Limited,Dipka Area,M/s Dipka Expansion Project South Eastern Coal Fields Limited Dipka Area,2026-08-30 08:55:00,2026-08-30 03:25:00,17.73,18.11,33.94,,0.28,site_5664,Thermo Fisher Scientific India Private Limited,2026-08-30
South Eastern Coalfields Limited,Dipka Area,M/s Dipka Expansion Project South Eastern Coal Fields Limited Dipka Area,2026-08-30 08:54:00,2026-08-30 03:24:00,18.22,17.99,34.74,,0.27,site_5664,Thermo Fisher Scientific India Private Limited,2026-08-30
South Eastern Coalfields Limited,Dipka Area,M/s Dipka Expansion Project South Eastern Coal Fields Limited Dipka Area,2026-08-30 08:54:00,2026-08-30 03:24:00,18.56,17.95,39.78,,0.25,site_5664,Thermo Fisher Scientific India Private Limited,2026-08-30
South Eastern Coalfields Limited,Dipka Area,M/s Dipka Expansion Project South Eastern Coal Fields Limited Dipka Area,2026-08-30 08:53:00,2026-08-30 03:23:00,18.81,18.07,37.39,,0.32,site_5664,Thermo Fisher Scientific India Private Limited,2026-08-30
South Eastern Coalfields Limited,Dipka Area,M/s Dipka Expansion Project South Eastern Coal Fields Limited Dipka Area,2026-08-30 08:53:00,2026-08-30 03:23:00,19.05,18.32,37.07,,0.4,site_5664,Thermo Fisher Scientific India Private Limited,2026-08-30
South Eastern Coalfields Limited,Dipka Area,M/s Dipka Expansion Project South Eastern Coal Fields Limited Dipka Area,2026-08-30 08:52:00,2026-08-30 03:22:00,19.35,18.56,39.52,,0.44,site_5664,Thermo Fisher Scientific India Private Limited,2026-08-30
South Eastern Coalfields Limited,Dipka Area,M/s Dipka Expansion Project South Eastern Coal Fields Limited Dipka Area,2026-08-30 08:52:00,2026-08-30 03:22:00,19.62,18.75,37.04,,0.38,site_5664,Thermo Fisher Scientific India Private Limited,2026-08-30
South Eastern Coalfields Limited,Dipka Area,M/s Dipka Expansion Project South Eastern Coal Fields Limited Dipka Area,2026-08-30 08:51:00,2026-08-30 03:21:00,20.15,18.97,37.93,,0.33,site_5664,Thermo Fisher Scientific India Private Limited,2026-08-30
South Eastern Coalfields Limited,Dipka Area,M/s Dipka Expansion Project South Eastern Coal Fields Limited Dipka Area,2026-08-30 08:51:00,2026-08-30 03:21:00,20.66,19.17,37.17,,0.17,site_5664,Thermo Fisher Scientific India Private Limited,2026-08-30
South Eastern Coalfields Limited,Dipka Area,M/s Dipka Expansion Project South Eastern Coal Fields Limited Dipka Area,2026-08-30 08:50:00,2026-08-30 03:20:00,21.17,19.32,39.21,,0.17,site_5664,Thermo Fisher Scientific India Private Limited,2026-08-30
South Eastern Coalfields Limited,Dipka Area,M/s Dipka Expansion Project South Eastern Coal Fields Limited Dipka Area,2026-08-30 08:50:00,2026-08-30 03:20:00,21.48,19.28,38.05,,0.17,site_5664,Thermo Fisher Scientific India Private Limited,2026-08-30
South Eastern Coalfields Limited,Dipka Area,M/s Dipka Expansion Project South Eastern Coal Fields Limited Dipka Area,2026-08-30 08:49:00,2026-08-30 03:19:00,21.7,19.16,34.6,,0.1,site_5664,Thermo Fisher Scientific India Private Limited,2026-08-30
South Eastern Coalfields Limited,Dipka Area,M/s Dipka Expansion Project South Eastern Coal Fields Limited Dipka Area,2026-08-30 08:49:00,2026-08-30 03:19:00,21.71,19.1,39.69,,0.18,site_5664,Thermo Fisher Scientific India Private Limited,2026-08-30
South Eastern Coalfields Limited,Dipka Area,M/s Dipka Expansion Project South Eastern Coal Fields Limited Dipka Area,2026-08-30 08:48:00,2026-08-30 03:18:00,21.35,18.88,42.04,,0.19,site_5664,Thermo Fisher Scientific India Private Limited,2026-08-30
South Eastern Coalfields Limited,Dipka Area,M/s Dipka Expansion Project South Eastern Coal Fields Limited Dipka Area,2026-08-30 08:48:00,2026-08-30 03:18:00,20.95,18.6,37.14,,0.18,site_5664,Thermo Fisher Scientific India Private Limited,2026-08-30
South Eastern Coalfields Limited,Dipka Area,M/s Dipka Expansion Project South Eastern Coal Fields Limited Dipka Area,2026-08-30 08:47:00,2026-08-30 03:17:00,20.51,18.25,36.79,,0.14,site_5664,Thermo Fisher Scientific India Private Limited,2026-08-30
South Eastern Coalfields Limited,Dipka Area,M/s Dipka Expansion Project South Eastern Coal Fields Limited Dipka Area,2026-08-30 08:47:00,2026-08-30 03:17:00,20.23,17.88,41.98,,0.24,site_5664,Thermo Fisher Scientific India Private Limited,2026-08-30
South Eastern Coalfields Limited,Dipka Area,M/s Dipka Expansion Project South Eastern Coal Fields Limited Dipka Area,2026-08-30 08:46:00,2026-08-30 03:16:00,19.93,17.34,43.19,,0.31,site_5664,Thermo Fisher Scientific India Private Limited,2026-08-30
South Eastern Coalfields Limited,Dipka Area,M/s Dipka Expansion Project South Eastern Coal Fields Limited Dipka Area,2026-08-30 08:46:00,2026-08-30 03:16:00,19.63,16.7,40.37,,0.39,site_5664,Thermo Fisher Scientific India Private Limited,2026-08-30
South Eastern Coalfields Limited,"Bilaspur, CHHATTISGARHr",South Eastern Coalfields  Limited - AQMS_H_Q,2026-08-30 08:45:00,2026-08-30 03:15:00,98.41,,0.0,3.65,8.64,site_5592,Swan Environ,2026-08-30
South Eastern Coalfields Limited,Dipka Area,M/s Dipka Expansion Project South Eastern Coal Fields Limited Dipka Area,2026-08-30 08:45:00,2026-08-30 03:15:00,19.27,16.0,37.42,,0.4,site_5664,Thermo Fisher Scientific India Private Limited,2026-08-30
South Eastern Coalfields Limited,Dipka Area,M/s Dipka Expansion Project South Eastern Coal Fields Limited Dipka Area,2026-08-30 08:45:00,2026-08-30 03:15:00,18.92,15.61,35.29,,0.24,site_5664,Thermo Fisher Scientific India Private Limited,2026-08-30
South Eastern Coalfields Limited,Dipka Area,M/s Dipka Expansion Project South Eastern Coal Fields Limited Dipka Area,2026-08-30 08:44:00,2026-08-30 03:14:00,18.3,15.09,39.1,,0.24,site_5664,Thermo Fisher Scientific India Private Limited,2026-08-30
South Eastern Coalfields Limited,Dipka Area,M/s Dipka Expansion Project South Eastern Coal Fields Limited Dipka Area,2026-08-30 08:44:00,2026-08-30 03:14:00,17.64,14.65,39.11,,0.14,site_5664,Thermo Fisher Scientific India Private Limited,2026-08-30
South Eastern Coalfields Limited,Dipka Area,M/s Dipka Expansion Project South Eastern Coal Fields Limited Dipka Area,2026-08-30 08:43:00,2026-08-30 03:13:00,16.82,14.28,37.95,,0.14,site_5664,Thermo Fisher Scientific India Private Limited,2026-08-30
South Eastern Coalfields Limited,Dipka Area,M/s Dipka Expansion Project South Eastern Coal Fields Limited Dipka Area,2026-08-30 08:43:00,2026-08-30 03:13:00,16.08,14.05,34.91,,0.16,site_5664,Thermo Fisher Scientific India Private Limited,2026-08-30
South Eastern Coalfields Limited,Dipka Area,M/s Dipka Expansion Project South Eastern Coal Fields Limited Dipka Area,2026-08-30 08:42:00,2026-08-30 03:12:00,15.36,13.57,37.46,,0.15,site_5664,Thermo Fisher Scientific India Private Limited,2026-08-30
South Eastern Coalfields Limited,Dipka Area,M/s Dipka Expansion Project South Eastern Coal Fields Limited Dipka Area,2026-08-30 08:42:00,2026-08-30 03:12:00,14.8,12.98,39.28,,0.03,site_5664,Thermo Fisher Scientific India Private Limited,2026-08-30
South Eastern Coalfields Limited,Dipka Area,M/s Dipka Expansion Project South Eastern Coal Fields Limited Dipka Area,2026-08-30 08:41:00,2026-08-30 03:11:00,14.16,12.18,39.42,,0.0,site_5664,Thermo Fisher Scientific India Private Limited,2026-08-30
South Eastern Coalfields Limited,Dipka Area,M/s Dipka Expansion Project South Eastern Coal Fields Limited Dipka Area,2026-08-30 08:41:00,2026-08-30 03:11:00,13.79,11.62,38.65,,0.05,site_5664,Thermo Fisher Scientific India Private Limited,2026-08-30
South Eastern Coalfields Limited,Dipka Area,M/s Dipka Expansion Project South Eastern Coal Fields Limited Dipka Area,2026-08-30 08:40:00,2026-08-30 03:10:00,13.47,10.89,41.09,,0.0,site_5664,Thermo Fisher Scientific India Private Limited,2026-08-30
South Eastern Coalfields Limited,"Gevra , Chattisgarh",SECL GEVRA,2026-08-30 08:40:00,2026-08-30 08:30:00,40.9,73.53,13.74,9.74,0.85,site_,Envea India Pvt Ltd,2026-08-30
South Eastern Coalfields Limited,Dipka Area,M/s Dipka Expansion Project South Eastern Coal Fields Limited Dipka Area,2026-08-30 08:40:00,2026-08-30 03:10:00,13.31,10.22,43.18,,0.0,site_5664,Thermo Fisher Scientific India Private Limited,2026-08-30
South Eastern Coalfields Limited,Dipka Area,M/s Dipka Expansion Project South Eastern Coal Fields Limited Dipka Area,2026-08-30 08:39:00,2026-08-30 03:09:00,13.11,9.76,42.25,,0.04,site_5664,Thermo Fisher Scientific India Private Limited,2026-08-30
South Eastern Coalfields Limited,Dipka Area,M/s Dipka Expansion Project South Eastern Coal Fields Limited Dipka Area,2026-08-30 08:39:00,2026-08-30 03:09:00,12.92,9.41,40.4,,0.12,site_5664,Thermo Fisher Scientific India Private Limited,2026-08-30
South Eastern Coalfields Limited,Dipka Area,M/s Dipka Expansion Project South Eastern Coal Fields Limited Dipka Area,2026-08-30 08:38:00,2026-08-30 03:08:00,12.62,9.15,42.62,,0.0,site_5664,Thermo Fisher Scientific India Private Limited,2026-08-30
South Eastern Coalfields Limited,Dipka Area,M/s Dipka Expansion Project South Eastern Coal Fields Limited Dipka Area,2026-08-30 08:38:00,2026-08-30 03:08:00,12.2,8.89,37.01,,0.0,site_5664,Thermo Fisher Scientific India Private Limited,2026-08-30
South Eastern Coalfields Limited,Dipka Area,M/s Dipka Expansion Project South Eastern Coal Fields Limited Dipka Area,2026-08-30 08:37:00,2026-08-30 03:07:00,11.71,8.65,39.37,,0.0,site_5664,Thermo Fisher Scientific India Private Limited,2026-08-30
South Eastern Coalfields Limited,Dipka Area,M/s Dipka Expansion Project South Eastern Coal Fields Limited Dipka Area,2026-08-30 08:37:00,2026-08-30 03:07:00,11.34,8.56,38.81,,0.14,site_5664,Thermo Fisher Scientific India Private Limited,2026-08-30
South Eastern Coalfields Limited,Dipka Area,M/s Dipka Expansion Project South Eastern Coal Fields Limited Dipka Area,2026-08-30 08:36:00,2026-08-30 03:06:00,10.86,8.28,41.73,,0.1,site_5664,Thermo Fisher Scientific India Private Limited,2026-08-30
South Eastern Coalfields Limited,Dipka Area,M/s Dipka Expansion Project South Eastern Coal Fields Limited Dipka Area,2026-08-30 08:36:00,2026-08-30 03:06:00,10.53,8.01,44.93,,0.1,site_5664,Thermo Fisher Scientific India Private Limited,2026-08-30
South Eastern Coalfields Limited,Dipka Area,M/s Dipka Expansion Project South Eastern Coal Fields Limited Dipka Area,2026-08-30 08:35:00,2026-08-30 03:05:00,10.26,7.55,36.5,,0.17,site_5664,Thermo Fisher Scientific India Private Limited,2026-08-30
South Eastern Coalfields Limited,Dipka Area,M/s Dipka Expansion Project South Eastern Coal Fields Limited Dipka Area,2026-08-30 08:35:00,2026-08-30 03:05:00,10.3,7.12,33.85,,0.32,site_5664,Thermo Fisher Scientific India Private Limited,2026-08-30
South Eastern Coalfields Limited,Dipka Area,M/s Dipka Expansion Project South Eastern Coal Fields Limited Dipka Area,2026-08-30 08:34:00,2026-08-30 03:04:00,10.38,6.62,38.57,,0.23,site_5664,Thermo Fisher Scientific India Private Limited,2026-08-30
South Eastern Coalfields Limited,Dipka Area,M/s Dipka Expansion Project South Eastern Coal Fields Limited Dipka Area,2026-08-30 08:34:00,2026-08-30 03:04:00,10.31,6.26,37.69,,0.23,site_5664,Thermo Fisher Scientific India Private Limited,2026-08-30
South Eastern Coalfields Limited,Dipka Area,M/s Dipka Expansion Project South Eastern Coal Fields Limited Dipka Area,2026-08-30 08:33:00,2026-08-30 03:03:00,10.34,6.05,40.05,,0.29,site_5664,Thermo Fisher Scientific India Private Limited,2026-08-30
South Eastern Coalfields Limited,Dipka Area,M/s Dipka Expansion Project South Eastern Coal Fields Limited Dipka Area,2026-08-30 08:33:00,2026-08-30 03:03:00,10.35,5.94,34.59,,0.44,site_5664,Thermo Fisher Scientific India Private Limited,2026-08-30
South Eastern Coalfields Limited,Dipka Area,M/s Dipka Expansion Project South Eastern Coal Fields Limited Dipka Area,2026-08-30 08:32:00,2026-08-30 03:02:00,10.23,5.88,40.33,,0.4,site_5664,Thermo Fisher Scientific India Private Limited,2026-08-30
South Eastern Coalfields Limited,Dipka Area,M/s Dipka Expansion Project South Eastern Coal Fields Limited Dipka Area,2026-08-30 08:32:00,2026-08-30 03:02:00,9.93,5.95,39.83,,0.3,site_5664,Thermo Fisher Scientific India Private Limited,2026-08-30
South Eastern Coalfields Limited,Dipka Area,M/s Dipka Expansion Project South Eastern Coal Fields Limited Dipka Area,2026-08-30 08:31:00,2026-08-30 03:01:00,9.41,6.04,48.21,,0.24,site_5664,Thermo Fisher Scientific India Private Limited,2026-08-30
South Eastern Coalfields Limited,Dipka Area,M/s Dipka Expansion Project South Eastern Coal Fields Limited Dipka Area,2026-08-30 08:31:00,2026-08-30 03:01:00,9.07,6.09,44.26,,0.27,site_5664,Thermo Fisher Scientific India Private Limited,2026-08-30
South Eastern Coalfields Limited,Dipka Area,M/s Dipka Expansion Project South Eastern Coal Fields Limited Dipka Area,2026-08-30 08:30:00,2026-08-30 03:00:00,8.86,6.16,36.24,,0.29,site_5664,Thermo Fisher Scientific India Private Limited,2026-08-30
South Eastern Coalfields Limited,Dipka Area,M/s Dipka Expansion Project South Eastern Coal Fields Limited Dipka Area,2026-08-30 08:30:00,2026-08-30 03:00:00,8.78,6.25,37.81,,0.24,site_5664,Thermo Fisher Scientific India Private Limited,2026-08-30
South Eastern Coalfields Limited,"Bilaspur, CHHATTISGARHr",South Eastern Coalfields  Limited - AQMS_H_Q,2026-08-30 08:30:00,2026-08-30 02:59:00,0.0,,25.97,0.0,98.67,site_5592,Swan Environ,2026-08-30
South Eastern Coalfields Limited,Dipka Area,M/s Dipka Expansion Project South Eastern Coal Fields Limited Dipka Area,2026-08-30 08:29:00,2026-08-30 02:59:00,8.75,6.48,45.03,,0.26,site_5664,Thermo Fisher Scientific India Private Limited,2026-08-30
South Eastern Coalfields Limited,Dipka Area,M/s Dipka Expansion Project South Eastern Coal Fields Limited Dipka Area,2026-08-30 08:29:00,2026-08-30 02:59:00,8.72,6.71,43.92,,0.27,site_5664,Thermo Fisher Scientific India Private Limited,2026-08-30
South Eastern Coalfields Limited,Dipka Area,M/s Dipka Expansion Project South Eastern Coal Fields Limited Dipka Area,2026-08-30 08:28:00,2026-08-30 02:58:00,9.0,7.08,38.0,,0.22,site_5664,Thermo Fisher Scientific India Private Limited,2026-08-30
South Eastern Coalfields Limited,Dipka Area,M/s Dipka Expansion Project South Eastern Coal Fields Limited Dipka Area,2026-08-30 08:28:00,2026-08-30 02:58:00,9.18,7.43,39.9,,0.01,site_5664,Thermo Fisher Scientific India Private Limited,2026-08-30
South Eastern Coalfields Limited,Dipka Area,M/s Dipka Expansion Project South Eastern Coal Fields Limited Dipka Area,2026-08-30 08:27:00,2026-08-30 02:57:00,9.05,7.9,40.03,,0.07,site_5664,Thermo Fisher Scientific India Private Limited,2026-08-30
South Eastern Coalfields Limited,Dipka Area,M/s Dipka Expansion Project South Eastern Coal Fields Limited Dipka Area,2026-08-30 08:27:00,2026-08-30 02:57:00,8.67,8.29,39.47,,0.16,site_5664,Thermo Fisher Scientific India Private Limited,2026-08-30
South Eastern Coalfields Limited,Dipka Area,M/s Dipka Expansion Project South Eastern Coal Fields Limited Dipka Area,2026-08-30 08:26:00,2026-08-30 02:56:00,8.36,8.74,38.22,,0.23,site_5664,Thermo Fisher Scientific India Private Limited,2026-08-30
South Eastern Coalfields Limited,Dipka Area,M/s Dipka Expansion Project South Eastern Coal Fields Limited Dipka Area,2026-08-30 08:26:00,2026-08-30 02:56:00,8.19,9.14,38.63,,0.16,site_5664,Thermo Fisher Scientific India Private Limited,2026-08-30
South Eastern Coalfields Limited,Dipka Area,M/s Dipka Expansion Project South Eastern Coal Fields Limited Dipka Area,2026-08-30 08:25:00,2026-08-30 02:55:00,7.94,9.49,38.63,,0.25,site_5664,Thermo Fisher Scientific India Private Limited,2026-08-30
South Eastern Coalfields Limited,"Gevra , Chattisgarh",SECL GEVRA,2026-08-30 08:25:00,2026-08-30 08:15:00,52.6,93.86,14.39,11.47,1.13,site_,Envea India Pvt Ltd,2026-08-30
South Eastern Coalfields Limited,Dipka Area,M/s Dipka Expansion Project South Eastern Coal Fields Limited Dipka Area,2026-08-30 08:25:00,2026-08-30 02:55:00,7.89,9.63,42.01,,0.27,site_5664,Thermo Fisher Scientific India Private Limited,2026-08-30
South Eastern Coalfields Limited,Dipka Area,M/s Dipka Expansion Project South Eastern Coal Fields Limited Dipka Area,2026-08-30 08:24:00,2026-08-30 02:54:00,8.1,9.68,39.45,,0.24,site_5664,Thermo Fisher Scientific India Private Limited,2026-08-30
South Eastern Coalfields Limited,Dipka Area,M/s Dipka Expansion Project South Eastern Coal Fields Limited Dipka Area,2026-08-30 08:24:00,2026-08-30 02:54:00,8.53,9.71,37.96,,0.17,site_5664,Thermo Fisher Scientific India Private Limited,2026-08-30
South Eastern Coalfields Limited,Dipka Area,M/s Dipka Expansion Project South Eastern Coal Fields Limited Dipka Area,2026-08-30 08:23:00,2026-08-30 02:53:00,9.05,9.78,39.57,,0.25,site_5664,Thermo Fisher Scientific India Private Limited,2026-08-30
South Eastern Coalfields Limited,Dipka Area,M/s Dipka Expansion Project South Eastern Coal Fields Limited Dipka Area,2026-08-30 08:23:00,2026-08-30 02:53:00,9.53,9.94,42.11,,0.39,site_5664,Thermo Fisher Scientific India Private Limited,2026-08-30
South Eastern Coalfields Limited,Dipka Area,M/s Dipka Expansion Project South Eastern Coal Fields Limited Dipka Area,2026-08-30 08:22:00,2026-08-30 02:52:00,10.14,10.29,38.99,,0.25,site_5664,Thermo Fisher Scientific India Private Limited,2026-08-30
South Eastern Coalfields Limited,Dipka Area,M/s Dipka Expansion Project South Eastern Coal Fields Limited Dipka Area,2026-08-30 08:22:00,2026-08-30 02:52:00,10.58,10.76,38.38,,0.21,site_5664,Thermo Fisher Scientific India Private Limited,2026-08-30
South Eastern Coalfields Limited,Dipka Area,M/s Dipka Expansion Project South Eastern Coal Fields Limited Dipka Area,2026-08-30 08:21:00,2026-08-30 02:51:00,11.06,11.27,40.68,,0.32,site_5664,Thermo Fisher Scientific India Private Limited,2026-08-30
South Eastern Coalfields Limited,Dipka Area,M/s Dipka Expansion Project South Eastern Coal Fields Limited Dipka Area,2026-08-30 08:21:00,2026-08-30 02:51:00,11.41,11.73,36.01,,0.33,site_5664,Thermo Fisher Scientific India Private Limited,2026-08-30
South Eastern Coalfields Limited,Dipka Area,M/s Dipka Expansion Project South Eastern Coal Fields Limited Dipka Area,2026-08-30 08:20:00,2026-08-30 02:50:00,11.68,12.2,38.37,,0.37,site_5664,Thermo Fisher Scientific India Private Limited,2026-08-30
South Eastern Coalfields Limited,Dipka Area,M/s Dipka Expansion Project South Eastern Coal Fields Limited Dipka Area,2026-08-30 08:20:00,2026-08-30 02:50:00,11.88,12.45,40.2,,0.37,site_5664,Thermo Fisher Scientific India Private Limited,2026-08-30
South Eastern Coalfields Limited,Dipka Area,M/s Dipka Expansion Project South Eastern Coal Fields Limited Dipka Area,2026-08-30 08:19:00,2026-08-30 02:49:00,12.08,12.8,37.28,,0.43,site_5664,Thermo Fisher Scientific India Private Limited,2026-08-30
South Eastern Coalfields Limited,Dipka Area,M/s Dipka Expansion Project South Eastern Coal Fields Limited Dipka Area,2026-08-30 08:19:00,2026-08-30 02:49:00,12.26,13.19,33.67,,0.45,site_5664,Thermo Fisher Scientific India Private Limited,2026-08-30
South Eastern Coalfields Limited,Dipka Area,M/s Dipka Expansion Project South Eastern Coal Fields Limited Dipka Area,2026-08-30 08:18:00,2026-08-30 02:48:00,12.46,13.65,41.35,,0.46,site_5664,Thermo Fisher Scientific India Private Limited,2026-08-30
South Eastern Coalfields Limited,Dipka Area,M/s Dipka Expansion Project South Eastern Coal Fields Limited Dipka Area,2026-08-30 08:18:00,2026-08-30 02:48:00,12.65,14.07,38.1,,0.49,site_5664,Thermo Fisher Scientific India Private Limited,2026-08-30
South Eastern Coalfields Limited,Dipka Area,M/s Dipka Expansion Project South Eastern Coal Fields Limited Dipka Area,2026-08-30 08:17:00,2026-08-30 02:47:00,12.73,14.5,37.93,,0.63,site_5664,Thermo Fisher Scientific India Private Limited,2026-08-30
South Eastern Coalfields Limited,Dipka Area,M/s Dipka Expansion Project South Eastern Coal Fields Limited Dipka Area,2026-08-30 08:17:00,2026-08-30 02:47:00,12.75,14.99,41.01,,0.64,site_5664,Thermo Fisher Scientific India Private Limited,2026-08-30
South Eastern Coalfields Limited,Dipka Area,M/s Dipka Expansion Project South Eastern Coal Fields Limited Dipka Area,2026-08-30 08:16:00,2026-08-30 02:46:00,12.87,15.43,33.21,,0.48,site_5664,Thermo Fisher Scientific India Private Limited,2026-08-30
South Eastern Coalfields Limited,Dipka Area,M/s Dipka Expansion Project South Eastern Coal Fields Limited Dipka Area,2026-08-30 08:16:00,2026-08-30 02:46:00,12.97,15.68,40.06,,0.47,site_5664,Thermo Fisher Scientific India Private Limited,2026-08-30
South Eastern Coalfields Limited,Dipka Area,M/s Dipka Expansion Project South Eastern Coal Fields Limited Dipka Area,2026-08-30 08:15:00,2026-08-30 02:45:00,13.16,16.06,42.58,,0.43,site_5664,Thermo Fisher Scientific India Private Limited,2026-08-30
South Eastern Coalfields Limited,"Bilaspur, CHHATTISGARHr",South Eastern Coalfields  Limited - AQMS_H_Q,2026-08-30 08:15:00,2026-08-30 02:44:00,3.57,,14.16,270.0,0.27,site_5592,Swan Environ,2026-08-30
South Eastern Coalfields Limited,Dipka Area,M/s Dipka Expansion Project South Eastern Coal Fields Limited Dipka Area,2026-08-30 08:15:00,2026-08-30 02:45:00,13.25,16.39,35.25,,0.26,site_5664,Thermo Fisher Scientific India Private Limited,2026-08-30
South Eastern Coalfields Limited,Dipka Area,M/s Dipka Expansion Project South Eastern Coal Fields Limited Dipka Area,2026-08-30 08:14:00,2026-08-30 02:44:00,13.59,16.75,36.17,,0.2,site_5664,Thermo Fisher Scientific India Private Limited,2026-08-30
South Eastern Coalfields Limited,Dipka Area,M/s Dipka Expansion Project South Eastern Coal Fields Limited Dipka Area,2026-08-30 08:14:00,2026-08-30 02:44:00,13.97,17.01,36.63,,0.25,site_5664,Thermo Fisher Scientific India Private Limited,2026-08-30
South Eastern Coalfields Limited,Dipka Area,M/s Dipka Expansion Project South Eastern Coal Fields Limited Dipka Area,2026-08-30 08:13:00,2026-08-30 02:43:00,14.36,17.27,37.32,,0.38,site_5664,Thermo Fisher Scientific India Private Limited,2026-08-30
South Eastern Coalfields Limited,Dipka Area,M/s Dipka Expansion Project South Eastern Coal Fields Limited Dipka Area,2026-08-30 08:13:00,2026-08-30 02:43:00,14.66,17.5,37.79,,0.27,site_5664,Thermo Fisher Scientific India Private Limited,2026-08-30
South Eastern Coalfields Limited,Dipka Area,M/s Dipka Expansion Project South Eastern Coal Fields Limited Dipka Area,2026-08-30 08:12:00,2026-08-30 02:42:00,14.69,17.78,39.1,,0.35,site_5664,Thermo Fisher Scientific India Private Limited,2026-08-30
South Eastern Coalfields Limited,Dipka Area,M/s Dipka Expansion Project South Eastern Coal Fields Limited Dipka Area,2026-08-30 08:12:00,2026-08-30 02:42:00,14.67,17.99,39.62,,0.37,site_5664,Thermo Fisher Scientific India Private Limited,2026-08-30
South Eastern Coalfields Limited,Dipka Area,M/s Dipka Expansion Project South Eastern Coal Fields Limited Dipka Area,2026-08-30 08:11:00,2026-08-30 02:41:00,14.79,18.17,41.98,,0.52,site_5664,Thermo Fisher Scientific India Private Limited,2026-08-30
South Eastern Coalfields Limited,Dipka Area,M/s Dipka Expansion Project South Eastern Coal Fields Limited Dipka Area,2026-08-30 08:11:00,2026-08-30 02:41:00,14.84,18.25,35.99,,0.56,site_5664,Thermo Fisher Scientific India Private Limited,2026-08-30
South Eastern Coalfields Limited,Dipka Area,M/s Dipka Expansion Project South Eastern Coal Fields Limited Dipka Area,2026-08-30 08:10:00,2026-08-30 02:40:00,14.73,18.24,35.72,,0.64,site_5664,Thermo Fisher Scientific India Private Limited,2026-08-30
South Eastern Coalfields Limited,"Gevra , Chattisgarh",SECL GEVRA,2026-08-30 08:10:00,2026-08-30 08:00:00,19.0,35.33,12.52,6.49,0.33,site_,Envea India Pvt Ltd,2026-08-30
South Eastern Coalfields Limited,Dipka Area,M/s Dipka Expansion Project South Eastern Coal Fields Limited Dipka Area,2026-08-30 08:10:00,2026-08-30 02:40:00,14.47,18.28,29.27,,0.79,site_5664,Thermo Fisher Scientific India Private Limited,2026-08-30
South Eastern Coalfields Limited,Dipka Area,M/s Dipka Expansion Project South Eastern Coal Fields Limited Dipka Area,2026-08-30 08:09:00,2026-08-30 02:39:00,14.27,18.19,40.95,,0.76,site_5664,Thermo Fisher Scientific India Private Limited,2026-08-30
South Eastern Coalfields Limited,Dipka Area,M/s Dipka Expansion Project South Eastern Coal Fields Limited Dipka Area,2026-08-30 08:09:00,2026-08-30 02:39:00,14.08,18.11,39.41,,0.74,site_5664,Thermo Fisher Scientific India Private Limited,2026-08-30
South Eastern Coalfields Limited,Dipka Area,M/s Dipka Expansion Project South Eastern Coal Fields Limited Dipka Area,2026-08-30 08:08:00,2026-08-30 02:38:00,13.6,18.01,31.51,,0.58,site_5664,Thermo Fisher Scientific India Private Limited,2026-08-30
South Eastern Coalfields Limited,Dipka Area,M/s Dipka Expansion Project South Eastern Coal Fields Limited Dipka Area,2026-08-30 08:08:00,2026-08-30 02:38:00,13.19,17.96,38.41,,0.61,site_5664,Thermo Fisher Scientific India Private Limited,2026-08-30
South Eastern Coalfields Limited,Dipka Area,M/s Dipka Expansion Project South Eastern Coal Fields Limited Dipka Area,2026-08-30 08:07:00,2026-08-30 02:37:00,12.67,17.92,42.58,,0.43,site_5664,Thermo Fisher Scientific India Private Limited,2026-08-30
South Eastern Coalfields Limited,Dipka Area,M/s Dipka Expansion Project South Eastern Coal Fields Limited Dipka Area,2026-08-30 08:07:00,2026-08-30 02:37:00,12.39,17.82,36.79,,0.41,site_5664,Thermo Fisher Scientific India Private Limited,2026-08-30
South Eastern Coalfields Limited,Dipka Area,M/s Dipka Expansion Project South Eastern Coal Fields Limited Dipka Area,2026-08-30 08:06:00,2026-08-30 02:36:00,12.2,17.89,41.48,,0.41,site_5664,Thermo Fisher Scientific India Private Limited,2026-08-30
South Eastern Coalfields Limited,Dipka Area,M/s Dipka Expansion Project South Eastern Coal Fields Limited Dipka Area,2026-08-30 08:06:00,2026-08-30 02:36:00,12.2,17.96,37.22,,0.26,site_5664,Thermo Fisher Scientific India Private Limited,2026-08-30
South Eastern Coalfields Limited,Dipka Area,M/s Dipka Expansion Project South Eastern Coal Fields Limited Dipka Area,2026-08-30 08:05:00,2026-08-30 02:35:00,12.28,18.08,34.84,,0.0,site_5664,Thermo Fisher Scientific India Private Limited,2026-08-30
South Eastern Coalfields Limited,Dipka Area,M/s Dipka Expansion Project South Eastern Coal Fields Limited Dipka Area,2026-08-30 08:05:00,2026-08-30 02:35:00,12.43,18.19,32.81,,0.11,site_5664,Thermo Fisher Scientific India Private Limited,2026-08-30
South Eastern Coalfields Limited,Dipka Area,M/s Dipka Expansion Project South Eastern Coal Fields Limited Dipka Area,2026-08-30 08:04:00,2026-08-30 02:34:00,12.8,18.2,40.54,,0.18,site_5664,Thermo Fisher Scientific India Private Limited,2026-08-30
South Eastern Coalfields Limited,Dipka Area,M/s Dipka Expansion Project South Eastern Coal Fields Limited Dipka Area,2026-08-30 08:04:00,2026-08-30 02:34:00,13.0,18.16,39.16,,0.06,site_5664,Thermo Fisher Scientific India Private Limited,2026-08-30
South Eastern Coalfields Limited,Dipka Area,M/s Dipka Expansion Project South Eastern Coal Fields Limited Dipka Area,2026-08-30 08:03:00,2026-08-30 02:33:00,13.11,17.94,39.99,,0.04,site_5664,Thermo Fisher Scientific India Private Limited,2026-08-30
South Eastern Coalfields Limited,Dipka Area,M/s Dipka Expansion Project South Eastern Coal Fields Limited Dipka Area,2026-08-30 08:03:00,2026-08-30 02:33:00,13.02,17.71,37.18,,0.06,site_5664,Thermo Fisher Scientific India Private Limited,2026-08-30
South Eastern Coalfields Limited,Dipka Area,M/s Dipka Expansion Project South Eastern Coal Fields Limited Dipka Area,2026-08-30 08:02:00,2026-08-30 02:32:00,12.92,17.44,40.93,,0.04,site_5664,Thermo Fisher Scientific India Private Limited,2026-08-30
South Eastern Coalfields Limited,Dipka Area,M/s Dipka Expansion Project South Eastern Coal Fields Limited Dipka Area,2026-08-30 08:02:00,2026-08-30 02:32:00,12.83,17.23,34.97,,0.0,site_5664,Thermo Fisher Scientific India Private Limited,2026-08-30
South Eastern Coalfields Limited,Dipka Area,M/s Dipka Expansion Project South Eastern Coal Fields Limited Dipka Area,2026-08-30 08:01:00,2026-08-30 02:31:00,12.6,17.1,35.9,,0.0,site_5664,Thermo Fisher Scientific India Private Limited,2026-08-30
South Eastern Coalfields Limited,Dipka Area,M/s Dipka Expansion Project South Eastern Coal Fields Limited Dipka Area,2026-08-30 08:01:00,2026-08-30 02:31:00,12.4,17.01,34.61,,0.04,site_5664,Thermo Fisher Scientific India Private Limited,2026-08-30
South Eastern Coalfields Limited,Dipka Area,M/s Dipka Expansion Project South Eastern Coal Fields Limited Dipka Area,2026-08-30 08:00:00,2026-08-30 02:30:00,12.16,17.04,40.51,,0.19,site_5664,Thermo Fisher Scientific India Private Limited,2026-08-30
South Eastern Coalfields Limited,"Bilaspur, CHHATTISGARHr",South Eastern Coalfields  Limited - AQMS_H_Q,2026-08-30 08:00:00,2026-08-30 02:29:00,14.68,,0.34,25.8,,site_5592,Swan Environ,2026-08-30
South Eastern Coalfields Limited,Dipka Area,M/s Dipka Expansion Project South Eastern Coal Fields Limited Dipka Area,2026-08-30 07:59:00,2026-08-30 02:29:00,11.72,17.52,35.47,,0.21,site_5664,Thermo Fisher Scientific India Private Limited,2026-08-30
South Eastern Coalfields Limited,Dipka Area,M/s Dipka Expansion Project South Eastern Coal Fields Limited Dipka Area,2026-08-30 07:59:00,2026-08-30 02:29:00,11.3,17.82,35.92,,0.21,site_5664,Thermo Fisher Scientific India Private Limited,2026-08-30
South Eastern Coalfields Limited,Dipka Area,M/s Dipka Expansion Project South Eastern Coal Fields Limited Dipka Area,2026-08-30 07:58:00,2026-08-30 02:28:00,10.79,18.24,35.94,,0.22,site_5664,Thermo Fisher Scientific India Private Limited,2026-08-30
South Eastern Coalfields Limited,Dipka Area,M/s Dipka Expansion Project South Eastern Coal Fields Limited Dipka Area,2026-08-30 07:58:00,2026-08-30 02:28:00,10.4,18.77,38.76,,0.18,site_5664,Thermo Fisher Scientific India Private Limited,2026-08-30
South Eastern Coalfields Limited,Dipka Area,M/s Dipka Expansion Project South Eastern Coal Fields Limited Dipka Area,2026-08-30 07:57:00,2026-08-30 02:27:00,10.04,19.29,36.85,,0.27,site_5664,Thermo Fisher Scientific India Private Limited,2026-08-30
South Eastern Coalfields Limited,Dipka Area,M/s Dipka Expansion Project South Eastern Coal Fields Limited Dipka Area,2026-08-30 07:57:00,2026-08-30 02:27:00,9.76,19.65,39.76,,0.38,site_5664,Thermo Fisher Scientific India Private Limited,2026-08-30
South Eastern Coalfields Limited,Dipka Area,M/s Dipka Expansion Project South Eastern Coal Fields Limited Dipka Area,2026-08-30 07:56:00,2026-08-30 02:26:00,9.25,20.05,38.97,,0.3,site_5664,Thermo Fisher Scientific India Private Limited,2026-08-30
South Eastern Coalfields Limited,Dipka Area,M/s Dipka Expansion Project South Eastern Coal Fields Limited Dipka Area,2026-08-30 07:56:00,2026-08-30 02:26:00,8.95,20.29,35.5,,0.24,site_5664,Thermo Fisher Scientific India Private Limited,2026-08-30
South Eastern Coalfields Limited,Dipka Area,M/s Dipka Expansion Project South Eastern Coal Fields Limited Dipka Area,2026-08-30 07:55:00,2026-08-30 02:25:00,8.29,20.82,38.59,,0.25,site_5664,Thermo Fisher Scientific India Private Limited,2026-08-30
South Eastern Coalfields Limited,"Gevra , Chattisgarh",SECL GEVRA,2026-08-30 07:55:00,2026-08-30 07:45:00,55.6,98.95,14.56,11.9,1.2,site_,Envea India Pvt Ltd,2026-08-30
South Eastern Coalfields Limited,Dipka Area,M/s Dipka Expansion Project South Eastern Coal Fields Limited Dipka Area,2026-08-30 07:55:00,2026-08-30 02:25:00,7.71,21.15,40.45,,0.21,site_5664,Thermo Fisher Scientific India Private Limited,2026-08-30
South Eastern Coalfields Limited,Dipka Area,M/s Dipka Expansion Project South Eastern Coal Fields Limited Dipka Area,2026-08-30 07:54:00,2026-08-30 02:24:00,6.78,21.57,40.15,,0.02,site_5664,Thermo Fisher Scientific India Private Limited,2026-08-30
South Eastern Coalfields Limited,Dipka Area,M/s Dipka Expansion Project South Eastern Coal Fields Limited Dipka Area,2026-08-30 07:54:00,2026-08-30 02:24:00,5.97,22.11,38.62,,0.04,site_5664,Thermo Fisher Scientific India Private Limited,2026-08-30
South Eastern Coalfields Limited,Dipka Area,M/s Dipka Expansion Project South Eastern Coal Fields Limited Dipka Area,2026-08-30 07:53:00,2026-08-30 02:23:00,5.19,22.84,35.01,,0.13,site_5664,Thermo Fisher Scientific India Private Limited,2026-08-30
South Eastern Coalfields Limited,Dipka Area,M/s Dipka Expansion Project South Eastern Coal Fields Limited Dipka Area,2026-08-30 07:53:00,2026-08-30 02:23:00,4.62,23.45,42.75,,0.15,site_5664,Thermo Fisher Scientific India Private Limited,2026-08-30
South Eastern Coalfields Limited,Dipka Area,M/s Dipka Expansion Project South Eastern Coal Fields Limited Dipka Area,2026-08-30 07:52:00,2026-08-30 02:22:00,4.02,24.27,36.69,,0.07,site_5664,Thermo Fisher Scientific India Private Limited,2026-08-30
South Eastern Coalfields Limited,Dipka Area,M/s Dipka Expansion Project South Eastern Coal Fields Limited Dipka Area,2026-08-30 07:52:00,2026-08-30 02:22:00,3.85,24.87,40.52,,0.06,site_5664,Thermo Fisher Scientific India Private Limited,2026-08-30
South Eastern Coalfields Limited,Dipka Area,M/s Dipka Expansion Project South Eastern Coal Fields Limited Dipka Area,2026-08-30 07:51:00,2026-08-30 02:21:00,3.94,25.55,44.02,,0.23,site_5664,Thermo Fisher Scientific India Private Limited,2026-08-30
South Eastern Coalfields Limited,Dipka Area,M/s Dipka Expansion Project South Eastern Coal Fields Limited Dipka Area,2026-08-30 07:51:00,2026-08-30 02:21:00,4.24,26.07,40.46,,0.27,site_5664,Thermo Fisher Scientific India Private Limited,2026-08-30
South Eastern Coalfields Limited,Dipka Area,M/s Dipka Expansion Project South Eastern Coal Fields Limited Dipka Area,2026-08-30 07:50:00,2026-08-30 02:20:00,4.69,26.43,36.75,,0.29,site_5664,Thermo Fisher Scientific India Private Limited,2026-08-30
South Eastern Coalfields Limited,Dipka Area,M/s Dipka Expansion Project South Eastern Coal Fields Limited Dipka Area,2026-08-30 07:50:00,2026-08-30 02:20:00,5.14,26.59,34.9,,0.4,site_5664,Thermo Fisher Scientific India Private Limited,2026-08-30
South Eastern Coalfields Limited,Dipka Area,M/s Dipka Expansion Project South Eastern Coal Fields Limited Dipka Area,2026-08-30 07:49:00,2026-08-30 02:19:00,5.81,26.41,34.84,,0.48,site_5664,Thermo Fisher Scientific India Private Limited,2026-08-30
South Eastern Coalfields Limited,Dipka Area,M/s Dipka Expansion Project South Eastern Coal Fields Limited Dipka Area,2026-08-30 07:49:00,2026-08-30 02:19:00,6.23,26.29,37.61,,0.52,site_5664,Thermo Fisher Scientific India Private Limited,2026-08-30
South Eastern Coalfields Limited,Dipka Area,M/s Dipka Expansion Project South Eastern Coal Fields Limited Dipka Area,2026-08-30 07:48:00,2026-08-30 02:18:00,6.77,26.05,42.62,,0.52,site_5664,Thermo Fisher Scientific India Private Limited,2026-08-30
South Eastern Coalfields Limited,Dipka Area,M/s Dipka Expansion Project South Eastern Coal Fields Limited Dipka Area,2026-08-30 07:48:00,2026-08-30 02:18:00,7.2,25.69,41.07,,0.51,site_5664,Thermo Fisher Scientific India Private Limited,2026-08-30
South Eastern Coalfields Limited,Dipka Area,M/s Dipka Expansion Project South Eastern Coal Fields Limited Dipka Area,2026-08-30 07:47:00,2026-08-30 02:17:00,7.7,25.23,40.29,,0.55,site_5664,Thermo Fisher Scientific India Private Limited,2026-08-30
South Eastern Coalfields Limited,Dipka Area,M/s Dipka Expansion Project South Eastern Coal Fields Limited Dipka Area,2026-08-30 07:47:00,2026-08-30 02:17:00,8.26,24.8,37.55,,0.56,site_5664,Thermo Fisher Scientific India Private Limited,2026-08-30
South Eastern Coalfields Limited,Dipka Area,M/s Dipka Expansion Project South Eastern Coal Fields Limited Dipka Area,2026-08-30 07:46:00,2026-08-30 02:16:00,9.12,24.52,36.68,,0.48,site_5664,Thermo Fisher Scientific India Private Limited,2026-08-30
South Eastern Coalfields Limited,Dipka Area,M/s Dipka Expansion Project South Eastern Coal Fields Limited Dipka Area,2026-08-30 07:46:00,2026-08-30 02:16:00,9.93,24.36,39.25,,0.52,site_5664,Thermo Fisher Scientific India Private Limited,2026-08-30
South Eastern Coalfields Limited,Dipka Area,M/s Dipka Expansion Project South Eastern Coal Fields Limited Dipka Area,2026-08-30 07:45:00,2026-08-30 02:15:00,10.93,24.09,36.41,,0.46,site_5664,Thermo Fisher Scientific India Private Limited,2026-08-30
South Eastern Coalfields Limited,"Bilaspur, CHHATTISGARHr",South Eastern Coalfields  Limited - AQMS_H_Q,2026-08-30 07:45:00,2026-08-30 02:14:00,3.6,,15.31,0.0,0.0,site_5592,Swan Environ,2026-08-30
South Eastern Coalfields Limited,Dipka Area,M/s Dipka Expansion Project South Eastern Coal Fields Limited Dipka Area,2026-08-30 07:45:00,2026-08-30 02:15:00,11.81,23.84,41.96,,0.41,site_5664,Thermo Fisher Scientific India Private Limited,2026-08-30
South Eastern Coalfields Limited,Dipka Area,M/s Dipka Expansion Project South Eastern Coal Fields Limited Dipka Area,2026-08-30 07:44:00,2026-08-30 02:14:00,12.81,23.65,35.29,,0.31,site_5664,Thermo Fisher Scientific India Private Limited,2026-08-30
South Eastern Coalfields Limited,Dipka Area,M/s Dipka Expansion Project South Eastern Coal Fields Limited Dipka Area,2026-08-30 07:44:00,2026-08-30 02:14:00,13.62,23.63,40.41,,0.43,site_5664,Thermo Fisher Scientific India Private Limited,2026-08-30
South Eastern Coalfields Limited,Dipka Area,M/s Dipka Expansion Project South Eastern Coal Fields Limited Dipka Area,2026-08-30 07:43:00,2026-08-30 02:13:00,14.33,23.68,34.95,,0.35,site_5664,Thermo Fisher Scientific India Private Limited,2026-08-30
South Eastern Coalfields Limited,Dipka Area,M/s Dipka Expansion Project South Eastern Coal Fields Limited Dipka Area,2026-08-30 07:43:00,2026-08-30 02:13:00,14.81,23.76,33.4,,0.34,site_5664,Thermo Fisher Scientific India Private Limited,2026-08-30
South Eastern Coalfields Limited,Dipka Area,M/s Dipka Expansion Project South Eastern Coal Fields Limited Dipka Area,2026-08-30 07:42:00,2026-08-30 02:12:00,15.3,23.86,34.8,,0.31,site_5664,Thermo Fisher Scientific India Private Limited,2026-08-30
South Eastern Coalfields Limited,Dipka Area,M/s Dipka Expansion Project South Eastern Coal Fields Limited Dipka Area,2026-08-30 07:42:00,2026-08-30 02:12:00,15.76,23.96,42.89,,0.3,site_5664,Thermo Fisher Scientific India Private Limited,2026-08-30
South Eastern Coalfields Limited,Dipka Area,M/s Dipka Expansion Project South Eastern Coal Fields Limited Dipka Area,2026-08-30 07:41:00,2026-08-30 02:11:00,16.24,24.06,38.04,,0.41,site_5664,Thermo Fisher Scientific India Private Limited,2026-08-30
South Eastern Coalfields Limited,Dipka Area,M/s Dipka Expansion Project South Eastern Coal Fields Limited Dipka Area,2026-08-30 07:41:00,2026-08-30 02:11:00,16.48,24.15,35.54,,0.32,site_5664,Thermo Fisher Scientific India Private Limited,2026-08-30
South Eastern Coalfields Limited,Dipka Area,M/s Dipka Expansion Project South Eastern Coal Fields Limited Dipka Area,2026-08-30 07:40:00,2026-08-30 02:10:00,16.69,24.1,39.24,,0.45,site_5664,Thermo Fisher Scientific India Private Limited,2026-08-30
South Eastern Coalfields Limited,"Gevra , Chattisgarh",SECL GEVRA,2026-08-30 07:40:00,2026-08-30 07:30:00,21.3,39.29,12.64,6.82,0.38,site_,Envea India Pvt Ltd,2026-08-30
South Eastern Coalfields Limited,Dipka Area,M/s Dipka Expansion Project South Eastern Coal Fields Limited Dipka Area,2026-08-30 07:40:00,2026-08-30 02:10:00,16.94,23.96,41.8,,0.44,site_5664,Thermo Fisher Scientific India Private Limited,2026-08-30
South Eastern Coalfields Limited,Dipka Area,M/s Dipka Expansion Project South Eastern Coal Fields Limited Dipka Area,2026-08-30 07:39:00,2026-08-30 02:09:00,17.13,23.72,38.67,,0.45,site_5664,Thermo Fisher Scientific India Private Limited,2026-08-30
South Eastern Coalfields Limited,Dipka Area,M/s Dipka Expansion Project South Eastern Coal Fields Limited Dipka Area,2026-08-30 07:39:00,2026-08-30 02:09:00,17.22,23.52,36.89,,0.32,site_5664,Thermo Fisher Scientific India Private Limited,2026-08-30
South Eastern Coalfields Limited,Dipka Area,M/s Dipka Expansion Project South Eastern Coal Fields Limited Dipka Area,2026-08-30 07:38:00,2026-08-30 02:08:00,17.31,23.3,35.08,,0.34,site_5664,Thermo Fisher Scientific India Private Limited,2026-08-30
South Eastern Coalfields Limited,Dipka Area,M/s Dipka Expansion Project South Eastern Coal Fields Limited Dipka Area,2026-08-30 07:38:00,2026-08-30 02:08:00,17.38,23.11,37.81,,0.29,site_5664,Thermo Fisher Scientific India Private Limited,2026-08-30
South Eastern Coalfields Limited,Dipka Area,M/s Dipka Expansion Project South Eastern Coal Fields Limited Dipka Area,2026-08-30 07:37:00,2026-08-30 02:07:00,17.34,22.88,41.06,,0.32,site_5664,Thermo Fisher Scientific India Private Limited,2026-08-30
South Eastern Coalfields Limited,Dipka Area,M/s Dipka Expansion Project South Eastern Coal Fields Limited Dipka Area,2026-08-30 07:37:00,2026-08-30 02:07:00,17.3,22.64,44.26,,0.38,site_5664,Thermo Fisher Scientific India Private Limited,2026-08-30
South Eastern Coalfields Limited,Dipka Area,M/s Dipka Expansion Project South Eastern Coal Fields Limited Dipka Area,2026-08-30 07:36:00,2026-08-30 02:06:00,17.16,22.3,36.88,,0.39,site_5664,Thermo Fisher Scientific India Private Limited,2026-08-30
South Eastern Coalfields Limited,Dipka Area,M/s Dipka Expansion Project South Eastern Coal Fields Limited Dipka Area,2026-08-30 07:36:00,2026-08-30 02:06:00,16.95,21.99,40.15,,0.46,site_5664,Thermo Fisher Scientific India Private Limited,2026-08-30
South Eastern Coalfields Limited,Dipka Area,M/s Dipka Expansion Project South Eastern Coal Fields Limited Dipka Area,2026-08-30 07:35:00,2026-08-30 02:05:00,16.72,21.63,37.45,,0.29,site_5664,Thermo Fisher Scientific India Private Limited,2026-08-30
South Eastern Coalfields Limited,Dipka Area,M/s Dipka Expansion Project South Eastern Coal Fields Limited Dipka Area,2026-08-30 07:35:00,2026-08-30 02:05:00,16.58,21.22,44.43,,0.26,site_5664,Thermo Fisher Scientific India Private Limited,2026-08-30
South Eastern Coalfields Limited,Dipka Area,M/s Dipka Expansion Project South Eastern Coal Fields Limited Dipka Area,2026-08-30 07:34:00,2026-08-30 02:04:00,16.42,20.57,40.0,,0.26,site_5664,Thermo Fisher Scientific India Private Limited,2026-08-30
South Eastern Coalfields Limited,Dipka Area,M/s Dipka Expansion Project South Eastern Coal Fields Limited Dipka Area,2026-08-30 07:34:00,2026-08-30 02:04:00,16.19,20.02,40.56,,0.34,site_5664,Thermo Fisher Scientific India Private Limited,2026-08-30
South Eastern Coalfields Limited,Dipka Area,M/s Dipka Expansion Project South Eastern Coal Fields Limited Dipka Area,2026-08-30 07:33:00,2026-08-30 02:03:00,16.07,19.42,29.94,,0.23,site_5664,Thermo Fisher Scientific India Private Limited,2026-08-30
South Eastern Coalfields Limited,Dipka Area,M/s Dipka Expansion Project South Eastern Coal Fields Limited Dipka Area,2026-08-30 07:33:00,2026-08-30 02:03:00,15.97,18.92,39.55,,0.39,site_5664,Thermo Fisher Scientific India Private Limited,2026-08-30
South Eastern Coalfields Limited,Dipka Area,M/s Dipka Expansion Project South Eastern Coal Fields Limited Dipka Area,2026-08-30 07:32:00,2026-08-30 02:02:00,16.01,18.43,41.42,,0.5,site_5664,Thermo Fisher Scientific India Private Limited,2026-08-30
South Eastern Coalfields Limited,Dipka Area,M/s Dipka Expansion Project South Eastern Coal Fields Limited Dipka Area,2026-08-30 07:32:00,2026-08-30 02:02:00,16.08,18.0,40.31,,0.37,site_5664,Thermo Fisher Scientific India Private Limited,2026-08-30
South Eastern Coalfields Limited,Dipka Area,M/s Dipka Expansion Project South Eastern Coal Fields Limited Dipka Area,2026-08-30 07:31:00,2026-08-30 02:01:00,16.22,17.72,41.24,,0.29,site_5664,Thermo Fisher Scientific India Private Limited,2026-08-30
South Eastern Coalfields Limited,Dipka Area,M/s Dipka Expansion Project South Eastern Coal Fields Limited Dipka Area,2026-08-30 07:31:00,2026-08-30 02:01:00,16.33,17.61,35.71,,0.18,site_5664,Thermo Fisher Scientific India Private Limited,2026-08-30
South Eastern Coalfields Limited,"Bilaspur, CHHATTISGARHr",South Eastern Coalfields  Limited - AQMS_H_Q,2026-08-30 07:30:00,2026-08-30 01:59:00,3.76,,15.75,0.0,0.0,site_5592,Swan Environ,2026-08-30
South Eastern Coalfields Limited,Dipka Area,M/s Dipka Expansion Project South Eastern Coal Fields Limited Dipka Area,2026-08-30 07:30:00,2026-08-30 02:00:00,16.39,17.42,33.4,,0.28,site_5664,Thermo Fisher Scientific India Private Limited,2026-08-30
South Eastern Coalfields Limited,Dipka Area,M/s Dipka Expansion Project South Eastern Coal Fields Limited Dipka Area,2026-08-30 07:30:00,2026-08-30 02:00:00,16.49,17.09,36.18,,0.29,site_5664,Thermo Fisher Scientific India Private Limited,2026-08-30
South Eastern Coalfields Limited,Dipka Area,M/s Dipka Expansion Project South Eastern Coal Fields Limited Dipka Area,2026-08-30 07:29:00,2026-08-30 01:59:00,16.5,16.66,33.44,,0.22,site_5664,Thermo Fisher Scientific India Private Limited,2026-08-30
South Eastern Coalfields Limited,Dipka Area,M/s Dipka Expansion Project South Eastern Coal Fields Limited Dipka Area,2026-08-30 07:29:00,2026-08-30 01:59:00,16.44,16.41,35.63,,0.21,site_5664,Thermo Fisher Scientific India Private Limited,2026-08-30
South Eastern Coalfields Limited,Dipka Area,M/s Dipka Expansion Project South Eastern Coal Fields Limited Dipka Area,2026-08-30 07:28:00,2026-08-30 01:58:00,16.42,16.21,37.27,,0.39,site_5664,Thermo Fisher Scientific India Private Limited,2026-08-30
South Eastern Coalfields Limited,Dipka Area,M/s Dipka Expansion Project South Eastern Coal Fields Limited Dipka Area,2026-08-30 07:28:00,2026-08-30 01:58:00,16.52,15.9,36.81,,0.32,site_5664,Thermo Fisher Scientific India Private Limited,2026-08-30
South Eastern Coalfields Limited,Dipka Area,M/s Dipka Expansion Project South Eastern Coal Fields Limited Dipka Area,2026-08-30 07:27:00,2026-08-30 01:57:00,16.62,15.59,39.69,,0.22,site_5664,Thermo Fisher Scientific India Private Limited,2026-08-30
South Eastern Coalfields Limited,Dipka Area,M/s Dipka Expansion Project South Eastern Coal Fields Limited Dipka Area,2026-08-30 07:27:00,2026-08-30 01:57:00,16.71,15.45,38.19,,0.26,site_5664,Thermo Fisher Scientific India Private Limited,2026-08-30
South Eastern Coalfields Limited,Dipka Area,M/s Dipka Expansion Project South Eastern Coal Fields Limited Dipka Area,2026-08-30 07:26:00,2026-08-30 01:56:00,16.73,15.33,41.75,,0.28,site_5664,Thermo Fisher Scientific India Private Limited,2026-08-30
South Eastern Coalfields Limited,Dipka Area,M/s Dipka Expansion Project South Eastern Coal Fields Limited Dipka Area,2026-08-30 07:26:00,2026-08-30 01:56:00,16.66,15.13,39.02,,0.38,site_5664,Thermo Fisher Scientific India Private Limited,2026-08-30
South Eastern Coalfields Limited,Dipka Area,M/s Dipka Expansion Project South Eastern Coal Fields Limited Dipka Area,2026-08-30 07:25:00,2026-08-30 01:55:00,16.44,14.79,40.35,,0.22,site_5664,Thermo Fisher Scientific India Private Limited,2026-08-30
South Eastern Coalfields Limited,"Gevra , Chattisgarh",SECL GEVRA,2026-08-30 07:25:00,2026-08-30 07:15:00,22.9,42.09,12.73,7.06,0.42,site_,Envea India Pvt Ltd,2026-08-30
South Eastern Coalfields Limited,Dipka Area,M/s Dipka Expansion Project South Eastern Coal Fields Limited Dipka Area,2026-08-30 07:25:00,2026-08-30 01:55:00,16.23,14.53,38.87,,0.2,site_5664,Thermo Fisher Scientific India Private Limited,2026-08-30
South Eastern Coalfields Limited,Dipka Area,M/s Dipka Expansion Project South Eastern Coal Fields Limited Dipka Area,2026-08-30 07:24:00,2026-08-30 01:54:00,15.95,14.32,36.05,,0.26,site_5664,Thermo Fisher Scientific India Private Limited,2026-08-30
South Eastern Coalfields Limited,Dipka Area,M/s Dipka Expansion Project South Eastern Coal Fields Limited Dipka Area,2026-08-30 07:24:00,2026-08-30 01:54:00,15.7,14.18,33.46,,0.24,site_5664,Thermo Fisher Scientific India Private Limited,2026-08-30
South Eastern Coalfields Limited,Dipka Area,M/s Dipka Expansion Project South Eastern Coal Fields Limited Dipka Area,2026-08-30 07:23:00,2026-08-30 01:53:00,15.18,14.08,42.99,,0.14,site_5664,Thermo Fisher Scientific India Private Limited,2026-08-30
South Eastern Coalfields Limited,Dipka Area,M/s Dipka Expansion Project South Eastern Coal Fields Limited Dipka Area,2026-08-30 07:23:00,2026-08-30 01:53:00,14.6,14.07,39.75,,0.06,site_5664,Thermo Fisher Scientific India Private Limited,2026-08-30
South Eastern Coalfields Limited,Dipka Area,M/s Dipka Expansion Project South Eastern Coal Fields Limited Dipka Area,2026-08-30 07:22:00,2026-08-30 01:52:00,13.73,14.19,37.33,,0.09,site_5664,Thermo Fisher Scientific India Private Limited,2026-08-30
South Eastern Coalfields Limited,Dipka Area,M/s Dipka Expansion Project South Eastern Coal Fields Limited Dipka Area,2026-08-30 07:22:00,2026-08-30 01:52:00,12.85,14.2,39.91,,0.08,site_5664,Thermo Fisher Scientific India Private Limited,2026-08-30
South Eastern Coalfields Limited,Dipka Area,M/s Dipka Expansion Project South Eastern Coal Fields Limited Dipka Area,2026-08-30 07:21:00,2026-08-30 01:51:00,11.86,14.07,38.95,,0.0,site_5664,Thermo Fisher Scientific India Private Limited,2026-08-30
South Eastern Coalfields Limited,Dipka Area,M/s Dipka Expansion Project South Eastern Coal Fields Limited Dipka Area,2026-08-30 07:21:00,2026-08-30 01:51:00,10.87,13.91,40.09,,0.0,site_5664,Thermo Fisher Scientific India Private Limited,2026-08-30
South Eastern Coalfields Limited,Dipka Area,M/s Dipka Expansion Project South Eastern Coal Fields Limited Dipka Area,2026-08-30 07:20:00,2026-08-30 01:50:00,9.8,13.67,40.6,,0.0,site_5664,Thermo Fisher Scientific India Private Limited,2026-08-30
South Eastern Coalfields Limited,Dipka Area,M/s Dipka Expansion Project South Eastern Coal Fields Limited Dipka Area,2026-08-30 07:20:00,2026-08-30 01:50:00,9.06,13.34,34.4,,0.0,site_5664,Thermo Fisher Scientific India Private Limited,2026-08-30
South Eastern Coalfields Limited,Dipka Area,M/s Dipka Expansion Project South Eastern Coal Fields Limited Dipka Area,2026-08-30 07:19:00,2026-08-30 01:49:00,8.31,12.95,35.88,,0.0,site_5664,Thermo Fisher Scientific India Private Limited,2026-08-30
South Eastern Coalfields Limited,Dipka Area,M/s Dipka Expansion Project South Eastern Coal Fields Limited Dipka Area,2026-08-30 07:19:00,2026-08-30 01:49:00,7.72,12.69,34.77,,0.0,site_5664,Thermo Fisher Scientific India Private Limited,2026-08-30
South Eastern Coalfields Limited,Dipka Area,M/s Dipka Expansion Project South Eastern Coal Fields Limited Dipka Area,2026-08-30 07:18:00,2026-08-30 01:48:00,6.94,12.47,38.33,,0.0,site_5664,Thermo Fisher Scientific India Private Limited,2026-08-30
South Eastern Coalfields Limited,Dipka Area,M/s Dipka Expansion Project South Eastern Coal Fields Limited Dipka Area,2026-08-30 07:18:00,2026-08-30 01:48:00,6.39,12.31,39.94,,0.0,site_5664,Thermo Fisher Scientific India Private Limited,2026-08-30
South Eastern Coalfields Limited,Dipka Area,M/s Dipka Expansion Project South Eastern Coal Fields Limited Dipka Area,2026-08-30 07:17:00,2026-08-30 01:47:00,5.89,12.04,32.62,,0.0,site_5664,Thermo Fisher Scientific India Private Limited,2026-08-30
South Eastern Coalfields Limited,Dipka Area,M/s Dipka Expansion Project South Eastern Coal Fields Limited Dipka Area,2026-08-30 07:17:00,2026-08-30 01:47:00,5.49,12.0,37.58,,0.02,site_5664,Thermo Fisher Scientific India Private Limited,2026-08-30
South Eastern Coalfields Limited,Dipka Area,M/s Dipka Expansion Project South Eastern Coal Fields Limited Dipka Area,2026-08-30 07:16:00,2026-08-30 01:46:00,5.31,12.01,45.02,,0.12,site_5664,Thermo Fisher Scientific India Private Limited,2026-08-30
South Eastern Coalfields Limited,Dipka Area,M/s Dipka Expansion Project South Eastern Coal Fields Limited Dipka Area,2026-08-30 07:16:00,2026-08-30 01:46:00,5.15,12.11,38.44,,0.14,site_5664,Thermo Fisher Scientific India Private Limited,2026-08-30
South Eastern Coalfields Limited,"Bilaspur, CHHATTISGARHr",South Eastern Coalfields  Limited - AQMS_H_Q,2026-08-30 07:15:00,2026-08-30 01:45:00,3.48,,13.69,0.0,0.0,site_5592,Swan Environ,2026-08-30
South Eastern Coalfields Limited,Dipka Area,M/s Dipka Expansion Project South Eastern Coal Fields Limited Dipka Area,2026-08-30 07:15:00,2026-08-30 01:45:00,5.02,12.32,42.35,,0.0,site_5664,Thermo Fisher Scientific India Private Limited,2026-08-30
South Eastern Coalfields Limited,Dipka Area,M/s Dipka Expansion Project South Eastern Coal Fields Limited Dipka Area,2026-08-30 07:15:00,2026-08-30 01:45:00,4.93,12.47,35.87,,0.11,site_5664,Thermo Fisher Scientific India Private Limited,2026-08-30
South Eastern Coalfields Limited,Dipka Area,M/s Dipka Expansion Project South Eastern Coal Fields Limited Dipka Area,2026-08-30 07:14:00,2026-08-30 01:44:00,5.02,12.84,43.5,,0.23,site_5664,Thermo Fisher Scientific India Private Limited,2026-08-30
South Eastern Coalfields Limited,Dipka Area,M/s Dipka Expansion Project South Eastern Coal Fields Limited Dipka Area,2026-08-30 07:14:00,2026-08-30 01:44:00,5.21,12.98,46.17,,0.29,site_5664,Thermo Fisher Scientific India Private Limited,2026-08-30
South Eastern Coalfields Limited,Dipka Area,M/s Dipka Expansion Project South Eastern Coal Fields Limited Dipka Area,2026-08-30 07:13:00,2026-08-30 01:43:00,5.39,13.12,34.84,,0.23,site_5664,Thermo Fisher Scientific India Private Limited,2026-08-30
South Eastern Coalfields Limited,Dipka Area,M/s Dipka Expansion Project South Eastern Coal Fields Limited Dipka Area,2026-08-30 07:13:00,2026-08-30 01:43:00,5.65,13.31,39.3,,0.39,site_5664,Thermo Fisher Scientific India Private Limited,2026-08-30
South Eastern Coalfields Limited,Dipka Area,M/s Dipka Expansion Project South Eastern Coal Fields Limited Dipka Area,2026-08-30 07:12:00,2026-08-30 01:42:00,5.97,13.58,40.82,,0.36,site_5664,Thermo Fisher Scientific India Private Limited,2026-08-30
South Eastern Coalfields Limited,Dipka Area,M/s Dipka Expansion Project South Eastern Coal Fields Limited Dipka Area,2026-08-30 07:12:00,2026-08-30 01:42:00,6.45,13.99,40.45,,0.36,site_5664,Thermo Fisher Scientific India Private Limited,2026-08-30
South Eastern Coalfields Limited,Dipka Area,M/s Dipka Expansion Project South Eastern Coal Fields Limited Dipka Area,2026-08-30 07:11:00,2026-08-30 01:41:00,6.76,14.46,33.47,,0.22,site_5664,Thermo Fisher Scientific India Private Limited,2026-08-30
South Eastern Coalfields Limited,Dipka Area,M/s Dipka Expansion Project South Eastern Coal Fields Limited Dipka Area,2026-08-30 07:11:00,2026-08-30 01:41:00,7.03,14.96,44.19,,0.34,site_5664,Thermo Fisher Scientific India Private Limited,2026-08-30
South Eastern Coalfields Limited,Dipka Area,M/s Dipka Expansion Project South Eastern Coal Fields Limited Dipka Area,2026-08-30 07:10:00,2026-08-30 01:40:00,7.27,15.42,38.79,,0.39,site_5664,Thermo Fisher Scientific India Private Limited,2026-08-30
South Eastern Coalfields Limited,"Gevra , Chattisgarh",SECL GEVRA,2026-08-30 07:10:00,2026-08-30 07:00:00,47.5,84.92,14.11,10.71,1.01,site_,Envea India Pvt Ltd,2026-08-30
South Eastern Coalfields Limited,Dipka Area,M/s Dipka Expansion Project South Eastern Coal Fields Limited Dipka Area,2026-08-30 07:10:00,2026-08-30 01:40:00,7.49,15.65,34.81,,0.26,site_5664,Thermo Fisher Scientific India Private Limited,2026-08-30
South Eastern Coalfields Limited,Dipka Area,M/s Dipka Expansion Project South Eastern Coal Fields Limited Dipka Area,2026-08-30 07:09:00,2026-08-30 01:39:00,7.8,15.8,41.66,,0.24,site_5664,Thermo Fisher Scientific India Private Limited,2026-08-30
South Eastern Coalfields Limited,Dipka Area,M/s Dipka Expansion Project South Eastern Coal Fields Limited Dipka Area,2026-08-30 07:09:00,2026-08-30 01:39:00,8.05,15.77,38.3,,0.11,site_5664,Thermo Fisher Scientific India Private Limited,2026-08-30
South Eastern Coalfields Limited,Dipka Area,M/s Dipka Expansion Project South Eastern Coal Fields Limited Dipka Area,2026-08-30 07:08:00,2026-08-30 01:38:00,8.39,15.62,35.76,,0.15,site_5664,Thermo Fisher Scientific India Private Limited,2026-08-30
South Eastern Coalfields Limited,Dipka Area,M/s Dipka Expansion Project South Eastern Coal Fields Limited Dipka Area,2026-08-30 07:08:00,2026-08-30 01:38:00,8.67,15.46,39.49,,0.09,site_5664,Thermo Fisher Scientific India Private Limited,2026-08-30
South Eastern Coalfields Limited,Dipka Area,M/s Dipka Expansion Project South Eastern Coal Fields Limited Dipka Area,2026-08-30 07:07:00,2026-08-30 01:37:00,9.16,15.3,41.8,,0.07,site_5664,Thermo Fisher Scientific India Private Limited,2026-08-30
South Eastern Coalfields Limited,Dipka Area,M/s Dipka Expansion Project South Eastern Coal Fields Limited Dipka Area,2026-08-30 07:07:00,2026-08-30 01:37:00,9.58,15.16,37.88,,0.0,site_5664,Thermo Fisher Scientific India Private Limited,2026-08-30
South Eastern Coalfields Limited,Dipka Area,M/s Dipka Expansion Project South Eastern Coal Fields Limited Dipka Area,2026-08-30 07:06:00,2026-08-30 01:36:00,10.02,14.98,40.19,,0.0,site_5664,Thermo Fisher Scientific India Private Limited,2026-08-30
South Eastern Coalfields Limited,Dipka Area,M/s Dipka Expansion Project South Eastern Coal Fields Limited Dipka Area,2026-08-30 07:06:00,2026-08-30 01:36:00,10.36,14.81,38.26,,0.0,site_5664,Thermo Fisher Scientific India Private Limited,2026-08-30
South Eastern Coalfields Limited,Dipka Area,M/s Dipka Expansion Project South Eastern Coal Fields Limited Dipka Area,2026-08-30 07:05:00,2026-08-30 01:35:00,10.92,14.71,35.29,,0.0,site_5664,Thermo Fisher Scientific India Private Limited,2026-08-30
South Eastern Coalfields Limited,Dipka Area,M/s Dipka Expansion Project South Eastern Coal Fields Limited Dipka Area,2026-08-30 07:05:00,2026-08-30 01:35:00,11.46,14.51,42.44,,0.0,site_5664,Thermo Fisher Scientific India Private Limited,2026-08-30
South Eastern Coalfields Limited,Dipka Area,M/s Dipka Expansion Project South Eastern Coal Fields Limited Dipka Area,2026-08-30 07:04:00,2026-08-30 01:34:00,12.08,14.22,40.05,,0.0,site_5664,Thermo Fisher Scientific India Private Limited,2026-08-30
South Eastern Coalfields Limited,Dipka Area,M/s Dipka Expansion Project South Eastern Coal Fields Limited Dipka Area,2026-08-30 07:04:00,2026-08-30 01:34:00,12.56,14.12,34.67,,0.0,site_5664,Thermo Fisher Scientific India Private Limited,2026-08-30
South Eastern Coalfields Limited,Dipka Area,M/s Dipka Expansion Project South Eastern Coal Fields Limited Dipka Area,2026-08-30 07:03:00,2026-08-30 01:33:00,13.21,14.1,34.31,,0.0,site_5664,Thermo Fisher Scientific India Private Limited,2026-08-30
South Eastern Coalfields Limited,Dipka Area,M/s Dipka Expansion Project South Eastern Coal Fields Limited Dipka Area,2026-08-30 07:03:00,2026-08-30 01:33:00,13.69,14.23,38.11,,0.0,site_5664,Thermo Fisher Scientific India Private Limited,2026-08-30
South Eastern Coalfields Limited,Dipka Area,M/s Dipka Expansion Project South Eastern Coal Fields Limited Dipka Area,2026-08-30 07:02:00,2026-08-30 01:32:00,14.01,14.46,37.52,,0.04,site_5664,Thermo Fisher Scientific India Private Limited,2026-08-30
South Eastern Coalfields Limited,Dipka Area,M/s Dipka Expansion Project South Eastern Coal Fields Limited Dipka Area,2026-08-30 07:02:00,2026-08-30 01:32:00,14.3,14.8,34.84,,0.02,site_5664,Thermo Fisher Scientific India Private Limited,2026-08-30
South Eastern Coalfields Limited,Dipka Area,M/s Dipka Expansion Project South Eastern Coal Fields Limited Dipka Area,2026-08-30 07:01:00,2026-08-30 01:31:00,14.61,15.2,33.74,,0.17,site_5664,Thermo Fisher Scientific India Private Limited,2026-08-30
South Eastern Coalfields Limited,Dipka Area,M/s Dipka Expansion Project South Eastern Coal Fields Limited Dipka Area,2026-08-30 07:01:00,2026-08-30 01:31:00,14.94,15.51,38.18,,0.17,site_5664,Thermo Fisher Scientific India Private Limited,2026-08-30
South Eastern Coalfields Limited,Dipka Area,M/s Dipka Expansion Project South Eastern Coal Fields Limited Dipka Area,2026-08-30 07:00:00,2026-08-30 01:30:00,15.26,15.77,38.2,,0.23,site_5664,Thermo Fisher Scientific India Private Limited,2026-08-30
South Eastern Coalfields Limited,"Bilaspur, CHHATTISGARHr",South Eastern Coalfields  Limited - AQMS_H_Q,2026-08-30 07:00:00,2026-08-30 01:29:00,3.12,,12.51,271.61,0.34,site_5592,Swan Environ,2026-08-30
South Eastern Coalfields Limited,Dipka Area,M/s Dipka Expansion Project South Eastern Coal Fields Limited Dipka Area,2026-08-30 06:59:00,2026-08-30 01:29:00,15.48,16.34,39.89,,0.3,site_5664,Thermo Fisher Scientific India Private Limited,2026-08-30
South Eastern Coalfields Limited,Dipka Area,M/s Dipka Expansion Project South Eastern Coal Fields Limited Dipka Area,2026-08-30 06:59:00,2026-08-30 01:29:00,15.4,16.63,36.79,,0.36,site_5664,Thermo Fisher Scientific India Private Limited,2026-08-30
South Eastern Coalfields Limited,Dipka Area,M/s Dipka Expansion Project South Eastern Coal Fields Limited Dipka Area,2026-08-30 06:58:00,2026-08-30 01:28:00,15.06,16.95,36.44,,0.2,site_5664,Thermo Fisher Scientific India Private Limited,2026-08-30
South Eastern Coalfields Limited,Dipka Area,M/s Dipka Expansion Project South Eastern Coal Fields Limited Dipka Area,2026-08-30 06:58:00,2026-08-30 01:28:00,14.63,17.12,40.51,,0.19,site_5664,Thermo Fisher Scientific India Private Limited,2026-08-30
South Eastern Coalfields Limited,Dipka Area,M/s Dipka Expansion Project South Eastern Coal Fields Limited Dipka Area,2026-08-30 06:57:00,2026-08-30 01:27:00,13.91,17.41,40.1,,0.24,site_5664,Thermo Fisher Scientific India Private Limited,2026-08-30
South Eastern Coalfields Limited,Dipka Area,M/s Dipka Expansion Project South Eastern Coal Fields Limited Dipka Area,2026-08-30 06:57:00,2026-08-30 01:27:00,13.35,17.48,39.73,,0.3,site_5664,Thermo Fisher Scientific India Private Limited,2026-08-30
South Eastern Coalfields Limited,Dipka Area,M/s Dipka Expansion Project South Eastern Coal Fields Limited Dipka Area,2026-08-30 06:56:00,2026-08-30 01:26:00,12.8,17.35,40.91,,0.27,site_5664,Thermo Fisher Scientific India Private Limited,2026-08-30
South Eastern Coalfields Limited,Dipka Area,M/s Dipka Expansion Project South Eastern Coal Fields Limited Dipka Area,2026-08-30 06:56:00,2026-08-30 01:26:00,12.31,17.2,36.24,,0.41,site_5664,Thermo Fisher Scientific India Private Limited,2026-08-30
South Eastern Coalfields Limited,Dipka Area,M/s Dipka Expansion Project South Eastern Coal Fields Limited Dipka Area,2026-08-30 06:55:00,2026-08-30 01:25:00,11.86,17.08,43.24,,0.44,site_5664,Thermo Fisher Scientific India Private Limited,2026-08-30
South Eastern Coalfields Limited,"Gevra , Chattisgarh",SECL GEVRA,2026-08-30 06:55:00,2026-08-30 06:45:00,27.2,49.71,12.98,7.71,0.53,site_,Envea India Pvt Ltd,2026-08-30
South Eastern Coalfields Limited,Dipka Area,M/s Dipka Expansion Project South Eastern Coal Fields Limited Dipka Area,2026-08-30 06:55:00,2026-08-30 01:25:00,11.3,17.07,42.36,,0.46,site_5664,Thermo Fisher Scientific India Private Limited,2026-08-30
South Eastern Coalfields Limited,Dipka Area,M/s Dipka Expansion Project South Eastern Coal Fields Limited Dipka Area,2026-08-30 06:54:00,2026-08-30 01:24:00,10.79,16.9,36.3,,0.43,site_5664,Thermo Fisher Scientific India Private Limited,2026-08-30
South Eastern Coalfields Limited,Dipka Area,M/s Dipka Expansion Project South Eastern Coal Fields Limited Dipka Area,2026-08-30 06:54:00,2026-08-30 01:24:00,10.33,16.88,40.06,,0.4,site_5664,Thermo Fisher Scientific India Private Limited,2026-08-30
South Eastern Coalfields Limited,Dipka Area,M/s Dipka Expansion Project South Eastern Coal Fields Limited Dipka Area,2026-08-30 06:53:00,2026-08-30 01:23:00,9.71,16.88,40.67,,0.4,site_5664,Thermo Fisher Scientific India Private Limited,2026-08-30
South Eastern Coalfields Limited,Dipka Area,M/s Dipka Expansion Project South Eastern Coal Fields Limited Dipka Area,2026-08-30 06:53:00,2026-08-30 01:23:00,9.34,16.9,36.6,,0.4,site_5664,Thermo Fisher Scientific India Private Limited,2026-08-30
South Eastern Coalfields Limited,Dipka Area,M/s Dipka Expansion Project South Eastern Coal Fields Limited Dipka Area,2026-08-30 06:52:00,2026-08-30 01:22:00,8.92,16.92,39.2,,0.33,site_5664,Thermo Fisher Scientific India Private Limited,2026-08-30
South Eastern Coalfields Limited,Dipka Area,M/s Dipka Expansion Project South Eastern Coal Fields Limited Dipka Area,2026-08-30 06:52:00,2026-08-30 01:22:00,8.76,16.9,37.49,,0.36,site_5664,Thermo Fisher Scientific India Private Limited,2026-08-30
South Eastern Coalfields Limited,Dipka Area,M/s Dipka Expansion Project South Eastern Coal Fields Limited Dipka Area,2026-08-30 06:51:00,2026-08-30 01:21:00,8.58,17.0,41.47,,0.33,site_5664,Thermo Fisher Scientific India Private Limited,2026-08-30
South Eastern Coalfields Limited,Dipka Area,M/s Dipka Expansion Project South Eastern Coal Fields Limited Dipka Area,2026-08-30 06:51:00,2026-08-30 01:21:00,8.36,17.04,33.58,,0.31,site_5664,Thermo Fisher Scientific India Private Limited,2026-08-30
South Eastern Coalfields Limited,Dipka Area,M/s Dipka Expansion Project South Eastern Coal Fields Limited Dipka Area,2026-08-30 06:50:00,2026-08-30 01:20:00,8.11,17.18,37.51,,0.27,site_5664,Thermo Fisher Scientific India Private Limited,2026-08-30
South Eastern Coalfields Limited,Dipka Area,M/s Dipka Expansion Project South Eastern Coal Fields Limited Dipka Area,2026-08-30 06:50:00,2026-08-30 01:20:00,7.72,17.34,34.84,,0.18,site_5664,Thermo Fisher Scientific India Private Limited,2026-08-30
South Eastern Coalfields Limited,Dipka Area,M/s Dipka Expansion Project South Eastern Coal Fields Limited Dipka Area,2026-08-30 06:49:00,2026-08-30 01:19:00,7.25,17.57,38.13,,0.14,site_5664,Thermo Fisher Scientific India Private Limited,2026-08-30
South Eastern Coalfields Limited,Dipka Area,M/s Dipka Expansion Project South Eastern Coal Fields Limited Dipka Area,2026-08-30 06:49:00,2026-08-30 01:19:00,6.99,17.79,35.39,,0.06,site_5664,Thermo Fisher Scientific India Private Limited,2026-08-30
South Eastern Coalfields Limited,Dipka Area,M/s Dipka Expansion Project South Eastern Coal Fields Limited Dipka Area,2026-08-30 06:48:00,2026-08-30 01:18:00,6.61,18.08,40.29,,0.05,site_5664,Thermo Fisher Scientific India Private Limited,2026-08-30
South Eastern Coalfields Limited,Dipka Area,M/s Dipka Expansion Project South Eastern Coal Fields Limited Dipka Area,2026-08-30 06:48:00,2026-08-30 01:18:00,6.32,18.27,40.8,,0.0,site_5664,Thermo Fisher Scientific India Private Limited,2026-08-30
South Eastern Coalfields Limited,Dipka Area,M/s Dipka Expansion Project South Eastern Coal Fields Limited Dipka Area,2026-08-30 06:47:00,2026-08-30 01:17:00,6.32,18.33,39.59,,0.0,site_5664,Thermo Fisher Scientific India Private Limited,2026-08-30
South Eastern Coalfields Limited,Dipka Area,M/s Dipka Expansion Project South Eastern Coal Fields Limited Dipka Area,2026-08-30 06:47:00,2026-08-30 01:17:00,6.37,18.41,42.57,,0.0,site_5664,Thermo Fisher Scientific India Private Limited,2026-08-30
South Eastern Coalfields Limited,Dipka Area,M/s Dipka Expansion Project South Eastern Coal Fields Limited Dipka Area,2026-08-30 06:46:00,2026-08-30 01:16:00,6.17,18.43,34.5,,0.06,site_5664,Thermo Fisher Scientific India Private Limited,2026-08-30
South Eastern Coalfields Limited,Dipka Area,M/s Dipka Expansion Project South Eastern Coal Fields Limited Dipka Area,2026-08-30 06:46:00,2026-08-30 01:16:00,5.77,18.36,39.59,,0.0,site_5664,Thermo Fisher Scientific India Private Limited,2026-08-30
South Eastern Coalfields Limited,Dipka Area,M/s Dipka Expansion Project South Eastern Coal Fields Limited Dipka Area,2026-08-30 06:45:00,2026-08-30 01:15:00,5.36,18.28,40.39,,0.0,site_5664,Thermo Fisher Scientific India Private Limited,2026-08-30
South Eastern Coalfields Limited,"Bilaspur, CHHATTISGARHr",South Eastern Coalfields  Limited - AQMS_H_Q,2026-08-30 06:45:00,2026-08-30 01:14:00,3.55,,12.8,240.97,0.26,site_5592,Swan Environ,2026-08-30
South Eastern Coalfields Limited,Dipka Area,M/s Dipka Expansion Project South Eastern Coal Fields Limited Dipka Area,2026-08-30 06:45:00,2026-08-30 01:15:00,5.09,18.33,36.45,,0.16,site_5664,Thermo Fisher Scientific India Private Limited,2026-08-30
South Eastern Coalfields Limited,Dipka Area,M/s Dipka Expansion Project South Eastern Coal Fields Limited Dipka Area,2026-08-30 06:44:00,2026-08-30 01:14:00,4.65,18.33,38.98,,0.03,site_5664,Thermo Fisher Scientific India Private Limited,2026-08-30
South Eastern Coalfields Limited,Dipka Area,M/s Dipka Expansion Project South Eastern Coal Fields Limited Dipka Area,2026-08-30 06:44:00,2026-08-30 01:14:00,4.35,18.18,40.32,,0.09,site_5664,Thermo Fisher Scientific India Private Limited,2026-08-30
South Eastern Coalfields Limited,Dipka Area,M/s Dipka Expansion Project South Eastern Coal Fields Limited Dipka Area,2026-08-30 06:43:00,2026-08-30 01:13:00,4.39,18.13,44.76,,0.25,site_5664,Thermo Fisher Scientific India Private Limited,2026-08-30
South Eastern Coalfields Limited,Dipka Area,M/s Dipka Expansion Project South Eastern Coal Fields Limited Dipka Area,2026-08-30 06:43:00,2026-08-30 01:13:00,4.55,18.13,46.6,,0.32,site_5664,Thermo Fisher Scientific India Private Limited,2026-08-30
South Eastern Coalfields Limited,Dipka Area,M/s Dipka Expansion Project South Eastern Coal Fields Limited Dipka Area,2026-08-30 06:42:00,2026-08-30 01:12:00,4.75,18.03,40.02,,0.36,site_5664,Thermo Fisher Scientific India Private Limited,2026-08-30
South Eastern Coalfields Limited,Dipka Area,M/s Dipka Expansion Project South Eastern Coal Fields Limited Dipka Area,2026-08-30 06:42:00,2026-08-30 01:12:00,4.9,18.06,38.2,,0.32,site_5664,Thermo Fisher Scientific India Private Limited,2026-08-30
South Eastern Coalfields Limited,Dipka Area,M/s Dipka Expansion Project South Eastern Coal Fields Limited Dipka Area,2026-08-30 06:41:00,2026-08-30 01:11:00,5.06,18.09,40.2,,0.27,site_5664,Thermo Fisher Scientific India Private Limited,2026-08-30
South Eastern Coalfields Limited,Dipka Area,M/s Dipka Expansion Project South Eastern Coal Fields Limited Dipka Area,2026-08-30 06:41:00,2026-08-30 01:11:00,5.18,18.16,40.24,,0.37,site_5664,Thermo Fisher Scientific India Private Limited,2026-08-30
South Eastern Coalfields Limited,Dipka Area,M/s Dipka Expansion Project South Eastern Coal Fields Limited Dipka Area,2026-08-30 06:40:00,2026-08-30 01:10:00,5.26,18.21,43.18,,0.34,site_5664,Thermo Fisher Scientific India Private Limited,2026-08-30
South Eastern Coalfields Limited,"Gevra , Chattisgarh",SECL GEVRA,2026-08-30 06:40:00,2026-08-30 06:30:00,32.1,58.18,13.25,8.43,0.64,site_,Envea India Pvt Ltd,2026-08-30
South Eastern Coalfields Limited,Dipka Area,M/s Dipka Expansion Project South Eastern Coal Fields Limited Dipka Area,2026-08-30 06:40:00,2026-08-30 01:10:00,5.4,18.16,39.6,,0.38,site_5664,Thermo Fisher Scientific India Private Limited,2026-08-30
South Eastern Coalfields Limited,Dipka Area,M/s Dipka Expansion Project South Eastern Coal Fields Limited Dipka Area,2026-08-30 06:39:00,2026-08-30 01:09:00,5.82,17.93,41.94,,0.5,site_5664,Thermo Fisher Scientific India Private Limited,2026-08-30
South Eastern Coalfields Limited,Dipka Area,M/s Dipka Expansion Project South Eastern Coal Fields Limited Dipka Area,2026-08-30 06:39:00,2026-08-30 01:09:00,6.04,17.57,38.11,,0.5,site_5664,Thermo Fisher Scientific India Private Limited,2026-08-30
South Eastern Coalfields Limited,Dipka Area,M/s Dipka Expansion Project South Eastern Coal Fields Limited Dipka Area,2026-08-30 06:38:00,2026-08-30 01:08:00,6.35,17.26,39.59,,0.36,site_5664,Thermo Fisher Scientific India Private Limited,2026-08-30
South Eastern Coalfields Limited,Dipka Area,M/s Dipka Expansion Project South Eastern Coal Fields Limited Dipka Area,2026-08-30 06:38:00,2026-08-30 01:08:00,6.79,16.94,35.96,,0.34,site_5664,Thermo Fisher Scientific India Private Limited,2026-08-30
South Eastern Coalfields Limited,Dipka Area,M/s Dipka Expansion Project South Eastern Coal Fields Limited Dipka Area,2026-08-30 06:37:00,2026-08-30 01:07:00,7.19,16.65,38.72,,0.41,site_5664,Thermo Fisher Scientific India Private Limited,2026-08-30
South Eastern Coalfields Limited,Dipka Area,M/s Dipka Expansion Project South Eastern Coal Fields Limited Dipka Area,2026-08-30 06:37:00,2026-08-30 01:07:00,7.39,16.48,37.04,,0.34,site_5664,Thermo Fisher Scientific India Private Limited,2026-08-30
South Eastern Coalfields Limited,Dipka Area,M/s Dipka Expansion Project South Eastern Coal Fields Limited Dipka Area,2026-08-30 06:36:00,2026-08-30 01:06:00,7.49,16.41,39.49,,0.37,site_5664,Thermo Fisher Scientific India Private Limited,2026-08-30
South Eastern Coalfields Limited,Dipka Area,M/s Dipka Expansion Project South Eastern Coal Fields Limited Dipka Area,2026-08-30 06:36:00,2026-08-30 01:06:00,7.7,16.39,38.92,,0.32,site_5664,Thermo Fisher Scientific India Private Limited,2026-08-30
South Eastern Coalfields Limited,Dipka Area,M/s Dipka Expansion Project South Eastern Coal Fields Limited Dipka Area,2026-08-30 06:35:00,2026-08-30 01:05:00,7.59,16.33,37.65,,0.5,site_5664,Thermo Fisher Scientific India Private Limited,2026-08-30
South Eastern Coalfields Limited,Dipka Area,M/s Dipka Expansion Project South Eastern Coal Fields Limited Dipka Area,2026-08-30 06:35:00,2026-08-30 01:05:00,7.27,16.42,33.03,,0.39,site_5664,Thermo Fisher Scientific India Private Limited,2026-08-30
South Eastern Coalfields Limited,Dipka Area,M/s Dipka Expansion Project South Eastern Coal Fields Limited Dipka Area,2026-08-30 06:34:00,2026-08-30 01:04:00,7.16,16.56,39.76,,0.46,site_5664,Thermo Fisher Scientific India Private Limited,2026-08-30
South Eastern Coalfields Limited,Dipka Area,M/s Dipka Expansion Project South Eastern Coal Fields Limited Dipka Area,2026-08-30 06:34:00,2026-08-30 01:04:00,7.09,16.57,38.6,,0.42,site_5664,Thermo Fisher Scientific India Private Limited,2026-08-30
South Eastern Coalfields Limited,Dipka Area,M/s Dipka Expansion Project South Eastern Coal Fields Limited Dipka Area,2026-08-30 06:33:00,2026-08-30 01:03:00,7.09,16.64,41.57,,0.49,site_5664,Thermo Fisher Scientific India Private Limited,2026-08-30
South Eastern Coalfields Limited,Dipka Area,M/s Dipka Expansion Project South Eastern Coal Fields Limited Dipka Area,2026-08-30 06:33:00,2026-08-30 01:03:00,7.15,16.66,38.31,,0.45,site_5664,Thermo Fisher Scientific India Private Limited,2026-08-30
South Eastern Coalfields Limited,Dipka Area,M/s Dipka Expansion Project South Eastern Coal Fields Limited Dipka Area,2026-08-30 06:32:00,2026-08-30 01:02:00,7.5,16.83,33.29,,0.39,site_5664,Thermo Fisher Scientific India Private Limited,2026-08-30
South Eastern Coalfields Limited,Dipka Area,M/s Dipka Expansion Project South Eastern Coal Fields Limited Dipka Area,2026-08-30 06:32:00,2026-08-30 01:02:00,7.82,16.86,38.56,,0.54,site_5664,Thermo Fisher Scientific India Private Limited,2026-08-30
South Eastern Coalfields Limited,Dipka Area,M/s Dipka Expansion Project South Eastern Coal Fields Limited Dipka Area,2026-08-30 06:31:00,2026-08-30 01:01:00,7.91,16.92,32.48,,0.62,site_5664,Thermo Fisher Scientific India Private Limited,2026-08-30
South Eastern Coalfields Limited,Dipka Area,M/s Dipka Expansion Project South Eastern Coal Fields Limited Dipka Area,2026-08-30 06:31:00,2026-08-30 01:01:00,8.11,17.05,40.36,,0.67,site_5664,Thermo Fisher Scientific India Private Limited,2026-08-30
South Eastern Coalfields Limited,Dipka Area,M/s Dipka Expansion Project South Eastern Coal Fields Limited Dipka Area,2026-08-30 06:30:00,2026-08-30 01:00:00,8.28,17.23,36.26,,0.48,site_5664,Thermo Fisher Scientific India Private Limited,2026-08-30
South Eastern Coalfields Limited,"Bilaspur, CHHATTISGARHr",South Eastern Coalfields  Limited - AQMS_H_Q,2026-08-30 06:30:00,2026-08-30 00:59:00,98.97,,0.0,3.87,0.0,site_5592,Swan Environ,2026-08-30
South Eastern Coalfields Limited,Dipka Area,M/s Dipka Expansion Project South Eastern Coal Fields Limited Dipka Area,2026-08-30 06:30:00,2026-08-30 01:00:00,8.37,17.42,32.13,,0.5,site_5664,Thermo Fisher Scientific India Private Limited,2026-08-30
South Eastern Coalfields Limited,Dipka Area,M/s Dipka Expansion Project South Eastern Coal Fields Limited Dipka Area,2026-08-30 06:29:00,2026-08-30 00:59:00,8.41,17.67,42.84,,0.53,site_5664,Thermo Fisher Scientific India Private Limited,2026-08-30
South Eastern Coalfields Limited,Dipka Area,M/s Dipka Expansion Project South Eastern Coal Fields Limited Dipka Area,2026-08-30 06:29:00,2026-08-30 00:59:00,8.49,18.0,33.02,,0.67,site_5664,Thermo Fisher Scientific India Private Limited,2026-08-30
South Eastern Coalfields Limited,Dipka Area,M/s Dipka Expansion Project South Eastern Coal Fields Limited Dipka Area,2026-08-30 06:28:00,2026-08-30 00:58:00,8.72,18.33,33.99,,0.68,site_5664,Thermo Fisher Scientific India Private Limited,2026-08-30
South Eastern Coalfields Limited,Dipka Area,M/s Dipka Expansion Project South Eastern Coal Fields Limited Dipka Area,2026-08-30 06:28:00,2026-08-30 00:58:00,8.77,18.54,45.59,,0.72,site_5664,Thermo Fisher Scientific India Private Limited,2026-08-30
South Eastern Coalfields Limited,Dipka Area,M/s Dipka Expansion Project South Eastern Coal Fields Limited Dipka Area,2026-08-30 06:27:00,2026-08-30 00:57:00,8.64,18.75,36.93,,0.71,site_5664,Thermo Fisher Scientific India Private Limited,2026-08-30
South Eastern Coalfields Limited,Dipka Area,M/s Dipka Expansion Project South Eastern Coal Fields Limited Dipka Area,2026-08-30 06:27:00,2026-08-30 00:57:00,8.65,18.9,39.74,,0.67,site_5664,Thermo Fisher Scientific India Private Limited,2026-08-30
South Eastern Coalfields Limited,Dipka Area,M/s Dipka Expansion Project South Eastern Coal Fields Limited Dipka Area,2026-08-30 06:26:00,2026-08-30 00:56:00,8.64,18.9,36.71,,0.65,site_5664,Thermo Fisher Scientific India Private Limited,2026-08-30
South Eastern Coalfields Limited,Dipka Area,M/s Dipka Expansion Project South Eastern Coal Fields Limited Dipka Area,2026-08-30 06:26:00,2026-08-30 00:56:00,8.56,18.89,35.6,,0.55,site_5664,Thermo Fisher Scientific India Private Limited,2026-08-30
South Eastern Coalfields Limited,Dipka Area,M/s Dipka Expansion Project South Eastern Coal Fields Limited Dipka Area,2026-08-30 06:25:00,2026-08-30 00:55:00,8.28,18.98,33.87,,0.57,site_5664,Thermo Fisher Scientific India Private Limited,2026-08-30
South Eastern Coalfields Limited,"Gevra , Chattisgarh",SECL GEVRA,2026-08-30 06:25:00,2026-08-30 06:15:00,22.1,40.73,12.69,6.95,0.4,site_,Envea India Pvt Ltd,2026-08-30
South Eastern Coalfields Limited,Dipka Area,M/s Dipka Expansion Project South Eastern Coal Fields Limited Dipka Area,2026-08-30 06:25:00,2026-08-30 00:55:00,8.09,19.07,38.13,,0.46,site_5664,Thermo Fisher Scientific India Private Limited,2026-08-30
South Eastern Coalfields Limited,Dipka Area,M/s Dipka Expansion Project South Eastern Coal Fields Limited Dipka Area,2026-08-30 06:24:00,2026-08-30 00:54:00,7.96,19.21,38.84,,0.42,site_5664,Thermo Fisher Scientific India Private Limited,2026-08-30
South Eastern Coalfields Limited,Dipka Area,M/s Dipka Expansion Project South Eastern Coal Fields Limited Dipka Area,2026-08-30 06:24:00,2026-08-30 00:54:00,7.86,19.39,35.55,,0.32,site_5664,Thermo Fisher Scientific India Private Limited,2026-08-30
South Eastern Coalfields Limited,Dipka Area,M/s Dipka Expansion Project South Eastern Coal Fields Limited Dipka Area,2026-08-30 06:23:00,2026-08-30 00:53:00,7.79,19.45,42.85,,0.36,site_5664,Thermo Fisher Scientific India Private Limited,2026-08-30
South Eastern Coalfields Limited,Dipka Area,M/s Dipka Expansion Project South Eastern Coal Fields Limited Dipka Area,2026-08-30 06:23:00,2026-08-30 00:53:00,7.84,19.28,32.23,,0.35,site_5664,Thermo Fisher Scientific India Private Limited,2026-08-30
South Eastern Coalfields Limited,Dipka Area,M/s Dipka Expansion Project South Eastern Coal Fields Limited Dipka Area,2026-08-30 06:22:00,2026-08-30 00:52:00,8.18,19.06,35.71,,0.33,site_5664,Thermo Fisher Scientific India Private Limited,2026-08-30
South Eastern Coalfields Limited,Dipka Area,M/s Dipka Expansion Project South Eastern Coal Fields Limited Dipka Area,2026-08-30 06:22:00,2026-08-30 00:52:00,8.6,18.94,39.46,,0.23,site_5664,Thermo Fisher Scientific India Private Limited,2026-08-30
South Eastern Coalfields Limited,Dipka Area,M/s Dipka Expansion Project South Eastern Coal Fields Limited Dipka Area,2026-08-30 06:21:00,2026-08-30 00:51:00,9.18,18.79,34.75,,0.14,site_5664,Thermo Fisher Scientific India Private Limited,2026-08-30
South Eastern Coalfields Limited,Dipka Area,M/s Dipka Expansion Project South Eastern Coal Fields Limited Dipka Area,2026-08-30 06:21:00,2026-08-30 00:51:00,9.58,18.64,33.18,,0.17,site_5664,Thermo Fisher Scientific India Private Limited,2026-08-30
South Eastern Coalfields Limited,Dipka Area,M/s Dipka Expansion Project South Eastern Coal Fields Limited Dipka Area,2026-08-30 06:20:00,2026-08-30 00:50:00,9.89,18.64,38.34,,0.25,site_5664,Thermo Fisher Scientific India Private Limited,2026-08-30
South Eastern Coalfields Limited,Dipka Area,M/s Dipka Expansion Project South Eastern Coal Fields Limited Dipka Area,2026-08-30 06:20:00,2026-08-30 00:50:00,10.08,18.69,36.77,,0.28,site_5664,Thermo Fisher Scientific India Private Limited,2026-08-30
South Eastern Coalfields Limited,Dipka Area,M/s Dipka Expansion Project South Eastern Coal Fields Limited Dipka Area,2026-08-30 06:19:00,2026-08-30 00:49:00,10.16,18.62,39.26,,0.26,site_5664,Thermo Fisher Scientific India Private Limited,2026-08-30
South Eastern Coalfields Limited,Dipka Area,M/s Dipka Expansion Project South Eastern Coal Fields Limited Dipka Area,2026-08-30 06:19:00,2026-08-30 00:49:00,10.28,18.42,34.17,,0.24,site_5664,Thermo Fisher Scientific India Private Limited,2026-08-30
South Eastern Coalfields Limited,Dipka Area,M/s Dipka Expansion Project South Eastern Coal Fields Limited Dipka Area,2026-08-30 06:18:00,2026-08-30 00:48:00,10.23,18.04,34.56,,0.14,site_5664,Thermo Fisher Scientific India Private Limited,2026-08-30
South Eastern Coalfields Limited,Dipka Area,M/s Dipka Expansion Project South Eastern Coal Fields Limited Dipka Area,2026-08-30 06:18:00,2026-08-30 00:48:00,10.26,17.81,37.01,,0.1,site_5664,Thermo Fisher Scientific India Private Limited,2026-08-30
South Eastern Coalfields Limited,Dipka Area,M/s Dipka Expansion Project South Eastern Coal Fields Limited Dipka Area,2026-08-30 06:17:00,2026-08-30 00:47:00,10.57,17.47,40.03,,0.09,site_5664,Thermo Fisher Scientific India Private Limited,2026-08-30
South Eastern Coalfields Limited,Dipka Area,M/s Dipka Expansion Project South Eastern Coal Fields Limited Dipka Area,2026-08-30 06:17:00,2026-08-30 00:47:00,10.85,17.2,39.42,,0.13,site_5664,Thermo Fisher Scientific India Private Limited,2026-08-30
South Eastern Coalfields Limited,Dipka Area,M/s Dipka Expansion Project South Eastern Coal Fields Limited Dipka Area,2026-08-30 06:16:00,2026-08-30 00:46:00,11.15,16.95,34.42,,0.21,site_5664,Thermo Fisher Scientific India Private Limited,2026-08-30
South Eastern Coalfields Limited,Dipka Area,M/s Dipka Expansion Project South Eastern Coal Fields Limited Dipka Area,2026-08-30 06:16:00,2026-08-30 00:46:00,11.31,16.75,41.33,,0.24,site_5664,Thermo Fisher Scientific India Private Limited,2026-08-30
South Eastern Coalfields Limited,"Bilaspur, CHHATTISGARHr",South Eastern Coalfields  Limited - AQMS_H_Q,2026-08-30 06:15:00,2026-08-30 00:44:00,0.2,,270.0,99.06,25.39,site_5592,Swan Environ,2026-08-30
South Eastern Coalfields Limited,Dipka Area,M/s Dipka Expansion Project South Eastern Coal Fields Limited Dipka Area,2026-08-30 06:15:00,2026-08-30 00:45:00,11.6,16.7,37.9,,0.27,site_5664,Thermo Fisher Scientific India Private Limited,2026-08-30
South Eastern Coalfields Limited,Dipka Area,M/s Dipka Expansion Project South Eastern Coal Fields Limited Dipka Area,2026-08-30 06:15:00,2026-08-30 00:45:00,11.83,16.56,34.57,,0.27,site_5664,Thermo Fisher Scientific India Private Limited,2026-08-30
South Eastern Coalfields Limited,Dipka Area,M/s Dipka Expansion Project South Eastern Coal Fields Limited Dipka Area,2026-08-30 06:14:00,2026-08-30 00:44:00,11.8,16.38,37.15,,0.16,site_5664,Thermo Fisher Scientific India Private Limited,2026-08-30
South Eastern Coalfields Limited,Dipka Area,M/s Dipka Expansion Project South Eastern Coal Fields Limited Dipka Area,2026-08-30 06:14:00,2026-08-30 00:44:00,11.95,16.14,37.98,,0.23,site_5664,Thermo Fisher Scientific India Private Limited,2026-08-30
South Eastern Coalfields Limited,Dipka Area,M/s Dipka Expansion Project South Eastern Coal Fields Limited Dipka Area,2026-08-30 06:13:00,2026-08-30 00:43:00,12.22,15.91,39.0,,0.24,site_5664,Thermo Fisher Scientific India Private Limited,2026-08-30
South Eastern Coalfields Limited,Dipka Area,M/s Dipka Expansion Project South Eastern Coal Fields Limited Dipka Area,2026-08-30 06:13:00,2026-08-30 00:43:00,12.4,15.76,39.51,,0.41,site_5664,Thermo Fisher Scientific India Private Limited,2026-08-30
South Eastern Coalfields Limited,Dipka Area,M/s Dipka Expansion Project South Eastern Coal Fields Limited Dipka Area,2026-08-30 06:12:00,2026-08-30 00:42:00,12.66,15.54,38.75,,0.43,site_5664,Thermo Fisher Scientific India Private Limited,2026-08-30
South Eastern Coalfields Limited,Dipka Area,M/s Dipka Expansion Project South Eastern Coal Fields Limited Dipka Area,2026-08-30 06:12:00,2026-08-30 00:42:00,12.94,15.3,38.01,,0.42,site_5664,Thermo Fisher Scientific India Private Limited,2026-08-30
South Eastern Coalfields Limited,Dipka Area,M/s Dipka Expansion Project South Eastern Coal Fields Limited Dipka Area,2026-08-30 06:11:00,2026-08-30 00:41:00,13.33,15.25,43.2,,0.3,site_5664,Thermo Fisher Scientific India Private Limited,2026-08-30
South Eastern Coalfields Limited,Dipka Area,M/s Dipka Expansion Project South Eastern Coal Fields Limited Dipka Area,2026-08-30 06:11:00,2026-08-30 00:41:00,13.36,15.27,38.8,,0.36,site_5664,Thermo Fisher Scientific India Private Limited,2026-08-30
South Eastern Coalfields Limited,Dipka Area,M/s Dipka Expansion Project South Eastern Coal Fields Limited Dipka Area,2026-08-30 06:10:00,2026-08-30 00:40:00,13.09,15.21,40.83,,0.29,site_5664,Thermo Fisher Scientific India Private Limited,2026-08-30
South Eastern Coalfields Limited,"Gevra , Chattisgarh",SECL GEVRA,2026-08-30 06:10:00,2026-08-30 06:00:00,35.3,63.78,13.43,8.91,0.72,site_,Envea India Pvt Ltd,2026-08-30
South Eastern Coalfields Limited,Dipka Area,M/s Dipka Expansion Project South Eastern Coal Fields Limited Dipka Area,2026-08-30 06:10:00,2026-08-30 00:40:00,12.75,15.17,36.66,,0.37,site_5664,Thermo Fisher Scientific India Private Limited,2026-08-30
South Eastern Coalfields Limited,Dipka Area,M/s Dipka Expansion Project South Eastern Coal Fields Limited Dipka Area,2026-08-30 06:09:00,2026-08-30 00:39:00,12.31,15.15,36.13,,0.42,site_5664,Thermo Fisher Scientific India Private Limited,2026-08-30
South Eastern Coalfields Limited,Dipka Area,M/s Dipka Expansion Project South Eastern Coal Fields Limited Dipka Area,2026-08-30 06:09:00,2026-08-30 00:39:00,11.87,15.3,38.41,,0.42,site_5664,Thermo Fisher Scientific India Private Limited,2026-08-30
South Eastern Coalfields Limited,Dipka Area,M/s Dipka Expansion Project South Eastern Coal Fields Limited Dipka Area,2026-08-30 06:08:00,2026-08-30 00:38:00,11.28,15.49,37.25,,0.39,site_5664,Thermo Fisher Scientific India Private Limited,2026-08-30
South Eastern Coalfields Limited,Dipka Area,M/s Dipka Expansion Project South Eastern Coal Fields Limited Dipka Area,2026-08-30 06:08:00,2026-08-30 00:38:00,10.68,15.68,37.92,,0.26,site_5664,Thermo Fisher Scientific India Private Limited,2026-08-30
South Eastern Coalfields Limited,Dipka Area,M/s Dipka Expansion Project South Eastern Coal Fields Limited Dipka Area,2026-08-30 06:07:00,2026-08-30 00:37:00,10.12,15.89,37.5,,0.34,site_5664,Thermo Fisher Scientific India Private Limited,2026-08-30
South Eastern Coalfields Limited,Dipka Area,M/s Dipka Expansion Project South Eastern Coal Fields Limited Dipka Area,2026-08-30 06:07:00,2026-08-30 00:37:00,9.74,15.95,43.09,,0.38,site_5664,Thermo Fisher Scientific India Private Limited,2026-08-30
South Eastern Coalfields Limited,Dipka Area,M/s Dipka Expansion Project South Eastern Coal Fields Limited Dipka Area,2026-08-30 06:06:00,2026-08-30 00:36:00,9.3,16.07,34.2,,0.41,site_5664,Thermo Fisher Scientific India Private Limited,2026-08-30
South Eastern Coalfields Limited,Dipka Area,M/s Dipka Expansion Project South Eastern Coal Fields Limited Dipka Area,2026-08-30 06:06:00,2026-08-30 00:36:00,8.76,16.07,34.93,,0.32,site_5664,Thermo Fisher Scientific India Private Limited,2026-08-30
South Eastern Coalfields Limited,Dipka Area,M/s Dipka Expansion Project South Eastern Coal Fields Limited Dipka Area,2026-08-30 06:05:00,2026-08-30 00:35:00,8.21,15.89,40.38,,0.29,site_5664,Thermo Fisher Scientific India Private Limited,2026-08-30
South Eastern Coalfields Limited,Dipka Area,M/s Dipka Expansion Project South Eastern Coal Fields Limited Dipka Area,2026-08-30 06:05:00,2026-08-30 00:35:00,8.09,15.73,38.14,,0.33,site_5664,Thermo Fisher Scientific India Private Limited,2026-08-30
South Eastern Coalfields Limited,Dipka Area,M/s Dipka Expansion Project South Eastern Coal Fields Limited Dipka Area,2026-08-30 06:04:00,2026-08-30 00:34:00,7.97,15.69,45.45,,0.33,site_5664,Thermo Fisher Scientific India Private Limited,2026-08-30
South Eastern Coalfields Limited,Dipka Area,M/s Dipka Expansion Project South Eastern Coal Fields Limited Dipka Area,2026-08-30 06:04:00,2026-08-30 00:34:00,7.85,15.76,32.74,,0.32,site_5664,Thermo Fisher Scientific India Private Limited,2026-08-30
South Eastern Coalfields Limited,Dipka Area,M/s Dipka Expansion Project South Eastern Coal Fields Limited Dipka Area,2026-08-30 06:03:00,2026-08-30 00:33:00,7.6,15.74,38.87,,0.38,site_5664,Thermo Fisher Scientific India Private Limited,2026-08-30
South Eastern Coalfields Limited,Dipka Area,M/s Dipka Expansion Project South Eastern Coal Fields Limited Dipka Area,2026-08-30 06:03:00,2026-08-30 00:33:00,7.43,15.82,39.63,,0.53,site_5664,Thermo Fisher Scientific India Private Limited,2026-08-30
South Eastern Coalfields Limited,Dipka Area,M/s Dipka Expansion Project South Eastern Coal Fields Limited Dipka Area,2026-08-30 06:02:00,2026-08-30 00:32:00,7.28,15.93,36.06,,0.48,site_5664,Thermo Fisher Scientific India Private Limited,2026-08-30
South Eastern Coalfields Limited,Dipka Area,M/s Dipka Expansion Project South Eastern Coal Fields Limited Dipka Area,2026-08-30 06:02:00,2026-08-30 00:32:00,7.23,16.0,38.63,,0.43,site_5664,Thermo Fisher Scientific India Private Limited,2026-08-30
South Eastern Coalfields Limited,Dipka Area,M/s Dipka Expansion Project South Eastern Coal Fields Limited Dipka Area,2026-08-30 06:01:00,2026-08-30 00:31:00,7.35,15.98,36.65,,0.43,site_5664,Thermo Fisher Scientific India Private Limited,2026-08-30
South Eastern Coalfields Limited,Dipka Area,M/s Dipka Expansion Project South Eastern Coal Fields Limited Dipka Area,2026-08-30 06:01:00,2026-08-30 00:31:00,7.51,15.92,38.51,,0.41,site_5664,Thermo Fisher Scientific India Private Limited,2026-08-30
South Eastern Coalfields Limited,"Bilaspur, CHHATTISGARHr",South Eastern Coalfields  Limited - AQMS_H_Q,2026-08-30 06:00:00,2026-08-30 00:29:00,3.52,,12.36,241.36,0.29,site_5592,Swan Environ,2026-08-30
South Eastern Coalfields Limited,Dipka Area,M/s Dipka Expansion Project South Eastern Coal Fields Limited Dipka Area,2026-08-30 06:00:00,2026-08-30 00:30:00,7.82,15.86,33.06,,0.5,site_5664,Thermo Fisher Scientific India Private Limited,2026-08-30
South Eastern Coalfields Limited,Dipka Area,M/s Dipka Expansion Project South Eastern Coal Fields Limited Dipka Area,2026-08-30 05:59:00,2026-08-30 00:29:00,8.76,15.67,37.06,,0.46,site_5664,Thermo Fisher Scientific India Private Limited,2026-08-30
South Eastern Coalfields Limited,Dipka Area,M/s Dipka Expansion Project South Eastern Coal Fields Limited Dipka Area,2026-08-30 05:59:00,2026-08-30 00:29:00,9.16,15.63,35.82,,0.44,site_5664,Thermo Fisher Scientific India Private Limited,2026-08-30
South Eastern Coalfields Limited,Dipka Area,M/s Dipka Expansion Project South Eastern Coal Fields Limited Dipka Area,2026-08-30 05:58:00,2026-08-30 00:28:00,9.64,15.56,31.85,,0.5,site_5664,Thermo Fisher Scientific India Private Limited,2026-08-30
South Eastern Coalfields Limited,Dipka Area,M/s Dipka Expansion Project South Eastern Coal Fields Limited Dipka Area,2026-08-30 05:58:00,2026-08-30 00:28:00,10.21,15.5,36.78,,0.33,site_5664,Thermo Fisher Scientific India Private Limited,2026-08-30
South Eastern Coalfields Limited,Dipka Area,M/s Dipka Expansion Project South Eastern Coal Fields Limited Dipka Area,2026-08-30 05:57:00,2026-08-30 00:27:00,11.11,15.4,36.6,,0.38,site_5664,Thermo Fisher Scientific India Private Limited,2026-08-30
South Eastern Coalfields Limited,Dipka Area,M/s Dipka Expansion Project South Eastern Coal Fields Limited Dipka Area,2026-08-30 05:57:00,2026-08-30 00:27:00,11.89,15.29,36.9,,0.43,site_5664,Thermo Fisher Scientific India Private Limited,2026-08-30
South Eastern Coalfields Limited,Dipka Area,M/s Dipka Expansion Project South Eastern Coal Fields Limited Dipka Area,2026-08-30 05:56:00,2026-08-30 00:26:00,12.83,15.08,39.67,,0.33,site_5664,Thermo Fisher Scientific India Private Limited,2026-08-30
South Eastern Coalfields Limited,Dipka Area,M/s Dipka Expansion Project South Eastern Coal Fields Limited Dipka Area,2026-08-30 05:56:00,2026-08-30 00:26:00,13.69,14.88,37.51,,0.32,site_5664,Thermo Fisher Scientific India Private Limited,2026-08-30
South Eastern Coalfields Limited,Dipka Area,M/s Dipka Expansion Project South Eastern Coal Fields Limited Dipka Area,2026-08-30 05:55:00,2026-08-30 00:25:00,14.65,14.71,32.17,,0.28,site_5664,Thermo Fisher Scientific India Private Limited,2026-08-30
South Eastern Coalfields Limited,"Gevra , Chattisgarh",SECL GEVRA,2026-08-30 05:55:00,2026-08-30 05:45:00,40.2,72.18,13.7,9.62,0.84,site_,Envea India Pvt Ltd,2026-08-30
South Eastern Coalfields Limited,Dipka Area,M/s Dipka Expansion Project South Eastern Coal Fields Limited Dipka Area,2026-08-30 05:55:00,2026-08-30 00:25:00,15.29,14.5,37.08,,0.36,site_5664,Thermo Fisher Scientific India Private Limited,2026-08-30
South Eastern Coalfields Limited,Dipka Area,M/s Dipka Expansion Project South Eastern Coal Fields Limited Dipka Area,2026-08-30 05:54:00,2026-08-30 00:24:00,15.83,14.27,34.81,,0.26,site_5664,Thermo Fisher Scientific India Private Limited,2026-08-30
South Eastern Coalfields Limited,Dipka Area,M/s Dipka Expansion Project South Eastern Coal Fields Limited Dipka Area,2026-08-30 05:54:00,2026-08-30 00:24:00,16.32,14.05,36.01,,0.22,site_5664,Thermo Fisher Scientific India Private Limited,2026-08-30
South Eastern Coalfields Limited,Dipka Area,M/s Dipka Expansion Project South Eastern Coal Fields Limited Dipka Area,2026-08-30 05:53:00,2026-08-30 00:23:00,16.72,13.8,34.73,,0.21,site_5664,Thermo Fisher Scientific India Private Limited,2026-08-30
South Eastern Coalfields Limited,Dipka Area,M/s Dipka Expansion Project South Eastern Coal Fields Limited Dipka Area,2026-08-30 05:53:00,2026-08-30 00:23:00,17.04,13.62,37.01,,0.25,site_5664,Thermo Fisher Scientific India Private Limited,2026-08-30
South Eastern Coalfields Limited,Dipka Area,M/s Dipka Expansion Project South Eastern Coal Fields Limited Dipka Area,2026-08-30 05:52:00,2026-08-30 00:22:00,17.32,13.38,37.67,,0.18,site_5664,Thermo Fisher Scientific India Private Limited,2026-08-30
South Eastern Coalfields Limited,Dipka Area,M/s Dipka Expansion Project South Eastern Coal Fields Limited Dipka Area,2026-08-30 05:52:00,2026-08-30 00:22:00,17.61,13.26,37.34,,0.23,site_5664,Thermo Fisher Scientific India Private Limited,2026-08-30
South Eastern Coalfields Limited,Dipka Area,M/s Dipka Expansion Project South Eastern Coal Fields Limited Dipka Area,2026-08-30 05:51:00,2026-08-30 00:21:00,17.72,13.08,35.96,,0.4,site_5664,Thermo Fisher Scientific India Private Limited,2026-08-30
South Eastern Coalfields Limited,Dipka Area,M/s Dipka Expansion Project South Eastern Coal Fields Limited Dipka Area,2026-08-30 05:51:00,2026-08-30 00:21:00,17.67,12.89,38.33,,0.33,site_5664,Thermo Fisher Scientific India Private Limited,2026-08-30
South Eastern Coalfields Limited,Dipka Area,M/s Dipka Expansion Project South Eastern Coal Fields Limited Dipka Area,2026-08-30 05:50:00,2026-08-30 00:20:00,17.64,12.61,31.37,,0.32,site_5664,Thermo Fisher Scientific India Private Limited,2026-08-30
South Eastern Coalfields Limited,Dipka Area,M/s Dipka Expansion Project South Eastern Coal Fields Limited Dipka Area,2026-08-30 05:50:00,2026-08-30 00:20:00,17.62,12.31,35.63,,0.45,site_5664,Thermo Fisher Scientific India Private Limited,2026-08-30
South Eastern Coalfields Limited,Dipka Area,M/s Dipka Expansion Project South Eastern Coal Fields Limited Dipka Area,2026-08-30 05:49:00,2026-08-30 00:19:00,17.57,11.89,39.36,,0.59,site_5664,Thermo Fisher Scientific India Private Limited,2026-08-30
South Eastern Coalfields Limited,Dipka Area,M/s Dipka Expansion Project South Eastern Coal Fields Limited Dipka Area,2026-08-30 05:49:00,2026-08-30 00:19:00,17.45,11.6,37.17,,0.54,site_5664,Thermo Fisher Scientific India Private Limited,2026-08-30
South Eastern Coalfields Limited,Dipka Area,M/s Dipka Expansion Project South Eastern Coal Fields Limited Dipka Area,2026-08-30 05:48:00,2026-08-30 00:18:00,17.25,11.29,39.12,,0.39,site_5664,Thermo Fisher Scientific India Private Limited,2026-08-30
South Eastern Coalfields Limited,Dipka Area,M/s Dipka Expansion Project South Eastern Coal Fields Limited Dipka Area,2026-08-30 05:48:00,2026-08-30 00:18:00,17.27,11.17,38.21,,0.46,site_5664,Thermo Fisher Scientific India Private Limited,2026-08-30
South Eastern Coalfields Limited,Dipka Area,M/s Dipka Expansion Project South Eastern Coal Fields Limited Dipka Area,2026-08-30 05:47:00,2026-08-30 00:17:00,17.3,11.11,40.81,,0.4,site_5664,Thermo Fisher Scientific India Private Limited,2026-08-30
South Eastern Coalfields Limited,Dipka Area,M/s Dipka Expansion Project South Eastern Coal Fields Limited Dipka Area,2026-08-30 05:47:00,2026-08-30 00:17:00,17.28,11.17,33.68,,0.41,site_5664,Thermo Fisher Scientific India Private Limited,2026-08-30
South Eastern Coalfields Limited,Dipka Area,M/s Dipka Expansion Project South Eastern Coal Fields Limited Dipka Area,2026-08-30 05:46:00,2026-08-30 00:16:00,17.11,11.45,34.37,,0.39,site_5664,Thermo Fisher Scientific India Private Limited,2026-08-30
South Eastern Coalfields Limited,Dipka Area,M/s Dipka Expansion Project South Eastern Coal Fields Limited Dipka Area,2026-08-30 05:46:00,2026-08-30 00:16:00,16.93,11.72,38.23,,0.49,site_5664,Thermo Fisher Scientific India Private Limited,2026-08-30
South Eastern Coalfields Limited,"Bilaspur, CHHATTISGARHr",South Eastern Coalfields  Limited - AQMS_H_Q,2026-08-30 05:45:00,2026-08-30 00:15:00,3.53,,12.2,0.0,0.0,site_5592,Swan Environ,2026-08-30
South Eastern Coalfields Limited,Dipka Area,M/s Dipka Expansion Project South Eastern Coal Fields Limited Dipka Area,2026-08-30 05:45:00,2026-08-30 00:15:00,16.79,12.08,42.9,,0.42,site_5664,Thermo Fisher Scientific India Private Limited,2026-08-30
South Eastern Coalfields Limited,Dipka Area,M/s Dipka Expansion Project South Eastern Coal Fields Limited Dipka Area,2026-08-30 05:45:00,2026-08-30 00:15:00,16.45,12.31,39.44,,0.22,site_5664,Thermo Fisher Scientific India Private Limited,2026-08-30
South Eastern Coalfields Limited,Dipka Area,M/s Dipka Expansion Project South Eastern Coal Fields Limited Dipka Area,2026-08-30 05:44:00,2026-08-30 00:14:00,16.05,12.58,33.01,,0.23,site_5664,Thermo Fisher Scientific India Private Limited,2026-08-30
South Eastern Coalfields Limited,Dipka Area,M/s Dipka Expansion Project South Eastern Coal Fields Limited Dipka Area,2026-08-30 05:44:00,2026-08-30 00:14:00,15.67,12.88,27.86,,0.33,site_5664,Thermo Fisher Scientific India Private Limited,2026-08-30
South Eastern Coalfields Limited,Dipka Area,M/s Dipka Expansion Project South Eastern Coal Fields Limited Dipka Area,2026-08-30 05:43:00,2026-08-30 00:13:00,15.26,12.99,38.02,,0.46,site_5664,Thermo Fisher Scientific India Private Limited,2026-08-30
South Eastern Coalfields Limited,Dipka Area,M/s Dipka Expansion Project South Eastern Coal Fields Limited Dipka Area,2026-08-30 05:43:00,2026-08-30 00:13:00,14.87,12.96,36.36,,0.4,site_5664,Thermo Fisher Scientific India Private Limited,2026-08-30
South Eastern Coalfields Limited,Dipka Area,M/s Dipka Expansion Project South Eastern Coal Fields Limited Dipka Area,2026-08-30 05:42:00,2026-08-30 00:12:00,14.37,12.91,42.69,,0.44,site_5664,Thermo Fisher Scientific India Private Limited,2026-08-30
South Eastern Coalfields Limited,Dipka Area,M/s Dipka Expansion Project South Eastern Coal Fields Limited Dipka Area,2026-08-30 05:42:00,2026-08-30 00:12:00,13.85,12.78,32.41,,0.47,site_5664,Thermo Fisher Scientific India Private Limited,2026-08-30
South Eastern Coalfields Limited,Dipka Area,M/s Dipka Expansion Project South Eastern Coal Fields Limited Dipka Area,2026-08-30 05:41:00,2026-08-30 00:11:00,13.32,12.39,40.35,,0.54,site_5664,Thermo Fisher Scientific India Private Limited,2026-08-30
South Eastern Coalfields Limited,Dipka Area,M/s Dipka Expansion Project South Eastern Coal Fields Limited Dipka Area,2026-08-30 05:41:00,2026-08-30 00:11:00,12.89,11.99,40.1,,0.64,site_5664,Thermo Fisher Scientific India Private Limited,2026-08-30
South Eastern Coalfields Limited,Dipka Area,M/s Dipka Expansion Project South Eastern Coal Fields Limited Dipka Area,2026-08-30 05:40:00,2026-08-30 00:10:00,12.56,11.63,39.77,,0.81,site_5664,Thermo Fisher Scientific India Private Limited,2026-08-30
South Eastern Coalfields Limited,"Gevra , Chattisgarh",SECL GEVRA,2026-08-30 05:40:00,2026-08-30 05:30:00,42.2,75.72,13.81,9.93,0.88,site_,Envea India Pvt Ltd,2026-08-30
South Eastern Coalfields Limited,Dipka Area,M/s Dipka Expansion Project South Eastern Coal Fields Limited Dipka Area,2026-08-30 05:40:00,2026-08-30 00:10:00,12.4,11.32,42.55,,0.93,site_5664,Thermo Fisher Scientific India Private Limited,2026-08-30
South Eastern Coalfields Limited,Dipka Area,M/s Dipka Expansion Project South Eastern Coal Fields Limited Dipka Area,2026-08-30 05:39:00,2026-08-30 00:09:00,12.16,10.99,37.12,,0.98,site_5664,Thermo Fisher Scientific India Private Limited,2026-08-30
South Eastern Coalfields Limited,Dipka Area,M/s Dipka Expansion Project South Eastern Coal Fields Limited Dipka Area,2026-08-30 05:39:00,2026-08-30 00:09:00,12.18,10.69,36.97,,1.0,site_5664,Thermo Fisher Scientific India Private Limited,2026-08-30
South Eastern Coalfields Limited,Dipka Area,M/s Dipka Expansion Project South Eastern Coal Fields Limited Dipka Area,2026-08-30 05:38:00,2026-08-30 00:08:00,12.11,10.58,43.58,,1.0,site_5664,Thermo Fisher Scientific India Private Limited,2026-08-30
South Eastern Coalfields Limited,Dipka Area,M/s Dipka Expansion Project South Eastern Coal Fields Limited Dipka Area,2026-08-30 05:38:00,2026-08-30 00:08:00,11.91,10.43,35.24,,1.11,site_5664,Thermo Fisher Scientific India Private Limited,2026-08-30
South Eastern Coalfields Limited,Dipka Area,M/s Dipka Expansion Project South Eastern Coal Fields Limited Dipka Area,2026-08-30 05:37:00,2026-08-30 00:07:00,11.48,10.26,38.77,,1.02,site_5664,Thermo Fisher Scientific India Private Limited,2026-08-30
South Eastern Coalfields Limited,Dipka Area,M/s Dipka Expansion Project South Eastern Coal Fields Limited Dipka Area,2026-08-30 05:37:00,2026-08-30 00:07:00,11.15,10.21,36.84,,0.89,site_5664,Thermo Fisher Scientific India Private Limited,2026-08-30
South Eastern Coalfields Limited,Dipka Area,M/s Dipka Expansion Project South Eastern Coal Fields Limited Dipka Area,2026-08-30 05:36:00,2026-08-30 00:06:00,11.06,10.24,35.44,,0.84,site_5664,Thermo Fisher Scientific India Private Limited,2026-08-30
South Eastern Coalfields Limited,Dipka Area,M/s Dipka Expansion Project South Eastern Coal Fields Limited Dipka Area,2026-08-30 05:36:00,2026-08-30 00:06:00,11.09,10.48,39.38,,0.79,site_5664,Thermo Fisher Scientific India Private Limited,2026-08-30
South Eastern Coalfields Limited,Dipka Area,M/s Dipka Expansion Project South Eastern Coal Fields Limited Dipka Area,2026-08-30 05:35:00,2026-08-30 00:05:00,11.17,10.63,34.77,,0.73,site_5664,Thermo Fisher Scientific India Private Limited,2026-08-30
South Eastern Coalfields Limited,Dipka Area,M/s Dipka Expansion Project South Eastern Coal Fields Limited Dipka Area,2026-08-30 05:35:00,2026-08-30 00:05:00,11.12,10.8,29.67,,0.65,site_5664,Thermo Fisher Scientific India Private Limited,2026-08-30
South Eastern Coalfields Limited,Dipka Area,M/s Dipka Expansion Project South Eastern Coal Fields Limited Dipka Area,2026-08-30 05:34:00,2026-08-30 00:04:00,11.14,11.04,31.73,,0.56,site_5664,Thermo Fisher Scientific India Private Limited,2026-08-30
South Eastern Coalfields Limited,Dipka Area,M/s Dipka Expansion Project South Eastern Coal Fields Limited Dipka Area,2026-08-30 05:34:00,2026-08-30 00:04:00,11.11,11.22,37.22,,0.5,site_5664,Thermo Fisher Scientific India Private Limited,2026-08-30
South Eastern Coalfields Limited,Dipka Area,M/s Dipka Expansion Project South Eastern Coal Fields Limited Dipka Area,2026-08-30 05:33:00,2026-08-30 00:03:00,10.94,11.45,33.42,,0.48,site_5664,Thermo Fisher Scientific India Private Limited,2026-08-30
South Eastern Coalfields Limited,Dipka Area,M/s Dipka Expansion Project South Eastern Coal Fields Limited Dipka Area,2026-08-30 05:33:00,2026-08-30 00:03:00,10.72,11.56,31.62,,0.35,site_5664,Thermo Fisher Scientific India Private Limited,2026-08-30
South Eastern Coalfields Limited,Dipka Area,M/s Dipka Expansion Project South Eastern Coal Fields Limited Dipka Area,2026-08-30 05:32:00,2026-08-30 00:02:00,10.53,11.94,34.79,,0.49,site_5664,Thermo Fisher Scientific India Private Limited,2026-08-30
South Eastern Coalfields Limited,Dipka Area,M/s Dipka Expansion Project South Eastern Coal Fields Limited Dipka Area,2026-08-30 05:32:00,2026-08-30 00:02:00,10.65,12.35,34.61,,0.55,site_5664,Thermo Fisher Scientific India Private Limited,2026-08-30
South Eastern Coalfields Limited,Dipka Area,M/s Dipka Expansion Project South Eastern Coal Fields Limited Dipka Area,2026-08-30 05:31:00,2026-08-30 00:01:00,10.87,12.75,38.47,,0.55,site_5664,Thermo Fisher Scientific India Private Limited,2026-08-30
South Eastern Coalfields Limited,Dipka Area,M/s Dipka Expansion Project South Eastern Coal Fields Limited Dipka Area,2026-08-30 05:31:00,2026-08-30 00:01:00,11.17,12.94,31.07,,0.43,site_5664,Thermo Fisher Scientific India Private Limited,2026-08-30
South Eastern Coalfields Limited,Dipka Area,M/s Dipka Expansion Project South Eastern Coal Fields Limited Dipka Area,2026-08-30 05:30:00,2026-08-30 00:00:00,11.47,12.99,32.41,,0.4,site_5664,Thermo Fisher Scientific India Private Limited,2026-08-30
South Eastern Coalfields Limited,Dipka Area,M/s Dipka Expansion Project South Eastern Coal Fields Limited Dipka Area,2026-08-30 05:30:00,2026-08-30 00:00:00,11.75,12.95,35.81,,0.49,site_5664,Thermo Fisher Scientific India Private Limited,2026-08-30
South Eastern Coalfields Limited,"Bilaspur, CHHATTISGARHr",South Eastern Coalfields  Limited - AQMS_H_Q,2026-08-30 05:30:00,2026-08-29 23:59:00,3.72,,12.2,247.0,0.26,site_5592,Swan Environ,2026-08-29
South Eastern Coalfields Limited,Dipka Area,M/s Dipka Expansion Project South Eastern Coal Fields Limited Dipka Area,2026-08-30 05:29:00,2026-08-29 23:59:00,11.99,12.67,40.9,,0.37,site_5664,Thermo Fisher Scientific India Private Limited,2026-08-29
South Eastern Coalfields Limited,Dipka Area,M/s Dipka Expansion Project South Eastern Coal Fields Limited Dipka Area,2026-08-30 05:29:00,2026-08-29 23:59:00,12.14,12.5,35.37,,0.31,site_5664,Thermo Fisher Scientific India Private Limited,2026-08-29
South Eastern Coalfields Limited,Dipka Area,M/s Dipka Expansion Project South Eastern Coal Fields Limited Dipka Area,2026-08-30 05:28:00,2026-08-29 23:58:00,12.38,12.3,33.2,,0.48,site_5664,Thermo Fisher Scientific India Private Limited,2026-08-29
South Eastern Coalfields Limited,Dipka Area,M/s Dipka Expansion Project South Eastern Coal Fields Limited Dipka Area,2026-08-30 05:28:00,2026-08-29 23:58:00,12.6,12.15,34.23,,0.56,site_5664,Thermo Fisher Scientific India Private Limited,2026-08-29
South Eastern Coalfields Limited,Dipka Area,M/s Dipka Expansion Project South Eastern Coal Fields Limited Dipka Area,2026-08-30 05:27:00,2026-08-29 23:57:00,12.87,12.05,36.59,,0.54,site_5664,Thermo Fisher Scientific India Private Limited,2026-08-29
South Eastern Coalfields Limited,Dipka Area,M/s Dipka Expansion Project South Eastern Coal Fields Limited Dipka Area,2026-08-30 05:27:00,2026-08-29 23:57:00,13.17,12.05,37.39,,0.45,site_5664,Thermo Fisher Scientific India Private Limited,2026-08-29
South Eastern Coalfields Limited,Dipka Area,M/s Dipka Expansion Project South Eastern Coal Fields Limited Dipka Area,2026-08-30 05:26:00,2026-08-29 23:56:00,13.78,12.18,35.5,,0.42,site_5664,Thermo Fisher Scientific India Private Limited,2026-08-29
South Eastern Coalfields Limited,Dipka Area,M/s Dipka Expansion Project South Eastern Coal Fields Limited Dipka Area,2026-08-30 05:26:00,2026-08-29 23:56:00,14.21,12.2,40.34,,0.58,site_5664,Thermo Fisher Scientific India Private Limited,2026-08-29
South Eastern Coalfields Limited,Dipka Area,M/s Dipka Expansion Project South Eastern Coal Fields Limited Dipka Area,2026-08-30 05:25:00,2026-08-29 23:55:00,14.44,12.2,32.05,,0.62,site_5664,Thermo Fisher Scientific India Private Limited,2026-08-29
South Eastern Coalfields Limited,"Gevra , Chattisgarh",SECL GEVRA,2026-08-30 05:25:00,2026-08-30 05:15:00,41.1,73.85,13.75,9.77,0.86,site_,Envea India Pvt Ltd,2026-08-30
South Eastern Coalfields Limited,Dipka Area,M/s Dipka Expansion Project South Eastern Coal Fields Limited Dipka Area,2026-08-30 05:25:00,2026-08-29 23:55:00,14.44,12.28,35.66,,0.5,site_5664,Thermo Fisher Scientific India Private Limited,2026-08-29
South Eastern Coalfields Limited,Dipka Area,M/s Dipka Expansion Project South Eastern Coal Fields Limited Dipka Area,2026-08-30 05:24:00,2026-08-29 23:54:00,14.4,12.57,37.98,,0.54,site_5664,Thermo Fisher Scientific India Private Limited,2026-08-29
South Eastern Coalfields Limited,Dipka Area,M/s Dipka Expansion Project South Eastern Coal Fields Limited Dipka Area,2026-08-30 05:24:00,2026-08-29 23:54:00,14.25,12.93,35.54,,0.68,site_5664,Thermo Fisher Scientific India Private Limited,2026-08-29
South Eastern Coalfields Limited,Dipka Area,M/s Dipka Expansion Project South Eastern Coal Fields Limited Dipka Area,2026-08-30 05:23:00,2026-08-29 23:53:00,13.77,13.4,33.97,,0.48,site_5664,Thermo Fisher Scientific India Private Limited,2026-08-29
South Eastern Coalfields Limited,Dipka Area,M/s Dipka Expansion Project South Eastern Coal Fields Limited Dipka Area,2026-08-30 05:23:00,2026-08-29 23:53:00,13.38,13.71,26.88,,0.4,site_5664,Thermo Fisher Scientific India Private Limited,2026-08-29
South Eastern Coalfields Limited,Dipka Area,M/s Dipka Expansion Project South Eastern Coal Fields Limited Dipka Area,2026-08-30 05:22:00,2026-08-29 23:52:00,12.97,14.18,38.01,,0.41,site_5664,Thermo Fisher Scientific India Private Limited,2026-08-29
South Eastern Coalfields Limited,Dipka Area,M/s Dipka Expansion Project South Eastern Coal Fields Limited Dipka Area,2026-08-30 05:22:00,2026-08-29 23:52:00,12.69,14.58,35.94,,0.47,site_5664,Thermo Fisher Scientific India Private Limited,2026-08-29
South Eastern Coalfields Limited,Dipka Area,M/s Dipka Expansion Project South Eastern Coal Fields Limited Dipka Area,2026-08-30 05:21:00,2026-08-29 23:51:00,12.52,14.75,35.76,,0.3,site_5664,Thermo Fisher Scientific India Private Limited,2026-08-29
South Eastern Coalfields Limited,Dipka Area,M/s Dipka Expansion Project South Eastern Coal Fields Limited Dipka Area,2026-08-30 05:21:00,2026-08-29 23:51:00,12.43,14.77,34.29,,0.2,site_5664,Thermo Fisher Scientific India Private Limited,2026-08-29
South Eastern Coalfields Limited,Dipka Area,M/s Dipka Expansion Project South Eastern Coal Fields Limited Dipka Area,2026-08-30 05:20:00,2026-08-29 23:50:00,12.42,14.68,37.48,,0.23,site_5664,Thermo Fisher Scientific India Private Limited,2026-08-29
South Eastern Coalfields Limited,Dipka Area,M/s Dipka Expansion Project South Eastern Coal Fields Limited Dipka Area,2026-08-30 05:20:00,2026-08-29 23:50:00,12.41,14.66,38.09,,0.25,site_5664,Thermo Fisher Scientific India Private Limited,2026-08-29
South Eastern Coalfields Limited,Dipka Area,M/s Dipka Expansion Project South Eastern Coal Fields Limited Dipka Area,2026-08-30 05:19:00,2026-08-29 23:49:00,12.53,14.68,41.1,,0.19,site_5664,Thermo Fisher Scientific India Private Limited,2026-08-29
South Eastern Coalfields Limited,Dipka Area,M/s Dipka Expansion Project South Eastern Coal Fields Limited Dipka Area,2026-08-30 05:19:00,2026-08-29 23:49:00,12.69,14.7,31.9,,0.14,site_5664,Thermo Fisher Scientific India Private Limited,2026-08-29
South Eastern Coalfields Limited,Dipka Area,M/s Dipka Expansion Project South Eastern Coal Fields Limited Dipka Area,2026-08-30 05:18:00,2026-08-29 23:48:00,12.96,14.87,38.39,,0.09,site_5664,Thermo Fisher Scientific India Private Limited,2026-08-29
South Eastern Coalfields Limited,Dipka Area,M/s Dipka Expansion Project South Eastern Coal Fields Limited Dipka Area,2026-08-30 05:18:00,2026-08-29 23:48:00,13.02,15.11,39.94,,0.05,site_5664,Thermo Fisher Scientific India Private Limited,2026-08-29
South Eastern Coalfields Limited,Dipka Area,M/s Dipka Expansion Project South Eastern Coal Fields Limited Dipka Area,2026-08-30 05:17:00,2026-08-29 23:47:00,13.11,15.31,34.84,,0.17,site_5664,Thermo Fisher Scientific India Private Limited,2026-08-29
South Eastern Coalfields Limited,Dipka Area,M/s Dipka Expansion Project South Eastern Coal Fields Limited Dipka Area,2026-08-30 05:17:00,2026-08-29 23:47:00,13.18,15.48,39.1,,0.2,site_5664,Thermo Fisher Scientific India Private Limited,2026-08-29
South Eastern Coalfields Limited,Dipka Area,M/s Dipka Expansion Project South Eastern Coal Fields Limited Dipka Area,2026-08-30 05:16:00,2026-08-29 23:46:00,13.14,15.58,35.31,,0.36,site_5664,Thermo Fisher Scientific India Private Limited,2026-08-29
South Eastern Coalfields Limited,Dipka Area,M/s Dipka Expansion Project South Eastern Coal Fields Limited Dipka Area,2026-08-30 05:16:00,2026-08-29 23:46:00,12.97,15.68,35.98,,0.34,site_5664,Thermo Fisher Scientific India Private Limited,2026-08-29
South Eastern Coalfields Limited,Dipka Area,M/s Dipka Expansion Project South Eastern Coal Fields Limited Dipka Area,2026-08-30 05:15:00,2026-08-29 23:45:00,12.62,15.67,35.05,,0.23,site_5664,Thermo Fisher Scientific India Private Limited,2026-08-29
South Eastern Coalfields Limited,"Bilaspur, CHHATTISGARHr",South Eastern Coalfields  Limited - AQMS_H_Q,2026-08-30 05:15:00,2026-08-29 23:44:00,0.34,,209.92,99.0,25.36,site_5592,Swan Environ,2026-08-29
South Eastern Coalfields Limited,Dipka Area,M/s Dipka Expansion Project South Eastern Coal Fields Limited Dipka Area,2026-08-30 05:15:00,2026-08-29 23:45:00,12.31,15.51,41.07,,0.24,site_5664,Thermo Fisher Scientific India Private Limited,2026-08-29
South Eastern Coalfields Limited,Dipka Area,M/s Dipka Expansion Project South Eastern Coal Fields Limited Dipka Area,2026-08-30 05:14:00,2026-08-29 23:44:00,12.09,15.33,34.58,,0.28,site_5664,Thermo Fisher Scientific India Private Limited,2026-08-29
South Eastern Coalfields Limited,Dipka Area,M/s Dipka Expansion Project South Eastern Coal Fields Limited Dipka Area,2026-08-30 05:14:00,2026-08-29 23:44:00,11.87,15.16,33.67,,0.35,site_5664,Thermo Fisher Scientific India Private Limited,2026-08-29
South Eastern Coalfields Limited,Dipka Area,M/s Dipka Expansion Project South Eastern Coal Fields Limited Dipka Area,2026-08-30 05:13:00,2026-08-29 23:43:00,11.8,15.03,34.27,,0.41,site_5664,Thermo Fisher Scientific India Private Limited,2026-08-29
South Eastern Coalfields Limited,Dipka Area,M/s Dipka Expansion Project South Eastern Coal Fields Limited Dipka Area,2026-08-30 05:13:00,2026-08-29 23:43:00,11.75,14.8,35.94,,0.48,site_5664,Thermo Fisher Scientific India Private Limited,2026-08-29
South Eastern Coalfields Limited,Dipka Area,M/s Dipka Expansion Project South Eastern Coal Fields Limited Dipka Area,2026-08-30 05:12:00,2026-08-29 23:42:00,11.64,14.41,36.82,,0.32,site_5664,Thermo Fisher Scientific India Private Limited,2026-08-29
South Eastern Coalfields Limited,Dipka Area,M/s Dipka Expansion Project South Eastern Coal Fields Limited Dipka Area,2026-08-30 05:12:00,2026-08-29 23:42:00,11.67,14.17,36.75,,0.31,site_5664,Thermo Fisher Scientific India Private Limited,2026-08-29
South Eastern Coalfields Limited,Dipka Area,M/s Dipka Expansion Project South Eastern Coal Fields Limited Dipka Area,2026-08-30 05:11:00,2026-08-29 23:41:00,11.57,13.83,37.24,,0.32,site_5664,Thermo Fisher Scientific India Private Limited,2026-08-29
South Eastern Coalfields Limited,Dipka Area,M/s Dipka Expansion Project South Eastern Coal Fields Limited Dipka Area,2026-08-30 05:11:00,2026-08-29 23:41:00,11.54,13.6,39.15,,0.49,site_5664,Thermo Fisher Scientific India Private Limited,2026-08-29
South Eastern Coalfields Limited,Dipka Area,M/s Dipka Expansion Project South Eastern Coal Fields Limited Dipka Area,2026-08-30 05:10:00,2026-08-29 23:40:00,11.47,13.25,40.24,,0.53,site_5664,Thermo Fisher Scientific India Private Limited,2026-08-29
South Eastern Coalfields Limited,"Gevra , Chattisgarh",SECL GEVRA,2026-08-30 05:10:00,2026-08-30 05:00:00,21.3,39.39,12.65,6.83,0.38,site_,Envea India Pvt Ltd,2026-08-30
South Eastern Coalfields Limited,Dipka Area,M/s Dipka Expansion Project South Eastern Coal Fields Limited Dipka Area,2026-08-30 05:10:00,2026-08-29 23:40:00,11.54,12.99,39.89,,0.62,site_5664,Thermo Fisher Scientific India Private Limited,2026-08-29
South Eastern Coalfields Limited,Dipka Area,M/s Dipka Expansion Project South Eastern Coal Fields Limited Dipka Area,2026-08-30 05:09:00,2026-08-29 23:39:00,11.74,12.77,33.82,,0.64,site_5664,Thermo Fisher Scientific India Private Limited,2026-08-29
South Eastern Coalfields Limited,Dipka Area,M/s Dipka Expansion Project South Eastern Coal Fields Limited Dipka Area,2026-08-30 05:09:00,2026-08-29 23:39:00,11.89,12.52,34.93,,0.51,site_5664,Thermo Fisher Scientific India Private Limited,2026-08-29
South Eastern Coalfields Limited,Dipka Area,M/s Dipka Expansion Project South Eastern Coal Fields Limited Dipka Area,2026-08-30 05:08:00,2026-08-29 23:38:00,12.03,12.22,40.51,,0.43,site_5664,Thermo Fisher Scientific India Private Limited,2026-08-29
South Eastern Coalfields Limited,Dipka Area,M/s Dipka Expansion Project South Eastern Coal Fields Limited Dipka Area,2026-08-30 05:08:00,2026-08-29 23:38:00,12.05,11.96,42.03,,0.48,site_5664,Thermo Fisher Scientific India Private Limited,2026-08-29
South Eastern Coalfields Limited,Dipka Area,M/s Dipka Expansion Project South Eastern Coal Fields Limited Dipka Area,2026-08-30 05:07:00,2026-08-29 23:37:00,11.94,11.73,39.14,,0.47,site_5664,Thermo Fisher Scientific India Private Limited,2026-08-29
South Eastern Coalfields Limited,Dipka Area,M/s Dipka Expansion Project South Eastern Coal Fields Limited Dipka Area,2026-08-30 05:07:00,2026-08-29 23:37:00,11.74,11.59,37.71,,0.4,site_5664,Thermo Fisher Scientific India Private Limited,2026-08-29
South Eastern Coalfields Limited,Dipka Area,M/s Dipka Expansion Project South Eastern Coal Fields Limited Dipka Area,2026-08-30 05:06:00,2026-08-29 23:36:00,11.44,11.43,31.93,,0.39,site_5664,Thermo Fisher Scientific India Private Limited,2026-08-29
South Eastern Coalfields Limited,Dipka Area,M/s Dipka Expansion Project South Eastern Coal Fields Limited Dipka Area,2026-08-30 05:06:00,2026-08-29 23:36:00,11.13,11.3,37.01,,0.26,site_5664,Thermo Fisher Scientific India Private Limited,2026-08-29
South Eastern Coalfields Limited,Dipka Area,M/s Dipka Expansion Project South Eastern Coal Fields Limited Dipka Area,2026-08-30 05:05:00,2026-08-29 23:35:00,10.88,11.29,39.25,,0.35,site_5664,Thermo Fisher Scientific India Private Limited,2026-08-29
South Eastern Coalfields Limited,Dipka Area,M/s Dipka Expansion Project South Eastern Coal Fields Limited Dipka Area,2026-08-30 05:05:00,2026-08-29 23:35:00,10.73,11.25,33.42,,0.28,site_5664,Thermo Fisher Scientific India Private Limited,2026-08-29
South Eastern Coalfields Limited,Dipka Area,M/s Dipka Expansion Project South Eastern Coal Fields Limited Dipka Area,2026-08-30 05:04:00,2026-08-29 23:34:00,10.7,11.23,36.22,,0.25,site_5664,Thermo Fisher Scientific India Private Limited,2026-08-29
South Eastern Coalfields Limited,Dipka Area,M/s Dipka Expansion Project South Eastern Coal Fields Limited Dipka Area,2026-08-30 05:04:00,2026-08-29 23:34:00,10.58,11.31,41.75,,0.3,site_5664,Thermo Fisher Scientific India Private Limited,2026-08-29
South Eastern Coalfields Limited,Dipka Area,M/s Dipka Expansion Project South Eastern Coal Fields Limited Dipka Area,2026-08-30 05:03:00,2026-08-29 23:33:00,10.4,11.47,37.27,,0.44,site_5664,Thermo Fisher Scientific India Private Limited,2026-08-29
South Eastern Coalfields Limited,Dipka Area,M/s Dipka Expansion Project South Eastern Coal Fields Limited Dipka Area,2026-08-30 05:03:00,2026-08-29 23:33:00,10.39,11.57,34.77,,0.27,site_5664,Thermo Fisher Scientific India Private Limited,2026-08-29
South Eastern Coalfields Limited,Dipka Area,M/s Dipka Expansion Project South Eastern Coal Fields Limited Dipka Area,2026-08-30 05:02:00,2026-08-29 23:32:00,10.32,11.67,33.01,,0.24,site_5664,Thermo Fisher Scientific India Private Limited,2026-08-29
South Eastern Coalfields Limited,Dipka Area,M/s Dipka Expansion Project South Eastern Coal Fields Limited Dipka Area,2026-08-30 05:02:00,2026-08-29 23:32:00,10.24,11.63,33.18,,0.3,site_5664,Thermo Fisher Scientific India Private Limited,2026-08-29
South Eastern Coalfields Limited,Dipka Area,M/s Dipka Expansion Project South Eastern Coal Fields Limited Dipka Area,2026-08-30 05:01:00,2026-08-29 23:31:00,10.25,11.44,35.84,,0.41,site_5664,Thermo Fisher Scientific India Private Limited,2026-08-29
South Eastern Coalfields Limited,Dipka Area,M/s Dipka Expansion Project South Eastern Coal Fields Limited Dipka Area,2026-08-30 05:01:00,2026-08-29 23:31:00,10.33,11.17,39.56,,0.42,site_5664,Thermo Fisher Scientific India Private Limited,2026-08-29
South Eastern Coalfields Limited,Dipka Area,M/s Dipka Expansion Project South Eastern Coal Fields Limited Dipka Area,2026-08-30 05:00:00,2026-08-29 23:30:00,10.59,10.77,37.56,,0.31,site_5664,Thermo Fisher Scientific India Private Limited,2026-08-29
South Eastern Coalfields Limited,"Bilaspur, CHHATTISGARHr",South Eastern Coalfields  Limited - AQMS_H_Q,2026-08-30 05:00:00,2026-08-29 23:29:00,3.6,,10.03,0.0,0.0,site_5592,Swan Environ,2026-08-29
South Eastern Coalfields Limited,Dipka Area,M/s Dipka Expansion Project South Eastern Coal Fields Limited Dipka Area,2026-08-30 04:59:00,2026-08-29 23:29:00,10.97,10.29,29.04,,0.45,site_5664,Thermo Fisher Scientific India Private Limited,2026-08-29
South Eastern Coalfields Limited,Dipka Area,M/s Dipka Expansion Project South Eastern Coal Fields Limited Dipka Area,2026-08-30 04:59:00,2026-08-29 23:29:00,11.21,10.27,36.97,,0.53,site_5664,Thermo Fisher Scientific India Private Limited,2026-08-29
South Eastern Coalfields Limited,Dipka Area,M/s Dipka Expansion Project South Eastern Coal Fields Limited Dipka Area,2026-08-30 04:58:00,2026-08-29 23:28:00,11.55,10.4,39.23,,0.54,site_5664,Thermo Fisher Scientific India Private Limited,2026-08-29
South Eastern Coalfields Limited,Dipka Area,M/s Dipka Expansion Project South Eastern Coal Fields Limited Dipka Area,2026-08-30 04:58:00,2026-08-29 23:28:00,11.8,10.57,36.88,,0.63,site_5664,Thermo Fisher Scientific India Private Limited,2026-08-29
South Eastern Coalfields Limited,Dipka Area,M/s Dipka Expansion Project South Eastern Coal Fields Limited Dipka Area,2026-08-30 04:57:00,2026-08-29 23:27:00,12.04,10.75,33.98,,0.65,site_5664,Thermo Fisher Scientific India Private Limited,2026-08-29
South Eastern Coalfields Limited,Dipka Area,M/s Dipka Expansion Project South Eastern Coal Fields Limited Dipka Area,2026-08-30 04:57:00,2026-08-29 23:27:00,12.08,10.88,37.37,,0.66,site_5664,Thermo Fisher Scientific India Private Limited,2026-08-29
South Eastern Coalfields Limited,Dipka Area,M/s Dipka Expansion Project South Eastern Coal Fields Limited Dipka Area,2026-08-30 04:56:00,2026-08-29 23:26:00,11.99,10.87,38.8,,0.5,site_5664,Thermo Fisher Scientific India Private Limited,2026-08-29
South Eastern Coalfields Limited,Dipka Area,M/s Dipka Expansion Project South Eastern Coal Fields Limited Dipka Area,2026-08-30 04:56:00,2026-08-29 23:26:00,11.94,10.76,36.87,,0.42,site_5664,Thermo Fisher Scientific India Private Limited,2026-08-29
South Eastern Coalfields Limited,Dipka Area,M/s Dipka Expansion Project South Eastern Coal Fields Limited Dipka Area,2026-08-30 04:55:00,2026-08-29 23:25:00,11.78,10.51,36.47,,0.54,site_5664,Thermo Fisher Scientific India Private Limited,2026-08-29
South Eastern Coalfields Limited,"Gevra , Chattisgarh",SECL GEVRA,2026-08-30 04:55:00,2026-08-30 04:45:00,18.5,34.46,12.49,6.41,0.32,site_,Envea India Pvt Ltd,2026-08-30
South Eastern Coalfields Limited,Dipka Area,M/s Dipka Expansion Project South Eastern Coal Fields Limited Dipka Area,2026-08-30 04:55:00,2026-08-29 23:25:00,11.74,10.3,36.89,,0.47,site_5664,Thermo Fisher Scientific India Private Limited,2026-08-29
South Eastern Coalfields Limited,Dipka Area,M/s Dipka Expansion Project South Eastern Coal Fields Limited Dipka Area,2026-08-30 04:54:00,2026-08-29 23:24:00,11.61,10.06,32.33,,0.43,site_5664,Thermo Fisher Scientific India Private Limited,2026-08-29
South Eastern Coalfields Limited,Dipka Area,M/s Dipka Expansion Project South Eastern Coal Fields Limited Dipka Area,2026-08-30 04:54:00,2026-08-29 23:24:00,11.55,9.79,33.63,,0.39,site_5664,Thermo Fisher Scientific India Private Limited,2026-08-29
South Eastern Coalfields Limited,Dipka Area,M/s Dipka Expansion Project South Eastern Coal Fields Limited Dipka Area,2026-08-30 04:53:00,2026-08-29 23:23:00,11.65,9.63,38.48,,0.32,site_5664,Thermo Fisher Scientific India Private Limited,2026-08-29
South Eastern Coalfields Limited,Dipka Area,M/s Dipka Expansion Project South Eastern Coal Fields Limited Dipka Area,2026-08-30 04:53:00,2026-08-29 23:23:00,11.72,9.53,35.72,,0.31,site_5664,Thermo Fisher Scientific India Private Limited,2026-08-29
South Eastern Coalfields Limited,Dipka Area,M/s Dipka Expansion Project South Eastern Coal Fields Limited Dipka Area,2026-08-30 04:52:00,2026-08-29 23:22:00,11.79,9.41,32.91,,0.39,site_5664,Thermo Fisher Scientific India Private Limited,2026-08-29
South Eastern Coalfields Limited,Dipka Area,M/s Dipka Expansion Project South Eastern Coal Fields Limited Dipka Area,2026-08-30 04:52:00,2026-08-29 23:22:00,11.82,9.3,35.32,,0.4,site_5664,Thermo Fisher Scientific India Private Limited,2026-08-29
South Eastern Coalfields Limited,Dipka Area,M/s Dipka Expansion Project South Eastern Coal Fields Limited Dipka Area,2026-08-30 04:51:00,2026-08-29 23:21:00,11.93,9.05,36.87,,0.42,site_5664,Thermo Fisher Scientific India Private Limited,2026-08-29
South Eastern Coalfields Limited,Dipka Area,M/s Dipka Expansion Project South Eastern Coal Fields Limited Dipka Area,2026-08-30 04:51:00,2026-08-29 23:21:00,12.02,8.8,35.43,,0.42,site_5664,Thermo Fisher Scientific India Private Limited,2026-08-29
South Eastern Coalfields Limited,Dipka Area,M/s Dipka Expansion Project South Eastern Coal Fields Limited Dipka Area,2026-08-30 04:50:00,2026-08-29 23:20:00,12.12,8.45,32.62,,0.25,site_5664,Thermo Fisher Scientific India Private Limited,2026-08-29
South Eastern Coalfields Limited,Dipka Area,M/s Dipka Expansion Project South Eastern Coal Fields Limited Dipka Area,2026-08-30 04:50:00,2026-08-29 23:20:00,12.15,8.05,37.62,,0.38,site_5664,Thermo Fisher Scientific India Private Limited,2026-08-29
South Eastern Coalfields Limited,Dipka Area,M/s Dipka Expansion Project South Eastern Coal Fields Limited Dipka Area,2026-08-30 04:49:00,2026-08-29 23:19:00,12.15,7.61,30.0,,0.42,site_5664,Thermo Fisher Scientific India Private Limited,2026-08-29
South Eastern Coalfields Limited,Dipka Area,M/s Dipka Expansion Project South Eastern Coal Fields Limited Dipka Area,2026-08-30 04:49:00,2026-08-29 23:19:00,12.12,7.31,38.29,,0.38,site_5664,Thermo Fisher Scientific India Private Limited,2026-08-29
South Eastern Coalfields Limited,Dipka Area,M/s Dipka Expansion Project South Eastern Coal Fields Limited Dipka Area,2026-08-30 04:48:00,2026-08-29 23:18:00,12.11,7.0,36.48,,0.52,site_5664,Thermo Fisher Scientific India Private Limited,2026-08-29
South Eastern Coalfields Limited,Dipka Area,M/s Dipka Expansion Project South Eastern Coal Fields Limited Dipka Area,2026-08-30 04:48:00,2026-08-29 23:18:00,11.96,6.82,34.49,,0.6,site_5664,Thermo Fisher Scientific India Private Limited,2026-08-29
South Eastern Coalfields Limited,Dipka Area,M/s Dipka Expansion Project South Eastern Coal Fields Limited Dipka Area,2026-08-30 04:47:00,2026-08-29 23:17:00,11.63,6.61,40.16,,0.46,site_5664,Thermo Fisher Scientific India Private Limited,2026-08-29
South Eastern Coalfields Limited,Dipka Area,M/s Dipka Expansion Project South Eastern Coal Fields Limited Dipka Area,2026-08-30 04:47:00,2026-08-29 23:17:00,11.37,6.46,40.97,,0.5,site_5664,Thermo Fisher Scientific India Private Limited,2026-08-29
South Eastern Coalfields Limited,Dipka Area,M/s Dipka Expansion Project South Eastern Coal Fields Limited Dipka Area,2026-08-30 04:46:00,2026-08-29 23:16:00,11.01,6.26,41.56,,0.44,site_5664,Thermo Fisher Scientific India Private Limited,2026-08-29
South Eastern Coalfields Limited,Dipka Area,M/s Dipka Expansion Project South Eastern Coal Fields Limited Dipka Area,2026-08-30 04:46:00,2026-08-29 23:16:00,10.49,6.04,39.06,,0.57,site_5664,Thermo Fisher Scientific India Private Limited,2026-08-29
South Eastern Coalfields Limited,"Bilaspur, CHHATTISGARHr",South Eastern Coalfields  Limited - AQMS_H_Q,2026-08-30 04:45:00,2026-08-29 23:14:00,3.5,,9.29,270.0,0.36,site_5592,Swan Environ,2026-08-29
South Eastern Coalfields Limited,Dipka Area,M/s Dipka Expansion Project South Eastern Coal Fields Limited Dipka Area,2026-08-30 04:45:00,2026-08-29 23:15:00,9.95,5.95,39.77,,0.65,site_5664,Thermo Fisher Scientific India Private Limited,2026-08-29
South Eastern Coalfields Limited,Dipka Area,M/s Dipka Expansion Project South Eastern Coal Fields Limited Dipka Area,2026-08-30 04:45:00,2026-08-29 23:15:00,9.46,5.76,36.48,,0.51,site_5664,Thermo Fisher Scientific India Private Limited,2026-08-29
South Eastern Coalfields Limited,Dipka Area,M/s Dipka Expansion Project South Eastern Coal Fields Limited Dipka Area,2026-08-30 04:44:00,2026-08-29 23:14:00,8.97,5.52,36.36,,0.38,site_5664,Thermo Fisher Scientific India Private Limited,2026-08-29
South Eastern Coalfields Limited,Dipka Area,M/s Dipka Expansion Project South Eastern Coal Fields Limited Dipka Area,2026-08-30 04:44:00,2026-08-29 23:14:00,8.44,5.32,38.02,,0.43,site_5664,Thermo Fisher Scientific India Private Limited,2026-08-29
South Eastern Coalfields Limited,Dipka Area,M/s Dipka Expansion Project South Eastern Coal Fields Limited Dipka Area,2026-08-30 04:43:00,2026-08-29 23:13:00,8.04,5.21,38.17,,0.25,site_5664,Thermo Fisher Scientific India Private Limited,2026-08-29
South Eastern Coalfields Limited,Dipka Area,M/s Dipka Expansion Project South Eastern Coal Fields Limited Dipka Area,2026-08-30 04:43:00,2026-08-29 23:13:00,7.93,5.0,33.91,,0.14,site_5664,Thermo Fisher Scientific India Private Limited,2026-08-29
South Eastern Coalfields Limited,Dipka Area,M/s Dipka Expansion Project South Eastern Coal Fields Limited Dipka Area,2026-08-30 04:42:00,2026-08-29 23:12:00,7.62,4.75,33.04,,0.26,site_5664,Thermo Fisher Scientific India Private Limited,2026-08-29
South Eastern Coalfields Limited,Dipka Area,M/s Dipka Expansion Project South Eastern Coal Fields Limited Dipka Area,2026-08-30 04:42:00,2026-08-29 23:12:00,7.29,4.57,38.21,,0.13,site_5664,Thermo Fisher Scientific India Private Limited,2026-08-29
South Eastern Coalfields Limited,Dipka Area,M/s Dipka Expansion Project South Eastern Coal Fields Limited Dipka Area,2026-08-30 04:41:00,2026-08-29 23:11:00,6.93,4.49,40.01,,0.28,site_5664,Thermo Fisher Scientific India Private Limited,2026-08-29
South Eastern Coalfields Limited,Dipka Area,M/s Dipka Expansion Project South Eastern Coal Fields Limited Dipka Area,2026-08-30 04:41:00,2026-08-29 23:11:00,6.66,4.37,36.01,,0.21,site_5664,Thermo Fisher Scientific India Private Limited,2026-08-29
South Eastern Coalfields Limited,Dipka Area,M/s Dipka Expansion Project South Eastern Coal Fields Limited Dipka Area,2026-08-30 04:40:00,2026-08-29 23:10:00,6.21,4.37,32.44,,0.19,site_5664,Thermo Fisher Scientific India Private Limited,2026-08-29
South Eastern Coalfields Limited,"Gevra , Chattisgarh",SECL GEVRA,2026-08-30 04:40:00,2026-08-30 04:30:00,39.5,71.05,13.66,9.53,0.82,site_,Envea India Pvt Ltd,2026-08-30
South Eastern Coalfields Limited,Dipka Area,M/s Dipka Expansion Project South Eastern Coal Fields Limited Dipka Area,2026-08-30 04:40:00,2026-08-29 23:10:00,5.55,4.39,35.64,,0.19,site_5664,Thermo Fisher Scientific India Private Limited,2026-08-29
South Eastern Coalfields Limited,Dipka Area,M/s Dipka Expansion Project South Eastern Coal Fields Limited Dipka Area,2026-08-30 04:39:00,2026-08-29 23:09:00,4.88,4.35,36.09,,0.42,site_5664,Thermo Fisher Scientific India Private Limited,2026-08-29
South Eastern Coalfields Limited,Dipka Area,M/s Dipka Expansion Project South Eastern Coal Fields Limited Dipka Area,2026-08-30 04:39:00,2026-08-29 23:09:00,4.48,4.38,36.17,,0.45,site_5664,Thermo Fisher Scientific India Private Limited,2026-08-29
South Eastern Coalfields Limited,Dipka Area,M/s Dipka Expansion Project South Eastern Coal Fields Limited Dipka Area,2026-08-30 04:38:00,2026-08-29 23:08:00,4.21,4.39,33.1,,0.43,site_5664,Thermo Fisher Scientific India Private Limited,2026-08-29
South Eastern Coalfields Limited,Dipka Area,M/s Dipka Expansion Project South Eastern Coal Fields Limited Dipka Area,2026-08-30 04:38:00,2026-08-29 23:08:00,3.65,4.53,32.44,,0.51,site_5664,Thermo Fisher Scientific India Private Limited,2026-08-29
South Eastern Coalfields Limited,Dipka Area,M/s Dipka Expansion Project South Eastern Coal Fields Limited Dipka Area,2026-08-30 04:37:00,2026-08-29 23:07:00,3.4,4.61,41.04,,0.41,site_5664,Thermo Fisher Scientific India Private Limited,2026-08-29
South Eastern Coalfields Limited,Dipka Area,M/s Dipka Expansion Project South Eastern Coal Fields Limited Dipka Area,2026-08-30 04:37:00,2026-08-29 23:07:00,3.52,4.74,42.34,,0.44,site_5664,Thermo Fisher Scientific India Private Limited,2026-08-29
South Eastern Coalfields Limited,Dipka Area,M/s Dipka Expansion Project South Eastern Coal Fields Limited Dipka Area,2026-08-30 04:36:00,2026-08-29 23:06:00,3.86,5.06,37.08,,0.43,site_5664,Thermo Fisher Scientific India Private Limited,2026-08-29
South Eastern Coalfields Limited,Dipka Area,M/s Dipka Expansion Project South Eastern Coal Fields Limited Dipka Area,2026-08-30 04:36:00,2026-08-29 23:06:00,4.13,5.35,32.64,,0.42,site_5664,Thermo Fisher Scientific India Private Limited,2026-08-29
South Eastern Coalfields Limited,Dipka Area,M/s Dipka Expansion Project South Eastern Coal Fields Limited Dipka Area,2026-08-30 04:35:00,2026-08-29 23:05:00,4.44,5.68,36.37,,0.46,site_5664,Thermo Fisher Scientific India Private Limited,2026-08-29
South Eastern Coalfields Limited,Dipka Area,M/s Dipka Expansion Project South Eastern Coal Fields Limited Dipka Area,2026-08-30 04:35:00,2026-08-29 23:05:00,4.63,5.83,40.91,,0.59,site_5664,Thermo Fisher Scientific India Private Limited,2026-08-29
South Eastern Coalfields Limited,Dipka Area,M/s Dipka Expansion Project South Eastern Coal Fields Limited Dipka Area,2026-08-30 04:34:00,2026-08-29 23:04:00,4.88,5.87,37.67,,0.49,site_5664,Thermo Fisher Scientific India Private Limited,2026-08-29
South Eastern Coalfields Limited,Dipka Area,M/s Dipka Expansion Project South Eastern Coal Fields Limited Dipka Area,2026-08-30 04:34:00,2026-08-29 23:04:00,4.85,5.8,42.36,,0.37,site_5664,Thermo Fisher Scientific India Private Limited,2026-08-29
South Eastern Coalfields Limited,Dipka Area,M/s Dipka Expansion Project South Eastern Coal Fields Limited Dipka Area,2026-08-30 04:33:00,2026-08-29 23:03:00,4.76,5.7,36.43,,0.42,site_5664,Thermo Fisher Scientific India Private Limited,2026-08-29
South Eastern Coalfields Limited,Dipka Area,M/s Dipka Expansion Project South Eastern Coal Fields Limited Dipka Area,2026-08-30 04:33:00,2026-08-29 23:03:00,4.78,5.57,31.06,,0.33,site_5664,Thermo Fisher Scientific India Private Limited,2026-08-29
South Eastern Coalfields Limited,Dipka Area,M/s Dipka Expansion Project South Eastern Coal Fields Limited Dipka Area,2026-08-30 04:32:00,2026-08-29 23:02:00,4.71,5.37,39.58,,0.49,site_5664,Thermo Fisher Scientific India Private Limited,2026-08-29
South Eastern Coalfields Limited,Dipka Area,M/s Dipka Expansion Project South Eastern Coal Fields Limited Dipka Area,2026-08-30 04:32:00,2026-08-29 23:02:00,4.78,5.33,37.35,,0.56,site_5664,Thermo Fisher Scientific India Private Limited,2026-08-29
South Eastern Coalfields Limited,Dipka Area,M/s Dipka Expansion Project South Eastern Coal Fields Limited Dipka Area,2026-08-30 04:31:00,2026-08-29 23:01:00,4.83,5.45,34.12,,0.46,site_5664,Thermo Fisher Scientific India Private Limited,2026-08-29
South Eastern Coalfields Limited,Dipka Area,M/s Dipka Expansion Project South Eastern Coal Fields Limited Dipka Area,2026-08-30 04:31:00,2026-08-29 23:01:00,5.05,5.63,31.07,,0.47,site_5664,Thermo Fisher Scientific India Private Limited,2026-08-29
South Eastern Coalfields Limited,"Bilaspur, CHHATTISGARHr",South Eastern Coalfields  Limited - AQMS_H_Q,2026-08-30 04:30:00,2026-08-29 22:59:00,3.6,,9.06,0.0,0.0,site_5592,Swan Environ,2026-08-29
South Eastern Coalfields Limited,Dipka Area,M/s Dipka Expansion Project South Eastern Coal Fields Limited Dipka Area,2026-08-30 04:30:00,2026-08-29 23:00:00,5.23,5.93,30.39,,0.59,site_5664,Thermo Fisher Scientific India Private Limited,2026-08-29
South Eastern Coalfields Limited,Dipka Area,M/s Dipka Expansion Project South Eastern Coal Fields Limited Dipka Area,2026-08-30 04:30:00,2026-08-29 23:00:00,5.41,6.25,37.13,,0.49,site_5664,Thermo Fisher Scientific India Private Limited,2026-08-29
South Eastern Coalfields Limited,Dipka Area,M/s Dipka Expansion Project South Eastern Coal Fields Limited Dipka Area,2026-08-30 04:29:00,2026-08-29 22:59:00,5.67,6.62,35.42,,0.52,site_5664,Thermo Fisher Scientific India Private Limited,2026-08-29
South Eastern Coalfields Limited,Dipka Area,M/s Dipka Expansion Project South Eastern Coal Fields Limited Dipka Area,2026-08-30 04:29:00,2026-08-29 22:59:00,5.8,6.87,37.27,,0.51,site_5664,Thermo Fisher Scientific India Private Limited,2026-08-29
South Eastern Coalfields Limited,Dipka Area,M/s Dipka Expansion Project South Eastern Coal Fields Limited Dipka Area,2026-08-30 04:28:00,2026-08-29 22:58:00,5.94,7.13,31.93,,0.52,site_5664,Thermo Fisher Scientific India Private Limited,2026-08-29
South Eastern Coalfields Limited,Dipka Area,M/s Dipka Expansion Project South Eastern Coal Fields Limited Dipka Area,2026-08-30 04:28:00,2026-08-29 22:58:00,5.88,7.39,33.18,,0.63,site_5664,Thermo Fisher Scientific India Private Limited,2026-08-29
South Eastern Coalfields Limited,Dipka Area,M/s Dipka Expansion Project South Eastern Coal Fields Limited Dipka Area,2026-08-30 04:27:00,2026-08-29 22:57:00,5.77,7.73,33.94,,0.46,site_5664,Thermo Fisher Scientific India Private Limited,2026-08-29
South Eastern Coalfields Limited,Dipka Area,M/s Dipka Expansion Project South Eastern Coal Fields Limited Dipka Area,2026-08-30 04:27:00,2026-08-29 22:57:00,5.6,7.98,36.0,,0.35,site_5664,Thermo Fisher Scientific India Private Limited,2026-08-29
South Eastern Coalfields Limited,Dipka Area,M/s Dipka Expansion Project South Eastern Coal Fields Limited Dipka Area,2026-08-30 04:26:00,2026-08-29 22:56:00,5.47,8.38,38.66,,0.5,site_5664,Thermo Fisher Scientific India Private Limited,2026-08-29
South Eastern Coalfields Limited,Dipka Area,M/s Dipka Expansion Project South Eastern Coal Fields Limited Dipka Area,2026-08-30 04:26:00,2026-08-29 22:56:00,5.18,8.69,34.4,,0.63,site_5664,Thermo Fisher Scientific India Private Limited,2026-08-29
South Eastern Coalfields Limited,Dipka Area,M/s Dipka Expansion Project South Eastern Coal Fields Limited Dipka Area,2026-08-30 04:25:00,2026-08-29 22:55:00,4.8,8.9,31.24,,0.42,site_5664,Thermo Fisher Scientific India Private Limited,2026-08-29
South Eastern Coalfields Limited,"Gevra , Chattisgarh",SECL GEVRA,2026-08-30 04:25:00,2026-08-30 04:15:00,40.5,72.82,13.72,9.68,0.84,site_,Envea India Pvt Ltd,2026-08-30
South Eastern Coalfields Limited,Dipka Area,M/s Dipka Expansion Project South Eastern Coal Fields Limited Dipka Area,2026-08-30 04:25:00,2026-08-29 22:55:00,4.6,9.05,33.33,,0.47,site_5664,Thermo Fisher Scientific India Private Limited,2026-08-29
South Eastern Coalfields Limited,Dipka Area,M/s Dipka Expansion Project South Eastern Coal Fields Limited Dipka Area,2026-08-30 04:24:00,2026-08-29 22:54:00,4.4,9.31,40.27,,0.5,site_5664,Thermo Fisher Scientific India Private Limited,2026-08-29
South Eastern Coalfields Limited,Dipka Area,M/s Dipka Expansion Project South Eastern Coal Fields Limited Dipka Area,2026-08-30 04:24:00,2026-08-29 22:54:00,4.28,9.39,38.09,,0.51,site_5664,Thermo Fisher Scientific India Private Limited,2026-08-29
South Eastern Coalfields Limited,Dipka Area,M/s Dipka Expansion Project South Eastern Coal Fields Limited Dipka Area,2026-08-30 04:23:00,2026-08-29 22:53:00,4.15,9.37,33.86,,0.53,site_5664,Thermo Fisher Scientific India Private Limited,2026-08-29
South Eastern Coalfields Limited,Dipka Area,M/s Dipka Expansion Project South Eastern Coal Fields Limited Dipka Area,2026-08-30 04:23:00,2026-08-29 22:53:00,4.18,9.45,33.17,,0.4,site_5664,Thermo Fisher Scientific India Private Limited,2026-08-29
South Eastern Coalfields Limited,Dipka Area,M/s Dipka Expansion Project South Eastern Coal Fields Limited Dipka Area,2026-08-30 04:22:00,2026-08-29 22:52:00,4.38,9.54,40.39,,0.52,site_5664,Thermo Fisher Scientific India Private Limited,2026-08-29
South Eastern Coalfields Limited,Dipka Area,M/s Dipka Expansion Project South Eastern Coal Fields Limited Dipka Area,2026-08-30 04:22:00,2026-08-29 22:52:00,4.54,9.58,38.59,,0.6,site_5664,Thermo Fisher Scientific India Private Limited,2026-08-29
South Eastern Coalfields Limited,Dipka Area,M/s Dipka Expansion Project South Eastern Coal Fields Limited Dipka Area,2026-08-30 04:21:00,2026-08-29 22:51:00,4.73,9.56,38.23,,0.45,site_5664,Thermo Fisher Scientific India Private Limited,2026-08-29
South Eastern Coalfields Limited,Dipka Area,M/s Dipka Expansion Project South Eastern Coal Fields Limited Dipka Area,2026-08-30 04:21:00,2026-08-29 22:51:00,4.87,9.47,33.11,,0.38,site_5664,Thermo Fisher Scientific India Private Limited,2026-08-29
South Eastern Coalfields Limited,Dipka Area,M/s Dipka Expansion Project South Eastern Coal Fields Limited Dipka Area,2026-08-30 04:20:00,2026-08-29 22:50:00,5.07,9.38,35.47,,0.46,site_5664,Thermo Fisher Scientific India Private Limited,2026-08-29
South Eastern Coalfields Limited,Dipka Area,M/s Dipka Expansion Project South Eastern Coal Fields Limited Dipka Area,2026-08-30 04:20:00,2026-08-29 22:50:00,5.39,9.27,34.42,,0.3,site_5664,Thermo Fisher Scientific India Private Limited,2026-08-29
South Eastern Coalfields Limited,Dipka Area,M/s Dipka Expansion Project South Eastern Coal Fields Limited Dipka Area,2026-08-30 04:19:00,2026-08-29 22:49:00,5.65,9.15,38.39,,0.22,site_5664,Thermo Fisher Scientific India Private Limited,2026-08-29
South Eastern Coalfields Limited,Dipka Area,M/s Dipka Expansion Project South Eastern Coal Fields Limited Dipka Area,2026-08-30 04:19:00,2026-08-29 22:49:00,5.73,8.94,31.87,,0.27,site_5664,Thermo Fisher Scientific India Private Limited,2026-08-29
South Eastern Coalfields Limited,Dipka Area,M/s Dipka Expansion Project South Eastern Coal Fields Limited Dipka Area,2026-08-30 04:18:00,2026-08-29 22:48:00,5.82,8.66,34.2,,0.21,site_5664,Thermo Fisher Scientific India Private Limited,2026-08-29
South Eastern Coalfields Limited,Dipka Area,M/s Dipka Expansion Project South Eastern Coal Fields Limited Dipka Area,2026-08-30 04:18:00,2026-08-29 22:48:00,5.81,8.41,35.77,,0.29,site_5664,Thermo Fisher Scientific India Private Limited,2026-08-29
South Eastern Coalfields Limited,Dipka Area,M/s Dipka Expansion Project South Eastern Coal Fields Limited Dipka Area,2026-08-30 04:17:00,2026-08-29 22:47:00,5.73,8.13,41.07,,0.21,site_5664,Thermo Fisher Scientific India Private Limited,2026-08-29
South Eastern Coalfields Limited,Dipka Area,M/s Dipka Expansion Project South Eastern Coal Fields Limited Dipka Area,2026-08-30 04:17:00,2026-08-29 22:47:00,5.48,7.97,32.17,,0.18,site_5664,Thermo Fisher Scientific India Private Limited,2026-08-29
South Eastern Coalfields Limited,Dipka Area,M/s Dipka Expansion Project South Eastern Coal Fields Limited Dipka Area,2026-08-30 04:16:00,2026-08-29 22:46:00,5.07,7.71,35.14,,0.23,site_5664,Thermo Fisher Scientific India Private Limited,2026-08-29
South Eastern Coalfields Limited,Dipka Area,M/s Dipka Expansion Project South Eastern Coal Fields Limited Dipka Area,2026-08-30 04:16:00,2026-08-29 22:46:00,4.65,7.55,33.48,,0.19,site_5664,Thermo Fisher Scientific India Private Limited,2026-08-29
South Eastern Coalfields Limited,"Bilaspur, CHHATTISGARHr",South Eastern Coalfields  Limited - AQMS_H_Q,2026-08-30 04:15:00,2026-08-29 22:45:00,0.0,,3.38,0.34,8.87,site_5592,Swan Environ,2026-08-29
South Eastern Coalfields Limited,Dipka Area,M/s Dipka Expansion Project South Eastern Coal Fields Limited Dipka Area,2026-08-30 04:15:00,2026-08-29 22:45:00,4.16,7.36,37.0,,0.2,site_5664,Thermo Fisher Scientific India Private Limited,2026-08-29
South Eastern Coalfields Limited,Dipka Area,M/s Dipka Expansion Project South Eastern Coal Fields Limited Dipka Area,2026-08-30 04:15:00,2026-08-29 22:45:00,3.68,7.24,31.76,,0.44,site_5664,Thermo Fisher Scientific India Private Limited,2026-08-29
South Eastern Coalfields Limited,Dipka Area,M/s Dipka Expansion Project South Eastern Coal Fields Limited Dipka Area,2026-08-30 04:14:00,2026-08-29 22:44:00,3.05,7.18,35.28,,0.37,site_5664,Thermo Fisher Scientific India Private Limited,2026-08-29
South Eastern Coalfields Limited,Dipka Area,M/s Dipka Expansion Project South Eastern Coal Fields Limited Dipka Area,2026-08-30 04:14:00,2026-08-29 22:44:00,2.58,6.97,36.62,,0.32,site_5664,Thermo Fisher Scientific India Private Limited,2026-08-29
South Eastern Coalfields Limited,Dipka Area,M/s Dipka Expansion Project South Eastern Coal Fields Limited Dipka Area,2026-08-30 04:13:00,2026-08-29 22:43:00,1.99,6.75,38.7,,0.44,site_5664,Thermo Fisher Scientific India Private Limited,2026-08-29
South Eastern Coalfields Limited,Dipka Area,M/s Dipka Expansion Project South Eastern Coal Fields Limited Dipka Area,2026-08-30 04:13:00,2026-08-29 22:43:00,1.57,6.52,40.14,,0.46,site_5664,Thermo Fisher Scientific India Private Limited,2026-08-29
South Eastern Coalfields Limited,Dipka Area,M/s Dipka Expansion Project South Eastern Coal Fields Limited Dipka Area,2026-08-30 04:12:00,2026-08-29 22:42:00,1.16,6.29,35.67,,0.46,site_5664,Thermo Fisher Scientific India Private Limited,2026-08-29
South Eastern Coalfields Limited,Dipka Area,M/s Dipka Expansion Project South Eastern Coal Fields Limited Dipka Area,2026-08-30 04:12:00,2026-08-29 22:42:00,1.0,6.03,36.64,,0.42,site_5664,Thermo Fisher Scientific India Private Limited,2026-08-29
South Eastern Coalfields Limited,Dipka Area,M/s Dipka Expansion Project South Eastern Coal Fields Limited Dipka Area,2026-08-30 04:11:00,2026-08-29 22:41:00,1.0,5.72,36.65,,0.54,site_5664,Thermo Fisher Scientific India Private Limited,2026-08-29
South Eastern Coalfields Limited,Dipka Area,M/s Dipka Expansion Project South Eastern Coal Fields Limited Dipka Area,2026-08-30 04:11:00,2026-08-29 22:41:00,1.09,5.61,38.16,,0.56,site_5664,Thermo Fisher Scientific India Private Limited,2026-08-29
South Eastern Coalfields Limited,Dipka Area,M/s Dipka Expansion Project South Eastern Coal Fields Limited Dipka Area,2026-08-30 04:10:00,2026-08-29 22:40:00,1.59,5.59,37.25,,0.49,site_5664,Thermo Fisher Scientific India Private Limited,2026-08-29
South Eastern Coalfields Limited,"Gevra , Chattisgarh",SECL GEVRA,2026-08-30 04:10:00,2026-08-30 04:00:00,25.4,46.41,12.87,7.43,0.48,site_,Envea India Pvt Ltd,2026-08-30
South Eastern Coalfields Limited,Dipka Area,M/s Dipka Expansion Project South Eastern Coal Fields Limited Dipka Area,2026-08-30 04:10:00,2026-08-29 22:40:00,2.13,5.66,31.05,,0.4,site_5664,Thermo Fisher Scientific India Private Limited,2026-08-29
South Eastern Coalfields Limited,Dipka Area,M/s Dipka Expansion Project South Eastern Coal Fields Limited Dipka Area,2026-08-30 04:09:00,2026-08-29 22:39:00,2.83,5.84,34.38,,0.56,site_5664,Thermo Fisher Scientific India Private Limited,2026-08-29
South Eastern Coalfields Limited,Dipka Area,M/s Dipka Expansion Project South Eastern Coal Fields Limited Dipka Area,2026-08-30 04:09:00,2026-08-29 22:39:00,3.48,6.13,33.96,,0.57,site_5664,Thermo Fisher Scientific India Private Limited,2026-08-29
South Eastern Coalfields Limited,Dipka Area,M/s Dipka Expansion Project South Eastern Coal Fields Limited Dipka Area,2026-08-30 04:08:00,2026-08-29 22:38:00,4.23,6.63,34.97,,0.48,site_5664,Thermo Fisher Scientific India Private Limited,2026-08-29
South Eastern Coalfields Limited,Dipka Area,M/s Dipka Expansion Project South Eastern Coal Fields Limited Dipka Area,2026-08-30 04:08:00,2026-08-29 22:38:00,4.97,6.93,36.29,,0.46,site_5664,Thermo Fisher Scientific India Private Limited,2026-08-29
South Eastern Coalfields Limited,Dipka Area,M/s Dipka Expansion Project South Eastern Coal Fields Limited Dipka Area,2026-08-30 04:07:00,2026-08-29 22:37:00,5.63,7.17,32.86,,0.54,site_5664,Thermo Fisher Scientific India Private Limited,2026-08-29
South Eastern Coalfields Limited,Dipka Area,M/s Dipka Expansion Project South Eastern Coal Fields Limited Dipka Area,2026-08-30 04:07:00,2026-08-29 22:37:00,6.16,7.3,33.17,,0.69,site_5664,Thermo Fisher Scientific India Private Limited,2026-08-29
South Eastern Coalfields Limited,Dipka Area,M/s Dipka Expansion Project South Eastern Coal Fields Limited Dipka Area,2026-08-30 04:06:00,2026-08-29 22:36:00,6.76,7.27,34.06,,0.67,site_5664,Thermo Fisher Scientific India Private Limited,2026-08-29
South Eastern Coalfields Limited,Dipka Area,M/s Dipka Expansion Project South Eastern Coal Fields Limited Dipka Area,2026-08-30 04:06:00,2026-08-29 22:36:00,7.35,7.14,35.86,,0.62,site_5664,Thermo Fisher Scientific India Private Limited,2026-08-29
South Eastern Coalfields Limited,Dipka Area,M/s Dipka Expansion Project South Eastern Coal Fields Limited Dipka Area,2026-08-30 04:05:00,2026-08-29 22:35:00,7.99,6.79,36.17,,0.64,site_5664,Thermo Fisher Scientific India Private Limited,2026-08-29
South Eastern Coalfields Limited,Dipka Area,M/s Dipka Expansion Project South Eastern Coal Fields Limited Dipka Area,2026-08-30 04:05:00,2026-08-29 22:35:00,8.27,6.55,32.44,,0.68,site_5664,Thermo Fisher Scientific India Private Limited,2026-08-29
South Eastern Coalfields Limited,Dipka Area,M/s Dipka Expansion Project South Eastern Coal Fields Limited Dipka Area,2026-08-30 04:04:00,2026-08-29 22:34:00,8.58,6.44,31.6,,0.5,site_5664,Thermo Fisher Scientific India Private Limited,2026-08-29
South Eastern Coalfields Limited,Dipka Area,M/s Dipka Expansion Project South Eastern Coal Fields Limited Dipka Area,2026-08-30 04:04:00,2026-08-29 22:34:00,9.0,6.31,33.62,,0.48,site_5664,Thermo Fisher Scientific India Private Limited,2026-08-29
South Eastern Coalfields Limited,Dipka Area,M/s Dipka Expansion Project South Eastern Coal Fields Limited Dipka Area,2026-08-30 04:03:00,2026-08-29 22:33:00,9.47,6.43,35.76,,0.62,site_5664,Thermo Fisher Scientific India Private Limited,2026-08-29
South Eastern Coalfields Limited,Dipka Area,M/s Dipka Expansion Project South Eastern Coal Fields Limited Dipka Area,2026-08-30 04:03:00,2026-08-29 22:33:00,9.76,6.69,33.41,,0.67,site_5664,Thermo Fisher Scientific India Private Limited,2026-08-29
South Eastern Coalfields Limited,Dipka Area,M/s Dipka Expansion Project South Eastern Coal Fields Limited Dipka Area,2026-08-30 04:02:00,2026-08-29 22:32:00,10.11,7.1,33.23,,0.68,site_5664,Thermo Fisher Scientific India Private Limited,2026-08-29
South Eastern Coalfields Limited,Dipka Area,M/s Dipka Expansion Project South Eastern Coal Fields Limited Dipka Area,2026-08-30 04:02:00,2026-08-29 22:32:00,10.65,7.52,36.78,,0.46,site_5664,Thermo Fisher Scientific India Private Limited,2026-08-29
South Eastern Coalfields Limited,Dipka Area,M/s Dipka Expansion Project South Eastern Coal Fields Limited Dipka Area,2026-08-30 04:01:00,2026-08-29 22:31:00,11.35,8.01,39.75,,0.44,site_5664,Thermo Fisher Scientific India Private Limited,2026-08-29
South Eastern Coalfields Limited,Dipka Area,M/s Dipka Expansion Project South Eastern Coal Fields Limited Dipka Area,2026-08-30 04:01:00,2026-08-29 22:31:00,11.66,8.54,35.64,,0.53,site_5664,Thermo Fisher Scientific India Private Limited,2026-08-29
South Eastern Coalfields Limited,Dipka Area,M/s Dipka Expansion Project South Eastern Coal Fields Limited Dipka Area,2026-08-30 04:00:00,2026-08-29 22:30:00,12.01,9.15,34.92,,0.56,site_5664,Thermo Fisher Scientific India Private Limited,2026-08-29
South Eastern Coalfields Limited,"Bilaspur, CHHATTISGARHr",South Eastern Coalfields  Limited - AQMS_H_Q,2026-08-30 04:00:00,2026-08-29 22:29:00,3.34,,8.99,270.0,0.38,site_5592,Swan Environ,2026-08-29
South Eastern Coalfields Limited,Dipka Area,M/s Dipka Expansion Project South Eastern Coal Fields Limited Dipka Area,2026-08-30 03:59:00,2026-08-29 22:29:00,12.21,10.08,33.91,,0.7,site_5664,Thermo Fisher Scientific India Private Limited,2026-08-29
South Eastern Coalfields Limited,Dipka Area,M/s Dipka Expansion Project South Eastern Coal Fields Limited Dipka Area,2026-08-30 03:59:00,2026-08-29 22:29:00,12.14,10.39,33.55,,0.89,site_5664,Thermo Fisher Scientific India Private Limited,2026-08-29
South Eastern Coalfields Limited,Dipka Area,M/s Dipka Expansion Project South Eastern Coal Fields Limited Dipka Area,2026-08-30 03:58:00,2026-08-29 22:28:00,11.89,10.72,33.73,,0.83,site_5664,Thermo Fisher Scientific India Private Limited,2026-08-29
South Eastern Coalfields Limited,Dipka Area,M/s Dipka Expansion Project South Eastern Coal Fields Limited Dipka Area,2026-08-30 03:58:00,2026-08-29 22:28:00,11.69,10.95,34.54,,0.51,site_5664,Thermo Fisher Scientific India Private Limited,2026-08-29
South Eastern Coalfields Limited,Dipka Area,M/s Dipka Expansion Project South Eastern Coal Fields Limited Dipka Area,2026-08-30 03:57:00,2026-08-29 22:27:00,11.44,11.15,36.02,,0.46,site_5664,Thermo Fisher Scientific India Private Limited,2026-08-29
South Eastern Coalfields Limited,Dipka Area,M/s Dipka Expansion Project South Eastern Coal Fields Limited Dipka Area,2026-08-30 03:57:00,2026-08-29 22:27:00,11.26,11.23,29.11,,0.62,site_5664,Thermo Fisher Scientific India Private Limited,2026-08-29
South Eastern Coalfields Limited,Dipka Area,M/s Dipka Expansion Project South Eastern Coal Fields Limited Dipka Area,2026-08-30 03:56:00,2026-08-29 22:26:00,11.3,11.3,36.18,,0.54,site_5664,Thermo Fisher Scientific India Private Limited,2026-08-29
South Eastern Coalfields Limited,Dipka Area,M/s Dipka Expansion Project South Eastern Coal Fields Limited Dipka Area,2026-08-30 03:56:00,2026-08-29 22:26:00,11.2,11.38,38.96,,0.49,site_5664,Thermo Fisher Scientific India Private Limited,2026-08-29
South Eastern Coalfields Limited,Dipka Area,M/s Dipka Expansion Project South Eastern Coal Fields Limited Dipka Area,2026-08-30 03:55:00,2026-08-29 22:25:00,10.91,11.4,32.22,,0.47,site_5664,Thermo Fisher Scientific India Private Limited,2026-08-29
South Eastern Coalfields Limited,"Gevra , Chattisgarh",SECL GEVRA,2026-08-30 03:55:00,2026-08-30 03:45:00,21.5,39.65,12.65,6.85,0.39,site_,Envea India Pvt Ltd,2026-08-30
South Eastern Coalfields Limited,Dipka Area,M/s Dipka Expansion Project South Eastern Coal Fields Limited Dipka Area,2026-08-30 03:55:00,2026-08-29 22:25:00,10.62,11.29,33.47,,0.49,site_5664,Thermo Fisher Scientific India Private Limited,2026-08-29
South Eastern Coalfields Limited,Dipka Area,M/s Dipka Expansion Project South Eastern Coal Fields Limited Dipka Area,2026-08-30 03:54:00,2026-08-29 22:24:00,10.31,11.07,37.66,,0.24,site_5664,Thermo Fisher Scientific India Private Limited,2026-08-29
South Eastern Coalfields Limited,Dipka Area,M/s Dipka Expansion Project South Eastern Coal Fields Limited Dipka Area,2026-08-30 03:54:00,2026-08-29 22:24:00,10.18,10.86,34.98,,0.1,site_5664,Thermo Fisher Scientific India Private Limited,2026-08-29
South Eastern Coalfields Limited,Dipka Area,M/s Dipka Expansion Project South Eastern Coal Fields Limited Dipka Area,2026-08-30 03:53:00,2026-08-29 22:23:00,9.99,10.61,30.91,,0.13,site_5664,Thermo Fisher Scientific India Private Limited,2026-08-29
South Eastern Coalfields Limited,Dipka Area,M/s Dipka Expansion Project South Eastern Coal Fields Limited Dipka Area,2026-08-30 03:53:00,2026-08-29 22:23:00,9.91,10.42,35.03,,0.37,site_5664,Thermo Fisher Scientific India Private Limited,2026-08-29
South Eastern Coalfields Limited,Dipka Area,M/s Dipka Expansion Project South Eastern Coal Fields Limited Dipka Area,2026-08-30 03:52:00,2026-08-29 22:22:00,10.06,10.18,37.18,,0.33,site_5664,Thermo Fisher Scientific India Private Limited,2026-08-29
South Eastern Coalfields Limited,Dipka Area,M/s Dipka Expansion Project South Eastern Coal Fields Limited Dipka Area,2026-08-30 03:52:00,2026-08-29 22:22:00,10.19,10.03,31.21,,0.28,site_5664,Thermo Fisher Scientific India Private Limited,2026-08-29
South Eastern Coalfields Limited,Dipka Area,M/s Dipka Expansion Project South Eastern Coal Fields Limited Dipka Area,2026-08-30 03:51:00,2026-08-29 22:21:00,10.41,9.92,37.22,,0.27,site_5664,Thermo Fisher Scientific India Private Limited,2026-08-29
South Eastern Coalfields Limited,Dipka Area,M/s Dipka Expansion Project South Eastern Coal Fields Limited Dipka Area,2026-08-30 03:51:00,2026-08-29 22:21:00,10.44,9.99,31.81,,0.33,site_5664,Thermo Fisher Scientific India Private Limited,2026-08-29
South Eastern Coalfields Limited,Dipka Area,M/s Dipka Expansion Project South Eastern Coal Fields Limited Dipka Area,2026-08-30 03:50:00,2026-08-29 22:20:00,10.4,10.13,33.59,,0.32,site_5664,Thermo Fisher Scientific India Private Limited,2026-08-29
South Eastern Coalfields Limited,Dipka Area,M/s Dipka Expansion Project South Eastern Coal Fields Limited Dipka Area,2026-08-30 03:50:00,2026-08-29 22:20:00,10.37,10.17,38.82,,0.31,site_5664,Thermo Fisher Scientific India Private Limited,2026-08-29
South Eastern Coalfields Limited,Dipka Area,M/s Dipka Expansion Project South Eastern Coal Fields Limited Dipka Area,2026-08-30 03:49:00,2026-08-29 22:19:00,10.28,10.15,38.6,,0.42,site_5664,Thermo Fisher Scientific India Private Limited,2026-08-29
South Eastern Coalfields Limited,Dipka Area,M/s Dipka Expansion Project South Eastern Coal Fields Limited Dipka Area,2026-08-30 03:49:00,2026-08-29 22:19:00,10.37,10.07,33.97,,0.45,site_5664,Thermo Fisher Scientific India Private Limited,2026-08-29
South Eastern Coalfields Limited,Dipka Area,M/s Dipka Expansion Project South Eastern Coal Fields Limited Dipka Area,2026-08-30 03:48:00,2026-08-29 22:18:00,10.39,9.91,38.85,,0.32,site_5664,Thermo Fisher Scientific India Private Limited,2026-08-29
South Eastern Coalfields Limited,Dipka Area,M/s Dipka Expansion Project South Eastern Coal Fields Limited Dipka Area,2026-08-30 03:48:00,2026-08-29 22:18:00,10.26,9.72,39.54,,0.36,site_5664,Thermo Fisher Scientific India Private Limited,2026-08-29
South Eastern Coalfields Limited,Dipka Area,M/s Dipka Expansion Project South Eastern Coal Fields Limited Dipka Area,2026-08-30 03:47:00,2026-08-29 22:17:00,10.13,9.43,35.02,,0.51,site_5664,Thermo Fisher Scientific India Private Limited,2026-08-29
South Eastern Coalfields Limited,Dipka Area,M/s Dipka Expansion Project South Eastern Coal Fields Limited Dipka Area,2026-08-30 03:47:00,2026-08-29 22:17:00,10.0,9.1,43.13,,0.45,site_5664,Thermo Fisher Scientific India Private Limited,2026-08-29
South Eastern Coalfields Limited,Dipka Area,M/s Dipka Expansion Project South Eastern Coal Fields Limited Dipka Area,2026-08-30 03:46:00,2026-08-29 22:16:00,9.78,8.69,33.03,,0.5,site_5664,Thermo Fisher Scientific India Private Limited,2026-08-29
South Eastern Coalfields Limited,Dipka Area,M/s Dipka Expansion Project South Eastern Coal Fields Limited Dipka Area,2026-08-30 03:46:00,2026-08-29 22:16:00,9.51,8.46,30.67,,0.41,site_5664,Thermo Fisher Scientific India Private Limited,2026-08-29
South Eastern Coalfields Limited,Dipka Area,M/s Dipka Expansion Project South Eastern Coal Fields Limited Dipka Area,2026-08-30 03:45:00,2026-08-29 22:15:00,9.18,8.27,34.7,,0.51,site_5664,Thermo Fisher Scientific India Private Limited,2026-08-29
South Eastern Coalfields Limited,"Bilaspur, CHHATTISGARHr",South Eastern Coalfields  Limited - AQMS_H_Q,2026-08-30 03:45:00,2026-08-29 22:14:00,3.54,,9.33,265.67,0.34,site_5592,Swan Environ,2026-08-29
South Eastern Coalfields Limited,Dipka Area,M/s Dipka Expansion Project South Eastern Coal Fields Limited Dipka Area,2026-08-30 03:45:00,2026-08-29 22:15:00,8.98,8.0,44.33,,0.4,site_5664,Thermo Fisher Scientific India Private Limited,2026-08-29
South Eastern Coalfields Limited,Dipka Area,M/s Dipka Expansion Project South Eastern Coal Fields Limited Dipka Area,2026-08-30 03:44:00,2026-08-29 22:14:00,8.65,7.74,36.63,,0.42,site_5664,Thermo Fisher Scientific India Private Limited,2026-08-29
South Eastern Coalfields Limited,Dipka Area,M/s Dipka Expansion Project South Eastern Coal Fields Limited Dipka Area,2026-08-30 03:44:00,2026-08-29 22:14:00,8.48,7.62,30.1,,0.43,site_5664,Thermo Fisher Scientific India Private Limited,2026-08-29
South Eastern Coalfields Limited,Dipka Area,M/s Dipka Expansion Project South Eastern Coal Fields Limited Dipka Area,2026-08-30 03:43:00,2026-08-29 22:13:00,8.25,7.53,37.15,,0.52,site_5664,Thermo Fisher Scientific India Private Limited,2026-08-29
South Eastern Coalfields Limited,Dipka Area,M/s Dipka Expansion Project South Eastern Coal Fields Limited Dipka Area,2026-08-30 03:43:00,2026-08-29 22:13:00,8.05,7.28,41.69,,0.44,site_5664,Thermo Fisher Scientific India Private Limited,2026-08-29
South Eastern Coalfields Limited,Dipka Area,M/s Dipka Expansion Project South Eastern Coal Fields Limited Dipka Area,2026-08-30 03:42:00,2026-08-29 22:12:00,7.86,6.92,35.29,,0.39,site_5664,Thermo Fisher Scientific India Private Limited,2026-08-29
South Eastern Coalfields Limited,Dipka Area,M/s Dipka Expansion Project South Eastern Coal Fields Limited Dipka Area,2026-08-30 03:42:00,2026-08-29 22:12:00,7.79,6.69,39.63,,0.33,site_5664,Thermo Fisher Scientific India Private Limited,2026-08-29
South Eastern Coalfields Limited,Dipka Area,M/s Dipka Expansion Project South Eastern Coal Fields Limited Dipka Area,2026-08-30 03:41:00,2026-08-29 22:11:00,7.61,6.44,35.97,,0.24,site_5664,Thermo Fisher Scientific India Private Limited,2026-08-29
South Eastern Coalfields Limited,Dipka Area,M/s Dipka Expansion Project South Eastern Coal Fields Limited Dipka Area,2026-08-30 03:41:00,2026-08-29 22:11:00,7.58,6.17,38.29,,0.24,site_5664,Thermo Fisher Scientific India Private Limited,2026-08-29
South Eastern Coalfields Limited,Dipka Area,M/s Dipka Expansion Project South Eastern Coal Fields Limited Dipka Area,2026-08-30 03:40:00,2026-08-29 22:10:00,7.57,5.77,41.37,,0.22,site_5664,Thermo Fisher Scientific India Private Limited,2026-08-29
South Eastern Coalfields Limited,"Gevra , Chattisgarh",SECL GEVRA,2026-08-30 03:40:00,2026-08-30 03:30:00,36.5,65.75,13.49,9.08,0.75,site_,Envea India Pvt Ltd,2026-08-30
South Eastern Coalfields Limited,Dipka Area,M/s Dipka Expansion Project South Eastern Coal Fields Limited Dipka Area,2026-08-30 03:40:00,2026-08-29 22:10:00,7.74,5.5,35.81,,0.3,site_5664,Thermo Fisher Scientific India Private Limited,2026-08-29
South Eastern Coalfields Limited,Dipka Area,M/s Dipka Expansion Project South Eastern Coal Fields Limited Dipka Area,2026-08-30 03:39:00,2026-08-29 22:09:00,7.94,5.37,31.59,,0.36,site_5664,Thermo Fisher Scientific India Private Limited,2026-08-29
South Eastern Coalfields Limited,Dipka Area,M/s Dipka Expansion Project South Eastern Coal Fields Limited Dipka Area,2026-08-30 03:39:00,2026-08-29 22:09:00,8.13,5.24,38.44,,0.31,site_5664,Thermo Fisher Scientific India Private Limited,2026-08-29
South Eastern Coalfields Limited,Dipka Area,M/s Dipka Expansion Project South Eastern Coal Fields Limited Dipka Area,2026-08-30 03:38:00,2026-08-29 22:08:00,8.35,5.15,40.33,,0.3,site_5664,Thermo Fisher Scientific India Private Limited,2026-08-29
South Eastern Coalfields Limited,Dipka Area,M/s Dipka Expansion Project South Eastern Coal Fields Limited Dipka Area,2026-08-30 03:38:00,2026-08-29 22:08:00,8.41,5.19,40.17,,0.36,site_5664,Thermo Fisher Scientific India Private Limited,2026-08-29
South Eastern Coalfields Limited,Dipka Area,M/s Dipka Expansion Project South Eastern Coal Fields Limited Dipka Area,2026-08-30 03:37:00,2026-08-29 22:07:00,8.6,5.42,37.61,,0.25,site_5664,Thermo Fisher Scientific India Private Limited,2026-08-29
South Eastern Coalfields Limited,Dipka Area,M/s Dipka Expansion Project South Eastern Coal Fields Limited Dipka Area,2026-08-30 03:37:00,2026-08-29 22:07:00,8.64,5.82,39.49,,0.39,site_5664,Thermo Fisher Scientific India Private Limited,2026-08-29
South Eastern Coalfields Limited,Dipka Area,M/s Dipka Expansion Project South Eastern Coal Fields Limited Dipka Area,2026-08-30 03:36:00,2026-08-29 22:06:00,8.87,6.11,35.05,,0.47,site_5664,Thermo Fisher Scientific India Private Limited,2026-08-29
South Eastern Coalfields Limited,Dipka Area,M/s Dipka Expansion Project South Eastern Coal Fields Limited Dipka Area,2026-08-30 03:36:00,2026-08-29 22:06:00,9.09,6.38,38.14,,0.52,site_5664,Thermo Fisher Scientific India Private Limited,2026-08-29
South Eastern Coalfields Limited,Dipka Area,M/s Dipka Expansion Project South Eastern Coal Fields Limited Dipka Area,2026-08-30 03:35:00,2026-08-29 22:05:00,9.41,6.76,37.84,,0.43,site_5664,Thermo Fisher Scientific India Private Limited,2026-08-29
South Eastern Coalfields Limited,Dipka Area,M/s Dipka Expansion Project South Eastern Coal Fields Limited Dipka Area,2026-08-30 03:35:00,2026-08-29 22:05:00,9.71,7.0,38.76,,0.43,site_5664,Thermo Fisher Scientific India Private Limited,2026-08-29
South Eastern Coalfields Limited,Dipka Area,M/s Dipka Expansion Project South Eastern Coal Fields Limited Dipka Area,2026-08-30 03:34:00,2026-08-29 22:04:00,10.07,7.17,40.59,,0.38,site_5664,Thermo Fisher Scientific India Private Limited,2026-08-29
South Eastern Coalfields Limited,Dipka Area,M/s Dipka Expansion Project South Eastern Coal Fields Limited Dipka Area,2026-08-30 03:34:00,2026-08-29 22:04:00,10.41,7.27,34.85,,0.42,site_5664,Thermo Fisher Scientific India Private Limited,2026-08-29
South Eastern Coalfields Limited,Dipka Area,M/s Dipka Expansion Project South Eastern Coal Fields Limited Dipka Area,2026-08-30 03:33:00,2026-08-29 22:03:00,10.79,7.65,33.46,,0.37,site_5664,Thermo Fisher Scientific India Private Limited,2026-08-29
South Eastern Coalfields Limited,Dipka Area,M/s Dipka Expansion Project South Eastern Coal Fields Limited Dipka Area,2026-08-30 03:33:00,2026-08-29 22:03:00,11.12,8.06,38.93,,0.41,site_5664,Thermo Fisher Scientific India Private Limited,2026-08-29
South Eastern Coalfields Limited,Dipka Area,M/s Dipka Expansion Project South Eastern Coal Fields Limited Dipka Area,2026-08-30 03:32:00,2026-08-29 22:02:00,11.5,8.44,32.36,,0.59,site_5664,Thermo Fisher Scientific India Private Limited,2026-08-29
South Eastern Coalfields Limited,Dipka Area,M/s Dipka Expansion Project South Eastern Coal Fields Limited Dipka Area,2026-08-30 03:32:00,2026-08-29 22:02:00,11.78,8.84,37.66,,0.67,site_5664,Thermo Fisher Scientific India Private Limited,2026-08-29
South Eastern Coalfields Limited,Dipka Area,M/s Dipka Expansion Project South Eastern Coal Fields Limited Dipka Area,2026-08-30 03:31:00,2026-08-29 22:01:00,12.12,9.4,38.08,,0.52,site_5664,Thermo Fisher Scientific India Private Limited,2026-08-29
South Eastern Coalfields Limited,Dipka Area,M/s Dipka Expansion Project South Eastern Coal Fields Limited Dipka Area,2026-08-30 03:31:00,2026-08-29 22:01:00,12.35,9.97,33.84,,0.5,site_5664,Thermo Fisher Scientific India Private Limited,2026-08-29
South Eastern Coalfields Limited,Dipka Area,M/s Dipka Expansion Project South Eastern Coal Fields Limited Dipka Area,2026-08-30 03:30:00,2026-08-29 22:00:00,12.55,10.53,37.66,,0.47,site_5664,Thermo Fisher Scientific India Private Limited,2026-08-29
South Eastern Coalfields Limited,"Bilaspur, CHHATTISGARHr",South Eastern Coalfields  Limited - AQMS_H_Q,2026-08-30 03:30:00,2026-08-29 21:59:00,0.0,,0.0,98.91,25.43,site_5592,Swan Environ,2026-08-29
South Eastern Coalfields Limited,Dipka Area,M/s Dipka Expansion Project South Eastern Coal Fields Limited Dipka Area,2026-08-30 03:30:00,2026-08-29 22:00:00,12.87,11.01,37.15,,0.58,site_5664,Thermo Fisher Scientific India Private Limited,2026-08-29
South Eastern Coalfields Limited,Dipka Area,M/s Dipka Expansion Project South Eastern Coal Fields Limited Dipka Area,2026-08-30 03:29:00,2026-08-29 21:59:00,13.16,11.57,34.35,,0.59,site_5664,Thermo Fisher Scientific India Private Limited,2026-08-29
South Eastern Coalfields Limited,Dipka Area,M/s Dipka Expansion Project South Eastern Coal Fields Limited Dipka Area,2026-08-30 03:29:00,2026-08-29 21:59:00,13.42,12.18,33.62,,0.6,site_5664,Thermo Fisher Scientific India Private Limited,2026-08-29
South Eastern Coalfields Limited,Dipka Area,M/s Dipka Expansion Project South Eastern Coal Fields Limited Dipka Area,2026-08-30 03:28:00,2026-08-29 21:58:00,13.77,12.86,34.19,,0.61,site_5664,Thermo Fisher Scientific India Private Limited,2026-08-29
South Eastern Coalfields Limited,Dipka Area,M/s Dipka Expansion Project South Eastern Coal Fields Limited Dipka Area,2026-08-30 03:28:00,2026-08-29 21:58:00,14.14,13.39,36.22,,0.64,site_5664,Thermo Fisher Scientific India Private Limited,2026-08-29
South Eastern Coalfields Limited,Dipka Area,M/s Dipka Expansion Project South Eastern Coal Fields Limited Dipka Area,2026-08-30 03:27:00,2026-08-29 21:57:00,14.47,13.98,37.94,,0.58,site_5664,Thermo Fisher Scientific India Private Limited,2026-08-29
South Eastern Coalfields Limited,Dipka Area,M/s Dipka Expansion Project South Eastern Coal Fields Limited Dipka Area,2026-08-30 03:27:00,2026-08-29 21:57:00,14.71,14.55,34.49,,0.49,site_5664,Thermo Fisher Scientific India Private Limited,2026-08-29
South Eastern Coalfields Limited,Dipka Area,M/s Dipka Expansion Project South Eastern Coal Fields Limited Dipka Area,2026-08-30 03:26:00,2026-08-29 21:56:00,14.86,15.06,39.11,,0.61,site_5664,Thermo Fisher Scientific India Private Limited,2026-08-29
South Eastern Coalfields Limited,Dipka Area,M/s Dipka Expansion Project South Eastern Coal Fields Limited Dipka Area,2026-08-30 03:26:00,2026-08-29 21:56:00,14.89,15.31,38.61,,0.63,site_5664,Thermo Fisher Scientific India Private Limited,2026-08-29
South Eastern Coalfields Limited,Dipka Area,M/s Dipka Expansion Project South Eastern Coal Fields Limited Dipka Area,2026-08-30 03:25:00,2026-08-29 21:55:00,14.77,15.52,40.47,,0.72,site_5664,Thermo Fisher Scientific India Private Limited,2026-08-29
South Eastern Coalfields Limited,Dipka Area,M/s Dipka Expansion Project South Eastern Coal Fields Limited Dipka Area,2026-08-30 03:25:00,2026-08-29 21:55:00,14.65,15.67,35.99,,0.64,site_5664,Thermo Fisher Scientific India Private Limited,2026-08-29
South Eastern Coalfields Limited,"Gevra , Chattisgarh",SECL GEVRA,2026-08-30 03:25:00,2026-08-30 03:15:00,37.1,66.81,13.52,9.17,0.76,site_,Envea India Pvt Ltd,2026-08-30
South Eastern Coalfields Limited,Dipka Area,M/s Dipka Expansion Project South Eastern Coal Fields Limited Dipka Area,2026-08-30 03:24:00,2026-08-29 21:54:00,14.45,15.68,33.57,,0.64,site_5664,Thermo Fisher Scientific India Private Limited,2026-08-29
South Eastern Coalfields Limited,Dipka Area,M/s Dipka Expansion Project South Eastern Coal Fields Limited Dipka Area,2026-08-30 03:24:00,2026-08-29 21:54:00,14.16,15.67,33.9,,0.79,site_5664,Thermo Fisher Scientific India Private Limited,2026-08-29
South Eastern Coalfields Limited,Dipka Area,M/s Dipka Expansion Project South Eastern Coal Fields Limited Dipka Area,2026-08-30 03:23:00,2026-08-29 21:53:00,13.99,15.62,43.24,,0.76,site_5664,Thermo Fisher Scientific India Private Limited,2026-08-29
South Eastern Coalfields Limited,Dipka Area,M/s Dipka Expansion Project South Eastern Coal Fields Limited Dipka Area,2026-08-30 03:23:00,2026-08-29 21:53:00,13.92,15.66,42.4,,0.65,site_5664,Thermo Fisher Scientific India Private Limited,2026-08-29
South Eastern Coalfields Limited,Dipka Area,M/s Dipka Expansion Project South Eastern Coal Fields Limited Dipka Area,2026-08-30 03:22:00,2026-08-29 21:52:00,13.73,15.58,40.43,,0.52,site_5664,Thermo Fisher Scientific India Private Limited,2026-08-29
South Eastern Coalfields Limited,Dipka Area,M/s Dipka Expansion Project South Eastern Coal Fields Limited Dipka Area,2026-08-30 03:22:00,2026-08-29 21:52:00,13.42,15.53,31.29,,0.61,site_5664,Thermo Fisher Scientific India Private Limited,2026-08-29
South Eastern Coalfields Limited,Dipka Area,M/s Dipka Expansion Project South Eastern Coal Fields Limited Dipka Area,2026-08-30 03:21:00,2026-08-29 21:51:00,13.29,15.53,37.03,,0.63,site_5664,Thermo Fisher Scientific India Private Limited,2026-08-29
South Eastern Coalfields Limited,Dipka Area,M/s Dipka Expansion Project South Eastern Coal Fields Limited Dipka Area,2026-08-30 03:21:00,2026-08-29 21:51:00,13.25,15.56,32.22,,0.62,site_5664,Thermo Fisher Scientific India Private Limited,2026-08-29
South Eastern Coalfields Limited,Dipka Area,M/s Dipka Expansion Project South Eastern Coal Fields Limited Dipka Area,2026-08-30 03:20:00,2026-08-29 21:50:00,13.1,15.75,35.7,,0.62,site_5664,Thermo Fisher Scientific India Private Limited,2026-08-29
South Eastern Coalfields Limited,Dipka Area,M/s Dipka Expansion Project South Eastern Coal Fields Limited Dipka Area,2026-08-30 03:20:00,2026-08-29 21:50:00,12.81,15.9,39.31,,0.65,site_5664,Thermo Fisher Scientific India Private Limited,2026-08-29
South Eastern Coalfields Limited,Dipka Area,M/s Dipka Expansion Project South Eastern Coal Fields Limited Dipka Area,2026-08-30 03:19:00,2026-08-29 21:49:00,12.55,16.23,30.95,,0.58,site_5664,Thermo Fisher Scientific India Private Limited,2026-08-29
South Eastern Coalfields Limited,Dipka Area,M/s Dipka Expansion Project South Eastern Coal Fields Limited Dipka Area,2026-08-30 03:19:00,2026-08-29 21:49:00,12.37,16.59,35.03,,0.45,site_5664,Thermo Fisher Scientific India Private Limited,2026-08-29
South Eastern Coalfields Limited,Dipka Area,M/s Dipka Expansion Project South Eastern Coal Fields Limited Dipka Area,2026-08-30 03:18:00,2026-08-29 21:48:00,11.81,16.75,32.59,,0.5,site_5664,Thermo Fisher Scientific India Private Limited,2026-08-29
South Eastern Coalfields Limited,Dipka Area,M/s Dipka Expansion Project South Eastern Coal Fields Limited Dipka Area,2026-08-30 03:18:00,2026-08-29 21:48:00,11.24,16.86,40.36,,0.61,site_5664,Thermo Fisher Scientific India Private Limited,2026-08-29
South Eastern Coalfields Limited,Dipka Area,M/s Dipka Expansion Project South Eastern Coal Fields Limited Dipka Area,2026-08-30 03:17:00,2026-08-29 21:47:00,10.54,16.94,38.05,,0.62,site_5664,Thermo Fisher Scientific India Private Limited,2026-08-29
South Eastern Coalfields Limited,Dipka Area,M/s Dipka Expansion Project South Eastern Coal Fields Limited Dipka Area,2026-08-30 03:17:00,2026-08-29 21:47:00,9.96,17.08,35.31,,0.52,site_5664,Thermo Fisher Scientific India Private Limited,2026-08-29
South Eastern Coalfields Limited,Dipka Area,M/s Dipka Expansion Project South Eastern Coal Fields Limited Dipka Area,2026-08-30 03:16:00,2026-08-29 21:46:00,9.29,17.04,39.13,,0.5,site_5664,Thermo Fisher Scientific India Private Limited,2026-08-29
South Eastern Coalfields Limited,Dipka Area,M/s Dipka Expansion Project South Eastern Coal Fields Limited Dipka Area,2026-08-30 03:16:00,2026-08-29 21:46:00,8.84,16.91,36.59,,0.44,site_5664,Thermo Fisher Scientific India Private Limited,2026-08-29
South Eastern Coalfields Limited,"Bilaspur, CHHATTISGARHr",South Eastern Coalfields  Limited - AQMS_H_Q,2026-08-30 03:15:00,2026-08-29 21:45:00,3.35,,9.1,180.0,0.23,site_5592,Swan Environ,2026-08-29
South Eastern Coalfields Limited,Dipka Area,M/s Dipka Expansion Project South Eastern Coal Fields Limited Dipka Area,2026-08-30 03:15:00,2026-08-29 21:45:00,8.58,16.9,36.78,,0.46,site_5664,Thermo Fisher Scientific India Private Limited,2026-08-29
South Eastern Coalfields Limited,Dipka Area,M/s Dipka Expansion Project South Eastern Coal Fields Limited Dipka Area,2026-08-30 03:15:00,2026-08-29 21:45:00,8.45,16.81,39.09,,0.5,site_5664,Thermo Fisher Scientific India Private Limited,2026-08-29
South Eastern Coalfields Limited,Dipka Area,M/s Dipka Expansion Project South Eastern Coal Fields Limited Dipka Area,2026-08-30 03:14:00,2026-08-29 21:44:00,8.55,16.73,34.91,,0.47,site_5664,Thermo Fisher Scientific India Private Limited,2026-08-29
South Eastern Coalfields Limited,Dipka Area,M/s Dipka Expansion Project South Eastern Coal Fields Limited Dipka Area,2026-08-30 03:14:00,2026-08-29 21:44:00,8.66,16.69,37.61,,0.43,site_5664,Thermo Fisher Scientific India Private Limited,2026-08-29
South Eastern Coalfields Limited,Dipka Area,M/s Dipka Expansion Project South Eastern Coal Fields Limited Dipka Area,2026-08-30 03:13:00,2026-08-29 21:43:00,8.61,16.65,33.93,,0.42,site_5664,Thermo Fisher Scientific India Private Limited,2026-08-29
South Eastern Coalfields Limited,Dipka Area,M/s Dipka Expansion Project South Eastern Coal Fields Limited Dipka Area,2026-08-30 03:13:00,2026-08-29 21:43:00,8.34,16.68,39.72,,0.39,site_5664,Thermo Fisher Scientific India Private Limited,2026-08-29
South Eastern Coalfields Limited,Dipka Area,M/s Dipka Expansion Project South Eastern Coal Fields Limited Dipka Area,2026-08-30 03:12:00,2026-08-29 21:42:00,7.88,16.67,35.14,,0.41,site_5664,Thermo Fisher Scientific India Private Limited,2026-08-29
South Eastern Coalfields Limited,Dipka Area,M/s Dipka Expansion Project South Eastern Coal Fields Limited Dipka Area,2026-08-30 03:12:00,2026-08-29 21:42:00,7.38,16.66,36.06,,0.35,site_5664,Thermo Fisher Scientific India Private Limited,2026-08-29
South Eastern Coalfields Limited,Dipka Area,M/s Dipka Expansion Project South Eastern Coal Fields Limited Dipka Area,2026-08-30 03:11:00,2026-08-29 21:41:00,6.71,16.75,39.02,,0.34,site_5664,Thermo Fisher Scientific India Private Limited,2026-08-29
South Eastern Coalfields Limited,Dipka Area,M/s Dipka Expansion Project South Eastern Coal Fields Limited Dipka Area,2026-08-30 03:11:00,2026-08-29 21:41:00,6.08,16.72,36.7,,0.53,site_5664,Thermo Fisher Scientific India Private Limited,2026-08-29
South Eastern Coalfields Limited,Dipka Area,M/s Dipka Expansion Project South Eastern Coal Fields Limited Dipka Area,2026-08-30 03:10:00,2026-08-29 21:40:00,5.61,16.72,42.39,,0.45,site_5664,Thermo Fisher Scientific India Private Limited,2026-08-29
South Eastern Coalfields Limited,"Gevra , Chattisgarh",SECL GEVRA,2026-08-30 03:10:00,2026-08-30 03:00:00,53.6,95.59,14.45,11.62,1.16,site_,Envea India Pvt Ltd,2026-08-30
South Eastern Coalfields Limited,Dipka Area,M/s Dipka Expansion Project South Eastern Coal Fields Limited Dipka Area,2026-08-30 03:10:00,2026-08-29 21:40:00,5.33,16.68,36.48,,0.4,site_5664,Thermo Fisher Scientific India Private Limited,2026-08-29
South Eastern Coalfields Limited,Dipka Area,M/s Dipka Expansion Project South Eastern Coal Fields Limited Dipka Area,2026-08-30 03:09:00,2026-08-29 21:39:00,5.0,16.53,33.45,,0.51,site_5664,Thermo Fisher Scientific India Private Limited,2026-08-29
South Eastern Coalfields Limited,Dipka Area,M/s Dipka Expansion Project South Eastern Coal Fields Limited Dipka Area,2026-08-30 03:09:00,2026-08-29 21:39:00,4.92,16.47,35.19,,0.77,site_5664,Thermo Fisher Scientific India Private Limited,2026-08-29
South Eastern Coalfields Limited,Dipka Area,M/s Dipka Expansion Project South Eastern Coal Fields Limited Dipka Area,2026-08-30 03:08:00,2026-08-29 21:38:00,4.97,16.31,42.22,,0.75,site_5664,Thermo Fisher Scientific India Private Limited,2026-08-29
South Eastern Coalfields Limited,Dipka Area,M/s Dipka Expansion Project South Eastern Coal Fields Limited Dipka Area,2026-08-30 03:08:00,2026-08-29 21:38:00,5.2,16.19,36.23,,0.71,site_5664,Thermo Fisher Scientific India Private Limited,2026-08-29
South Eastern Coalfields Limited,Dipka Area,M/s Dipka Expansion Project South Eastern Coal Fields Limited Dipka Area,2026-08-30 03:07:00,2026-08-29 21:37:00,5.61,16.13,33.46,,0.92,site_5664,Thermo Fisher Scientific India Private Limited,2026-08-29
South Eastern Coalfields Limited,Dipka Area,M/s Dipka Expansion Project South Eastern Coal Fields Limited Dipka Area,2026-08-30 03:07:00,2026-08-29 21:37:00,6.06,16.08,37.88,,0.95,site_5664,Thermo Fisher Scientific India Private Limited,2026-08-29
South Eastern Coalfields Limited,Dipka Area,M/s Dipka Expansion Project South Eastern Coal Fields Limited Dipka Area,2026-08-30 03:06:00,2026-08-29 21:36:00,6.82,16.19,37.35,,0.89,site_5664,Thermo Fisher Scientific India Private Limited,2026-08-29
South Eastern Coalfields Limited,Dipka Area,M/s Dipka Expansion Project South Eastern Coal Fields Limited Dipka Area,2026-08-30 03:06:00,2026-08-29 21:36:00,7.49,16.39,38.84,,0.72,site_5664,Thermo Fisher Scientific India Private Limited,2026-08-29
South Eastern Coalfields Limited,Dipka Area,M/s Dipka Expansion Project South Eastern Coal Fields Limited Dipka Area,2026-08-30 03:05:00,2026-08-29 21:35:00,8.24,16.5,33.44,,0.81,site_5664,Thermo Fisher Scientific India Private Limited,2026-08-29
South Eastern Coalfields Limited,Dipka Area,M/s Dipka Expansion Project South Eastern Coal Fields Limited Dipka Area,2026-08-30 03:05:00,2026-08-29 21:35:00,8.86,16.59,36.3,,0.85,site_5664,Thermo Fisher Scientific India Private Limited,2026-08-29
South Eastern Coalfields Limited,Dipka Area,M/s Dipka Expansion Project South Eastern Coal Fields Limited Dipka Area,2026-08-30 03:04:00,2026-08-29 21:34:00,9.32,16.59,30.89,,0.75,site_5664,Thermo Fisher Scientific India Private Limited,2026-08-29
South Eastern Coalfields Limited,Dipka Area,M/s Dipka Expansion Project South Eastern Coal Fields Limited Dipka Area,2026-08-30 03:04:00,2026-08-29 21:34:00,9.76,16.6,37.85,,0.45,site_5664,Thermo Fisher Scientific India Private Limited,2026-08-29
South Eastern Coalfields Limited,Dipka Area,M/s Dipka Expansion Project South Eastern Coal Fields Limited Dipka Area,2026-08-30 03:03:00,2026-08-29 21:33:00,10.31,16.59,38.94,,0.56,site_5664,Thermo Fisher Scientific India Private Limited,2026-08-29
South Eastern Coalfields Limited,Dipka Area,M/s Dipka Expansion Project South Eastern Coal Fields Limited Dipka Area,2026-08-30 03:03:00,2026-08-29 21:33:00,10.84,16.63,34.21,,0.73,site_5664,Thermo Fisher Scientific India Private Limited,2026-08-29
South Eastern Coalfields Limited,Dipka Area,M/s Dipka Expansion Project South Eastern Coal Fields Limited Dipka Area,2026-08-30 03:02:00,2026-08-29 21:32:00,11.42,16.79,33.02,,0.57,site_5664,Thermo Fisher Scientific India Private Limited,2026-08-29
South Eastern Coalfields Limited,Dipka Area,M/s Dipka Expansion Project South Eastern Coal Fields Limited Dipka Area,2026-08-30 03:02:00,2026-08-29 21:32:00,11.95,16.88,33.79,,0.54,site_5664,Thermo Fisher Scientific India Private Limited,2026-08-29
South Eastern Coalfields Limited,Dipka Area,M/s Dipka Expansion Project South Eastern Coal Fields Limited Dipka Area,2026-08-30 03:01:00,2026-08-29 21:31:00,12.66,17.11,34.94,,0.58,site_5664,Thermo Fisher Scientific India Private Limited,2026-08-29
South Eastern Coalfields Limited,Dipka Area,M/s Dipka Expansion Project South Eastern Coal Fields Limited Dipka Area,2026-08-30 03:01:00,2026-08-29 21:31:00,13.35,17.39,34.24,,0.57,site_5664,Thermo Fisher Scientific India Private Limited,2026-08-29
South Eastern Coalfields Limited,"Bilaspur, CHHATTISGARHr",South Eastern Coalfields  Limited - AQMS_H_Q,2026-08-30 03:00:00,2026-08-29 21:30:00,3.23,,8.68,0.0,0.0,site_5592,Swan Environ,2026-08-29
South Eastern Coalfields Limited,Dipka Area,M/s Dipka Expansion Project South Eastern Coal Fields Limited Dipka Area,2026-08-30 03:00:00,2026-08-29 21:30:00,13.93,17.69,32.94,,0.58,site_5664,Thermo Fisher Scientific India Private Limited,2026-08-29
South Eastern Coalfields Limited,Dipka Area,M/s Dipka Expansion Project South Eastern Coal Fields Limited Dipka Area,2026-08-30 02:59:00,2026-08-29 21:29:00,14.41,17.84,36.36,,0.51,site_5664,Thermo Fisher Scientific India Private Limited,2026-08-29
South Eastern Coalfields Limited,Dipka Area,M/s Dipka Expansion Project South Eastern Coal Fields Limited Dipka Area,2026-08-30 02:59:00,2026-08-29 21:29:00,14.54,17.95,36.17,,0.49,site_5664,Thermo Fisher Scientific India Private Limited,2026-08-29
South Eastern Coalfields Limited,Dipka Area,M/s Dipka Expansion Project South Eastern Coal Fields Limited Dipka Area,2026-08-30 02:58:00,2026-08-29 21:28:00,14.68,18.16,29.04,,0.54,site_5664,Thermo Fisher Scientific India Private Limited,2026-08-29
South Eastern Coalfields Limited,Dipka Area,M/s Dipka Expansion Project South Eastern Coal Fields Limited Dipka Area,2026-08-30 02:58:00,2026-08-29 21:28:00,14.54,18.3,32.51,,0.43,site_5664,Thermo Fisher Scientific India Private Limited,2026-08-29
South Eastern Coalfields Limited,Dipka Area,M/s Dipka Expansion Project South Eastern Coal Fields Limited Dipka Area,2026-08-30 02:57:00,2026-08-29 21:27:00,14.27,18.4,42.35,,0.34,site_5664,Thermo Fisher Scientific India Private Limited,2026-08-29
South Eastern Coalfields Limited,Dipka Area,M/s Dipka Expansion Project South Eastern Coal Fields Limited Dipka Area,2026-08-30 02:57:00,2026-08-29 21:27:00,13.92,18.65,40.13,,0.36,site_5664,Thermo Fisher Scientific India Private Limited,2026-08-29
South Eastern Coalfields Limited,Dipka Area,M/s Dipka Expansion Project South Eastern Coal Fields Limited Dipka Area,2026-08-30 02:56:00,2026-08-29 21:26:00,13.27,18.88,33.82,,0.4,site_5664,Thermo Fisher Scientific India Private Limited,2026-08-29
South Eastern Coalfields Limited,Dipka Area,M/s Dipka Expansion Project South Eastern Coal Fields Limited Dipka Area,2026-08-30 02:56:00,2026-08-29 21:26:00,12.83,19.01,27.01,,0.29,site_5664,Thermo Fisher Scientific India Private Limited,2026-08-29
South Eastern Coalfields Limited,Dipka Area,M/s Dipka Expansion Project South Eastern Coal Fields Limited Dipka Area,2026-08-30 02:55:00,2026-08-29 21:25:00,12.28,19.22,38.5,,0.31,site_5664,Thermo Fisher Scientific India Private Limited,2026-08-29
South Eastern Coalfields Limited,Dipka Area,M/s Dipka Expansion Project South Eastern Coal Fields Limited Dipka Area,2026-08-30 02:55:00,2026-08-29 21:25:00,11.96,19.33,36.76,,0.23,site_5664,Thermo Fisher Scientific India Private Limited,2026-08-29
South Eastern Coalfields Limited,"Gevra , Chattisgarh",SECL GEVRA,2026-08-30 02:55:00,2026-08-30 02:45:00,45.0,80.61,13.97,10.34,0.95,site_,Envea India Pvt Ltd,2026-08-30
South Eastern Coalfields Limited,Dipka Area,M/s Dipka Expansion Project South Eastern Coal Fields Limited Dipka Area,2026-08-30 02:54:00,2026-08-29 21:24:00,11.52,19.39,31.5,,0.38,site_5664,Thermo Fisher Scientific India Private Limited,2026-08-29
South Eastern Coalfields Limited,Dipka Area,M/s Dipka Expansion Project South Eastern Coal Fields Limited Dipka Area,2026-08-30 02:54:00,2026-08-29 21:24:00,11.15,19.44,38.88,,0.42,site_5664,Thermo Fisher Scientific India Private Limited,2026-08-29
South Eastern Coalfields Limited,Dipka Area,M/s Dipka Expansion Project South Eastern Coal Fields Limited Dipka Area,2026-08-30 02:53:00,2026-08-29 21:23:00,10.92,19.55,30.81,,0.23,site_5664,Thermo Fisher Scientific India Private Limited,2026-08-29
South Eastern Coalfields Limited,Dipka Area,M/s Dipka Expansion Project South Eastern Coal Fields Limited Dipka Area,2026-08-30 02:53:00,2026-08-29 21:23:00,10.78,19.64,37.62,,0.13,site_5664,Thermo Fisher Scientific India Private Limited,2026-08-29
South Eastern Coalfields Limited,Dipka Area,M/s Dipka Expansion Project South Eastern Coal Fields Limited Dipka Area,2026-08-30 02:52:00,2026-08-29 21:22:00,10.71,19.44,42.43,,0.3,site_5664,Thermo Fisher Scientific India Private Limited,2026-08-29
South Eastern Coalfields Limited,Dipka Area,M/s Dipka Expansion Project South Eastern Coal Fields Limited Dipka Area,2026-08-30 02:52:00,2026-08-29 21:22:00,10.47,19.26,36.06,,0.3,site_5664,Thermo Fisher Scientific India Private Limited,2026-08-29
South Eastern Coalfields Limited,Dipka Area,M/s Dipka Expansion Project South Eastern Coal Fields Limited Dipka Area,2026-08-30 02:51:00,2026-08-29 21:21:00,10.45,19.09,34.21,,0.27,site_5664,Thermo Fisher Scientific India Private Limited,2026-08-29
South Eastern Coalfields Limited,Dipka Area,M/s Dipka Expansion Project South Eastern Coal Fields Limited Dipka Area,2026-08-30 02:51:00,2026-08-29 21:21:00,10.55,18.89,35.79,,0.42,site_5664,Thermo Fisher Scientific India Private Limited,2026-08-29
South Eastern Coalfields Limited,Dipka Area,M/s Dipka Expansion Project South Eastern Coal Fields Limited Dipka Area,2026-08-30 02:50:00,2026-08-29 21:20:00,10.49,18.66,38.03,,0.43,site_5664,Thermo Fisher Scientific India Private Limited,2026-08-29
South Eastern Coalfields Limited,Dipka Area,M/s Dipka Expansion Project South Eastern Coal Fields Limited Dipka Area,2026-08-30 02:50:00,2026-08-29 21:20:00,10.19,18.59,39.8,,0.45,site_5664,Thermo Fisher Scientific India Private Limited,2026-08-29
South Eastern Coalfields Limited,Dipka Area,M/s Dipka Expansion Project South Eastern Coal Fields Limited Dipka Area,2026-08-30 02:49:00,2026-08-29 21:19:00,9.83,18.74,35.09,,0.34,site_5664,Thermo Fisher Scientific India Private Limited,2026-08-29
South Eastern Coalfields Limited,Dipka Area,M/s Dipka Expansion Project South Eastern Coal Fields Limited Dipka Area,2026-08-30 02:49:00,2026-08-29 21:19:00,9.51,18.84,36.19,,0.38,site_5664,Thermo Fisher Scientific India Private Limited,2026-08-29
South Eastern Coalfields Limited,Dipka Area,M/s Dipka Expansion Project South Eastern Coal Fields Limited Dipka Area,2026-08-30 02:48:00,2026-08-29 21:18:00,8.71,18.89,38.15,,0.51,site_5664,Thermo Fisher Scientific India Private Limited,2026-08-29
South Eastern Coalfields Limited,Dipka Area,M/s Dipka Expansion Project South Eastern Coal Fields Limited Dipka Area,2026-08-30 02:48:00,2026-08-29 21:18:00,7.93,18.85,35.56,,0.47,site_5664,Thermo Fisher Scientific India Private Limited,2026-08-29
South Eastern Coalfields Limited,Dipka Area,M/s Dipka Expansion Project South Eastern Coal Fields Limited Dipka Area,2026-08-30 02:47:00,2026-08-29 21:17:00,7.27,18.69,37.56,,0.35,site_5664,Thermo Fisher Scientific India Private Limited,2026-08-29
South Eastern Coalfields Limited,Dipka Area,M/s Dipka Expansion Project South Eastern Coal Fields Limited Dipka Area,2026-08-30 02:47:00,2026-08-29 21:17:00,6.8,18.4,36.68,,0.41,site_5664,Thermo Fisher Scientific India Private Limited,2026-08-29
South Eastern Coalfields Limited,Dipka Area,M/s Dipka Expansion Project South Eastern Coal Fields Limited Dipka Area,2026-08-30 02:46:00,2026-08-29 21:16:00,6.12,17.91,36.74,,0.36,site_5664,Thermo Fisher Scientific India Private Limited,2026-08-29
South Eastern Coalfields Limited,Dipka Area,M/s Dipka Expansion Project South Eastern Coal Fields Limited Dipka Area,2026-08-30 02:46:00,2026-08-29 21:16:00,5.5,17.53,38.36,,0.32,site_5664,Thermo Fisher Scientific India Private Limited,2026-08-29
South Eastern Coalfields Limited,Dipka Area,M/s Dipka Expansion Project South Eastern Coal Fields Limited Dipka Area,2026-08-30 02:45:00,2026-08-29 21:15:00,5.03,17.09,35.59,,0.25,site_5664,Thermo Fisher Scientific India Private Limited,2026-08-29
South Eastern Coalfields Limited,Dipka Area,M/s Dipka Expansion Project South Eastern Coal Fields Limited Dipka Area,2026-08-30 02:45:00,2026-08-29 21:15:00,4.7,16.74,41.49,,0.3,site_5664,Thermo Fisher Scientific India Private Limited,2026-08-29
South Eastern Coalfields Limited,"Bilaspur, CHHATTISGARHr",South Eastern Coalfields  Limited - AQMS_H_Q,2026-08-30 02:45:00,2026-08-29 21:14:00,0.0,,3.16,0.37,7.92,site_5592,Swan Environ,2026-08-29
South Eastern Coalfields Limited,Dipka Area,M/s Dipka Expansion Project South Eastern Coal Fields Limited Dipka Area,2026-08-30 02:44:00,2026-08-29 21:14:00,4.23,16.52,31.99,,0.29,site_5664,Thermo Fisher Scientific India Private Limited,2026-08-29
South Eastern Coalfields Limited,Dipka Area,M/s Dipka Expansion Project South Eastern Coal Fields Limited Dipka Area,2026-08-30 02:44:00,2026-08-29 21:14:00,3.87,16.39,31.81,,0.21,site_5664,Thermo Fisher Scientific India Private Limited,2026-08-29
South Eastern Coalfields Limited,Dipka Area,M/s Dipka Expansion Project South Eastern Coal Fields Limited Dipka Area,2026-08-30 02:43:00,2026-08-29 21:13:00,3.5,16.26,33.89,,0.22,site_5664,Thermo Fisher Scientific India Private Limited,2026-08-29
South Eastern Coalfields Limited,Dipka Area,M/s Dipka Expansion Project South Eastern Coal Fields Limited Dipka Area,2026-08-30 02:43:00,2026-08-29 21:13:00,3.18,16.12,39.73,,0.36,site_5664,Thermo Fisher Scientific India Private Limited,2026-08-29
South Eastern Coalfields Limited,Dipka Area,M/s Dipka Expansion Project South Eastern Coal Fields Limited Dipka Area,2026-08-30 02:42:00,2026-08-29 21:12:00,2.99,15.99,39.59,,0.35,site_5664,Thermo Fisher Scientific India Private Limited,2026-08-29
South Eastern Coalfields Limited,Dipka Area,M/s Dipka Expansion Project South Eastern Coal Fields Limited Dipka Area,2026-08-30 02:42:00,2026-08-29 21:12:00,2.85,15.96,36.25,,0.32,site_5664,Thermo Fisher Scientific India Private Limited,2026-08-29
South Eastern Coalfields Limited,Dipka Area,M/s Dipka Expansion Project South Eastern Coal Fields Limited Dipka Area,2026-08-30 02:41:00,2026-08-29 21:11:00,2.72,15.91,34.93,,0.4,site_5664,Thermo Fisher Scientific India Private Limited,2026-08-29
South Eastern Coalfields Limited,Dipka Area,M/s Dipka Expansion Project South Eastern Coal Fields Limited Dipka Area,2026-08-30 02:41:00,2026-08-29 21:11:00,2.7,15.88,38.12,,0.43,site_5664,Thermo Fisher Scientific India Private Limited,2026-08-29
South Eastern Coalfields Limited,Dipka Area,M/s Dipka Expansion Project South Eastern Coal Fields Limited Dipka Area,2026-08-30 02:40:00,2026-08-29 21:10:00,2.77,15.86,40.15,,0.54,site_5664,Thermo Fisher Scientific India Private Limited,2026-08-29
South Eastern Coalfields Limited,"Gevra , Chattisgarh",SECL GEVRA,2026-08-30 02:40:00,2026-08-30 02:30:00,34.3,61.93,13.37,8.75,0.69,site_,Envea India Pvt Ltd,2026-08-30
South Eastern Coalfields Limited,Dipka Area,M/s Dipka Expansion Project South Eastern Coal Fields Limited Dipka Area,2026-08-30 02:40:00,2026-08-29 21:10:00,2.88,15.84,35.84,,0.51,site_5664,Thermo Fisher Scientific India Private Limited,2026-08-29
South Eastern Coalfields Limited,Dipka Area,M/s Dipka Expansion Project South Eastern Coal Fields Limited Dipka Area,2026-08-30 02:39:00,2026-08-29 21:09:00,3.03,15.78,35.31,,0.58,site_5664,Thermo Fisher Scientific India Private Limited,2026-08-29
South Eastern Coalfields Limited,Dipka Area,M/s Dipka Expansion Project South Eastern Coal Fields Limited Dipka Area,2026-08-30 02:39:00,2026-08-29 21:09:00,3.23,15.74,33.79,,0.69,site_5664,Thermo Fisher Scientific India Private Limited,2026-08-29
South Eastern Coalfields Limited,Dipka Area,M/s Dipka Expansion Project South Eastern Coal Fields Limited Dipka Area,2026-08-30 02:38:00,2026-08-29 21:08:00,3.6,15.57,33.83,,0.59,site_5664,Thermo Fisher Scientific India Private Limited,2026-08-29
South Eastern Coalfields Limited,Dipka Area,M/s Dipka Expansion Project South Eastern Coal Fields Limited Dipka Area,2026-08-30 02:38:00,2026-08-29 21:08:00,3.89,15.4,38.15,,0.56,site_5664,Thermo Fisher Scientific India Private Limited,2026-08-29
South Eastern Coalfields Limited,Dipka Area,M/s Dipka Expansion Project South Eastern Coal Fields Limited Dipka Area,2026-08-30 02:37:00,2026-08-29 21:07:00,4.27,15.24,32.0,,0.61,site_5664,Thermo Fisher Scientific India Private Limited,2026-08-29
South Eastern Coalfields Limited,Dipka Area,M/s Dipka Expansion Project South Eastern Coal Fields Limited Dipka Area,2026-08-30 02:37:00,2026-08-29 21:07:00,4.76,15.14,35.18,,0.66,site_5664,Thermo Fisher Scientific India Private Limited,2026-08-29
South Eastern Coalfields Limited,Dipka Area,M/s Dipka Expansion Project South Eastern Coal Fields Limited Dipka Area,2026-08-30 02:36:00,2026-08-29 21:06:00,5.2,15.1,38.29,,0.7,site_5664,Thermo Fisher Scientific India Private Limited,2026-08-29
South Eastern Coalfields Limited,Dipka Area,M/s Dipka Expansion Project South Eastern Coal Fields Limited Dipka Area,2026-08-30 02:36:00,2026-08-29 21:06:00,5.62,15.11,38.07,,0.71,site_5664,Thermo Fisher Scientific India Private Limited,2026-08-29
South Eastern Coalfields Limited,Dipka Area,M/s Dipka Expansion Project South Eastern Coal Fields Limited Dipka Area,2026-08-30 02:35:00,2026-08-29 21:05:00,6.17,15.24,43.26,,0.72,site_5664,Thermo Fisher Scientific India Private Limited,2026-08-29
South Eastern Coalfields Limited,Dipka Area,M/s Dipka Expansion Project South Eastern Coal Fields Limited Dipka Area,2026-08-30 02:35:00,2026-08-29 21:05:00,6.67,15.34,37.58,,0.8,site_5664,Thermo Fisher Scientific India Private Limited,2026-08-29
South Eastern Coalfields Limited,Dipka Area,M/s Dipka Expansion Project South Eastern Coal Fields Limited Dipka Area,2026-08-30 02:34:00,2026-08-29 21:04:00,7.23,15.48,37.65,,0.77,site_5664,Thermo Fisher Scientific India Private Limited,2026-08-29
South Eastern Coalfields Limited,Dipka Area,M/s Dipka Expansion Project South Eastern Coal Fields Limited Dipka Area,2026-08-30 02:34:00,2026-08-29 21:04:00,7.64,15.61,37.55,,0.73,site_5664,Thermo Fisher Scientific India Private Limited,2026-08-29
South Eastern Coalfields Limited,Dipka Area,M/s Dipka Expansion Project South Eastern Coal Fields Limited Dipka Area,2026-08-30 02:33:00,2026-08-29 21:03:00,8.17,15.7,32.23,,0.78,site_5664,Thermo Fisher Scientific India Private Limited,2026-08-29
South Eastern Coalfields Limited,Dipka Area,M/s Dipka Expansion Project South Eastern Coal Fields Limited Dipka Area,2026-08-30 02:33:00,2026-08-29 21:03:00,8.6,15.84,36.28,,0.8,site_5664,Thermo Fisher Scientific India Private Limited,2026-08-29
South Eastern Coalfields Limited,Dipka Area,M/s Dipka Expansion Project South Eastern Coal Fields Limited Dipka Area,2026-08-30 02:32:00,2026-08-29 21:02:00,8.95,16.09,31.05,,0.82,site_5664,Thermo Fisher Scientific India Private Limited,2026-08-29
South Eastern Coalfields Limited,Dipka Area,M/s Dipka Expansion Project South Eastern Coal Fields Limited Dipka Area,2026-08-30 02:32:00,2026-08-29 21:02:00,9.31,16.33,35.57,,0.71,site_5664,Thermo Fisher Scientific India Private Limited,2026-08-29
South Eastern Coalfields Limited,Dipka Area,M/s Dipka Expansion Project South Eastern Coal Fields Limited Dipka Area,2026-08-30 02:31:00,2026-08-29 21:01:00,9.79,16.61,42.52,,0.57,site_5664,Thermo Fisher Scientific India Private Limited,2026-08-29
South Eastern Coalfields Limited,Dipka Area,M/s Dipka Expansion Project South Eastern Coal Fields Limited Dipka Area,2026-08-30 02:31:00,2026-08-29 21:01:00,10.28,16.85,37.68,,0.5,site_5664,Thermo Fisher Scientific India Private Limited,2026-08-29
South Eastern Coalfields Limited,Dipka Area,M/s Dipka Expansion Project South Eastern Coal Fields Limited Dipka Area,2026-08-30 02:30:00,2026-08-29 21:00:00,10.84,17.14,35.19,,0.62,site_5664,Thermo Fisher Scientific India Private Limited,2026-08-29
South Eastern Coalfields Limited,Dipka Area,M/s Dipka Expansion Project South Eastern Coal Fields Limited Dipka Area,2026-08-30 02:30:00,2026-08-29 21:00:00,11.36,17.28,34.41,,0.56,site_5664,Thermo Fisher Scientific India Private Limited,2026-08-29
South Eastern Coalfields Limited,"Bilaspur, CHHATTISGARHr",South Eastern Coalfields  Limited - AQMS_H_Q,2026-08-30 02:30:00,2026-08-29 20:59:00,3.25,,8.18,270.0,0.19,site_5592,Swan Environ,2026-08-29
South Eastern Coalfields Limited,Dipka Area,M/s Dipka Expansion Project South Eastern Coal Fields Limited Dipka Area,2026-08-30 02:29:00,2026-08-29 20:59:00,11.88,17.31,32.59,,0.56,site_5664,Thermo Fisher Scientific India Private Limited,2026-08-29
South Eastern Coalfields Limited,Dipka Area,M/s Dipka Expansion Project South Eastern Coal Fields Limited Dipka Area,2026-08-30 02:29:00,2026-08-29 20:59:00,12.21,17.26,32.55,,0.45,site_5664,Thermo Fisher Scientific India Private Limited,2026-08-29
South Eastern Coalfields Limited,Dipka Area,M/s Dipka Expansion Project South Eastern Coal Fields Limited Dipka Area,2026-08-30 02:28:00,2026-08-29 20:58:00,12.54,17.14,33.14,,0.48,site_5664,Thermo Fisher Scientific India Private Limited,2026-08-29
South Eastern Coalfields Limited,Dipka Area,M/s Dipka Expansion Project South Eastern Coal Fields Limited Dipka Area,2026-08-30 02:28:00,2026-08-29 20:58:00,12.81,16.95,33.97,,0.4,site_5664,Thermo Fisher Scientific India Private Limited,2026-08-29
South Eastern Coalfields Limited,Dipka Area,M/s Dipka Expansion Project South Eastern Coal Fields Limited Dipka Area,2026-08-30 02:27:00,2026-08-29 20:57:00,12.94,16.64,37.08,,0.28,site_5664,Thermo Fisher Scientific India Private Limited,2026-08-29
South Eastern Coalfields Limited,Dipka Area,M/s Dipka Expansion Project South Eastern Coal Fields Limited Dipka Area,2026-08-30 02:27:00,2026-08-29 20:57:00,12.98,16.3,32.16,,0.32,site_5664,Thermo Fisher Scientific India Private Limited,2026-08-29
South Eastern Coalfields Limited,Dipka Area,M/s Dipka Expansion Project South Eastern Coal Fields Limited Dipka Area,2026-08-30 02:26:00,2026-08-29 20:56:00,13.05,15.77,38.45,,0.39,site_5664,Thermo Fisher Scientific India Private Limited,2026-08-29
South Eastern Coalfields Limited,Dipka Area,M/s Dipka Expansion Project South Eastern Coal Fields Limited Dipka Area,2026-08-30 02:26:00,2026-08-29 20:56:00,13.18,15.21,37.15,,0.41,site_5664,Thermo Fisher Scientific India Private Limited,2026-08-29
South Eastern Coalfields Limited,Dipka Area,M/s Dipka Expansion Project South Eastern Coal Fields Limited Dipka Area,2026-08-30 02:25:00,2026-08-29 20:55:00,13.21,14.54,36.88,,0.15,site_5664,Thermo Fisher Scientific India Private Limited,2026-08-29
South Eastern Coalfields Limited,Dipka Area,M/s Dipka Expansion Project South Eastern Coal Fields Limited Dipka Area,2026-08-30 02:25:00,2026-08-29 20:55:00,13.16,14.1,36.76,,0.05,site_5664,Thermo Fisher Scientific India Private Limited,2026-08-29
South Eastern Coalfields Limited,"Gevra , Chattisgarh",SECL GEVRA,2026-08-30 02:25:00,2026-08-30 02:15:00,27.4,50.0,12.99,7.74,0.53,site_,Envea India Pvt Ltd,2026-08-30
South Eastern Coalfields Limited,Dipka Area,M/s Dipka Expansion Project South Eastern Coal Fields Limited Dipka Area,2026-08-30 02:24:00,2026-08-29 20:54:00,13.13,13.02,38.99,,0.07,site_5664,Thermo Fisher Scientific India Private Limited,2026-08-29
South Eastern Coalfields Limited,Dipka Area,M/s Dipka Expansion Project South Eastern Coal Fields Limited Dipka Area,2026-08-30 02:24:00,2026-08-29 20:54:00,12.98,12.39,32.62,,0.3,site_5664,Thermo Fisher Scientific India Private Limited,2026-08-29
South Eastern Coalfields Limited,Dipka Area,M/s Dipka Expansion Project South Eastern Coal Fields Limited Dipka Area,2026-08-30 02:23:00,2026-08-29 20:53:00,12.73,11.78,34.01,,0.2,site_5664,Thermo Fisher Scientific India Private Limited,2026-08-29
South Eastern Coalfields Limited,Dipka Area,M/s Dipka Expansion Project South Eastern Coal Fields Limited Dipka Area,2026-08-30 02:23:00,2026-08-29 20:53:00,12.53,11.21,33.7,,0.17,site_5664,Thermo Fisher Scientific India Private Limited,2026-08-29
South Eastern Coalfields Limited,Dipka Area,M/s Dipka Expansion Project South Eastern Coal Fields Limited Dipka Area,2026-08-30 02:22:00,2026-08-29 20:52:00,12.15,10.64,36.53,,0.25,site_5664,Thermo Fisher Scientific India Private Limited,2026-08-29
South Eastern Coalfields Limited,Dipka Area,M/s Dipka Expansion Project South Eastern Coal Fields Limited Dipka Area,2026-08-30 02:22:00,2026-08-29 20:52:00,11.88,10.28,33.34,,0.25,site_5664,Thermo Fisher Scientific India Private Limited,2026-08-29
South Eastern Coalfields Limited,Dipka Area,M/s Dipka Expansion Project South Eastern Coal Fields Limited Dipka Area,2026-08-30 02:21:00,2026-08-29 20:51:00,11.57,9.93,40.5,,0.17,site_5664,Thermo Fisher Scientific India Private Limited,2026-08-29
South Eastern Coalfields Limited,Dipka Area,M/s Dipka Expansion Project South Eastern Coal Fields Limited Dipka Area,2026-08-30 02:21:00,2026-08-29 20:51:00,11.4,9.69,36.78,,0.15,site_5664,Thermo Fisher Scientific India Private Limited,2026-08-29
South Eastern Coalfields Limited,Dipka Area,M/s Dipka Expansion Project South Eastern Coal Fields Limited Dipka Area,2026-08-30 02:20:00,2026-08-29 20:50:00,11.13,9.47,38.31,,0.28,site_5664,Thermo Fisher Scientific India Private Limited,2026-08-29
South Eastern Coalfields Limited,Dipka Area,M/s Dipka Expansion Project South Eastern Coal Fields Limited Dipka Area,2026-08-30 02:20:00,2026-08-29 20:50:00,10.88,9.37,42.92,,0.38,site_5664,Thermo Fisher Scientific India Private Limited,2026-08-29
South Eastern Coalfields Limited,Dipka Area,M/s Dipka Expansion Project South Eastern Coal Fields Limited Dipka Area,2026-08-30 02:19:00,2026-08-29 20:49:00,10.74,9.32,37.51,,0.44,site_5664,Thermo Fisher Scientific India Private Limited,2026-08-29
South Eastern Coalfields Limited,Dipka Area,M/s Dipka Expansion Project South Eastern Coal Fields Limited Dipka Area,2026-08-30 02:19:00,2026-08-29 20:49:00,10.56,9.19,31.39,,0.35,site_5664,Thermo Fisher Scientific India Private Limited,2026-08-29
South Eastern Coalfields Limited,Dipka Area,M/s Dipka Expansion Project South Eastern Coal Fields Limited Dipka Area,2026-08-30 02:18:00,2026-08-29 20:48:00,10.3,9.07,38.07,,0.39,site_5664,Thermo Fisher Scientific India Private Limited,2026-08-29
South Eastern Coalfields Limited,Dipka Area,M/s Dipka Expansion Project South Eastern Coal Fields Limited Dipka Area,2026-08-30 02:18:00,2026-08-29 20:48:00,9.94,8.87,38.13,,0.49,site_5664,Thermo Fisher Scientific India Private Limited,2026-08-29
South Eastern Coalfields Limited,Dipka Area,M/s Dipka Expansion Project South Eastern Coal Fields Limited Dipka Area,2026-08-30 02:17:00,2026-08-29 20:47:00,9.63,8.56,35.25,,0.44,site_5664,Thermo Fisher Scientific India Private Limited,2026-08-29
South Eastern Coalfields Limited,Dipka Area,M/s Dipka Expansion Project South Eastern Coal Fields Limited Dipka Area,2026-08-30 02:17:00,2026-08-29 20:47:00,9.38,8.31,36.15,,0.48,site_5664,Thermo Fisher Scientific India Private Limited,2026-08-29
South Eastern Coalfields Limited,Dipka Area,M/s Dipka Expansion Project South Eastern Coal Fields Limited Dipka Area,2026-08-30 02:16:00,2026-08-29 20:46:00,9.19,8.08,40.87,,0.56,site_5664,Thermo Fisher Scientific India Private Limited,2026-08-29
South Eastern Coalfields Limited,Dipka Area,M/s Dipka Expansion Project South Eastern Coal Fields Limited Dipka Area,2026-08-30 02:16:00,2026-08-29 20:46:00,9.08,7.94,41.44,,0.6,site_5664,Thermo Fisher Scientific India Private Limited,2026-08-29
South Eastern Coalfields Limited,Dipka Area,M/s Dipka Expansion Project South Eastern Coal Fields Limited Dipka Area,2026-08-30 02:15:00,2026-08-29 20:45:00,9.05,7.74,37.74,,0.51,site_5664,Thermo Fisher Scientific India Private Limited,2026-08-29
South Eastern Coalfields Limited,"Bilaspur, CHHATTISGARHr",South Eastern Coalfields  Limited - AQMS_H_Q,2026-08-30 02:15:00,2026-08-29 20:44:00,3.25,,8.37,269.92,0.73,site_5592,Swan Environ,2026-08-29
South Eastern Coalfields Limited,Dipka Area,M/s Dipka Expansion Project South Eastern Coal Fields Limited Dipka Area,2026-08-30 02:15:00,2026-08-29 20:45:00,9.11,7.58,39.12,,0.52,site_5664,Thermo Fisher Scientific India Private Limited,2026-08-29
South Eastern Coalfields Limited,Dipka Area,M/s Dipka Expansion Project South Eastern Coal Fields Limited Dipka Area,2026-08-30 02:14:00,2026-08-29 20:44:00,8.86,7.4,33.75,,0.3,site_5664,Thermo Fisher Scientific India Private Limited,2026-08-29
South Eastern Coalfields Limited,Dipka Area,M/s Dipka Expansion Project South Eastern Coal Fields Limited Dipka Area,2026-08-30 02:14:00,2026-08-29 20:44:00,8.38,7.22,36.31,,0.32,site_5664,Thermo Fisher Scientific India Private Limited,2026-08-29
South Eastern Coalfields Limited,Dipka Area,M/s Dipka Expansion Project South Eastern Coal Fields Limited Dipka Area,2026-08-30 02:13:00,2026-08-29 20:43:00,7.72,7.03,38.25,,0.26,site_5664,Thermo Fisher Scientific India Private Limited,2026-08-29
South Eastern Coalfields Limited,Dipka Area,M/s Dipka Expansion Project South Eastern Coal Fields Limited Dipka Area,2026-08-30 02:13:00,2026-08-29 20:43:00,7.03,6.95,38.71,,0.31,site_5664,Thermo Fisher Scientific India Private Limited,2026-08-29
South Eastern Coalfields Limited,Dipka Area,M/s Dipka Expansion Project South Eastern Coal Fields Limited Dipka Area,2026-08-30 02:12:00,2026-08-29 20:42:00,6.14,6.95,42.03,,0.36,site_5664,Thermo Fisher Scientific India Private Limited,2026-08-29
South Eastern Coalfields Limited,Dipka Area,M/s Dipka Expansion Project South Eastern Coal Fields Limited Dipka Area,2026-08-30 02:12:00,2026-08-29 20:42:00,5.39,6.98,34.06,,0.24,site_5664,Thermo Fisher Scientific India Private Limited,2026-08-29
South Eastern Coalfields Limited,Dipka Area,M/s Dipka Expansion Project South Eastern Coal Fields Limited Dipka Area,2026-08-30 02:11:00,2026-08-29 20:41:00,4.31,7.2,38.24,,0.19,site_5664,Thermo Fisher Scientific India Private Limited,2026-08-29
South Eastern Coalfields Limited,Dipka Area,M/s Dipka Expansion Project South Eastern Coal Fields Limited Dipka Area,2026-08-30 02:11:00,2026-08-29 20:41:00,3.81,7.53,36.32,,0.37,site_5664,Thermo Fisher Scientific India Private Limited,2026-08-29
South Eastern Coalfields Limited,Dipka Area,M/s Dipka Expansion Project South Eastern Coal Fields Limited Dipka Area,2026-08-30 02:10:00,2026-08-29 20:40:00,3.33,7.74,36.5,,0.44,site_5664,Thermo Fisher Scientific India Private Limited,2026-08-29
South Eastern Coalfields Limited,"Gevra , Chattisgarh",SECL GEVRA,2026-08-30 02:10:00,2026-08-30 02:00:00,22.2,40.92,12.69,6.96,0.41,site_,Envea India Pvt Ltd,2026-08-30
South Eastern Coalfields Limited,Dipka Area,M/s Dipka Expansion Project South Eastern Coal Fields Limited Dipka Area,2026-08-30 02:10:00,2026-08-29 20:40:00,2.95,7.84,39.82,,0.41,site_5664,Thermo Fisher Scientific India Private Limited,2026-08-29
South Eastern Coalfields Limited,Dipka Area,M/s Dipka Expansion Project South Eastern Coal Fields Limited Dipka Area,2026-08-30 02:09:00,2026-08-29 20:39:00,2.73,7.86,35.54,,0.51,site_5664,Thermo Fisher Scientific India Private Limited,2026-08-29
South Eastern Coalfields Limited,Dipka Area,M/s Dipka Expansion Project South Eastern Coal Fields Limited Dipka Area,2026-08-30 02:09:00,2026-08-29 20:39:00,2.67,7.94,30.28,,0.48,site_5664,Thermo Fisher Scientific India Private Limited,2026-08-29
South Eastern Coalfields Limited,Dipka Area,M/s Dipka Expansion Project South Eastern Coal Fields Limited Dipka Area,2026-08-30 02:08:00,2026-08-29 20:38:00,3.0,7.91,35.36,,0.58,site_5664,Thermo Fisher Scientific India Private Limited,2026-08-29
South Eastern Coalfields Limited,Dipka Area,M/s Dipka Expansion Project South Eastern Coal Fields Limited Dipka Area,2026-08-30 02:08:00,2026-08-29 20:38:00,3.34,7.84,40.44,,0.52,site_5664,Thermo Fisher Scientific India Private Limited,2026-08-29
South Eastern Coalfields Limited,Dipka Area,M/s Dipka Expansion Project South Eastern Coal Fields Limited Dipka Area,2026-08-30 02:07:00,2026-08-29 20:37:00,3.68,7.85,36.07,,0.57,site_5664,Thermo Fisher Scientific India Private Limited,2026-08-29
South Eastern Coalfields Limited,Dipka Area,M/s Dipka Expansion Project South Eastern Coal Fields Limited Dipka Area,2026-08-30 02:07:00,2026-08-29 20:37:00,4.08,8.07,36.09,,0.73,site_5664,Thermo Fisher Scientific India Private Limited,2026-08-29
South Eastern Coalfields Limited,Dipka Area,M/s Dipka Expansion Project South Eastern Coal Fields Limited Dipka Area,2026-08-30 02:06:00,2026-08-29 20:36:00,4.57,8.41,32.72,,0.85,site_5664,Thermo Fisher Scientific India Private Limited,2026-08-29
South Eastern Coalfields Limited,Dipka Area,M/s Dipka Expansion Project South Eastern Coal Fields Limited Dipka Area,2026-08-30 02:06:00,2026-08-29 20:36:00,5.14,8.68,33.62,,0.59,site_5664,Thermo Fisher Scientific India Private Limited,2026-08-29
South Eastern Coalfields Limited,Dipka Area,M/s Dipka Expansion Project South Eastern Coal Fields Limited Dipka Area,2026-08-30 02:05:00,2026-08-29 20:35:00,5.63,9.05,33.84,,0.62,site_5664,Thermo Fisher Scientific India Private Limited,2026-08-29
South Eastern Coalfields Limited,Dipka Area,M/s Dipka Expansion Project South Eastern Coal Fields Limited Dipka Area,2026-08-30 02:05:00,2026-08-29 20:35:00,6.05,9.41,34.52,,0.62,site_5664,Thermo Fisher Scientific India Private Limited,2026-08-29
South Eastern Coalfields Limited,Dipka Area,M/s Dipka Expansion Project South Eastern Coal Fields Limited Dipka Area,2026-08-30 02:04:00,2026-08-29 20:34:00,6.71,9.72,39.21,,0.66,site_5664,Thermo Fisher Scientific India Private Limited,2026-08-29
South Eastern Coalfields Limited,Dipka Area,M/s Dipka Expansion Project South Eastern Coal Fields Limited Dipka Area,2026-08-30 02:04:00,2026-08-29 20:34:00,7.43,9.79,36.15,,0.6,site_5664,Thermo Fisher Scientific India Private Limited,2026-08-29
South Eastern Coalfields Limited,Dipka Area,M/s Dipka Expansion Project South Eastern Coal Fields Limited Dipka Area,2026-08-30 02:03:00,2026-08-29 20:33:00,8.28,9.81,33.79,,0.61,site_5664,Thermo Fisher Scientific India Private Limited,2026-08-29
South Eastern Coalfields Limited,Dipka Area,M/s Dipka Expansion Project South Eastern Coal Fields Limited Dipka Area,2026-08-30 02:03:00,2026-08-29 20:33:00,9.03,9.82,31.19,,0.61,site_5664,Thermo Fisher Scientific India Private Limited,2026-08-29
South Eastern Coalfields Limited,Dipka Area,M/s Dipka Expansion Project South Eastern Coal Fields Limited Dipka Area,2026-08-30 02:02:00,2026-08-29 20:32:00,9.8,9.87,30.74,,0.67,site_5664,Thermo Fisher Scientific India Private Limited,2026-08-29
South Eastern Coalfields Limited,Dipka Area,M/s Dipka Expansion Project South Eastern Coal Fields Limited Dipka Area,2026-08-30 02:02:00,2026-08-29 20:32:00,10.49,9.87,36.5,,0.66,site_5664,Thermo Fisher Scientific India Private Limited,2026-08-29
South Eastern Coalfields Limited,Dipka Area,M/s Dipka Expansion Project South Eastern Coal Fields Limited Dipka Area,2026-08-30 02:01:00,2026-08-29 20:31:00,10.95,9.9,40.64,,0.68,site_5664,Thermo Fisher Scientific India Private Limited,2026-08-29
South Eastern Coalfields Limited,Dipka Area,M/s Dipka Expansion Project South Eastern Coal Fields Limited Dipka Area,2026-08-30 02:01:00,2026-08-29 20:31:00,11.14,9.95,37.74,,0.79,site_5664,Thermo Fisher Scientific India Private Limited,2026-08-29
South Eastern Coalfields Limited,Dipka Area,M/s Dipka Expansion Project South Eastern Coal Fields Limited Dipka Area,2026-08-30 02:00:00,2026-08-29 20:30:00,11.29,10.01,29.58,,0.9,site_5664,Thermo Fisher Scientific India Private Limited,2026-08-29
South Eastern Coalfields Limited,"Bilaspur, CHHATTISGARHr",South Eastern Coalfields  Limited - AQMS_H_Q,2026-08-30 02:00:00,2026-08-29 20:29:00,3.14,,8.24,270.0,0.2,site_5592,Swan Environ,2026-08-29
South Eastern Coalfields Limited,Dipka Area,M/s Dipka Expansion Project South Eastern Coal Fields Limited Dipka Area,2026-08-30 01:59:00,2026-08-29 20:29:00,11.91,10.16,40.62,,0.91,site_5664,Thermo Fisher Scientific India Private Limited,2026-08-29
South Eastern Coalfields Limited,Dipka Area,M/s Dipka Expansion Project South Eastern Coal Fields Limited Dipka Area,2026-08-30 01:59:00,2026-08-29 20:29:00,12.11,10.26,35.05,,0.94,site_5664,Thermo Fisher Scientific India Private Limited,2026-08-29
South Eastern Coalfields Limited,Dipka Area,M/s Dipka Expansion Project South Eastern Coal Fields Limited Dipka Area,2026-08-30 01:58:00,2026-08-29 20:28:00,12.51,10.48,38.43,,0.94,site_5664,Thermo Fisher Scientific India Private Limited,2026-08-29
South Eastern Coalfields Limited,Dipka Area,M/s Dipka Expansion Project South Eastern Coal Fields Limited Dipka Area,2026-08-30 01:58:00,2026-08-29 20:28:00,12.83,10.68,35.94,,0.86,site_5664,Thermo Fisher Scientific India Private Limited,2026-08-29
South Eastern Coalfields Limited,Dipka Area,M/s Dipka Expansion Project South Eastern Coal Fields Limited Dipka Area,2026-08-30 01:57:00,2026-08-29 20:27:00,13.26,10.94,31.84,,0.78,site_5664,Thermo Fisher Scientific India Private Limited,2026-08-29
South Eastern Coalfields Limited,Dipka Area,M/s Dipka Expansion Project South Eastern Coal Fields Limited Dipka Area,2026-08-30 01:57:00,2026-08-29 20:27:00,13.33,11.16,32.49,,0.69,site_5664,Thermo Fisher Scientific India Private Limited,2026-08-29
South Eastern Coalfields Limited,Dipka Area,M/s Dipka Expansion Project South Eastern Coal Fields Limited Dipka Area,2026-08-30 01:56:00,2026-08-29 20:26:00,13.42,11.42,36.25,,0.52,site_5664,Thermo Fisher Scientific India Private Limited,2026-08-29
South Eastern Coalfields Limited,Dipka Area,M/s Dipka Expansion Project South Eastern Coal Fields Limited Dipka Area,2026-08-30 01:56:00,2026-08-29 20:26:00,13.79,11.64,41.11,,0.52,site_5664,Thermo Fisher Scientific India Private Limited,2026-08-29
South Eastern Coalfields Limited,Dipka Area,M/s Dipka Expansion Project South Eastern Coal Fields Limited Dipka Area,2026-08-30 01:55:00,2026-08-29 20:25:00,14.1,11.89,36.49,,0.34,site_5664,Thermo Fisher Scientific India Private Limited,2026-08-29
South Eastern Coalfields Limited,"Gevra , Chattisgarh",SECL GEVRA,2026-08-30 01:55:00,2026-08-30 01:45:00,26.7,48.81,12.95,7.63,0.51,site_,Envea India Pvt Ltd,2026-08-30
South Eastern Coalfields Limited,Dipka Area,M/s Dipka Expansion Project South Eastern Coal Fields Limited Dipka Area,2026-08-30 01:55:00,2026-08-29 20:25:00,14.29,12.11,33.95,,0.42,site_5664,Thermo Fisher Scientific India Private Limited,2026-08-29
South Eastern Coalfields Limited,Dipka Area,M/s Dipka Expansion Project South Eastern Coal Fields Limited Dipka Area,2026-08-30 01:54:00,2026-08-29 20:24:00,14.26,12.25,37.76,,0.35,site_5664,Thermo Fisher Scientific India Private Limited,2026-08-29
South Eastern Coalfields Limited,Dipka Area,M/s Dipka Expansion Project South Eastern Coal Fields Limited Dipka Area,2026-08-30 01:54:00,2026-08-29 20:24:00,14.31,12.3,38.46,,0.28,site_5664,Thermo Fisher Scientific India Private Limited,2026-08-29
South Eastern Coalfields Limited,Dipka Area,M/s Dipka Expansion Project South Eastern Coal Fields Limited Dipka Area,2026-08-30 01:53:00,2026-08-29 20:23:00,14.17,12.31,35.1,,0.32,site_5664,Thermo Fisher Scientific India Private Limited,2026-08-29
South Eastern Coalfields Limited,Dipka Area,M/s Dipka Expansion Project South Eastern Coal Fields Limited Dipka Area,2026-08-30 01:53:00,2026-08-29 20:23:00,13.68,12.29,35.21,,0.24,site_5664,Thermo Fisher Scientific India Private Limited,2026-08-29
South Eastern Coalfields Limited,Dipka Area,M/s Dipka Expansion Project South Eastern Coal Fields Limited Dipka Area,2026-08-30 01:52:00,2026-08-29 20:22:00,13.08,12.13,34.14,,0.23,site_5664,Thermo Fisher Scientific India Private Limited,2026-08-29
South Eastern Coalfields Limited,Dipka Area,M/s Dipka Expansion Project South Eastern Coal Fields Limited Dipka Area,2026-08-30 01:52:00,2026-08-29 20:22:00,12.63,12.01,35.36,,0.23,site_5664,Thermo Fisher Scientific India Private Limited,2026-08-29
South Eastern Coalfields Limited,Dipka Area,M/s Dipka Expansion Project South Eastern Coal Fields Limited Dipka Area,2026-08-30 01:51:00,2026-08-29 20:21:00,12.21,11.87,40.74,,0.28,site_5664,Thermo Fisher Scientific India Private Limited,2026-08-29
South Eastern Coalfields Limited,Dipka Area,M/s Dipka Expansion Project South Eastern Coal Fields Limited Dipka Area,2026-08-30 01:51:00,2026-08-29 20:21:00,11.68,11.8,31.84,,0.2,site_5664,Thermo Fisher Scientific India Private Limited,2026-08-29
South Eastern Coalfields Limited,Dipka Area,M/s Dipka Expansion Project South Eastern Coal Fields Limited Dipka Area,2026-08-30 01:50:00,2026-08-29 20:20:00,11.2,11.73,36.66,,0.37,site_5664,Thermo Fisher Scientific India Private Limited,2026-08-29
South Eastern Coalfields Limited,Dipka Area,M/s Dipka Expansion Project South Eastern Coal Fields Limited Dipka Area,2026-08-30 01:50:00,2026-08-29 20:20:00,10.84,11.7,38.9,,0.28,site_5664,Thermo Fisher Scientific India Private Limited,2026-08-29
South Eastern Coalfields Limited,Dipka Area,M/s Dipka Expansion Project South Eastern Coal Fields Limited Dipka Area,2026-08-30 01:49:00,2026-08-29 20:19:00,10.41,11.63,39.23,,0.17,site_5664,Thermo Fisher Scientific India Private Limited,2026-08-29
South Eastern Coalfields Limited,Dipka Area,M/s Dipka Expansion Project South Eastern Coal Fields Limited Dipka Area,2026-08-30 01:49:00,2026-08-29 20:19:00,9.93,11.51,35.67,,0.37,site_5664,Thermo Fisher Scientific India Private Limited,2026-08-29
South Eastern Coalfields Limited,Dipka Area,M/s Dipka Expansion Project South Eastern Coal Fields Limited Dipka Area,2026-08-30 01:48:00,2026-08-29 20:18:00,9.47,11.32,35.76,,0.33,site_5664,Thermo Fisher Scientific India Private Limited,2026-08-29
South Eastern Coalfields Limited,Dipka Area,M/s Dipka Expansion Project South Eastern Coal Fields Limited Dipka Area,2026-08-30 01:48:00,2026-08-29 20:18:00,9.21,11.18,36.87,,0.47,site_5664,Thermo Fisher Scientific India Private Limited,2026-08-29
South Eastern Coalfields Limited,Dipka Area,M/s Dipka Expansion Project South Eastern Coal Fields Limited Dipka Area,2026-08-30 01:47:00,2026-08-29 20:17:00,8.87,10.96,42.96,,0.51,site_5664,Thermo Fisher Scientific India Private Limited,2026-08-29
South Eastern Coalfields Limited,Dipka Area,M/s Dipka Expansion Project South Eastern Coal Fields Limited Dipka Area,2026-08-30 01:47:00,2026-08-29 20:17:00,8.46,10.78,34.21,,0.62,site_5664,Thermo Fisher Scientific India Private Limited,2026-08-29
South Eastern Coalfields Limited,Dipka Area,M/s Dipka Expansion Project South Eastern Coal Fields Limited Dipka Area,2026-08-30 01:46:00,2026-08-29 20:16:00,8.03,10.7,38.14,,0.72,site_5664,Thermo Fisher Scientific India Private Limited,2026-08-29
South Eastern Coalfields Limited,Dipka Area,M/s Dipka Expansion Project South Eastern Coal Fields Limited Dipka Area,2026-08-30 01:46:00,2026-08-29 20:16:00,7.73,10.75,35.8,,0.68,site_5664,Thermo Fisher Scientific India Private Limited,2026-08-29
South Eastern Coalfields Limited,Dipka Area,M/s Dipka Expansion Project South Eastern Coal Fields Limited Dipka Area,2026-08-30 01:45:00,2026-08-29 20:15:00,7.29,10.95,38.21,,0.49,site_5664,Thermo Fisher Scientific India Private Limited,2026-08-29
South Eastern Coalfields Limited,"Bilaspur, CHHATTISGARHr",South Eastern Coalfields  Limited - AQMS_H_Q,2026-08-30 01:45:00,2026-08-29 20:15:00,3.43,,7.97,270.0,0.6,site_5592,Swan Environ,2026-08-29
South Eastern Coalfields Limited,Dipka Area,M/s Dipka Expansion Project South Eastern Coal Fields Limited Dipka Area,2026-08-30 01:45:00,2026-08-29 20:15:00,7.06,11.05,38.06,,0.71,site_5664,Thermo Fisher Scientific India Private Limited,2026-08-29
South Eastern Coalfields Limited,Dipka Area,M/s Dipka Expansion Project South Eastern Coal Fields Limited Dipka Area,2026-08-30 01:44:00,2026-08-29 20:14:00,6.84,11.24,39.79,,0.84,site_5664,Thermo Fisher Scientific India Private Limited,2026-08-29
South Eastern Coalfields Limited,Dipka Area,M/s Dipka Expansion Project South Eastern Coal Fields Limited Dipka Area,2026-08-30 01:44:00,2026-08-29 20:14:00,6.68,11.38,34.26,,0.88,site_5664,Thermo Fisher Scientific India Private Limited,2026-08-29
South Eastern Coalfields Limited,Dipka Area,M/s Dipka Expansion Project South Eastern Coal Fields Limited Dipka Area,2026-08-30 01:43:00,2026-08-29 20:13:00,6.58,11.49,35.89,,0.88,site_5664,Thermo Fisher Scientific India Private Limited,2026-08-29
South Eastern Coalfields Limited,Dipka Area,M/s Dipka Expansion Project South Eastern Coal Fields Limited Dipka Area,2026-08-30 01:43:00,2026-08-29 20:13:00,6.73,11.41,35.51,,0.91,site_5664,Thermo Fisher Scientific India Private Limited,2026-08-29
South Eastern Coalfields Limited,Dipka Area,M/s Dipka Expansion Project South Eastern Coal Fields Limited Dipka Area,2026-08-30 01:42:00,2026-08-29 20:12:00,6.76,11.23,36.5,,0.86,site_5664,Thermo Fisher Scientific India Private Limited,2026-08-29
South Eastern Coalfields Limited,Dipka Area,M/s Dipka Expansion Project South Eastern Coal Fields Limited Dipka Area,2026-08-30 01:42:00,2026-08-29 20:12:00,6.57,11.14,39.09,,0.7,site_5664,Thermo Fisher Scientific India Private Limited,2026-08-29
South Eastern Coalfields Limited,Dipka Area,M/s Dipka Expansion Project South Eastern Coal Fields Limited Dipka Area,2026-08-30 01:41:00,2026-08-29 20:11:00,6.37,11.07,29.55,,0.74,site_5664,Thermo Fisher Scientific India Private Limited,2026-08-29
South Eastern Coalfields Limited,Dipka Area,M/s Dipka Expansion Project South Eastern Coal Fields Limited Dipka Area,2026-08-30 01:41:00,2026-08-29 20:11:00,6.19,11.02,34.54,,0.81,site_5664,Thermo Fisher Scientific India Private Limited,2026-08-29
South Eastern Coalfields Limited,Dipka Area,M/s Dipka Expansion Project South Eastern Coal Fields Limited Dipka Area,2026-08-30 01:40:00,2026-08-29 20:10:00,6.05,11.08,36.05,,0.91,site_5664,Thermo Fisher Scientific India Private Limited,2026-08-29
South Eastern Coalfields Limited,"Gevra , Chattisgarh",SECL GEVRA,2026-08-30 01:40:00,2026-08-30 01:30:00,28.0,51.03,13.02,7.82,0.54,site_,Envea India Pvt Ltd,2026-08-30
South Eastern Coalfields Limited,Dipka Area,M/s Dipka Expansion Project South Eastern Coal Fields Limited Dipka Area,2026-08-30 01:40:00,2026-08-29 20:10:00,5.66,11.23,36.75,,0.7,site_5664,Thermo Fisher Scientific India Private Limited,2026-08-29
South Eastern Coalfields Limited,Dipka Area,M/s Dipka Expansion Project South Eastern Coal Fields Limited Dipka Area,2026-08-30 01:39:00,2026-08-29 20:09:00,5.43,11.48,32.52,,0.75,site_5664,Thermo Fisher Scientific India Private Limited,2026-08-29
South Eastern Coalfields Limited,Dipka Area,M/s Dipka Expansion Project South Eastern Coal Fields Limited Dipka Area,2026-08-30 01:39:00,2026-08-29 20:09:00,5.39,11.63,37.13,,0.66,site_5664,Thermo Fisher Scientific India Private Limited,2026-08-29
South Eastern Coalfields Limited,Dipka Area,M/s Dipka Expansion Project South Eastern Coal Fields Limited Dipka Area,2026-08-30 01:38:00,2026-08-29 20:08:00,5.37,11.77,30.47,,0.64,site_5664,Thermo Fisher Scientific India Private Limited,2026-08-29
South Eastern Coalfields Limited,Dipka Area,M/s Dipka Expansion Project South Eastern Coal Fields Limited Dipka Area,2026-08-30 01:38:00,2026-08-29 20:08:00,5.36,11.89,36.41,,0.72,site_5664,Thermo Fisher Scientific India Private Limited,2026-08-29
South Eastern Coalfields Limited,Dipka Area,M/s Dipka Expansion Project South Eastern Coal Fields Limited Dipka Area,2026-08-30 01:37:00,2026-08-29 20:07:00,5.34,11.98,35.9,,0.71,site_5664,Thermo Fisher Scientific India Private Limited,2026-08-29
South Eastern Coalfields Limited,Dipka Area,M/s Dipka Expansion Project South Eastern Coal Fields Limited Dipka Area,2026-08-30 01:37:00,2026-08-29 20:07:00,5.41,11.99,38.0,,0.75,site_5664,Thermo Fisher Scientific India Private Limited,2026-08-29
South Eastern Coalfields Limited,Dipka Area,M/s Dipka Expansion Project South Eastern Coal Fields Limited Dipka Area,2026-08-30 01:36:00,2026-08-29 20:06:00,5.38,11.82,35.63,,0.76,site_5664,Thermo Fisher Scientific India Private Limited,2026-08-29
South Eastern Coalfields Limited,Dipka Area,M/s Dipka Expansion Project South Eastern Coal Fields Limited Dipka Area,2026-08-30 01:36:00,2026-08-29 20:06:00,5.46,11.64,34.71,,0.69,site_5664,Thermo Fisher Scientific India Private Limited,2026-08-29
South Eastern Coalfields Limited,Dipka Area,M/s Dipka Expansion Project South Eastern Coal Fields Limited Dipka Area,2026-08-30 01:35:00,2026-08-29 20:05:00,5.7,11.31,36.71,,0.61,site_5664,Thermo Fisher Scientific India Private Limited,2026-08-29
South Eastern Coalfields Limited,Dipka Area,M/s Dipka Expansion Project South Eastern Coal Fields Limited Dipka Area,2026-08-30 01:35:00,2026-08-29 20:05:00,5.94,11.02,35.56,,0.71,site_5664,Thermo Fisher Scientific India Private Limited,2026-08-29
South Eastern Coalfields Limited,Dipka Area,M/s Dipka Expansion Project South Eastern Coal Fields Limited Dipka Area,2026-08-30 01:34:00,2026-08-29 20:04:00,6.08,10.76,36.97,,0.7,site_5664,Thermo Fisher Scientific India Private Limited,2026-08-29
South Eastern Coalfields Limited,Dipka Area,M/s Dipka Expansion Project South Eastern Coal Fields Limited Dipka Area,2026-08-30 01:34:00,2026-08-29 20:04:00,6.14,10.57,31.2,,0.61,site_5664,Thermo Fisher Scientific India Private Limited,2026-08-29
South Eastern Coalfields Limited,Dipka Area,M/s Dipka Expansion Project South Eastern Coal Fields Limited Dipka Area,2026-08-30 01:33:00,2026-08-29 20:03:00,6.36,10.54,32.69,,0.81,site_5664,Thermo Fisher Scientific India Private Limited,2026-08-29
South Eastern Coalfields Limited,Dipka Area,M/s Dipka Expansion Project South Eastern Coal Fields Limited Dipka Area,2026-08-30 01:33:00,2026-08-29 20:03:00,6.34,10.62,31.67,,0.69,site_5664,Thermo Fisher Scientific India Private Limited,2026-08-29
South Eastern Coalfields Limited,Dipka Area,M/s Dipka Expansion Project South Eastern Coal Fields Limited Dipka Area,2026-08-30 01:32:00,2026-08-29 20:02:00,6.2,10.79,40.01,,0.84,site_5664,Thermo Fisher Scientific India Private Limited,2026-08-29
South Eastern Coalfields Limited,Dipka Area,M/s Dipka Expansion Project South Eastern Coal Fields Limited Dipka Area,2026-08-30 01:32:00,2026-08-29 20:02:00,6.04,11.05,33.25,,0.83,site_5664,Thermo Fisher Scientific India Private Limited,2026-08-29
South Eastern Coalfields Limited,Dipka Area,M/s Dipka Expansion Project South Eastern Coal Fields Limited Dipka Area,2026-08-30 01:31:00,2026-08-29 20:01:00,6.04,11.2,39.27,,0.74,site_5664,Thermo Fisher Scientific India Private Limited,2026-08-29
South Eastern Coalfields Limited,Dipka Area,M/s Dipka Expansion Project South Eastern Coal Fields Limited Dipka Area,2026-08-30 01:31:00,2026-08-29 20:01:00,6.17,11.36,34.54,,0.88,site_5664,Thermo Fisher Scientific India Private Limited,2026-08-29
South Eastern Coalfields Limited,"Bilaspur, CHHATTISGARHr",South Eastern Coalfields  Limited - AQMS_H_Q,2026-08-30 01:30:00,2026-08-29 20:00:00,3.29,,8.06,275.53,0.88,site_5592,Swan Environ,2026-08-29
South Eastern Coalfields Limited,Dipka Area,M/s Dipka Expansion Project South Eastern Coal Fields Limited Dipka Area,2026-08-30 01:30:00,2026-08-29 20:00:00,6.24,11.45,41.39,,0.88,site_5664,Thermo Fisher Scientific India Private Limited,2026-08-29
South Eastern Coalfields Limited,Dipka Area,M/s Dipka Expansion Project South Eastern Coal Fields Limited Dipka Area,2026-08-30 01:30:00,2026-08-29 20:00:00,6.4,11.52,35.58,,0.75,site_5664,Thermo Fisher Scientific India Private Limited,2026-08-29
South Eastern Coalfields Limited,Dipka Area,M/s Dipka Expansion Project South Eastern Coal Fields Limited Dipka Area,2026-08-30 01:29:00,2026-08-29 19:59:00,6.58,11.52,40.07,,0.72,site_5664,Thermo Fisher Scientific India Private Limited,2026-08-29
South Eastern Coalfields Limited,Dipka Area,M/s Dipka Expansion Project South Eastern Coal Fields Limited Dipka Area,2026-08-30 01:29:00,2026-08-29 19:59:00,6.74,11.49,30.76,,0.71,site_5664,Thermo Fisher Scientific India Private Limited,2026-08-29
South Eastern Coalfields Limited,Dipka Area,M/s Dipka Expansion Project South Eastern Coal Fields Limited Dipka Area,2026-08-30 01:28:00,2026-08-29 19:58:00,6.97,11.57,32.8,,0.46,site_5664,Thermo Fisher Scientific India Private Limited,2026-08-29
South Eastern Coalfields Limited,Dipka Area,M/s Dipka Expansion Project South Eastern Coal Fields Limited Dipka Area,2026-08-30 01:28:00,2026-08-29 19:58:00,7.29,11.47,31.52,,0.42,site_5664,Thermo Fisher Scientific India Private Limited,2026-08-29
South Eastern Coalfields Limited,Dipka Area,M/s Dipka Expansion Project South Eastern Coal Fields Limited Dipka Area,2026-08-30 01:27:00,2026-08-29 19:57:00,7.6,11.22,32.67,,0.26,site_5664,Thermo Fisher Scientific India Private Limited,2026-08-29
South Eastern Coalfields Limited,Dipka Area,M/s Dipka Expansion Project South Eastern Coal Fields Limited Dipka Area,2026-08-30 01:27:00,2026-08-29 19:57:00,7.81,11.04,36.14,,0.39,site_5664,Thermo Fisher Scientific India Private Limited,2026-08-29
South Eastern Coalfields Limited,Dipka Area,M/s Dipka Expansion Project South Eastern Coal Fields Limited Dipka Area,2026-08-30 01:26:00,2026-08-29 19:56:00,8.15,10.83,35.36,,0.35,site_5664,Thermo Fisher Scientific India Private Limited,2026-08-29
South Eastern Coalfields Limited,Dipka Area,M/s Dipka Expansion Project South Eastern Coal Fields Limited Dipka Area,2026-08-30 01:26:00,2026-08-29 19:56:00,8.45,10.64,31.63,,0.39,site_5664,Thermo Fisher Scientific India Private Limited,2026-08-29
South Eastern Coalfields Limited,Dipka Area,M/s Dipka Expansion Project South Eastern Coal Fields Limited Dipka Area,2026-08-30 01:25:00,2026-08-29 19:55:00,8.82,10.37,37.29,,0.43,site_5664,Thermo Fisher Scientific India Private Limited,2026-08-29
South Eastern Coalfields Limited,"Gevra , Chattisgarh",SECL GEVRA,2026-08-30 01:25:00,2026-08-30 01:15:00,33.9,61.25,13.35,8.69,0.69,site_,Envea India Pvt Ltd,2026-08-30
South Eastern Coalfields Limited,Dipka Area,M/s Dipka Expansion Project South Eastern Coal Fields Limited Dipka Area,2026-08-30 01:25:00,2026-08-29 19:55:00,9.05,10.35,34.28,,0.54,site_5664,Thermo Fisher Scientific India Private Limited,2026-08-29
South Eastern Coalfields Limited,Dipka Area,M/s Dipka Expansion Project South Eastern Coal Fields Limited Dipka Area,2026-08-30 01:24:00,2026-08-29 19:54:00,9.25,10.43,34.1,,0.53,site_5664,Thermo Fisher Scientific India Private Limited,2026-08-29
South Eastern Coalfields Limited,Dipka Area,M/s Dipka Expansion Project South Eastern Coal Fields Limited Dipka Area,2026-08-30 01:24:00,2026-08-29 19:54:00,9.59,10.37,36.33,,0.58,site_5664,Thermo Fisher Scientific India Private Limited,2026-08-29
South Eastern Coalfields Limited,Dipka Area,M/s Dipka Expansion Project South Eastern Coal Fields Limited Dipka Area,2026-08-30 01:23:00,2026-08-29 19:53:00,10.01,10.29,37.18,,0.63,site_5664,Thermo Fisher Scientific India Private Limited,2026-08-29
South Eastern Coalfields Limited,Dipka Area,M/s Dipka Expansion Project South Eastern Coal Fields Limited Dipka Area,2026-08-30 01:23:00,2026-08-29 19:53:00,10.36,10.13,36.63,,0.76,site_5664,Thermo Fisher Scientific India Private Limited,2026-08-29
South Eastern Coalfields Limited,Dipka Area,M/s Dipka Expansion Project South Eastern Coal Fields Limited Dipka Area,2026-08-30 01:22:00,2026-08-29 19:52:00,10.31,10.0,38.01,,0.8,site_5664,Thermo Fisher Scientific India Private Limited,2026-08-29
South Eastern Coalfields Limited,Dipka Area,M/s Dipka Expansion Project South Eastern Coal Fields Limited Dipka Area,2026-08-30 01:22:00,2026-08-29 19:52:00,10.14,9.79,31.17,,0.61,site_5664,Thermo Fisher Scientific India Private Limited,2026-08-29
South Eastern Coalfields Limited,Dipka Area,M/s Dipka Expansion Project South Eastern Coal Fields Limited Dipka Area,2026-08-30 01:21:00,2026-08-29 19:51:00,9.81,9.62,38.16,,0.54,site_5664,Thermo Fisher Scientific India Private Limited,2026-08-29
South Eastern Coalfields Limited,Dipka Area,M/s Dipka Expansion Project South Eastern Coal Fields Limited Dipka Area,2026-08-30 01:21:00,2026-08-29 19:51:00,9.35,9.58,33.03,,0.48,site_5664,Thermo Fisher Scientific India Private Limited,2026-08-29
South Eastern Coalfields Limited,Dipka Area,M/s Dipka Expansion Project South Eastern Coal Fields Limited Dipka Area,2026-08-30 01:20:00,2026-08-29 19:50:00,8.77,9.52,40.45,,0.45,site_5664,Thermo Fisher Scientific India Private Limited,2026-08-29
South Eastern Coalfields Limited,Dipka Area,M/s Dipka Expansion Project South Eastern Coal Fields Limited Dipka Area,2026-08-30 01:20:00,2026-08-29 19:50:00,8.27,9.54,41.02,,0.4,site_5664,Thermo Fisher Scientific India Private Limited,2026-08-29
South Eastern Coalfields Limited,Dipka Area,M/s Dipka Expansion Project South Eastern Coal Fields Limited Dipka Area,2026-08-30 01:19:00,2026-08-29 19:49:00,7.97,9.45,37.02,,0.41,site_5664,Thermo Fisher Scientific India Private Limited,2026-08-29
South Eastern Coalfields Limited,Dipka Area,M/s Dipka Expansion Project South Eastern Coal Fields Limited Dipka Area,2026-08-30 01:19:00,2026-08-29 19:49:00,7.65,9.34,36.94,,0.36,site_5664,Thermo Fisher Scientific India Private Limited,2026-08-29
South Eastern Coalfields Limited,Dipka Area,M/s Dipka Expansion Project South Eastern Coal Fields Limited Dipka Area,2026-08-30 01:18:00,2026-08-29 19:48:00,7.25,9.2,34.16,,0.35,site_5664,Thermo Fisher Scientific India Private Limited,2026-08-29
South Eastern Coalfields Limited,Dipka Area,M/s Dipka Expansion Project South Eastern Coal Fields Limited Dipka Area,2026-08-30 01:18:00,2026-08-29 19:48:00,6.89,8.99,31.3,,0.14,site_5664,Thermo Fisher Scientific India Private Limited,2026-08-29
South Eastern Coalfields Limited,Dipka Area,M/s Dipka Expansion Project South Eastern Coal Fields Limited Dipka Area,2026-08-30 01:17:00,2026-08-29 19:47:00,6.52,8.79,36.65,,0.23,site_5664,Thermo Fisher Scientific India Private Limited,2026-08-29
South Eastern Coalfields Limited,Dipka Area,M/s Dipka Expansion Project South Eastern Coal Fields Limited Dipka Area,2026-08-30 01:17:00,2026-08-29 19:47:00,6.14,8.66,31.02,,0.22,site_5664,Thermo Fisher Scientific India Private Limited,2026-08-29
South Eastern Coalfields Limited,Dipka Area,M/s Dipka Expansion Project South Eastern Coal Fields Limited Dipka Area,2026-08-30 01:16:00,2026-08-29 19:46:00,5.68,8.67,35.52,,0.38,site_5664,Thermo Fisher Scientific India Private Limited,2026-08-29
South Eastern Coalfields Limited,Dipka Area,M/s Dipka Expansion Project South Eastern Coal Fields Limited Dipka Area,2026-08-30 01:16:00,2026-08-29 19:46:00,5.36,8.77,30.51,,0.31,site_5664,Thermo Fisher Scientific India Private Limited,2026-08-29
South Eastern Coalfields Limited,Dipka Area,M/s Dipka Expansion Project South Eastern Coal Fields Limited Dipka Area,2026-08-30 01:15:00,2026-08-29 19:45:00,5.16,9.1,35.04,,0.35,site_5664,Thermo Fisher Scientific India Private Limited,2026-08-29
South Eastern Coalfields Limited,Dipka Area,M/s Dipka Expansion Project South Eastern Coal Fields Limited Dipka Area,2026-08-30 01:15:00,2026-08-29 19:45:00,5.04,9.5,34.92,,0.41,site_5664,Thermo Fisher Scientific India Private Limited,2026-08-29
South Eastern Coalfields Limited,"Bilaspur, CHHATTISGARHr",South Eastern Coalfields  Limited - AQMS_H_Q,2026-08-30 01:15:00,2026-08-29 19:44:00,3.3,,8.7,263.23,0.83,site_5592,Swan Environ,2026-08-29
South Eastern Coalfields Limited,Dipka Area,M/s Dipka Expansion Project South Eastern Coal Fields Limited Dipka Area,2026-08-30 01:14:00,2026-08-29 19:44:00,4.72,9.99,39.17,,0.26,site_5664,Thermo Fisher Scientific India Private Limited,2026-08-29
South Eastern Coalfields Limited,Dipka Area,M/s Dipka Expansion Project South Eastern Coal Fields Limited Dipka Area,2026-08-30 01:14:00,2026-08-29 19:44:00,4.34,10.35,38.34,,0.29,site_5664,Thermo Fisher Scientific India Private Limited,2026-08-29
South Eastern Coalfields Limited,Dipka Area,M/s Dipka Expansion Project South Eastern Coal Fields Limited Dipka Area,2026-08-30 01:13:00,2026-08-29 19:43:00,3.87,10.69,35.32,,0.46,site_5664,Thermo Fisher Scientific India Private Limited,2026-08-29
South Eastern Coalfields Limited,Dipka Area,M/s Dipka Expansion Project South Eastern Coal Fields Limited Dipka Area,2026-08-30 01:13:00,2026-08-29 19:43:00,3.42,10.87,40.51,,0.53,site_5664,Thermo Fisher Scientific India Private Limited,2026-08-29
South Eastern Coalfields Limited,Dipka Area,M/s Dipka Expansion Project South Eastern Coal Fields Limited Dipka Area,2026-08-30 01:12:00,2026-08-29 19:42:00,2.78,10.86,39.93,,0.43,site_5664,Thermo Fisher Scientific India Private Limited,2026-08-29
South Eastern Coalfields Limited,Dipka Area,M/s Dipka Expansion Project South Eastern Coal Fields Limited Dipka Area,2026-08-30 01:12:00,2026-08-29 19:42:00,2.27,10.79,39.43,,0.42,site_5664,Thermo Fisher Scientific India Private Limited,2026-08-29
South Eastern Coalfields Limited,Dipka Area,M/s Dipka Expansion Project South Eastern Coal Fields Limited Dipka Area,2026-08-30 01:11:00,2026-08-29 19:41:00,1.77,10.71,34.96,,0.43,site_5664,Thermo Fisher Scientific India Private Limited,2026-08-29
South Eastern Coalfields Limited,Dipka Area,M/s Dipka Expansion Project South Eastern Coal Fields Limited Dipka Area,2026-08-30 01:11:00,2026-08-29 19:41:00,1.38,10.69,34.92,,0.55,site_5664,Thermo Fisher Scientific India Private Limited,2026-08-29
South Eastern Coalfields Limited,Dipka Area,M/s Dipka Expansion Project South Eastern Coal Fields Limited Dipka Area,2026-08-30 01:10:00,2026-08-29 19:40:00,1.04,10.73,37.65,,0.57,site_5664,Thermo Fisher Scientific India Private Limited,2026-08-29
South Eastern Coalfields Limited,"Gevra , Chattisgarh",SECL GEVRA,2026-08-30 01:10:00,2026-08-30 01:00:00,47.2,84.34,14.09,10.66,1.0,site_,Envea India Pvt Ltd,2026-08-30
South Eastern Coalfields Limited,Dipka Area,M/s Dipka Expansion Project South Eastern Coal Fields Limited Dipka Area,2026-08-30 01:10:00,2026-08-29 19:40:00,0.88,10.84,36.7,,0.6,site_5664,Thermo Fisher Scientific India Private Limited,2026-08-29
South Eastern Coalfields Limited,Dipka Area,M/s Dipka Expansion Project South Eastern Coal Fields Limited Dipka Area,2026-08-30 01:09:00,2026-08-29 19:39:00,0.86,11.0,38.87,,0.81,site_5664,Thermo Fisher Scientific India Private Limited,2026-08-29
South Eastern Coalfields Limited,Dipka Area,M/s Dipka Expansion Project South Eastern Coal Fields Limited Dipka Area,2026-08-30 01:09:00,2026-08-29 19:39:00,0.88,11.17,33.16,,0.77,site_5664,Thermo Fisher Scientific India Private Limited,2026-08-29
South Eastern Coalfields Limited,Dipka Area,M/s Dipka Expansion Project South Eastern Coal Fields Limited Dipka Area,2026-08-30 01:08:00,2026-08-29 19:38:00,0.98,11.29,33.49,,0.67,site_5664,Thermo Fisher Scientific India Private Limited,2026-08-29
South Eastern Coalfields Limited,Dipka Area,M/s Dipka Expansion Project South Eastern Coal Fields Limited Dipka Area,2026-08-30 01:08:00,2026-08-29 19:38:00,1.24,11.34,38.88,,0.67,site_5664,Thermo Fisher Scientific India Private Limited,2026-08-29
South Eastern Coalfields Limited,Dipka Area,M/s Dipka Expansion Project South Eastern Coal Fields Limited Dipka Area,2026-08-30 01:07:00,2026-08-29 19:37:00,1.7,11.29,41.45,,0.76,site_5664,Thermo Fisher Scientific India Private Limited,2026-08-29
South Eastern Coalfields Limited,Dipka Area,M/s Dipka Expansion Project South Eastern Coal Fields Limited Dipka Area,2026-08-30 01:07:00,2026-08-29 19:37:00,2.09,11.25,35.24,,0.87,site_5664,Thermo Fisher Scientific India Private Limited,2026-08-29
South Eastern Coalfields Limited,Dipka Area,M/s Dipka Expansion Project South Eastern Coal Fields Limited Dipka Area,2026-08-30 01:06:00,2026-08-29 19:36:00,2.68,11.33,33.25,,0.85,site_5664,Thermo Fisher Scientific India Private Limited,2026-08-29
South Eastern Coalfields Limited,Dipka Area,M/s Dipka Expansion Project South Eastern Coal Fields Limited Dipka Area,2026-08-30 01:06:00,2026-08-29 19:36:00,3.17,11.3,33.53,,0.71,site_5664,Thermo Fisher Scientific India Private Limited,2026-08-29
South Eastern Coalfields Limited,Dipka Area,M/s Dipka Expansion Project South Eastern Coal Fields Limited Dipka Area,2026-08-30 01:05:00,2026-08-29 19:35:00,3.71,11.38,35.22,,0.82,site_5664,Thermo Fisher Scientific India Private Limited,2026-08-29
South Eastern Coalfields Limited,Dipka Area,M/s Dipka Expansion Project South Eastern Coal Fields Limited Dipka Area,2026-08-30 01:05:00,2026-08-29 19:35:00,4.19,11.47,37.08,,0.79,site_5664,Thermo Fisher Scientific India Private Limited,2026-08-29
South Eastern Coalfields Limited,Dipka Area,M/s Dipka Expansion Project South Eastern Coal Fields Limited Dipka Area,2026-08-30 01:04:00,2026-08-29 19:34:00,4.61,11.58,36.24,,0.81,site_5664,Thermo Fisher Scientific India Private Limited,2026-08-29
South Eastern Coalfields Limited,Dipka Area,M/s Dipka Expansion Project South Eastern Coal Fields Limited Dipka Area,2026-08-30 01:04:00,2026-08-29 19:34:00,4.89,11.51,36.35,,0.79,site_5664,Thermo Fisher Scientific India Private Limited,2026-08-29
South Eastern Coalfields Limited,Dipka Area,M/s Dipka Expansion Project South Eastern Coal Fields Limited Dipka Area,2026-08-30 01:03:00,2026-08-29 19:33:00,5.12,11.34,33.46,,0.71,site_5664,Thermo Fisher Scientific India Private Limited,2026-08-29
South Eastern Coalfields Limited,Dipka Area,M/s Dipka Expansion Project South Eastern Coal Fields Limited Dipka Area,2026-08-30 01:03:00,2026-08-29 19:33:00,5.25,11.29,36.58,,0.74,site_5664,Thermo Fisher Scientific India Private Limited,2026-08-29
South Eastern Coalfields Limited,Dipka Area,M/s Dipka Expansion Project South Eastern Coal Fields Limited Dipka Area,2026-08-30 01:02:00,2026-08-29 19:32:00,5.47,11.25,34.09,,0.63,site_5664,Thermo Fisher Scientific India Private Limited,2026-08-29
South Eastern Coalfields Limited,Dipka Area,M/s Dipka Expansion Project South Eastern Coal Fields Limited Dipka Area,2026-08-30 01:02:00,2026-08-29 19:32:00,5.65,11.21,31.88,,0.56,site_5664,Thermo Fisher Scientific India Private Limited,2026-08-29
South Eastern Coalfields Limited,Dipka Area,M/s Dipka Expansion Project South Eastern Coal Fields Limited Dipka Area,2026-08-30 01:01:00,2026-08-29 19:31:00,5.86,11.16,33.29,,0.42,site_5664,Thermo Fisher Scientific India Private Limited,2026-08-29
South Eastern Coalfields Limited,Dipka Area,M/s Dipka Expansion Project South Eastern Coal Fields Limited Dipka Area,2026-08-30 01:01:00,2026-08-29 19:31:00,6.16,11.12,31.56,,0.5,site_5664,Thermo Fisher Scientific India Private Limited,2026-08-29
South Eastern Coalfields Limited,Dipka Area,M/s Dipka Expansion Project South Eastern Coal Fields Limited Dipka Area,2026-08-30 01:00:00,2026-08-29 19:30:00,6.43,11.1,31.02,,0.34,site_5664,Thermo Fisher Scientific India Private Limited,2026-08-29
South Eastern Coalfields Limited,"Bilaspur, CHHATTISGARHr",South Eastern Coalfields  Limited - AQMS_H_Q,2026-08-30 01:00:00,2026-08-29 19:29:00,3.51,,8.89,243.33,0.6,site_5592,Swan Environ,2026-08-29
South Eastern Coalfields Limited,Dipka Area,M/s Dipka Expansion Project South Eastern Coal Fields Limited Dipka Area,2026-08-30 00:59:00,2026-08-29 19:29:00,6.68,11.28,37.85,,0.18,site_5664,Thermo Fisher Scientific India Private Limited,2026-08-29
South Eastern Coalfields Limited,Dipka Area,M/s Dipka Expansion Project South Eastern Coal Fields Limited Dipka Area,2026-08-30 00:59:00,2026-08-29 19:29:00,6.72,11.27,35.87,,0.33,site_5664,Thermo Fisher Scientific India Private Limited,2026-08-29
South Eastern Coalfields Limited,Dipka Area,M/s Dipka Expansion Project South Eastern Coal Fields Limited Dipka Area,2026-08-30 00:58:00,2026-08-29 19:28:00,6.84,11.22,29.53,,0.41,site_5664,Thermo Fisher Scientific India Private Limited,2026-08-29
South Eastern Coalfields Limited,Dipka Area,M/s Dipka Expansion Project South Eastern Coal Fields Limited Dipka Area,2026-08-30 00:58:00,2026-08-29 19:28:00,6.84,11.21,39.49,,0.39,site_5664,Thermo Fisher Scientific India Private Limited,2026-08-29
South Eastern Coalfields Limited,Dipka Area,M/s Dipka Expansion Project South Eastern Coal Fields Limited Dipka Area,2026-08-30 00:57:00,2026-08-29 19:27:00,6.83,11.16,37.84,,0.34,site_5664,Thermo Fisher Scientific India Private Limited,2026-08-29
South Eastern Coalfields Limited,Dipka Area,M/s Dipka Expansion Project South Eastern Coal Fields Limited Dipka Area,2026-08-30 00:57:00,2026-08-29 19:27:00,6.79,11.1,35.4,,0.49,site_5664,Thermo Fisher Scientific India Private Limited,2026-08-29
South Eastern Coalfields Limited,Dipka Area,M/s Dipka Expansion Project South Eastern Coal Fields Limited Dipka Area,2026-08-30 00:56:00,2026-08-29 19:26:00,6.66,10.91,33.97,,0.58,site_5664,Thermo Fisher Scientific India Private Limited,2026-08-29
South Eastern Coalfields Limited,Dipka Area,M/s Dipka Expansion Project South Eastern Coal Fields Limited Dipka Area,2026-08-30 00:56:00,2026-08-29 19:26:00,6.6,10.85,32.47,,0.48,site_5664,Thermo Fisher Scientific India Private Limited,2026-08-29
South Eastern Coalfields Limited,Dipka Area,M/s Dipka Expansion Project South Eastern Coal Fields Limited Dipka Area,2026-08-30 00:55:00,2026-08-29 19:25:00,6.56,10.74,35.98,,0.53,site_5664,Thermo Fisher Scientific India Private Limited,2026-08-29
South Eastern Coalfields Limited,"Gevra , Chattisgarh",SECL GEVRA,2026-08-30 00:55:00,2026-08-30 00:45:00,54.6,97.29,14.5,11.76,1.18,site_,Envea India Pvt Ltd,2026-08-30
South Eastern Coalfields Limited,Dipka Area,M/s Dipka Expansion Project South Eastern Coal Fields Limited Dipka Area,2026-08-30 00:55:00,2026-08-29 19:25:00,6.56,10.54,32.66,,0.61,site_5664,Thermo Fisher Scientific India Private Limited,2026-08-29
South Eastern Coalfields Limited,Dipka Area,M/s Dipka Expansion Project South Eastern Coal Fields Limited Dipka Area,2026-08-30 00:54:00,2026-08-29 19:24:00,6.75,10.27,33.47,,0.63,site_5664,Thermo Fisher Scientific India Private Limited,2026-08-29
South Eastern Coalfields Limited,Dipka Area,M/s Dipka Expansion Project South Eastern Coal Fields Limited Dipka Area,2026-08-30 00:54:00,2026-08-29 19:24:00,6.98,10.07,34.49,,0.44,site_5664,Thermo Fisher Scientific India Private Limited,2026-08-29
South Eastern Coalfields Limited,Dipka Area,M/s Dipka Expansion Project South Eastern Coal Fields Limited Dipka Area,2026-08-30 00:53:00,2026-08-29 19:23:00,7.33,9.82,37.5,,0.31,site_5664,Thermo Fisher Scientific India Private Limited,2026-08-29
South Eastern Coalfields Limited,Dipka Area,M/s Dipka Expansion Project South Eastern Coal Fields Limited Dipka Area,2026-08-30 00:53:00,2026-08-29 19:23:00,7.63,9.53,35.89,,0.3,site_5664,Thermo Fisher Scientific India Private Limited,2026-08-29
South Eastern Coalfields Limited,Dipka Area,M/s Dipka Expansion Project South Eastern Coal Fields Limited Dipka Area,2026-08-30 00:52:00,2026-08-29 19:22:00,7.99,9.32,35.05,,0.29,site_5664,Thermo Fisher Scientific India Private Limited,2026-08-29
South Eastern Coalfields Limited,Dipka Area,M/s Dipka Expansion Project South Eastern Coal Fields Limited Dipka Area,2026-08-30 00:52:00,2026-08-29 19:22:00,8.26,9.34,33.58,,0.26,site_5664,Thermo Fisher Scientific India Private Limited,2026-08-29
South Eastern Coalfields Limited,Dipka Area,M/s Dipka Expansion Project South Eastern Coal Fields Limited Dipka Area,2026-08-30 00:51:00,2026-08-29 19:21:00,8.23,9.41,30.78,,0.27,site_5664,Thermo Fisher Scientific India Private Limited,2026-08-29
South Eastern Coalfields Limited,Dipka Area,M/s Dipka Expansion Project South Eastern Coal Fields Limited Dipka Area,2026-08-30 00:51:00,2026-08-29 19:21:00,8.24,9.46,35.18,,0.36,site_5664,Thermo Fisher Scientific India Private Limited,2026-08-29
South Eastern Coalfields Limited,Dipka Area,M/s Dipka Expansion Project South Eastern Coal Fields Limited Dipka Area,2026-08-30 00:50:00,2026-08-29 19:20:00,8.26,9.54,40.64,,0.41,site_5664,Thermo Fisher Scientific India Private Limited,2026-08-29
South Eastern Coalfields Limited,Dipka Area,M/s Dipka Expansion Project South Eastern Coal Fields Limited Dipka Area,2026-08-30 00:50:00,2026-08-29 19:20:00,8.21,9.62,41.9,,0.31,site_5664,Thermo Fisher Scientific India Private Limited,2026-08-29
South Eastern Coalfields Limited,Dipka Area,M/s Dipka Expansion Project South Eastern Coal Fields Limited Dipka Area,2026-08-30 00:49:00,2026-08-29 19:19:00,7.92,9.55,37.86,,0.29,site_5664,Thermo Fisher Scientific India Private Limited,2026-08-29
South Eastern Coalfields Limited,Dipka Area,M/s Dipka Expansion Project South Eastern Coal Fields Limited Dipka Area,2026-08-30 00:49:00,2026-08-29 19:19:00,7.59,9.41,36.31,,0.36,site_5664,Thermo Fisher Scientific India Private Limited,2026-08-29
South Eastern Coalfields Limited,Dipka Area,M/s Dipka Expansion Project South Eastern Coal Fields Limited Dipka Area,2026-08-30 00:48:00,2026-08-29 19:18:00,7.48,9.26,34.0,,0.37,site_5664,Thermo Fisher Scientific India Private Limited,2026-08-29
South Eastern Coalfields Limited,Dipka Area,M/s Dipka Expansion Project South Eastern Coal Fields Limited Dipka Area,2026-08-30 00:48:00,2026-08-29 19:18:00,7.35,8.94,37.06,,0.36,site_5664,Thermo Fisher Scientific India Private Limited,2026-08-29
South Eastern Coalfields Limited,Dipka Area,M/s Dipka Expansion Project South Eastern Coal Fields Limited Dipka Area,2026-08-30 00:47:00,2026-08-29 19:17:00,7.04,8.42,37.1,,0.44,site_5664,Thermo Fisher Scientific India Private Limited,2026-08-29
South Eastern Coalfields Limited,Dipka Area,M/s Dipka Expansion Project South Eastern Coal Fields Limited Dipka Area,2026-08-30 00:47:00,2026-08-29 19:17:00,6.74,8.11,30.35,,0.4,site_5664,Thermo Fisher Scientific India Private Limited,2026-08-29
South Eastern Coalfields Limited,Dipka Area,M/s Dipka Expansion Project South Eastern Coal Fields Limited Dipka Area,2026-08-30 00:46:00,2026-08-29 19:16:00,6.31,7.78,31.61,,0.31,site_5664,Thermo Fisher Scientific India Private Limited,2026-08-29
South Eastern Coalfields Limited,Dipka Area,M/s Dipka Expansion Project South Eastern Coal Fields Limited Dipka Area,2026-08-30 00:46:00,2026-08-29 19:16:00,6.02,7.49,32.73,,0.26,site_5664,Thermo Fisher Scientific India Private Limited,2026-08-29
South Eastern Coalfields Limited,Dipka Area,M/s Dipka Expansion Project South Eastern Coal Fields Limited Dipka Area,2026-08-30 00:45:00,2026-08-29 19:15:00,5.66,7.19,31.02,,0.17,site_5664,Thermo Fisher Scientific India Private Limited,2026-08-29
South Eastern Coalfields Limited,"Bilaspur, CHHATTISGARHr",South Eastern Coalfields  Limited - AQMS_H_Q,2026-08-30 00:45:00,2026-08-29 19:14:00,3.39,,9.84,270.0,0.59,site_5592,Swan Environ,2026-08-29
South Eastern Coalfields Limited,Dipka Area,M/s Dipka Expansion Project South Eastern Coal Fields Limited Dipka Area,2026-08-30 00:45:00,2026-08-29 19:15:00,5.31,7.11,35.5,,0.16,site_5664,Thermo Fisher Scientific India Private Limited,2026-08-29
South Eastern Coalfields Limited,Dipka Area,M/s Dipka Expansion Project South Eastern Coal Fields Limited Dipka Area,2026-08-30 00:44:00,2026-08-29 19:14:00,4.91,7.22,32.87,,0.16,site_5664,Thermo Fisher Scientific India Private Limited,2026-08-29
South Eastern Coalfields Limited,Dipka Area,M/s Dipka Expansion Project South Eastern Coal Fields Limited Dipka Area,2026-08-30 00:44:00,2026-08-29 19:14:00,4.54,7.2,38.57,,0.31,site_5664,Thermo Fisher Scientific India Private Limited,2026-08-29
South Eastern Coalfields Limited,Dipka Area,M/s Dipka Expansion Project South Eastern Coal Fields Limited Dipka Area,2026-08-30 00:43:00,2026-08-29 19:13:00,4.15,7.31,38.39,,0.37,site_5664,Thermo Fisher Scientific India Private Limited,2026-08-29
South Eastern Coalfields Limited,Dipka Area,M/s Dipka Expansion Project South Eastern Coal Fields Limited Dipka Area,2026-08-30 00:43:00,2026-08-29 19:13:00,3.67,7.55,32.35,,0.31,site_5664,Thermo Fisher Scientific India Private Limited,2026-08-29
South Eastern Coalfields Limited,Dipka Area,M/s Dipka Expansion Project South Eastern Coal Fields Limited Dipka Area,2026-08-30 00:42:00,2026-08-29 19:12:00,3.03,7.83,32.08,,0.25,site_5664,Thermo Fisher Scientific India Private Limited,2026-08-29
South Eastern Coalfields Limited,Dipka Area,M/s Dipka Expansion Project South Eastern Coal Fields Limited Dipka Area,2026-08-30 00:42:00,2026-08-29 19:12:00,2.48,8.07,36.74,,0.3,site_5664,Thermo Fisher Scientific India Private Limited,2026-08-29
South Eastern Coalfields Limited,Dipka Area,M/s Dipka Expansion Project South Eastern Coal Fields Limited Dipka Area,2026-08-30 00:41:00,2026-08-29 19:11:00,1.62,8.17,34.51,,0.29,site_5664,Thermo Fisher Scientific India Private Limited,2026-08-29
South Eastern Coalfields Limited,Dipka Area,M/s Dipka Expansion Project South Eastern Coal Fields Limited Dipka Area,2026-08-30 00:41:00,2026-08-29 19:11:00,0.9,8.17,37.19,,0.27,site_5664,Thermo Fisher Scientific India Private Limited,2026-08-29
South Eastern Coalfields Limited,Dipka Area,M/s Dipka Expansion Project South Eastern Coal Fields Limited Dipka Area,2026-08-30 00:40:00,2026-08-29 19:10:00,0.26,8.15,31.49,,0.3,site_5664,Thermo Fisher Scientific India Private Limited,2026-08-29
South Eastern Coalfields Limited,"Gevra , Chattisgarh",SECL GEVRA,2026-08-30 00:40:00,2026-08-30 00:30:00,52.4,93.52,14.38,11.44,1.13,site_,Envea India Pvt Ltd,2026-08-30
South Eastern Coalfields Limited,Dipka Area,M/s Dipka Expansion Project South Eastern Coal Fields Limited Dipka Area,2026-08-30 00:40:00,2026-08-29 19:10:00,0.0,8.04,39.64,,0.3,site_5664,Thermo Fisher Scientific India Private Limited,2026-08-29
South Eastern Coalfields Limited,Dipka Area,M/s Dipka Expansion Project South Eastern Coal Fields Limited Dipka Area,2026-08-30 00:39:00,2026-08-29 19:09:00,0.0,7.9,32.92,,0.33,site_5664,Thermo Fisher Scientific India Private Limited,2026-08-29
South Eastern Coalfields Limited,Dipka Area,M/s Dipka Expansion Project South Eastern Coal Fields Limited Dipka Area,2026-08-30 00:39:00,2026-08-29 19:09:00,0.0,7.74,33.87,,0.22,site_5664,Thermo Fisher Scientific India Private Limited,2026-08-29
South Eastern Coalfields Limited,Dipka Area,M/s Dipka Expansion Project South Eastern Coal Fields Limited Dipka Area,2026-08-30 00:38:00,2026-08-29 19:08:00,0.0,7.8,36.5,,0.26,site_5664,Thermo Fisher Scientific India Private Limited,2026-08-29
South Eastern Coalfields Limited,Dipka Area,M/s Dipka Expansion Project South Eastern Coal Fields Limited Dipka Area,2026-08-30 00:38:00,2026-08-29 19:08:00,0.0,8.04,32.56,,0.38,site_5664,Thermo Fisher Scientific India Private Limited,2026-08-29
South Eastern Coalfields Limited,Dipka Area,M/s Dipka Expansion Project South Eastern Coal Fields Limited Dipka Area,2026-08-30 00:37:00,2026-08-29 19:07:00,0.0,8.19,37.05,,0.53,site_5664,Thermo Fisher Scientific India Private Limited,2026-08-29
South Eastern Coalfields Limited,Dipka Area,M/s Dipka Expansion Project South Eastern Coal Fields Limited Dipka Area,2026-08-30 00:37:00,2026-08-29 19:07:00,0.0,8.24,40.85,,0.49,site_5664,Thermo Fisher Scientific India Private Limited,2026-08-29
South Eastern Coalfields Limited,Dipka Area,M/s Dipka Expansion Project South Eastern Coal Fields Limited Dipka Area,2026-08-30 00:36:00,2026-08-29 19:06:00,0.0,8.35,35.98,,0.5,site_5664,Thermo Fisher Scientific India Private Limited,2026-08-29
South Eastern Coalfields Limited,Dipka Area,M/s Dipka Expansion Project South Eastern Coal Fields Limited Dipka Area,2026-08-30 00:36:00,2026-08-29 19:06:00,0.0,8.41,34.23,,0.61,site_5664,Thermo Fisher Scientific India Private Limited,2026-08-29
South Eastern Coalfields Limited,Dipka Area,M/s Dipka Expansion Project South Eastern Coal Fields Limited Dipka Area,2026-08-30 00:35:00,2026-08-29 19:05:00,0.14,8.32,36.16,,0.47,site_5664,Thermo Fisher Scientific India Private Limited,2026-08-29
South Eastern Coalfields Limited,Dipka Area,M/s Dipka Expansion Project South Eastern Coal Fields Limited Dipka Area,2026-08-30 00:35:00,2026-08-29 19:05:00,0.8,8.17,31.9,,0.52,site_5664,Thermo Fisher Scientific India Private Limited,2026-08-29
South Eastern Coalfields Limited,Dipka Area,M/s Dipka Expansion Project South Eastern Coal Fields Limited Dipka Area,2026-08-30 00:34:00,2026-08-29 19:04:00,1.54,8.11,39.16,,0.53,site_5664,Thermo Fisher Scientific India Private Limited,2026-08-29
South Eastern Coalfields Limited,Dipka Area,M/s Dipka Expansion Project South Eastern Coal Fields Limited Dipka Area,2026-08-30 00:34:00,2026-08-29 19:04:00,2.3,8.11,34.77,,0.54,site_5664,Thermo Fisher Scientific India Private Limited,2026-08-29
South Eastern Coalfields Limited,Dipka Area,M/s Dipka Expansion Project South Eastern Coal Fields Limited Dipka Area,2026-08-30 00:33:00,2026-08-29 19:03:00,2.98,8.11,33.96,,0.55,site_5664,Thermo Fisher Scientific India Private Limited,2026-08-29
South Eastern Coalfields Limited,Dipka Area,M/s Dipka Expansion Project South Eastern Coal Fields Limited Dipka Area,2026-08-30 00:33:00,2026-08-29 19:03:00,3.51,8.11,33.51,,0.5,site_5664,Thermo Fisher Scientific India Private Limited,2026-08-29
South Eastern Coalfields Limited,Dipka Area,M/s Dipka Expansion Project South Eastern Coal Fields Limited Dipka Area,2026-08-30 00:32:00,2026-08-29 19:02:00,4.26,8.11,36.32,,0.38,site_5664,Thermo Fisher Scientific India Private Limited,2026-08-29
South Eastern Coalfields Limited,Dipka Area,M/s Dipka Expansion Project South Eastern Coal Fields Limited Dipka Area,2026-08-30 00:32:00,2026-08-29 19:02:00,4.94,8.11,33.03,,0.35,site_5664,Thermo Fisher Scientific India Private Limited,2026-08-29
South Eastern Coalfields Limited,Dipka Area,M/s Dipka Expansion Project South Eastern Coal Fields Limited Dipka Area,2026-08-30 00:31:00,2026-08-29 19:01:00,5.44,8.11,32.12,,0.44,site_5664,Thermo Fisher Scientific India Private Limited,2026-08-29
South Eastern Coalfields Limited,Dipka Area,M/s Dipka Expansion Project South Eastern Coal Fields Limited Dipka Area,2026-08-30 00:31:00,2026-08-29 19:01:00,5.84,8.11,28.07,,0.34,site_5664,Thermo Fisher Scientific India Private Limited,2026-08-29
South Eastern Coalfields Limited,Dipka Area,M/s Dipka Expansion Project South Eastern Coal Fields Limited Dipka Area,2026-08-30 00:30:00,2026-08-29 19:00:00,6.23,8.11,34.38,,0.44,site_5664,Thermo Fisher Scientific India Private Limited,2026-08-29
South Eastern Coalfields Limited,"Bilaspur, CHHATTISGARHr",South Eastern Coalfields  Limited - AQMS_H_Q,2026-08-30 00:30:00,2026-08-29 18:59:00,3.42,,11.22,269.39,0.38,site_5592,Swan Environ,2026-08-29
South Eastern Coalfields Limited,Dipka Area,M/s Dipka Expansion Project South Eastern Coal Fields Limited Dipka Area,2026-08-30 00:30:00,2026-08-29 19:00:00,6.52,8.11,34.83,,0.45,site_5664,Thermo Fisher Scientific India Private Limited,2026-08-29
South Eastern Coalfields Limited,Dipka Area,M/s Dipka Expansion Project South Eastern Coal Fields Limited Dipka Area,2026-08-30 00:29:00,2026-08-29 18:59:00,6.59,8.11,27.34,,0.43,site_5664,Thermo Fisher Scientific India Private Limited,2026-08-29
South Eastern Coalfields Limited,Dipka Area,M/s Dipka Expansion Project South Eastern Coal Fields Limited Dipka Area,2026-08-30 00:29:00,2026-08-29 18:59:00,6.38,8.11,30.38,,0.41,site_5664,Thermo Fisher Scientific India Private Limited,2026-08-29
South Eastern Coalfields Limited,Dipka Area,M/s Dipka Expansion Project South Eastern Coal Fields Limited Dipka Area,2026-08-30 00:28:00,2026-08-29 18:58:00,6.21,8.11,34.35,,0.28,site_5664,Thermo Fisher Scientific India Private Limited,2026-08-29
South Eastern Coalfields Limited,Dipka Area,M/s Dipka Expansion Project South Eastern Coal Fields Limited Dipka Area,2026-08-30 00:28:00,2026-08-29 18:58:00,6.08,8.11,35.74,,0.36,site_5664,Thermo Fisher Scientific India Private Limited,2026-08-29
South Eastern Coalfields Limited,Dipka Area,M/s Dipka Expansion Project South Eastern Coal Fields Limited Dipka Area,2026-08-30 00:27:00,2026-08-29 18:57:00,6.01,8.11,33.94,,0.46,site_5664,Thermo Fisher Scientific India Private Limited,2026-08-29
South Eastern Coalfields Limited,Dipka Area,M/s Dipka Expansion Project South Eastern Coal Fields Limited Dipka Area,2026-08-30 00:27:00,2026-08-29 18:57:00,5.95,8.11,35.82,,0.44,site_5664,Thermo Fisher Scientific India Private Limited,2026-08-29
South Eastern Coalfields Limited,Dipka Area,M/s Dipka Expansion Project South Eastern Coal Fields Limited Dipka Area,2026-08-30 00:26:00,2026-08-29 18:56:00,5.96,8.11,31.2,,0.44,site_5664,Thermo Fisher Scientific India Private Limited,2026-08-29
South Eastern Coalfields Limited,Dipka Area,M/s Dipka Expansion Project South Eastern Coal Fields Limited Dipka Area,2026-08-30 00:26:00,2026-08-29 18:56:00,6.04,8.11,38.69,,0.51,site_5664,Thermo Fisher Scientific India Private Limited,2026-08-29
South Eastern Coalfields Limited,Dipka Area,M/s Dipka Expansion Project South Eastern Coal Fields Limited Dipka Area,2026-08-30 00:25:00,2026-08-29 18:55:00,6.14,8.11,28.81,,0.46,site_5664,Thermo Fisher Scientific India Private Limited,2026-08-29
South Eastern Coalfields Limited,"Gevra , Chattisgarh",SECL GEVRA,2026-08-30 00:25:00,2026-08-30 00:15:00,28.1,51.29,13.03,7.85,0.55,site_,Envea India Pvt Ltd,2026-08-30
South Eastern Coalfields Limited,Dipka Area,M/s Dipka Expansion Project South Eastern Coal Fields Limited Dipka Area,2026-08-30 00:25:00,2026-08-29 18:55:00,6.2,8.11,31.54,,0.43,site_5664,Thermo Fisher Scientific India Private Limited,2026-08-29
South Eastern Coalfields Limited,Dipka Area,M/s Dipka Expansion Project South Eastern Coal Fields Limited Dipka Area,2026-08-30 00:24:00,2026-08-29 18:54:00,6.12,8.11,35.62,,0.38,site_5664,Thermo Fisher Scientific India Private Limited,2026-08-29
South Eastern Coalfields Limited,Dipka Area,M/s Dipka Expansion Project South Eastern Coal Fields Limited Dipka Area,2026-08-30 00:24:00,2026-08-29 18:54:00,5.92,8.11,35.86,,0.47,site_5664,Thermo Fisher Scientific India Private Limited,2026-08-29
South Eastern Coalfields Limited,Dipka Area,M/s Dipka Expansion Project South Eastern Coal Fields Limited Dipka Area,2026-08-30 00:23:00,2026-08-29 18:53:00,5.56,8.11,41.78,,0.34,site_5664,Thermo Fisher Scientific India Private Limited,2026-08-29
South Eastern Coalfields Limited,Dipka Area,M/s Dipka Expansion Project South Eastern Coal Fields Limited Dipka Area,2026-08-30 00:23:00,2026-08-29 18:53:00,5.1,8.11,37.57,,0.22,site_5664,Thermo Fisher Scientific India Private Limited,2026-08-29
South Eastern Coalfields Limited,Dipka Area,M/s Dipka Expansion Project South Eastern Coal Fields Limited Dipka Area,2026-08-30 00:22:00,2026-08-29 18:52:00,4.68,8.11,29.59,,0.19,site_5664,Thermo Fisher Scientific India Private Limited,2026-08-29
South Eastern Coalfields Limited,Dipka Area,M/s Dipka Expansion Project South Eastern Coal Fields Limited Dipka Area,2026-08-30 00:22:00,2026-08-29 18:52:00,4.33,8.11,32.7,,0.19,site_5664,Thermo Fisher Scientific India Private Limited,2026-08-29
South Eastern Coalfields Limited,Dipka Area,M/s Dipka Expansion Project South Eastern Coal Fields Limited Dipka Area,2026-08-30 00:21:00,2026-08-29 18:51:00,3.78,8.11,34.7,,0.01,site_5664,Thermo Fisher Scientific India Private Limited,2026-08-29
South Eastern Coalfields Limited,Dipka Area,M/s Dipka Expansion Project South Eastern Coal Fields Limited Dipka Area,2026-08-30 00:21:00,2026-08-29 18:51:00,3.42,8.11,36.27,,0.0,site_5664,Thermo Fisher Scientific India Private Limited,2026-08-29
South Eastern Coalfields Limited,Dipka Area,M/s Dipka Expansion Project South Eastern Coal Fields Limited Dipka Area,2026-08-30 00:20:00,2026-08-29 18:50:00,3.33,8.11,38.13,,0.0,site_5664,Thermo Fisher Scientific India Private Limited,2026-08-29
South Eastern Coalfields Limited,Dipka Area,M/s Dipka Expansion Project South Eastern Coal Fields Limited Dipka Area,2026-08-30 00:20:00,2026-08-29 18:50:00,3.49,8.11,37.48,,0.0,site_5664,Thermo Fisher Scientific India Private Limited,2026-08-29
South Eastern Coalfields Limited,Dipka Area,M/s Dipka Expansion Project South Eastern Coal Fields Limited Dipka Area,2026-08-30 00:19:00,2026-08-29 18:49:00,3.56,8.09,34.67,,0.0,site_5664,Thermo Fisher Scientific India Private Limited,2026-08-29
South Eastern Coalfields Limited,Dipka Area,M/s Dipka Expansion Project South Eastern Coal Fields Limited Dipka Area,2026-08-30 00:19:00,2026-08-29 18:49:00,3.55,7.98,34.26,,0.0,site_5664,Thermo Fisher Scientific India Private Limited,2026-08-29
South Eastern Coalfields Limited,Dipka Area,M/s Dipka Expansion Project South Eastern Coal Fields Limited Dipka Area,2026-08-30 00:18:00,2026-08-29 18:48:00,3.63,7.81,35.98,,0.0,site_5664,Thermo Fisher Scientific India Private Limited,2026-08-29
South Eastern Coalfields Limited,Dipka Area,M/s Dipka Expansion Project South Eastern Coal Fields Limited Dipka Area,2026-08-30 00:18:00,2026-08-29 18:48:00,3.8,7.76,35.79,,0.0,site_5664,Thermo Fisher Scientific India Private Limited,2026-08-29
South Eastern Coalfields Limited,Dipka Area,M/s Dipka Expansion Project South Eastern Coal Fields Limited Dipka Area,2026-08-30 00:17:00,2026-08-29 18:47:00,3.93,7.72,35.85,,0.0,site_5664,Thermo Fisher Scientific India Private Limited,2026-08-29
South Eastern Coalfields Limited,Dipka Area,M/s Dipka Expansion Project South Eastern Coal Fields Limited Dipka Area,2026-08-30 00:17:00,2026-08-29 18:47:00,4.03,7.68,36.36,,0.0,site_5664,Thermo Fisher Scientific India Private Limited,2026-08-29
South Eastern Coalfields Limited,Dipka Area,M/s Dipka Expansion Project South Eastern Coal Fields Limited Dipka Area,2026-08-30 00:16:00,2026-08-29 18:46:00,4.11,7.74,36.51,,0.03,site_5664,Thermo Fisher Scientific India Private Limited,2026-08-29
South Eastern Coalfields Limited,Dipka Area,M/s Dipka Expansion Project South Eastern Coal Fields Limited Dipka Area,2026-08-30 00:16:00,2026-08-29 18:46:00,4.31,7.93,36.7,,0.03,site_5664,Thermo Fisher Scientific India Private Limited,2026-08-29
South Eastern Coalfields Limited,"Bilaspur, CHHATTISGARHr",South Eastern Coalfields  Limited - AQMS_H_Q,2026-08-30 00:15:00,2026-08-29 18:44:00,3.36,,12.51,270.0,0.43,site_5592,Swan Environ,2026-08-29
South Eastern Coalfields Limited,Dipka Area,M/s Dipka Expansion Project South Eastern Coal Fields Limited Dipka Area,2026-08-30 00:15:00,2026-08-29 18:45:00,4.75,8.12,35.04,,0.07,site_5664,Thermo Fisher Scientific India Private Limited,2026-08-29
South Eastern Coalfields Limited,Dipka Area,M/s Dipka Expansion Project South Eastern Coal Fields Limited Dipka Area,2026-08-30 00:15:00,2026-08-29 18:45:00,4.97,8.34,36.7,,0.18,site_5664,Thermo Fisher Scientific India Private Limited,2026-08-29
South Eastern Coalfields Limited,Dipka Area,M/s Dipka Expansion Project South Eastern Coal Fields Limited Dipka Area,2026-08-30 00:14:00,2026-08-29 18:44:00,5.17,8.53,35.55,,0.12,site_5664,Thermo Fisher Scientific India Private Limited,2026-08-29
South Eastern Coalfields Limited,Dipka Area,M/s Dipka Expansion Project South Eastern Coal Fields Limited Dipka Area,2026-08-30 00:14:00,2026-08-29 18:44:00,5.34,8.59,35.58,,0.08,site_5664,Thermo Fisher Scientific India Private Limited,2026-08-29
South Eastern Coalfields Limited,Dipka Area,M/s Dipka Expansion Project South Eastern Coal Fields Limited Dipka Area,2026-08-30 00:13:00,2026-08-29 18:43:00,5.66,8.59,31.42,,0.14,site_5664,Thermo Fisher Scientific India Private Limited,2026-08-29
South Eastern Coalfields Limited,Dipka Area,M/s Dipka Expansion Project South Eastern Coal Fields Limited Dipka Area,2026-08-30 00:13:00,2026-08-29 18:43:00,5.85,8.6,33.68,,0.01,site_5664,Thermo Fisher Scientific India Private Limited,2026-08-29
South Eastern Coalfields Limited,Dipka Area,M/s Dipka Expansion Project South Eastern Coal Fields Limited Dipka Area,2026-08-30 00:12:00,2026-08-29 18:42:00,5.86,8.67,38.4,,0.09,site_5664,Thermo Fisher Scientific India Private Limited,2026-08-29
South Eastern Coalfields Limited,Dipka Area,M/s Dipka Expansion Project South Eastern Coal Fields Limited Dipka Area,2026-08-30 00:12:00,2026-08-29 18:42:00,5.93,8.64,39.94,,0.13,site_5664,Thermo Fisher Scientific India Private Limited,2026-08-29
South Eastern Coalfields Limited,Dipka Area,M/s Dipka Expansion Project South Eastern Coal Fields Limited Dipka Area,2026-08-30 00:11:00,2026-08-29 18:41:00,5.95,8.57,38.71,,0.25,site_5664,Thermo Fisher Scientific India Private Limited,2026-08-29
South Eastern Coalfields Limited,Dipka Area,M/s Dipka Expansion Project South Eastern Coal Fields Limited Dipka Area,2026-08-30 00:11:00,2026-08-29 18:41:00,5.84,8.56,37.23,,0.38,site_5664,Thermo Fisher Scientific India Private Limited,2026-08-29
South Eastern Coalfields Limited,Dipka Area,M/s Dipka Expansion Project South Eastern Coal Fields Limited Dipka Area,2026-08-30 00:10:00,2026-08-29 18:40:00,5.6,8.54,27.26,,0.34,site_5664,Thermo Fisher Scientific India Private Limited,2026-08-29
South Eastern Coalfields Limited,"Gevra , Chattisgarh",SECL GEVRA,2026-08-30 00:10:00,2026-08-30 00:00:00,0.1,0.0,0.0,0.0,0.68,site_,Envea India Pvt Ltd,2026-08-30
South Eastern Coalfields Limited,Dipka Area,M/s Dipka Expansion Project South Eastern Coal Fields Limited Dipka Area,2026-08-30 00:10:00,2026-08-29 18:40:00,5.36,8.49,29.3,,0.32,site_5664,Thermo Fisher Scientific India Private Limited,2026-08-29
South Eastern Coalfields Limited,Dipka Area,M/s Dipka Expansion Project South Eastern Coal Fields Limited Dipka Area,2026-08-30 00:09:00,2026-08-29 18:39:00,5.14,8.41,33.59,,0.44,site_5664,Thermo Fisher Scientific India Private Limited,2026-08-29
South Eastern Coalfields Limited,Dipka Area,M/s Dipka Expansion Project South Eastern Coal Fields Limited Dipka Area,2026-08-30 00:09:00,2026-08-29 18:39:00,4.88,8.4,33.74,,0.53,site_5664,Thermo Fisher Scientific India Private Limited,2026-08-29
South Eastern Coalfields Limited,Dipka Area,M/s Dipka Expansion Project South Eastern Coal Fields Limited Dipka Area,2026-08-30 00:08:00,2026-08-29 18:38:00,4.5,8.41,36.36,,0.56,site_5664,Thermo Fisher Scientific India Private Limited,2026-08-29
South Eastern Coalfields Limited,Dipka Area,M/s Dipka Expansion Project South Eastern Coal Fields Limited Dipka Area,2026-08-30 00:08:00,2026-08-29 18:38:00,4.15,8.46,33.9,,0.71,site_5664,Thermo Fisher Scientific India Private Limited,2026-08-29
South Eastern Coalfields Limited,Dipka Area,M/s Dipka Expansion Project South Eastern Coal Fields Limited Dipka Area,2026-08-30 00:07:00,2026-08-29 18:37:00,3.67,8.47,36.65,,0.87,site_5664,Thermo Fisher Scientific India Private Limited,2026-08-29
South Eastern Coalfields Limited,Dipka Area,M/s Dipka Expansion Project South Eastern Coal Fields Limited Dipka Area,2026-08-30 00:07:00,2026-08-29 18:37:00,3.29,8.47,36.22,,0.78,site_5664,Thermo Fisher Scientific India Private Limited,2026-08-29
South Eastern Coalfields Limited,Dipka Area,M/s Dipka Expansion Project South Eastern Coal Fields Limited Dipka Area,2026-08-30 00:06:00,2026-08-29 18:36:00,3.07,8.47,32.57,,0.72,site_5664,Thermo Fisher Scientific India Private Limited,2026-08-29
South Eastern Coalfields Limited,Dipka Area,M/s Dipka Expansion Project South Eastern Coal Fields Limited Dipka Area,2026-08-30 00:06:00,2026-08-29 18:36:00,3.03,8.58,35.59,,0.74,site_5664,Thermo Fisher Scientific India Private Limited,2026-08-29
South Eastern Coalfields Limited,Dipka Area,M/s Dipka Expansion Project South Eastern Coal Fields Limited Dipka Area,2026-08-30 00:05:00,2026-08-29 18:35:00,3.2,8.73,30.51,,0.74,site_5664,Thermo Fisher Scientific India Private Limited,2026-08-29
South Eastern Coalfields Limited,Dipka Area,M/s Dipka Expansion Project South Eastern Coal Fields Limited Dipka Area,2026-08-30 00:05:00,2026-08-29 18:35:00,3.5,8.96,34.93,,0.78,site_5664,Thermo Fisher Scientific India Private Limited,2026-08-29
South Eastern Coalfields Limited,Dipka Area,M/s Dipka Expansion Project South Eastern Coal Fields Limited Dipka Area,2026-08-30 00:04:00,2026-08-29 18:34:00,3.98,9.45,33.26,,0.68,site_5664,Thermo Fisher Scientific India Private Limited,2026-08-29
South Eastern Coalfields Limited,Dipka Area,M/s Dipka Expansion Project South Eastern Coal Fields Limited Dipka Area,2026-08-30 00:04:00,2026-08-29 18:34:00,4.37,9.98,37.13,,0.61,site_5664,Thermo Fisher Scientific India Private Limited,2026-08-29
South Eastern Coalfields Limited,Dipka Area,M/s Dipka Expansion Project South Eastern Coal Fields Limited Dipka Area,2026-08-30 00:03:00,2026-08-29 18:33:00,4.75,10.73,30.97,,0.57,site_5664,Thermo Fisher Scientific India Private Limited,2026-08-29
South Eastern Coalfields Limited,Dipka Area,M/s Dipka Expansion Project South Eastern Coal Fields Limited Dipka Area,2026-08-30 00:03:00,2026-08-29 18:33:00,5.11,11.41,26.17,,0.45,site_5664,Thermo Fisher Scientific India Private Limited,2026-08-29
South Eastern Coalfields Limited,Dipka Area,M/s Dipka Expansion Project South Eastern Coal Fields Limited Dipka Area,2026-08-30 00:02:00,2026-08-29 18:32:00,5.56,12.22,27.27,,0.33,site_5664,Thermo Fisher Scientific India Private Limited,2026-08-29
South Eastern Coalfields Limited,Dipka Area,M/s Dipka Expansion Project South Eastern Coal Fields Limited Dipka Area,2026-08-30 00:01:00,2026-08-29 18:31:00,6.43,14.08,30.3,,0.46,site_5664,Thermo Fisher Scientific India Private Limited,2026-08-29
South Eastern Coalfields Limited,"Bilaspur, CHHATTISGARHr",South Eastern Coalfields  Limited - AQMS_H_Q,2026-08-30 00:00:00,2026-08-29 18:30:00,3.41,,13.21,277.17,1.06,site_5592,Swan Environ,2026-08-29
South Eastern Coalfields Limited,Dipka Area,M/s Dipka Expansion Project South Eastern Coal Fields Limited Dipka Area,2026-08-30 00:00:00,2026-08-29 18:30:00,6.43,14.28,31.14,,0.41,site_5664,Thermo Fisher Scientific India Private Limited,2026-08-29
