Mine Name,Company Name,State,District,Coalfield,Area,Mine Type,Ownership,Overall_Risk_Score,Risk_Category,Confidence_Score,Confidence_Category,Evidence_Coverage,Evidence_Status,Inspection_Priority,Priority_Score,Priority_Reason,AI_Recommendation
ABGC,BCCL,Jharkhand,DHANBAD,Jharia,Govindpur,Opencast,PUBLIC,3.761386501363512,LOW,60.0,Moderate,50.0,Operational Only,LOW,3.761386501363512,Low risk indicator (risk score 3.76); no immediate high-risk indicator detected.,No Immediate High-Risk Indicator Detected
AGKCC,BCCL,Jharkhand,DHANBAD,Jharia,Katras,Opencast,PUBLIC,7.85670192615926,LOW,60.0,Moderate,50.0,Operational Only,LOW,7.85670192615926,Low risk indicator (risk score 7.86); no immediate high-risk indicator detected.,No Immediate High-Risk Indicator Detected
AKK OCP,CCL,Jharkhand,BOKARO,E. Bokaro,B & K Area,Opencast,PUBLIC,28.09237814279707,LOW,60.0,Moderate,50.0,Operational Only,LOW,28.09237814279707,Low risk indicator (risk score 28.09); no immediate high-risk indicator detected.,No Immediate High-Risk Indicator Detected
AKWMC,BCCL,Jharkhand,DHANBAD,Jharia,Katras,Opencast,PUBLIC,22.069855459273917,LOW,60.0,Moderate,50.0,Operational Only,LOW,22.069855459273917,Low risk indicator (risk score 22.07); no immediate high-risk indicator detected.,No Immediate High-Risk Indicator Detected
AMP Colliery,BCCL,Jharkhand,DHANBAD,Jharia,Barora,Mixed,PUBLIC,65.6180748128233,HIGH,60.0,Moderate,50.0,Operational Only,MEDIUM,65.6180748128233,Moderate risk indicator detected (risk score 65.62). Monitoring and review recommended.,Further Assessment Required
ARA Reorganisation,CCL,Jharkhand,RAMGARH,W.Bokaro,Kuju,Opencast,PUBLIC,,Insufficient Evidence,0.0,Insufficient Evidence,0.0,No Evidence,INSUFFICIENT EVIDENCE,,Insufficient evidence available to determine inspection priority.,Insufficient Evidence for Risk Assessment
Aadocm,CCL,Jharkhand,BOKARO,E. Bokaro,Dhori Area,Opencast,PUBLIC,1.5932783352951851,LOW,60.0,Moderate,50.0,Operational Only,LOW,1.5932783352951851,Low risk indicator (risk score 1.59); no immediate high-risk indicator detected.,No Immediate High-Risk Indicator Detected
Adasa (UG to OC),WCL,Maharashtra,NAGPUR,Kamptee/Silewara,Nagpur,Opencast,PUBLIC,,Insufficient Evidence,0.0,Insufficient Evidence,0.0,No Evidence,INSUFFICIENT EVIDENCE,,Insufficient evidence available to determine inspection priority.,Insufficient Evidence for Risk Assessment
Adriyala Saft Project,SCCL,Telangana,PEDDAPALLI,Godavari Valley,Adriyala,Underground,PUBLIC,10.747512814250374,LOW,60.0,Moderate,50.0,Operational Only,LOW,10.747512814250374,Low risk indicator (risk score 10.75); no immediate high-risk indicator detected.,No Immediate High-Risk Indicator Detected
Amadand,SECL,Madhya Pradesh,SHAHDOL,Central India,Jamuna & Kotma,Opencast,PUBLIC,7.320055236319095,LOW,60.0,Moderate,50.0,Operational Only,LOW,7.320055236319095,Low risk indicator (risk score 7.32); no immediate high-risk indicator detected.,No Immediate High-Risk Indicator Detected
Amagamated Dhansar-Industry,BCCL,Jharkhand,DHANBAD,Jharia,Kusunda,Opencast,PUBLIC,1.3523774279542475,LOW,60.0,Moderate,50.0,Operational Only,LOW,1.3523774279542475,Low risk indicator (risk score 1.35); no immediate high-risk indicator detected.,No Immediate High-Risk Indicator Detected
Amalgamated BOCP,BCCL,Jharkhand,DHANBAD,Jharia,Block-II,Opencast,PUBLIC,,Insufficient Evidence,0.0,Insufficient Evidence,0.0,No Evidence,INSUFFICIENT EVIDENCE,,Insufficient evidence available to determine inspection priority.,Insufficient Evidence for Risk Assessment
Amalgamated Gondegaon Ghatrohana,WCL,Maharashtra,NAGPUR,Kamptee/Silewara,Nagpur,Opencast,PUBLIC,4.965891038068143,LOW,60.0,Moderate,50.0,Operational Only,LOW,4.965891038068143,Low risk indicator (risk score 4.97); no immediate high-risk indicator detected.,No Immediate High-Risk Indicator Detected
Amalgamated Inder Kamptee OCM,WCL,Maharashtra,NAGPUR,Kamptee/Silewara,Nagpur,Opencast,PUBLIC,9.006361587705584,LOW,60.0,Moderate,50.0,Operational Only,LOW,9.006361587705584,Low risk indicator (risk score 9.01); no immediate high-risk indicator detected.,No Immediate High-Risk Indicator Detected
Amalgamated Yekona I & II,WCL,Maharashtra,CHANDRAPUR,Wardha,Majri,Opencast,PUBLIC,4.965891038068143,LOW,60.0,Moderate,50.0,Operational Only,LOW,4.965891038068143,Low risk indicator (risk score 4.97); no immediate high-risk indicator detected.,No Immediate High-Risk Indicator Detected
Amalgameted Sudamdih-Patherdih,BCCL,Jharkhand,DHANBAD,Jharia,E.Jharia,Opencast,PUBLIC,5.447692852749995,LOW,60.0,Moderate,50.0,Operational Only,LOW,5.447692852749995,Low risk indicator (risk score 5.45); no immediate high-risk indicator detected.,No Immediate High-Risk Indicator Detected
Amelia (North ) Coal Mine,JPVL,Madhya Pradesh,SINGRAULI,Singrauli,Singrauli Main Basin,Opencast,PRIVATE,8.524559773023729,LOW,60.0,Moderate,50.0,Operational Only,LOW,8.524559773023729,Low risk indicator (risk score 8.52); no immediate high-risk indicator detected.,No Immediate High-Risk Indicator Detected
Amelia Coal Block,THDC,Madhya Pradesh,SINGRAULI,Singrauli,Pidarwah,Opencast,PUBLIC,17.67879425197893,LOW,60.0,Moderate,50.0,Operational Only,LOW,17.67879425197893,Low risk indicator (risk score 17.68); no immediate high-risk indicator detected.,No Immediate High-Risk Indicator Detected
Amera,SECL,Chhattisgarh,SURGUJA,Central India,Bisrampur,Opencast,PUBLIC,1.7793343674777924,LOW,60.0,Moderate,50.0,Operational Only,LOW,1.7793343674777924,Low risk indicator (risk score 1.78); no immediate high-risk indicator detected.,No Immediate High-Risk Indicator Detected
Amgaon,SECL,Chhattisgarh,SURGUJA,Central India,Bisrampur,Opencast,PUBLIC,1.29753255279594,LOW,60.0,Moderate,50.0,Operational Only,LOW,1.29753255279594,Low risk indicator (risk score 1.30); no immediate high-risk indicator detected.,No Immediate High-Risk Indicator Detected
Amlai OC,SECL,Madhya Pradesh,SHAHDOL,Central India,Sohagpur,Opencast,PUBLIC,4.965891038068143,LOW,60.0,Moderate,50.0,Operational Only,LOW,4.965891038068143,Low risk indicator (risk score 4.97); no immediate high-risk indicator detected.,No Immediate High-Risk Indicator Detected
Amlohri,NCL,Madhya Pradesh,SINGRAULI,Singrauli,Amlohri,Opencast,PUBLIC,4.965891038068143,LOW,60.0,Moderate,50.0,Operational Only,LOW,4.965891038068143,Low risk indicator (risk score 4.97); no immediate high-risk indicator detected.,No Immediate High-Risk Indicator Detected
Amrapali OCP,CCL,Jharkhand,CHATRA,N.K.Coalfields,Amrapali,Opencast,PUBLIC,100.0,CRITICAL,60.0,Moderate,50.0,Operational Only,HIGH,100.0,High risk indicator detected (risk score 100.00). Further assessment should be prioritized.,Priority Inspection / Further Assessment Required
Amritnagar Colliery,ECL,West Bengal,Bardhaman,Raniganj,Kunustoria,Underground,PUBLIC,5.206791945409067,LOW,60.0,Moderate,50.0,Operational Only,LOW,5.206791945409067,Low risk indicator (risk score 5.21); no immediate high-risk indicator detected.,No Immediate High-Risk Indicator Detected
Ananta OCP,MCL,Odisha,Angul,Talcher,Jagannath,Opencast,PUBLIC,64.89537209080046,HIGH,60.0,Moderate,50.0,Operational Only,MEDIUM,64.89537209080046,Moderate risk indicator detected (risk score 64.90). Monitoring and review recommended.,Further Assessment Required
Ashoka,CCL,Jharkhand,CHATRA,N.K.Coalfields,Piparwar,Opencast,PUBLIC,25.92426997672876,LOW,60.0,Moderate,50.0,Operational Only,LOW,25.92426997672876,Low risk indicator (risk score 25.92); no immediate high-risk indicator detected.,No Immediate High-Risk Indicator Detected
Badjna Colliery,ECL,Jharkhand,DHANBAD,Mugma/Salanpur,Mugma,Mixed,PUBLIC,4.48408922338629,LOW,60.0,Moderate,50.0,Operational Only,LOW,4.48408922338629,Low risk indicator (risk score 4.48); no immediate high-risk indicator detected.,No Immediate High-Risk Indicator Detected
Bagdeva,SECL,Chhattisgarh,KORBA,Central India,Korba,Underground,PUBLIC,6.170395574772775,LOW,60.0,Moderate,50.0,Operational Only,LOW,6.170395574772775,Low risk indicator (risk score 6.17); no immediate high-risk indicator detected.,No Immediate High-Risk Indicator Detected
Bahula Colliery,ECL,West Bengal,Bardhaman,Raniganj,Kenda,Underground,PUBLIC,4.965891038068143,LOW,60.0,Moderate,50.0,Operational Only,LOW,4.965891038068143,Low risk indicator (risk score 4.97); no immediate high-risk indicator detected.,No Immediate High-Risk Indicator Detected
Ballarpur 3 & 4 Pits,WCL,Maharashtra,CHANDRAPUR,Wardha,Ballarpur,Underground,PUBLIC,5.929494667431845,LOW,60.0,Moderate,50.0,Operational Only,LOW,5.929494667431845,Low risk indicator (risk score 5.93); no immediate high-risk indicator detected.,No Immediate High-Risk Indicator Detected
Ballarpur OCM,WCL,Maharashtra,CHANDRAPUR,Wardha,Ballarpur,Opencast,PUBLIC,7.80185705100095,LOW,60.0,Moderate,50.0,Operational Only,LOW,7.80185705100095,Low risk indicator (risk score 7.80); no immediate high-risk indicator detected.,No Immediate High-Risk Indicator Detected
Balram OCP,MCL,Odisha,Angul,Talcher,Hingula,Opencast,PUBLIC,4.965891038068143,LOW,60.0,Moderate,50.0,Operational Only,LOW,4.965891038068143,Low risk indicator (risk score 4.97); no immediate high-risk indicator detected.,No Immediate High-Risk Indicator Detected
Balrampur,SECL,Chhattisgarh,SURGUJA,Central India,Bisrampur,Underground,PUBLIC,4.484089223386293,LOW,60.0,Moderate,50.0,Operational Only,LOW,4.484089223386293,Low risk indicator (risk score 4.48); no immediate high-risk indicator detected.,No Immediate High-Risk Indicator Detected
Bangwar,SECL,Madhya Pradesh,SHAHDOL,Central India,Sohagpur,Underground,PUBLIC,4.965891038068143,LOW,60.0,Moderate,50.0,Operational Only,LOW,4.965891038068143,Low risk indicator (risk score 4.97); no immediate high-risk indicator detected.,No Immediate High-Risk Indicator Detected
Bankola Colliery,ECL,West Bengal,Bardhaman,Raniganj,Bankola,Underground,PUBLIC,5.688593760090923,LOW,60.0,Moderate,50.0,Operational Only,LOW,5.688593760090923,Low risk indicator (risk score 5.69); no immediate high-risk indicator detected.,No Immediate High-Risk Indicator Detected
Bansra Colliery,ECL,West Bengal,Bardhaman,Raniganj,Kunustoria,Mixed,PUBLIC,5.929494667431849,LOW,60.0,Moderate,50.0,Operational Only,LOW,5.929494667431849,Low risk indicator (risk score 5.93); no immediate high-risk indicator detected.,No Immediate High-Risk Indicator Detected
Baranj,KPCL,Maharashtra,CHANDRAPUR,Warda Valley,Maijari,Opencast,PUBLIC,16.474289715274296,LOW,60.0,Moderate,50.0,Operational Only,LOW,16.474289715274296,Low risk indicator (risk score 16.47); no immediate high-risk indicator detected.,No Immediate High-Risk Indicator Detected
Barjora (North) Coal Mine,WBPDCL,West Bengal,BANKURA,Barjora North,Barjora North,Opencast,PUBLIC,26.40607179141058,LOW,60.0,Moderate,50.0,Operational Only,LOW,26.40607179141058,Low risk indicator (risk score 26.41); no immediate high-risk indicator detected.,No Immediate High-Risk Indicator Detected
Barmuri,ECL,Jharkhand,DHANBAD,Mugma/Salanpur,Mugma,Opencast,PUBLIC,4.7249901307272175,LOW,60.0,Moderate,50.0,Operational Only,LOW,4.7249901307272175,Low risk indicator (risk score 4.72); no immediate high-risk indicator detected.,No Immediate High-Risk Indicator Detected
Baroud OC,SECL,Chhattisgarh,RAIGARH,Central India,Raigarh,Opencast,PUBLIC,11.897172475796705,LOW,60.0,Moderate,50.0,Operational Only,LOW,11.897172475796705,Low risk indicator (risk score 11.90); no immediate high-risk indicator detected.,No Immediate High-Risk Indicator Detected
Bartarai,SECL,Madhya Pradesh,SHAHDOL,Central India,Jamuna & Kotma,Underground,PUBLIC,4.7249901307272175,LOW,60.0,Moderate,50.0,Operational Only,LOW,4.7249901307272175,Low risk indicator (risk score 4.72); no immediate high-risk indicator detected.,No Immediate High-Risk Indicator Detected
Basantimata -Dahibari,BCCL,Jharkhand,DHANBAD,Mugma,Chanch/Victoria,Opencast,PUBLIC,6.893098296795552,LOW,60.0,Moderate,50.0,Operational Only,LOW,6.893098296795552,Low risk indicator (risk score 6.89); no immediate high-risk indicator detected.,No Immediate High-Risk Indicator Detected
Basdeopur,BCCL,Jharkhand,DHANBAD,Jharia,Sijua,Opencast,PUBLIC,4.965891038068143,LOW,60.0,Moderate,50.0,Operational Only,LOW,4.965891038068143,Low risk indicator (risk score 4.97); no immediate high-risk indicator detected.,No Immediate High-Risk Indicator Detected
Bastacolla,BCCL,Jharkhand,DHANBAD,Jharia,Bastacolla,Opencast,PUBLIC,2.0202352748187176,LOW,60.0,Moderate,50.0,Operational Only,LOW,2.0202352748187176,Low risk indicator (risk score 2.02); no immediate high-risk indicator detected.,No Immediate High-Risk Indicator Detected
Basundhara (West) OCP,MCL,Odisha,SUNDARGARH,IB Valley,Mahalaxmi,Opencast,PUBLIC,,Insufficient Evidence,0.0,Insufficient Evidence,0.0,No Evidence,INSUFFICIENT EVIDENCE,,Insufficient evidence available to determine inspection priority.,Insufficient Evidence for Risk Assessment
Behraband,SECL,Madhya Pradesh,SHAHDOL,Central India,Hasdeo,Underground,PUBLIC,4.00228740870444,LOW,60.0,Moderate,50.0,Operational Only,LOW,4.00228740870444,Low risk indicator (risk score 4.00); no immediate high-risk indicator detected.,No Immediate High-Risk Indicator Detected
Bejdih Colliery,ECL,West Bengal,Bardhaman,Raniganj,Sodepur,Underground,PUBLIC,4.965891038068143,LOW,60.0,Moderate,50.0,Operational Only,LOW,4.965891038068143,Low risk indicator (risk score 4.97); no immediate high-risk indicator detected.,No Immediate High-Risk Indicator Detected
Belbaid Colliery,ECL,West Bengal,Bardhaman,Raniganj,Kunustoria,Underground,PUBLIC,4.965891038068143,LOW,60.0,Moderate,50.0,Operational Only,LOW,4.965891038068143,Low risk indicator (risk score 4.97); no immediate high-risk indicator detected.,No Immediate High-Risk Indicator Detected
Belgaon Coal Mine,SISCO,Maharashtra,CHANDRAPUR,Wardha Valley,Warora,Underground,PRIVATE,,Insufficient Evidence,0.0,Insufficient Evidence,0.0,No Evidence,INSUFFICIENT EVIDENCE,,Insufficient evidence available to determine inspection priority.,Insufficient Evidence for Risk Assessment
Bhadra,SECL,Madhya Pradesh,SHAHDOL,Central India,Jamuna & Kotma,Underground,PUBLIC,5.688593760090923,LOW,60.0,Moderate,50.0,Operational Only,LOW,5.688593760090923,Low risk indicator (risk score 5.69); no immediate high-risk indicator detected.,No Immediate High-Risk Indicator Detected
Bhanegaon OCM,WCL,Maharashtra,NAGPUR,Kamptee/Silewara,Nagpur,Opencast,PUBLIC,13.101677012501325,LOW,60.0,Moderate,50.0,Operational Only,LOW,13.101677012501325,Low risk indicator (risk score 13.10); no immediate high-risk indicator detected.,No Immediate High-Risk Indicator Detected
Bhanora West Block colliery & Bhanora OC patch (H),ECL,West Bengal,Bardhaman,Raniganj,Sripur,Mixed,PUBLIC,4.965891038068143,LOW,60.0,Moderate,50.0,Operational Only,LOW,4.965891038068143,Low risk indicator (risk score 4.97); no immediate high-risk indicator detected.,No Immediate High-Risk Indicator Detected
Bharatpur OCP,MCL,Odisha,Angul,Talcher,Bharatpur,Opencast,PUBLIC,,Insufficient Evidence,0.0,Insufficient Evidence,0.0,No Evidence,INSUFFICIENT EVIDENCE,,Insufficient evidence available to determine inspection priority.,Insufficient Evidence for Risk Assessment
Bhatadi OC Mine,WCL,Maharashtra,CHANDRAPUR,Wardha,Chandrapur,Opencast,PUBLIC,19.901747293205577,LOW,60.0,Moderate,50.0,Operational Only,LOW,19.901747293205577,Low risk indicator (risk score 19.90); no immediate high-risk indicator detected.,No Immediate High-Risk Indicator Detected
Bhatgaon,SECL,Chhattisgarh,SURGUJA,Central India,Bhatgaon,Underground,PUBLIC,5.929494667431849,LOW,60.0,Moderate,50.0,Operational Only,LOW,5.929494667431849,Low risk indicator (risk score 5.93); no immediate high-risk indicator detected.,No Immediate High-Risk Indicator Detected
Bhelatand Colliery,TSL,Jharkhand,DHANBAD,Jharia,Bhelatand,Underground,PRIVATE,,Insufficient Evidence,0.0,Insufficient Evidence,0.0,No Evidence,INSUFFICIENT EVIDENCE,,Insufficient evidence available to determine inspection priority.,Insufficient Evidence for Risk Assessment
Bhowra(S),BCCL,Jharkhand,DHANBAD,Jharia,E.Jharia,Opencast,PUBLIC,3.465640718864275,LOW,60.0,Moderate,50.0,Operational Only,LOW,3.465640718864275,Low risk indicator (risk score 3.47); no immediate high-risk indicator detected.,No Immediate High-Risk Indicator Detected
Bhubaneswari OCP,MCL,Odisha,Angul,Talcher,Bhubaneswari,Opencast,PUBLIC,100.0,CRITICAL,60.0,Moderate,50.0,Operational Only,HIGH,100.0,High risk indicator detected (risk score 100.00). Further assessment should be prioritized.,Priority Inspection / Further Assessment Required
Bhurkunda,CCL,Jharkhand,RAMGARH,S.K.Coalfields,Barka-Sayal,Underground,PUBLIC,,Insufficient Evidence,0.0,Insufficient Evidence,0.0,No Evidence,INSUFFICIENT EVIDENCE,,Insufficient evidence available to determine inspection priority.,Insufficient Evidence for Risk Assessment
Bhurkunda (Sangum),CCL,Jharkhand,RAMGARH,S.K.Coalfields,Barka-Sayal,Opencast,PUBLIC,11.470215536273152,LOW,60.0,Moderate,50.0,Operational Only,LOW,11.470215536273152,Low risk indicator (risk score 11.47); no immediate high-risk indicator detected.,No Immediate High-Risk Indicator Detected
Bicharpur,UTCL,Madhya Pradesh,SHAHDOL,Sohagpur,Bicharpur,Underground,PRIVATE,4.429244348227983,LOW,60.0,Moderate,50.0,Operational Only,LOW,4.429244348227983,Low risk indicator (risk score 4.43); no immediate high-risk indicator detected.,No Immediate High-Risk Indicator Detected
Bijari OC,SECL,Chhattisgarh,RAIGARH,Central India,Raigarh,Opencast,PUBLIC,15.510686085910594,LOW,60.0,Moderate,50.0,Operational Only,LOW,15.510686085910594,Low risk indicator (risk score 15.51); no immediate high-risk indicator detected.,No Immediate High-Risk Indicator Detected
Bijuri,SECL,Madhya Pradesh,SHAHDOL,Central India,Hasdeo,Underground,PUBLIC,6.170395574772775,LOW,60.0,Moderate,50.0,Operational Only,LOW,6.170395574772775,Low risk indicator (risk score 6.17); no immediate high-risk indicator detected.,No Immediate High-Risk Indicator Detected
Bina Extn,NCL,Uttar Pradesh,SONBHADRA,Singrauli,Bina,Opencast,PUBLIC,4.965891038068143,LOW,60.0,Moderate,50.0,Operational Only,LOW,4.965891038068143,Low risk indicator (risk score 4.97); no immediate high-risk indicator detected.,No Immediate High-Risk Indicator Detected
Block-B Project,NCL,Madhya Pradesh,SINGRAULI,Singrauli,Block-B,Opencast,PUBLIC,4.965891038068143,LOW,60.0,Moderate,50.0,Operational Only,LOW,4.965891038068143,Low risk indicator (risk score 4.97); no immediate high-risk indicator detected.,No Immediate High-Risk Indicator Detected
Bokaro OC (Bermo),CCL,Jharkhand,BOKARO,E. Bokaro,B & K Area,Opencast,PUBLIC,4.48408922338629,LOW,60.0,Moderate,50.0,Operational Only,LOW,4.48408922338629,Low risk indicator (risk score 4.48); no immediate high-risk indicator detected.,No Immediate High-Risk Indicator Detected
Bonjemehari OC (Extn),ECL,West Bengal,Bardhaman,Mugma/Salanpur,Salanpur,Opencast,PUBLIC,,Insufficient Evidence,0.0,Insufficient Evidence,0.0,No Evidence,INSUFFICIENT EVIDENCE,,Insufficient evidence available to determine inspection priority.,Insufficient Evidence for Risk Assessment
C L Jambad OCP,ECL,West Bengal,Bardhaman,Raniganj,Kenda,Opencast,PUBLIC,,Insufficient Evidence,0.0,Insufficient Evidence,0.0,No Evidence,INSUFFICIENT EVIDENCE,,Insufficient evidence available to determine inspection priority.,Insufficient Evidence for Risk Assessment
Central Kajora Colliery,ECL,West Bengal,Bardhaman,Raniganj,Kajora,Underground,PUBLIC,5.447692852749995,LOW,60.0,Moderate,50.0,Operational Only,LOW,5.447692852749995,Low risk indicator (risk score 5.45); no immediate high-risk indicator detected.,No Immediate High-Risk Indicator Detected
Central Saunda,CCL,Jharkhand,RAMGARH,S.K.Coalfields,Barka-Sayal,Underground,PUBLIC,,Insufficient Evidence,0.0,Insufficient Evidence,0.0,No Evidence,INSUFFICIENT EVIDENCE,,Insufficient evidence available to determine inspection priority.,Insufficient Evidence for Risk Assessment
Chainpur(Sarubera) Colly.,CCL,Jharkhand,RAMGARH,W.Bokaro,Kuju,Opencast,PUBLIC,4.965891038068143,LOW,60.0,Moderate,50.0,Operational Only,LOW,4.965891038068143,Low risk indicator (risk score 4.97); no immediate high-risk indicator detected.,No Immediate High-Risk Indicator Detected
Chanda Rayatwari Colliery,WCL,Maharashtra,CHANDRAPUR,Wardha,Chandrapur,Underground,PUBLIC,,Insufficient Evidence,0.0,Insufficient Evidence,0.0,No Evidence,INSUFFICIENT EVIDENCE,,Insufficient evidence available to determine inspection priority.,Insufficient Evidence for Risk Assessment
Chapapur-II & Chappapur 10 Quarry (OC),ECL,Jharkhand,DHANBAD,Mugma/Salanpur,Mugma,Mixed,PUBLIC,,Insufficient Evidence,0.0,Insufficient Evidence,0.0,No Evidence,INSUFFICIENT EVIDENCE,,Insufficient evidence available to determine inspection priority.,Insufficient Evidence for Risk Assessment
Chapuikhas Colliery,ECL,West Bengal,Bardhaman,Raniganj,Satgram,Underground,PUBLIC,4.965891038068143,LOW,60.0,Moderate,50.0,Operational Only,LOW,4.965891038068143,Low risk indicator (risk score 4.97); no immediate high-risk indicator detected.,No Immediate High-Risk Indicator Detected
Chasnalla Colliery,IISCO,Jharkhand,DHANBAD,Jharia,Chasnala,Underground,PUBLIC,4.002287408704437,LOW,60.0,Moderate,50.0,Operational Only,LOW,4.002287408704437,Low risk indicator (risk score 4.00); no immediate high-risk indicator detected.,No Immediate High-Risk Indicator Detected
Chatti Bariatu Coal Mining Project,NTPC,Jharkhand,HAZARIBAGH,North Karanpura,Keredari,Opencast,PUBLIC,,Insufficient Evidence,0.0,Insufficient Evidence,0.0,No Evidence,INSUFFICIENT EVIDENCE,,Insufficient evidence available to determine inspection priority.,Insufficient Evidence for Risk Assessment
Chhal OC,SECL,Chhattisgarh,RAIGARH,Central India,Raigarh,Opencast,PUBLIC,,Insufficient Evidence,0.0,Insufficient Evidence,0.0,No Evidence,INSUFFICIENT EVIDENCE,,Insufficient evidence available to determine inspection priority.,Insufficient Evidence for Risk Assessment
Chhatarpur -II,WCL,Madhya Pradesh,BETUL,Pathakhera,Pathakhera,Underground,PUBLIC,6.893098296795555,LOW,60.0,Moderate,50.0,Operational Only,LOW,6.893098296795555,Low risk indicator (risk score 6.89); no immediate high-risk indicator detected.,No Immediate High-Risk Indicator Detected
Chhatarpur 1,WCL,Madhya Pradesh,BETUL,Pathakhera,Pathakhera,Underground,PUBLIC,0.815730738114085,LOW,60.0,Moderate,50.0,Operational Only,LOW,0.815730738114085,Low risk indicator (risk score 0.82); no immediate high-risk indicator detected.,No Immediate High-Risk Indicator Detected
Chhinda,WCL,Madhya Pradesh,CHHINDWARA,Pench & Kanhan,Pench,Opencast,PUBLIC,,Insufficient Evidence,0.0,Insufficient Evidence,0.0,No Evidence,INSUFFICIENT EVIDENCE,,Insufficient evidence available to determine inspection priority.,Insufficient Evidence for Risk Assessment
Chinakuri Mine III,ECL,West Bengal,Bardhaman,Raniganj,Sodepur,Underground,PUBLIC,,Insufficient Evidence,0.0,Insufficient Evidence,0.0,No Evidence,INSUFFICIENT EVIDENCE,,Insufficient evidence available to determine inspection priority.,Insufficient Evidence for Risk Assessment
Chirimiri,SECL,Chhattisgarh,KOREA,Central India,Chirimiri,Opencast,PUBLIC,1.29753255279594,LOW,60.0,Moderate,50.0,Operational Only,LOW,1.29753255279594,Low risk indicator (risk score 1.30); no immediate high-risk indicator detected.,No Immediate High-Risk Indicator Detected
Chitra East OCP,ECL,Jharkhand,DEOGHAR,Saherjuri Coalfield,S. P. Mines,Opencast,PUBLIC,12.619875197819477,LOW,60.0,Moderate,50.0,Operational Only,LOW,12.619875197819477,Low risk indicator (risk score 12.62); no immediate high-risk indicator detected.,No Immediate High-Risk Indicator Detected
Chora 10 Pit Colliery,ECL,West Bengal,Bardhaman,Raniganj,Kenda,Underground,PUBLIC,4.965891038068143,LOW,60.0,Moderate,50.0,Operational Only,LOW,4.965891038068143,Low risk indicator (risk score 4.97); no immediate high-risk indicator detected.,No Immediate High-Risk Indicator Detected
Chora 7&9 Pits Colliery,ECL,West Bengal,Bardhaman,Raniganj,Kenda,Underground,PUBLIC,4.965891038068143,LOW,60.0,Moderate,50.0,Operational Only,LOW,4.965891038068143,Low risk indicator (risk score 4.97); no immediate high-risk indicator detected.,No Immediate High-Risk Indicator Detected
Chora Block Incline UG & Shankarpur OC & Banbahal OC,ECL,West Bengal,Bardhaman,Raniganj,Kenda,Mixed,PUBLIC,,Insufficient Evidence,0.0,Insufficient Evidence,0.0,No Evidence,INSUFFICIENT EVIDENCE,,Insufficient evidence available to determine inspection priority.,Insufficient Evidence for Risk Assessment
Churcha RO,SECL,Chhattisgarh,KOREA,Central India,Baikunthpur,Underground,PUBLIC,,Insufficient Evidence,0.0,Insufficient Evidence,0.0,No Evidence,INSUFFICIENT EVIDENCE,,Insufficient evidence available to determine inspection priority.,Insufficient Evidence for Risk Assessment
DVC Tubed Mines,DVC,Jharkhand,LATEHAR,Auranga,DVC Tubed,Opencast,PUBLIC,30.928344155729874,MEDIUM,60.0,Moderate,50.0,Operational Only,LOW,30.928344155729874,Low risk indicator (risk score 30.93); no immediate high-risk indicator detected.,Monitoring and Review Required
Dabor Ph-II & III OC,ECL,West Bengal,Bardhaman,Mugma/Salanpur,Salanpur,Opencast,PUBLIC,0.870575613272395,LOW,60.0,Moderate,50.0,Operational Only,LOW,0.870575613272395,Low risk indicator (risk score 0.87); no immediate high-risk indicator detected.,No Immediate High-Risk Indicator Detected
Dakra Bukbuka OC,CCL,Jharkhand,RANCHI,N.K.Coalfields,North Karanpura,Opencast,PUBLIC,,Insufficient Evidence,0.0,Insufficient Evidence,0.0,No Evidence,INSUFFICIENT EVIDENCE,,Insufficient evidence available to determine inspection priority.,Insufficient Evidence for Risk Assessment
Dalurband OC,ECL,West Bengal,Bardhaman,Raniganj,Pandaveswar,Opencast,PUBLIC,,Insufficient Evidence,0.0,Insufficient Evidence,0.0,No Evidence,INSUFFICIENT EVIDENCE,,Insufficient evidence available to determine inspection priority.,Insufficient Evidence for Risk Assessment
Damini,SECL,Madhya Pradesh,SHAHDOL,Central India,Sohagpur,Underground,PUBLIC,5.20679194540907,LOW,60.0,Moderate,50.0,Operational Only,LOW,5.20679194540907,Low risk indicator (risk score 5.21); no immediate high-risk indicator detected.,No Immediate High-Risk Indicator Detected
Damoda,BCCL,Jharkhand,DHANBAD,Jharia,Barora,Opencast,PUBLIC,4.002287408704437,LOW,60.0,Moderate,50.0,Operational Only,LOW,4.002287408704437,Low risk indicator (risk score 4.00); no immediate high-risk indicator detected.,No Immediate High-Risk Indicator Detected
Dhankasa & Jamunia,WCL,Madhya Pradesh,CHHINDWARA,Pench & Kanhan,Pench,Underground,PUBLIC,4.965891038068143,LOW,60.0,Moderate,50.0,Operational Only,LOW,4.965891038068143,Low risk indicator (risk score 4.97); no immediate high-risk indicator detected.,No Immediate High-Risk Indicator Detected
Dhanpuri,SECL,Madhya Pradesh,SHAHDOL,Central India,Sohagpur,Opencast,PUBLIC,14.36102642436427,LOW,60.0,Moderate,50.0,Operational Only,LOW,14.36102642436427,Low risk indicator (risk score 14.36); no immediate high-risk indicator detected.,No Immediate High-Risk Indicator Detected
Dhelwadih Colliery,SECL,Chhattisgarh,KORBA,Central India,Korba,Underground,PUBLIC,4.7249901307272175,LOW,60.0,Moderate,50.0,Operational Only,LOW,4.7249901307272175,Low risk indicator (risk score 4.72); no immediate high-risk indicator detected.,No Immediate High-Risk Indicator Detected
Dhemomain Incl Colliery,ECL,West Bengal,Bardhaman,Raniganj,Sodepur,Underground,PUBLIC,4.965891038068143,LOW,60.0,Moderate,50.0,Operational Only,LOW,4.965891038068143,Low risk indicator (risk score 4.97); no immediate high-risk indicator detected.,No Immediate High-Risk Indicator Detected
Dhemomain Pit Colliery,ECL,West Bengal,Bardhaman,Raniganj,Sodepur,Underground,PUBLIC,4.965891038068143,LOW,60.0,Moderate,50.0,Operational Only,LOW,4.965891038068143,Low risk indicator (risk score 4.97); no immediate high-risk indicator detected.,No Immediate High-Risk Indicator Detected
Dhoptala OC (Sasti Colliery),WCL,Maharashtra,CHANDRAPUR,Wardha,Ballarpur,Opencast,PUBLIC,18.642397881342635,LOW,60.0,Moderate,50.0,Operational Only,LOW,18.642397881342635,Low risk indicator (risk score 18.64); no immediate high-risk indicator detected.,No Immediate High-Risk Indicator Detected
Dhori Khas(UG),CCL,Jharkhand,BOKARO,E. Bokaro,Dhori Area,Underground,PUBLIC,4.7249901307272175,LOW,60.0,Moderate,50.0,Operational Only,LOW,4.7249901307272175,Low risk indicator (risk score 4.72); no immediate high-risk indicator detected.,No Immediate High-Risk Indicator Detected
Dipka,SECL,Chhattisgarh,KORBA,Central India,Dipka,Opencast,PUBLIC,26.366646200608315,LOW,100.0,High,100.0,Environmental + Operational,LOW,26.366646200608315,Low risk indicator (risk score 26.37); no immediate high-risk indicator detected.,No Immediate High-Risk Indicator Detected
Dubeswari Colliery,ECL,West Bengal,PURULIA,Raniganj,Sodepur,Underground,PUBLIC,4.965891038068143,LOW,60.0,Moderate,50.0,Operational Only,LOW,4.965891038068143,Low risk indicator (risk score 4.97); no immediate high-risk indicator detected.,No Immediate High-Risk Indicator Detected
Dudhichua Project,NCL,Uttar Pradesh,SONBHADRA,Singrauli,Dudhichua,Opencast,PUBLIC,42.49158770809432,MEDIUM,60.0,Moderate,50.0,Operational Only,MEDIUM,42.49158770809432,Moderate risk indicator detected (risk score 42.49). Monitoring and review recommended.,Monitoring and Review Required
Dulanga Coal Mining Project,NTPC,Odisha,SUNDARGARH,IB Vlley,Dulanga,Opencast,PUBLIC,4.965891038068143,LOW,60.0,Moderate,50.0,Operational Only,LOW,4.965891038068143,Low risk indicator (risk score 4.97); no immediate high-risk indicator detected.,No Immediate High-Risk Indicator Detected
Durgapur Open Cast,WCL,Maharashtra,CHANDRAPUR,Wardha,Chandrapur,Opencast,PUBLIC,13.583478827183182,LOW,60.0,Moderate,50.0,Operational Only,LOW,13.583478827183182,Low risk indicator (risk score 13.58); no immediate high-risk indicator detected.,No Immediate High-Risk Indicator Detected
Durgapur Rayatwari Colly,WCL,Maharashtra,CHANDRAPUR,Wardha,Chandrapur,Underground,PUBLIC,4.965891038068143,LOW,60.0,Moderate,50.0,Operational Only,LOW,4.965891038068143,Low risk indicator (risk score 4.97); no immediate high-risk indicator detected.,No Immediate High-Risk Indicator Detected
E.Basuria,BCCL,Jharkhand,DHANBAD,Jharia,Kusunda,Opencast,PUBLIC,,Insufficient Evidence,0.0,Insufficient Evidence,0.0,No Evidence,INSUFFICIENT EVIDENCE,,Insufficient evidence available to determine inspection priority.,Insufficient Evidence for Risk Assessment
Ena,BCCL,Jharkhand,DHANBAD,Jharia,Kusunda,Opencast,PUBLIC,5.874649792273543,LOW,60.0,Moderate,50.0,Operational Only,LOW,5.874649792273543,Low risk indicator (risk score 5.87); no immediate high-risk indicator detected.,No Immediate High-Risk Indicator Detected
G & G B Coal Mine,WBPDCL,West Bengal,BIRBHUM,Raniganj,Gangaramchak,Opencast,PUBLIC,38.396272283298586,MEDIUM,60.0,Moderate,50.0,Operational Only,LOW,38.396272283298586,Low risk indicator (risk score 38.40); no immediate high-risk indicator detected.,Monitoring and Review Required
GP-IV-8 Coal Mine,AMBUJA,Chhattisgarh,RAIGARH,Mand Raigarh,Raigarh,Underground,PRIVATE,10.9884137215913,LOW,60.0,Moderate,50.0,Operational Only,LOW,10.9884137215913,Low risk indicator (risk score 10.99); no immediate high-risk indicator detected.,No Immediate High-Risk Indicator Detected
Gare Palma IV 6,JSPL,Chhattisgarh,RAIGARH,Mand-Raigarh,Raigarh,Opencast,PRIVATE,,Insufficient Evidence,0.0,Insufficient Evidence,0.0,No Evidence,INSUFFICIENT EVIDENCE,,Insufficient evidence available to determine inspection priority.,Insufficient Evidence for Risk Assessment
Gare Palma IV-2&3,BALCO,Chhattisgarh,KORBA,Hasdeo-Arand,Korba,Opencast,PRIVATE,,Insufficient Evidence,0.0,Insufficient Evidence,0.0,No Evidence,INSUFFICIENT EVIDENCE,,Insufficient evidence available to determine inspection priority.,Insufficient Evidence for Risk Assessment
Gare Palma IV/1,JPL,Chhattisgarh,RAIGARH,Mand Raigarh,Gare Palma,Opencast,PRIVATE,,Insufficient Evidence,0.0,Insufficient Evidence,0.0,No Evidence,INSUFFICIENT EVIDENCE,,Insufficient evidence available to determine inspection priority.,Insufficient Evidence for Risk Assessment
Gare Palma IV/2&3,JPL,Chhattisgarh,RAIGARH,Mand- Raigarh,Gare Palma,Opencast,PRIVATE,50.496162525503216,MEDIUM,60.0,Moderate,50.0,Operational Only,MEDIUM,50.496162525503216,Moderate risk indicator detected (risk score 50.50). Monitoring and review recommended.,Monitoring and Review Required
Gare Palma IV/7,SEML,Chhattisgarh,RAIGARH,Mand Raigarh,Tamnar Tehsil,Opencast,PRIVATE,0.815730738114085,LOW,60.0,Moderate,50.0,Operational Only,LOW,0.815730738114085,Low risk indicator (risk score 0.82); no immediate high-risk indicator detected.,No Immediate High-Risk Indicator Detected
Gare Palma Sector III,CSPGCL,Chhattisgarh,RAIGARH,Mand Raigarh,Raigarh,Opencast,PUBLIC,4.188343440887053,LOW,60.0,Moderate,50.0,Operational Only,LOW,4.188343440887053,Low risk indicator (risk score 4.19); no immediate high-risk indicator detected.,No Immediate High-Risk Indicator Detected
Garjanbahal OCP,MCL,Odisha,SUNDARGARH,IB Valley,Basundhara,Opencast,PUBLIC,16.95609152995615,LOW,60.0,Moderate,50.0,Operational Only,LOW,16.95609152995615,Low risk indicator (risk score 16.96); no immediate high-risk indicator detected.,No Immediate High-Risk Indicator Detected
Gayatri,SECL,Chhattisgarh,SURGUJA,Central India,Bisrampur,Underground,PUBLIC,4.42924434822798,LOW,60.0,Moderate,50.0,Operational Only,LOW,4.42924434822798,Low risk indicator (risk score 4.43); no immediate high-risk indicator detected.,No Immediate High-Risk Indicator Detected
Gevra,SECL,Chhattisgarh,KORBA,Central India,Gevra,Opencast,PUBLIC,77.86164042293184,HIGH,100.0,High,100.0,Environmental + Operational,URGENT,77.86164042293184,"High risk indicator (77.86) with strong supporting evidence (confidence 100%, coverage 100%).",Further Assessment Required
"Ghonsa,",WCL,Maharashtra,YAVATMAL,Wardha Valley,Wani North,Opencast,PUBLIC,1.5932783352951774,LOW,60.0,Moderate,50.0,Operational Only,LOW,1.5932783352951774,Low risk indicator (risk score 1.59); no immediate high-risk indicator detected.,No Immediate High-Risk Indicator Detected
Gidi `A',CCL,Jharkhand,HAZARIBAGH,S.K.Coalfields,Argada,Opencast,PUBLIC,1.29753255279594,LOW,60.0,Moderate,50.0,Operational Only,LOW,1.29753255279594,Low risk indicator (risk score 1.30); no immediate high-risk indicator detected.,No Immediate High-Risk Indicator Detected
Gidi `C',CCL,Jharkhand,HAZARIBAGH,S.K.Coalfields,Argada,Opencast,PUBLIC,2.0750801499770275,LOW,60.0,Moderate,50.0,Operational Only,LOW,2.0750801499770275,Low risk indicator (risk score 2.08); no immediate high-risk indicator detected.,No Immediate High-Risk Indicator Detected
Giridih OC,CCL,Jharkhand,GIRIDIH,Giridih,Giridih OC,Opencast,PUBLIC,9.78390918488667,LOW,60.0,Moderate,50.0,Operational Only,LOW,9.78390918488667,Low risk indicator (risk score 9.78); no immediate high-risk indicator detected.,No Immediate High-Risk Indicator Detected
Godavari Khani 1 & 3,SCCL,Telangana,KHAMMAM,Godavari Valley,Ramagundam-I,Underground,PUBLIC,5.206791945409067,LOW,60.0,Moderate,50.0,Operational Only,LOW,5.206791945409067,Low risk indicator (risk score 5.21); no immediate high-risk indicator detected.,No Immediate High-Risk Indicator Detected
Godavari Khani-11 Incline,SCCL,Telangana,PEDDAPALLI,Godavari Valley,Ramagundam-I,Underground,PUBLIC,10.506611906909445,LOW,60.0,Moderate,50.0,Operational Only,LOW,10.506611906909445,Low risk indicator (risk score 10.51); no immediate high-risk indicator detected.,No Immediate High-Risk Indicator Detected
Godavari Khani-2 & 2A,SCCL,Telangana,KHAMMAM,Godavari Valley,Ramagundam-I,Underground,PUBLIC,5.447692852749995,LOW,60.0,Moderate,50.0,Operational Only,LOW,5.447692852749995,Low risk indicator (risk score 5.45); no immediate high-risk indicator detected.,No Immediate High-Risk Indicator Detected
Godavarikhani V OC,SCCL,Telangana,PEDDAPALLI,Godavari Valley,Ramagundam-I,Opencast,PUBLIC,,Insufficient Evidence,0.0,Insufficient Evidence,0.0,No Evidence,INSUFFICIENT EVIDENCE,,Insufficient evidence available to determine inspection priority.,Insufficient Evidence for Risk Assessment
Gokul OC Mine + Gokul Extn.,WCL,Maharashtra,NAGPUR,Umrer,Umrer,Opencast,PUBLIC,6.652197389454623,LOW,60.0,Moderate,50.0,Operational Only,LOW,6.652197389454623,Low risk indicator (risk score 6.65); no immediate high-risk indicator detected.,No Immediate High-Risk Indicator Detected
Gondudih/Khas Kusunda,BCCL,Jharkhand,DHANBAD,Jharia,Kusunda,Opencast,PUBLIC,,Insufficient Evidence,0.0,Insufficient Evidence,0.0,No Evidence,INSUFFICIENT EVIDENCE,,Insufficient evidence available to determine inspection priority.,Insufficient Evidence for Risk Assessment
Gopalichuck,BCCL,Jharkhand,DHANBAD,Jharia,P.B.Project,Opencast,PUBLIC,0.388773798590545,LOW,60.0,Moderate,50.0,Operational Only,LOW,0.388773798590545,Low risk indicator (risk score 0.39); no immediate high-risk indicator detected.,No Immediate High-Risk Indicator Detected
Gopinathpur,ECL,Jharkhand,DHANBAD,Mugma/Salanpur,Mugma,Opencast,PUBLIC,5.20679194540907,LOW,60.0,Moderate,50.0,Operational Only,LOW,5.20679194540907,Low risk indicator (risk score 5.21); no immediate high-risk indicator detected.,No Immediate High-Risk Indicator Detected
Gotitoria E & W,BSMPL,Madhya Pradesh,Narsinghpur,Mohpani,Dharamsthal,Opencast,PRIVATE,,Insufficient Evidence,0.0,Insufficient Evidence,0.0,No Evidence,INSUFFICIENT EVIDENCE,,Insufficient evidence available to determine inspection priority.,Insufficient Evidence for Risk Assessment
Gourangdi-A OCP,ECL,West Bengal,Bardhaman,Mugma/Salanpur,Salanpur,Opencast,PUBLIC,,Insufficient Evidence,0.0,Insufficient Evidence,0.0,No Evidence,INSUFFICIENT EVIDENCE,,Insufficient evidence available to determine inspection priority.,Insufficient Evidence for Risk Assessment
Gourangdih Extn OC,ECL,West Bengal,Bardhaman,Mugma/Salanpur,Salanpur,Opencast,PUBLIC,,Insufficient Evidence,0.0,Insufficient Evidence,0.0,No Evidence,INSUFFICIENT EVIDENCE,,Insufficient evidence available to determine inspection priority.,Insufficient Evidence for Risk Assessment
Gouri -Pauni(A) OCM,WCL,Maharashtra,CHANDRAPUR,Wardha,Ballarpur,Opencast,PUBLIC,35.98726320988932,MEDIUM,60.0,Moderate,50.0,Operational Only,LOW,35.98726320988932,Low risk indicator (risk score 35.99); no immediate high-risk indicator detected.,Monitoring and Review Required
Gouri Deep,WCL,Maharashtra,CHANDRAPUR,Wardha,Ballarpur,Opencast,PUBLIC,9.302107370204816,LOW,60.0,Moderate,50.0,Operational Only,LOW,9.302107370204816,Low risk indicator (risk score 9.30); no immediate high-risk indicator detected.,No Immediate High-Risk Indicator Detected
Gouthampur Khani OCP,SCCL,Telangana,KHAMMAM,Godavari Valley,Kothagudem,Opencast,PUBLIC,16.047332775750753,LOW,60.0,Moderate,50.0,Operational Only,LOW,16.047332775750753,Low risk indicator (risk score 16.05); no immediate high-risk indicator detected.,No Immediate High-Risk Indicator Detected
Govindpur,CCL,Jharkhand,BOKARO,E. Bokaro,Kathara,Underground,PUBLIC,5.206791945409067,LOW,60.0,Moderate,50.0,Operational Only,LOW,5.206791945409067,Low risk indicator (risk score 5.21); no immediate high-risk indicator detected.,No Immediate High-Risk Indicator Detected
Govindpur Ph-II OCP,CCL,Jharkhand,BOKARO,E. Bokaro,Kathara,Opencast,PUBLIC,,Insufficient Evidence,0.0,Insufficient Evidence,0.0,No Evidence,INSUFFICIENT EVIDENCE,,Insufficient evidence available to determine inspection priority.,Insufficient Evidence for Risk Assessment
Haldibari,SECL,Chhattisgarh,KOREA,Central India,Hasdeo,Underground,PUBLIC,,Insufficient Evidence,0.0,Insufficient Evidence,0.0,No Evidence,INSUFFICIENT EVIDENCE,,Insufficient evidence available to determine inspection priority.,Insufficient Evidence for Risk Assessment
Hariajam,ECL,Jharkhand,DHANBAD,Mugma/Salanpur,Mugma,Underground,PUBLIC,4.7249901307272175,LOW,60.0,Moderate,50.0,Operational Only,LOW,4.7249901307272175,Low risk indicator (risk score 4.72); no immediate high-risk indicator detected.,No Immediate High-Risk Indicator Detected
Hindustan Lalpeth Colliery No.1,WCL,Maharashtra,CHANDRAPUR,Wardha,Chandrapur,Underground,PUBLIC,4.965891038068143,LOW,60.0,Moderate,50.0,Operational Only,LOW,4.965891038068143,Low risk indicator (risk score 4.97); no immediate high-risk indicator detected.,No Immediate High-Risk Indicator Detected
Hindustan Lalpeth OC,WCL,Maharashtra,CHANDRAPUR,Wardha,Chandrapur,Opencast,PUBLIC,4.965891038068143,LOW,60.0,Moderate,50.0,Operational Only,LOW,4.965891038068143,Low risk indicator (risk score 4.97); no immediate high-risk indicator detected.,No Immediate High-Risk Indicator Detected
Hingula OCP,MCL,Odisha,Angul,Talcher,Hingula,Opencast,PUBLIC,11.415370661114835,LOW,60.0,Moderate,50.0,Operational Only,LOW,11.415370661114835,Low risk indicator (risk score 11.42); no immediate high-risk indicator detected.,No Immediate High-Risk Indicator Detected
Hirakhand Bundia Mine,MCL,Odisha,JHARSUGUDA,IB Valley,Orient,Underground,PUBLIC,4.7249901307272175,LOW,60.0,Moderate,50.0,Operational Only,LOW,4.7249901307272175,Low risk indicator (risk score 4.72); no immediate high-risk indicator detected.,No Immediate High-Risk Indicator Detected
Hurra C,ECL,Jharkhand,GODDA,Rajmahal,Rajmahal,Opencast,PUBLIC,39.118975005321374,MEDIUM,60.0,Moderate,50.0,Operational Only,LOW,39.118975005321374,Low risk indicator (risk score 39.12); no immediate high-risk indicator detected.,Monitoring and Review Required
"Indaram Khani-1A, Incline",SCCL,Telangana,MANCHERIAL,Godavari Valley,Srirampur,Underground,PUBLIC,11.71111644361408,LOW,60.0,Moderate,50.0,Operational Only,LOW,11.71111644361408,Low risk indicator (risk score 11.71); no immediate high-risk indicator detected.,No Immediate High-Risk Indicator Detected
Indaram Khani-OC,SCCL,Telangana,MANCHERIAL,Godavari Valley,Srirampur,Opencast,PUBLIC,11.71111644361408,LOW,60.0,Moderate,50.0,Operational Only,LOW,11.71111644361408,Low risk indicator (risk score 11.71); no immediate high-risk indicator detected.,No Immediate High-Risk Indicator Detected
Int. Lakhanpur-Belpahar-Lilari OCP,MCL,Odisha,JHARSUGUDA,IB Valley,Lakhanpur,Opencast,PUBLIC,,Insufficient Evidence,0.0,Insufficient Evidence,0.0,No Evidence,INSUFFICIENT EVIDENCE,,Insufficient evidence available to determine inspection priority.,Insufficient Evidence for Risk Assessment
Itapara OC Patch,ECL,West Bengal,Bardhaman,Mugma/Salanpur,Salanpur,Opencast,PUBLIC,7.13399920413648,LOW,60.0,Moderate,50.0,Operational Only,LOW,7.13399920413648,Low risk indicator (risk score 7.13); no immediate high-risk indicator detected.,No Immediate High-Risk Indicator Detected
J. K. Nagar Colliery,ECL,West Bengal,Bardhaman,Raniganj,Satgram,Underground,PUBLIC,5.447692852749995,LOW,60.0,Moderate,50.0,Operational Only,LOW,5.447692852749995,Low risk indicator (risk score 5.45); no immediate high-risk indicator detected.,No Immediate High-Risk Indicator Detected
Jaganathpur,SECL,Chhattisgarh,SURGUJA,Central India,Bhatgaon,Opencast,PUBLIC,8.765460680364663,LOW,60.0,Moderate,50.0,Operational Only,LOW,8.765460680364663,Low risk indicator (risk score 8.77); no immediate high-risk indicator detected.,No Immediate High-Risk Indicator Detected
Jagannath Re-org OCP,MCL,Odisha,Angul,Talcher,Jagannath,Opencast,PUBLIC,,Insufficient Evidence,0.0,Insufficient Evidence,0.0,No Evidence,INSUFFICIENT EVIDENCE,,Insufficient evidence available to determine inspection priority.,Insufficient Evidence for Risk Assessment
Jalagam Vengala Rao OC-2,SCCL,Telangana,KHAMMAM,Godavari Valley,Kothagudem,Opencast,PUBLIC,20.810506047410986,LOW,60.0,Moderate,50.0,Operational Only,LOW,20.810506047410986,Low risk indicator (risk score 20.81); no immediate high-risk indicator detected.,No Immediate High-Risk Indicator Detected
Jalipa,HIL,Chhattisgarh,RAIGARH,Mand-Raigarh,Gare Palma Area,Opencast,PRIVATE,,Insufficient Evidence,0.0,Insufficient Evidence,0.0,No Evidence,INSUFFICIENT EVIDENCE,,Insufficient evidence available to determine inspection priority.,Insufficient Evidence for Risk Assessment
Jamadoba Colliery,TSL,Jharkhand,DHANBAD,Jharia,Jamadoba,Mixed,PRIVATE,8.579404648182038,LOW,60.0,Moderate,50.0,Operational Only,LOW,8.579404648182038,Low risk indicator (risk score 8.58); no immediate high-risk indicator detected.,No Immediate High-Risk Indicator Detected
Jambad OCP,ECL,West Bengal,Bardhaman,Raniganj,Kajora,Opencast,PUBLIC,7.61580101881833,LOW,60.0,Moderate,50.0,Operational Only,LOW,7.61580101881833,Low risk indicator (risk score 7.62); no immediate high-risk indicator detected.,No Immediate High-Risk Indicator Detected
Jambad UG Colliery,ECL,West Bengal,Bardhaman,Raniganj,Kajora,Underground,PUBLIC,5.688593760090923,LOW,60.0,Moderate,50.0,Operational Only,LOW,5.688593760090923,Low risk indicator (risk score 5.69); no immediate high-risk indicator detected.,No Immediate High-Risk Indicator Detected
Jamkhani Coal Mine,Vedanta,Odisha,SUNDARGARH,IB River,IB River,Opencast,PRIVATE,29.723839619025245,LOW,60.0,Moderate,50.0,Operational Only,LOW,29.723839619025245,Low risk indicator (risk score 29.72); no immediate high-risk indicator detected.,No Immediate High-Risk Indicator Detected
Jampali,SECL,Chhattisgarh,RAIGARH,Central India,Raigarh,Opencast,PUBLIC,4.965891038068143,LOW,60.0,Moderate,50.0,Operational Only,LOW,4.965891038068143,Low risk indicator (risk score 4.97); no immediate high-risk indicator detected.,No Immediate High-Risk Indicator Detected
Jamuna 9 & 10 Jamuna RO,SECL,Madhya Pradesh,SHAHDOL,Central India,Jamuna & Kotma,Underground,PUBLIC,,Insufficient Evidence,0.0,Insufficient Evidence,0.0,No Evidence,INSUFFICIENT EVIDENCE,,Insufficient evidence available to determine inspection priority.,Insufficient Evidence for Risk Assessment
Jarangdih OC,CCL,Jharkhand,BOKARO,E. Bokaro,Kathara,Opencast,PUBLIC,9.72906430972836,LOW,60.0,Moderate,50.0,Operational Only,LOW,9.72906430972836,Low risk indicator (risk score 9.73); no immediate high-risk indicator detected.,No Immediate High-Risk Indicator Detected
"Jawahar Khani OC-5,",SCCL,Telangana,KHAMMAM,Godavari Valley,Yellandu,Opencast,PUBLIC,17.251837312455383,LOW,60.0,Moderate,50.0,Operational Only,LOW,17.251837312455383,Low risk indicator (risk score 17.25); no immediate high-risk indicator detected.,No Immediate High-Risk Indicator Detected
Jayant Project,NCL,Madhya Pradesh,SINGRAULI,Singrauli,Jayant,Opencast,PUBLIC,75.49501201380124,HIGH,60.0,Moderate,50.0,Operational Only,HIGH,75.49501201380124,High risk indicator detected (risk score 75.50). Further assessment should be prioritized.,Further Assessment Required
Jhanjra Project Colliery,ECL,West Bengal,Bardhaman,Raniganj,Jhanjra,Underground,PUBLIC,,Insufficient Evidence,0.0,Insufficient Evidence,0.0,No Evidence,INSUFFICIENT EVIDENCE,,Insufficient evidence available to determine inspection priority.,Insufficient Evidence for Risk Assessment
Jharkhand OCP,CCL,Jharkhand,RAMGARH,W.Bokaro,Hazaribagh,Opencast,PUBLIC,4.00228740870444,LOW,60.0,Moderate,50.0,Operational Only,LOW,4.00228740870444,Low risk indicator (risk score 4.00); no immediate high-risk indicator detected.,No Immediate High-Risk Indicator Detected
Jhilimili Colliery,SECL,Chhattisgarh,KOREA,Central India,Baikunthpur,Underground,PUBLIC,3.5204855940225848,LOW,60.0,Moderate,50.0,Operational Only,LOW,3.5204855940225848,Low risk indicator (risk score 3.52); no immediate high-risk indicator detected.,No Immediate High-Risk Indicator Detected
Jhingurda Project,NCL,Madhya Pradesh,SINGRAULI,Singrauli,Jhingurda,Opencast,PUBLIC,2.79778287199981,LOW,60.0,Moderate,50.0,Operational Only,LOW,2.79778287199981,Low risk indicator (risk score 2.80); no immediate high-risk indicator detected.,No Immediate High-Risk Indicator Detected
Jhiria,SECL,Madhya Pradesh,SHAHDOL,Central India,Hasdeo,Underground,PUBLIC,4.002287408704437,LOW,60.0,Moderate,50.0,Operational Only,LOW,4.002287408704437,Low risk indicator (risk score 4.00); no immediate high-risk indicator detected.,No Immediate High-Risk Indicator Detected
Jitpur Colliery,IISCO,Jharkhand,DHANBAD,Jharia,SAIL-BSL,Underground,PUBLIC,4.484089223386293,LOW,60.0,Moderate,50.0,Operational Only,LOW,4.484089223386293,Low risk indicator (risk score 4.48); no immediate high-risk indicator detected.,No Immediate High-Risk Indicator Detected
Jogidih,BCCL,Jharkhand,DHANBAD,Jharia,Govindpur,Underground,PUBLIC,4.965891038068143,LOW,60.0,Moderate,50.0,Operational Only,LOW,4.965891038068143,Low risk indicator (risk score 4.97); no immediate high-risk indicator detected.,No Immediate High-Risk Indicator Detected
Joyrampur,BCCL,Jharkhand,DHANBAD,Jharia,Lodna,Opencast,PUBLIC,,Insufficient Evidence,0.0,Insufficient Evidence,0.0,No Evidence,INSUFFICIENT EVIDENCE,,Insufficient evidence available to determine inspection priority.,Insufficient Evidence for Risk Assessment
"Junad,",WCL,Maharashtra,YAVATMAL,Wardha Valley,Wani North,Opencast,PUBLIC,9.06120646286389,LOW,60.0,Moderate,50.0,Operational Only,LOW,9.06120646286389,Low risk indicator (risk score 9.06); no immediate high-risk indicator detected.,No Immediate High-Risk Indicator Detected
K. Dewarkhand,CCL,Jharkhand,RANCHI,N.K.Coalfields,North Karanpura,Opencast,PUBLIC,5.392847977591687,LOW,60.0,Moderate,50.0,Operational Only,LOW,5.392847977591687,Low risk indicator (risk score 5.39); no immediate high-risk indicator detected.,No Immediate High-Risk Indicator Detected
KARO SPL OC,CCL,Jharkhand,BOKARO,E. Bokaro,B & K Area,Underground,PUBLIC,,Insufficient Evidence,0.0,Insufficient Evidence,0.0,No Evidence,INSUFFICIENT EVIDENCE,,Insufficient evidence available to determine inspection priority.,Insufficient Evidence for Risk Assessment
Kabribad OC,CCL,Jharkhand,GIRIDIH,Giridih,Giridih OC,Opencast,PUBLIC,4.911046162909832,LOW,60.0,Moderate,50.0,Operational Only,LOW,4.911046162909832,Low risk indicator (risk score 4.91); no immediate high-risk indicator detected.,No Immediate High-Risk Indicator Detected
Kakatiya Khani-1 & 1A Incline,SCCL,Telangana,JAYASHANKAR BHUPALPALLY,Godavari Valley,Bhupalpalli,Underground,PUBLIC,5.688593760090923,LOW,60.0,Moderate,50.0,Operational Only,LOW,5.688593760090923,Low risk indicator (risk score 5.69); no immediate high-risk indicator detected.,No Immediate High-Risk Indicator Detected
Kakatiya Khani-5 Incline,SCCL,Telangana,JAYASHANKAR BHUPALPALLY,Godavari Valley,Bhupalpalli,Underground,PUBLIC,5.20679194540907,LOW,60.0,Moderate,50.0,Operational Only,LOW,5.20679194540907,Low risk indicator (risk score 5.21); no immediate high-risk indicator detected.,No Immediate High-Risk Indicator Detected
"Kakatiya Khani-6, Incline",SCCL,Telangana,JAYASHANKAR BHUPALPALLY,Godavari Valley,Bhupalpalli,Underground,PUBLIC,5.688593760090923,LOW,60.0,Moderate,50.0,Operational Only,LOW,5.688593760090923,Low risk indicator (risk score 5.69); no immediate high-risk indicator detected.,No Immediate High-Risk Indicator Detected
Kakatiya Khani-8 & 8A Incline,SCCL,Telangana,JAYASHANKAR BHUPALPALLY,Godavari Valley,Bhupalpalli,Underground,PUBLIC,5.447692852749995,LOW,60.0,Moderate,50.0,Operational Only,LOW,5.447692852749995,Low risk indicator (risk score 5.45); no immediate high-risk indicator detected.,No Immediate High-Risk Indicator Detected
Kakatiya Khani-OC II,SCCL,Telangana,JAYASHANKAR BHUPALPALLY,Godavari Valley,Bhupalpalli,Opencast,PUBLIC,0.815730738114085,LOW,60.0,Moderate,50.0,Operational Only,LOW,0.815730738114085,Low risk indicator (risk score 0.82); no immediate high-risk indicator detected.,No Immediate High-Risk Indicator Detected
Kakatiya Khani-OC-III,SCCL,Telangana,JAYASHANKAR BHUPALPALLY,Godavari Valley,Bhupalpalli,Opencast,PUBLIC,9.24726249504651,LOW,60.0,Moderate,50.0,Operational Only,LOW,9.24726249504651,Low risk indicator (risk score 9.25); no immediate high-risk indicator detected.,No Immediate High-Risk Indicator Detected
Kakri Project,NCL,Madhya Pradesh,SINGRAULI,Singrauli,Kakri,Opencast,PUBLIC,15.083729146387045,LOW,60.0,Moderate,50.0,Operational Only,LOW,15.083729146387045,Low risk indicator (risk score 15.08); no immediate high-risk indicator detected.,No Immediate High-Risk Indicator Detected
Kalidaspur Project,ECL,West Bengal,BANKURA,Raniganj,Satgram,Underground,PUBLIC,4.48408922338629,LOW,60.0,Moderate,50.0,Operational Only,LOW,4.48408922338629,Low risk indicator (risk score 4.48); no immediate high-risk indicator detected.,No Immediate High-Risk Indicator Detected
Kalyan Khani OC,SCCL,Telangana,MANCHERIAL,Godavari Valley,Mandamari,Opencast,PUBLIC,6.652197389454627,LOW,60.0,Moderate,50.0,Operational Only,LOW,6.652197389454627,Low risk indicator (risk score 6.65); no immediate high-risk indicator detected.,No Immediate High-Risk Indicator Detected
Kalyan Khani-1 & 5 Incline,SCCL,Telangana,MANCHERIAL,Godavari Valley,Mandamari,Underground,PUBLIC,7.615801018818333,LOW,60.0,Moderate,50.0,Operational Only,LOW,7.615801018818333,Low risk indicator (risk score 7.62); no immediate high-risk indicator detected.,No Immediate High-Risk Indicator Detected
Kanchan OC,SECL,Madhya Pradesh,UMARIA,Central India,Johilla,Opencast,PUBLIC,4.670145255568907,LOW,60.0,Moderate,50.0,Operational Only,LOW,4.670145255568907,Low risk indicator (risk score 4.67); no immediate high-risk indicator detected.,No Immediate High-Risk Indicator Detected
Kaniha OCP,MCL,Odisha,Angul,Talcher,Kaniha,Opencast,PUBLIC,13.156521887659636,LOW,60.0,Moderate,50.0,Operational Only,LOW,13.156521887659636,Low risk indicator (risk score 13.16); no immediate high-risk indicator detected.,No Immediate High-Risk Indicator Detected
Kankanee,BCCL,Jharkhand,DHANBAD,Jharia,Sijua,Opencast,PUBLIC,2.0750801499770275,LOW,60.0,Moderate,50.0,Operational Only,LOW,2.0750801499770275,Low risk indicator (risk score 2.08); no immediate high-risk indicator detected.,No Immediate High-Risk Indicator Detected
Kapasara,ECL,Jharkhand,DHANBAD,Mugma/Salanpur,Mugma,Opencast,PUBLIC,7.13399920413648,LOW,60.0,Moderate,50.0,Operational Only,LOW,7.13399920413648,Low risk indicator (risk score 7.13); no immediate high-risk indicator detected.,No Immediate High-Risk Indicator Detected
Kapurdi,HIL,Chhattisgarh,RAIGARH,Mand-Raigarh,Gare Palma Area,Underground,PRIVATE,,Insufficient Evidence,0.0,Insufficient Evidence,0.0,No Evidence,INSUFFICIENT EVIDENCE,,Insufficient evidence available to determine inspection priority.,Insufficient Evidence for Risk Assessment
Kargali OC,CCL,Jharkhand,BOKARO,E. Bokaro,B & K Area,Opencast,PUBLIC,,Insufficient Evidence,0.0,Insufficient Evidence,0.0,No Evidence,INSUFFICIENT EVIDENCE,,Insufficient evidence available to determine inspection priority.,Insufficient Evidence for Risk Assessment
Karma,CCL,Jharkhand,RAMGARH,W.Bokaro,Kuju,Opencast,PUBLIC,1.593278335295175,LOW,60.0,Moderate,50.0,Operational Only,LOW,1.593278335295175,Low risk indicator (risk score 1.59); no immediate high-risk indicator detected.,No Immediate High-Risk Indicator Detected
Karo-I OC,CCL,Jharkhand,BOKARO,E. Bokaro,B & K Area,Opencast,PUBLIC,9.783909184886667,LOW,60.0,Moderate,50.0,Operational Only,LOW,9.783909184886667,Low risk indicator (risk score 9.78); no immediate high-risk indicator detected.,No Immediate High-Risk Indicator Detected
Kasipet 1 Incline,SCCL,Telangana,MANCHERIAL,Godavari Valley,Mandamari,Underground,PUBLIC,4.00228740870444,LOW,60.0,Moderate,50.0,Operational Only,LOW,4.00228740870444,Low risk indicator (risk score 4.00); no immediate high-risk indicator detected.,No Immediate High-Risk Indicator Detected
Kasipet 2 Incline,SCCL,Telangana,MANCHERIAL,Godavari Valley,Mandamari,Underground,PUBLIC,4.243188316045365,LOW,60.0,Moderate,50.0,Operational Only,LOW,4.243188316045365,Low risk indicator (risk score 4.24); no immediate high-risk indicator detected.,No Immediate High-Risk Indicator Detected
Kathara Colly,CCL,Jharkhand,BOKARO,E. Bokaro,Kathara,Opencast,PUBLIC,1.8341792426361,LOW,60.0,Moderate,50.0,Operational Only,LOW,1.8341792426361,Low risk indicator (risk score 1.83); no immediate high-risk indicator detected.,No Immediate High-Risk Indicator Detected
Kathautia Open Cast Coal Mine,HIL,Jharkhand,PALAMU,Daltonganj,Kathautia,Opencast,PRIVATE,3.761386501363512,LOW,60.0,Moderate,50.0,Operational Only,LOW,3.761386501363512,Low risk indicator (risk score 3.76); no immediate high-risk indicator detected.,No Immediate High-Risk Indicator Detected
Katkona 1 & 2,SECL,Chhattisgarh,KOREA,Central India,Baikunthpur,Underground,PUBLIC,,Insufficient Evidence,0.0,Insufficient Evidence,0.0,No Evidence,INSUFFICIENT EVIDENCE,,Insufficient evidence available to determine inspection priority.,Insufficient Evidence for Risk Assessment
Kedla (OC),CCL,Jharkhand,RAMGARH,W.Bokaro,Hazaribagh,Opencast,PUBLIC,4.965891038068143,LOW,60.0,Moderate,50.0,Operational Only,LOW,4.965891038068143,Low risk indicator (risk score 4.97); no immediate high-risk indicator detected.,No Immediate High-Risk Indicator Detected
Kedla UG,CCL,Jharkhand,RAMGARH,W.Bokaro,Hazaribagh,Underground,PUBLIC,,Insufficient Evidence,0.0,Insufficient Evidence,0.0,No Evidence,INSUFFICIENT EVIDENCE,,Insufficient evidence available to determine inspection priority.,Insufficient Evidence for Risk Assessment
Kerandari,NTPC,Jharkhand,HAZARIBAGH,North Karanpura,Keredari,Opencast,PUBLIC,,Insufficient Evidence,0.0,Insufficient Evidence,0.0,No Evidence,INSUFFICIENT EVIDENCE,,Insufficient evidence available to determine inspection priority.,Insufficient Evidence for Risk Assessment
Ketki,SECL,Chhattisgarh,SURGUJA,Central India,Bisrampur,Underground,PUBLIC,4.243188316045365,LOW,60.0,Moderate,50.0,Operational Only,LOW,4.243188316045365,Low risk indicator (risk score 4.24); no immediate high-risk indicator detected.,No Immediate High-Risk Indicator Detected
Khadia Project,NCL,Uttar Pradesh,SONBHADRA,Singrauli,Khadia,Opencast,PUBLIC,4.965891038068143,LOW,60.0,Moderate,50.0,Operational Only,LOW,4.965891038068143,Low risk indicator (risk score 4.97); no immediate high-risk indicator detected.,No Immediate High-Risk Indicator Detected
Khairagura OC,SCCL,Telangana,Komaram Bheem,Godavari Valley,Belampalli,Opencast,PUBLIC,15.028884271228742,LOW,60.0,Moderate,50.0,Operational Only,LOW,15.028884271228742,Low risk indicator (risk score 15.03); no immediate high-risk indicator detected.,No Immediate High-Risk Indicator Detected
Khairaha,SECL,Madhya Pradesh,SHAHDOL,Central India,Sohagpur,Underground,PUBLIC,4.965891038068143,LOW,60.0,Moderate,50.0,Operational Only,LOW,4.965891038068143,Low risk indicator (risk score 4.97); no immediate high-risk indicator detected.,No Immediate High-Risk Indicator Detected
Khandra Colliery,ECL,West Bengal,Bardhaman,Raniganj,Bankola,Underground,PUBLIC,5.20679194540907,LOW,60.0,Moderate,50.0,Operational Only,LOW,5.20679194540907,Low risk indicator (risk score 5.21); no immediate high-risk indicator detected.,No Immediate High-Risk Indicator Detected
Kharkharee,BCCL,Jharkhand,DHANBAD,Jharia,Govindpur,Underground,PUBLIC,4.965891038068143,LOW,60.0,Moderate,50.0,Operational Only,LOW,4.965891038068143,Low risk indicator (risk score 4.97); no immediate high-risk indicator detected.,No Immediate High-Risk Indicator Detected
Khas Kajora Colliery,ECL,West Bengal,Bardhaman,Raniganj,Kajora,Underground,PUBLIC,5.688593760090923,LOW,60.0,Moderate,50.0,Operational Only,LOW,5.688593760090923,Low risk indicator (risk score 5.69); no immediate high-risk indicator detected.,No Immediate High-Risk Indicator Detected
Khoodia,ECL,Jharkhand,DHANBAD,Mugma/Salanpur,Mugma,Underground,PUBLIC,4.243188316045365,LOW,60.0,Moderate,50.0,Operational Only,LOW,4.243188316045365,Low risk indicator (risk score 4.24); no immediate high-risk indicator detected.,No Immediate High-Risk Indicator Detected
Khottadih OCP,ECL,West Bengal,Bardhaman,Raniganj,Pandaveswar,Opencast,PUBLIC,7.13399920413648,LOW,60.0,Moderate,50.0,Operational Only,LOW,7.13399920413648,Low risk indicator (risk score 7.13); no immediate high-risk indicator detected.,No Immediate High-Risk Indicator Detected
Khottadih UG,ECL,West Bengal,Bardhaman,Raniganj,Pandaveswar,Underground,PUBLIC,5.447692852749995,LOW,60.0,Moderate,50.0,Operational Only,LOW,5.447692852749995,Low risk indicator (risk score 5.45); no immediate high-risk indicator detected.,No Immediate High-Risk Indicator Detected
Kistaram OC,SCCL,Telangana,KHAMMAM,Godavari Valley,Kothagudem,Opencast,PUBLIC,4.6701452555689045,LOW,60.0,Moderate,50.0,Operational Only,LOW,4.6701452555689045,Low risk indicator (risk score 4.67); no immediate high-risk indicator detected.,No Immediate High-Risk Indicator Detected
"Kolarpimpri,",WCL,Maharashtra,YAVATMAL,Wardha Valley,Wani North,Opencast,PUBLIC,4.965891038068143,LOW,60.0,Moderate,50.0,Operational Only,LOW,4.965891038068143,Low risk indicator (risk score 4.97); no immediate high-risk indicator detected.,No Immediate High-Risk Indicator Detected
Kolgaon OC,WCL,Maharashtra,YAVATMAL,Wardha,Wani,Opencast,PUBLIC,4.965891038068143,LOW,60.0,Moderate,50.0,Operational Only,LOW,4.965891038068143,Low risk indicator (risk score 4.97); no immediate high-risk indicator detected.,No Immediate High-Risk Indicator Detected
Kondapuram UG,SCCL,Telangana,KHAMMAM,Godavari Valley,Manuguru,Underground,PUBLIC,,Insufficient Evidence,0.0,Insufficient Evidence,0.0,No Evidence,INSUFFICIENT EVIDENCE,,Insufficient evidence available to determine inspection priority.,Insufficient Evidence for Risk Assessment
Koya Gundem OC II,SCCL,Telangana,KHAMMAM,Godavari Valley,Yellandu,Opencast,PUBLIC,4.965891038068143,LOW,60.0,Moderate,50.0,Operational Only,LOW,4.965891038068143,Low risk indicator (risk score 4.97); no immediate high-risk indicator detected.,No Immediate High-Risk Indicator Detected
Krishnshila OCP,NCL,Uttar Pradesh,SONBHADRA,Singrauli,Krishnshila,Opencast,PUBLIC,4.965891038068143,LOW,60.0,Moderate,50.0,Operational Only,LOW,4.965891038068143,Low risk indicator (risk score 4.97); no immediate high-risk indicator detected.,No Immediate High-Risk Indicator Detected
Kujama,BCCL,Jharkhand,DHANBAD,Jharia,Lodna,Opencast,PUBLIC,,Insufficient Evidence,0.0,Insufficient Evidence,0.0,No Evidence,INSUFFICIENT EVIDENCE,,Insufficient evidence available to determine inspection priority.,Insufficient Evidence for Risk Assessment
Kuju Colliery,CCL,Jharkhand,RAMGARH,W.Bokaro,Kuju,Opencast,PUBLIC,,Insufficient Evidence,0.0,Insufficient Evidence,0.0,No Evidence,INSUFFICIENT EVIDENCE,,Insufficient evidence available to determine inspection priority.,Insufficient Evidence for Risk Assessment
Kulda OCP Balinga,MCL,Odisha,SUNDARGARH,IB Valley,Basundhara,Opencast,PUBLIC,4.965891038068143,LOW,60.0,Moderate,50.0,Operational Only,LOW,4.965891038068143,Low risk indicator (risk score 4.97); no immediate high-risk indicator detected.,No Immediate High-Risk Indicator Detected
Kumardhubi Colliery,ECL,Jharkhand,DHANBAD,Mugma/Salanpur,Mugma,Underground,PUBLIC,4.965891038068143,LOW,60.0,Moderate,50.0,Operational Only,LOW,4.965891038068143,Low risk indicator (risk score 4.97); no immediate high-risk indicator detected.,No Immediate High-Risk Indicator Detected
Kumardihi-A Colliery,ECL,West Bengal,Bardhaman,Raniganj,Bankola,Underground,PUBLIC,4.965891038068143,LOW,60.0,Moderate,50.0,Operational Only,LOW,4.965891038068143,Low risk indicator (risk score 4.97); no immediate high-risk indicator detected.,No Immediate High-Risk Indicator Detected
Kumda 7 & 8,SECL,Chhattisgarh,SURGUJA,Central India,Bisrampur,Underground,PUBLIC,5.20679194540907,LOW,60.0,Moderate,50.0,Operational Only,LOW,5.20679194540907,Low risk indicator (risk score 5.21); no immediate high-risk indicator detected.,No Immediate High-Risk Indicator Detected
Kunustoria Colliery,ECL,West Bengal,Bardhaman,Raniganj,Kunustoria,Underground,PUBLIC,5.447692852749995,LOW,60.0,Moderate,50.0,Operational Only,LOW,5.447692852749995,Low risk indicator (risk score 5.45); no immediate high-risk indicator detected.,No Immediate High-Risk Indicator Detected
Kurasia UG,SECL,Chhattisgarh,KOREA,Central India,Chirimiri,Underground,PUBLIC,4.7249901307272175,LOW,60.0,Moderate,50.0,Operational Only,LOW,4.7249901307272175,Low risk indicator (risk score 4.72); no immediate high-risk indicator detected.,No Immediate High-Risk Indicator Detected
Kurja/Sheetaldhara/Kapildhara,SECL,Madhya Pradesh,SHAHDOL,Central India,Hasdeo,Underground,PUBLIC,,Insufficient Evidence,0.0,Insufficient Evidence,0.0,No Evidence,INSUFFICIENT EVIDENCE,,Insufficient evidence available to determine inspection priority.,Insufficient Evidence for Risk Assessment
Kusmunda Project,SECL,Chhattisgarh,KORBA,Central India,Kusmunda,Opencast,PUBLIC,100.0,CRITICAL,60.0,Moderate,50.0,Operational Only,HIGH,100.0,High risk indicator detected (risk score 100.00). Further assessment should be prioritized.,Priority Inspection / Further Assessment Required
Kuya,BCCL,Jharkhand,DHANBAD,Jharia,Bastacolla,Opencast,PUBLIC,3.038683779340743,LOW,60.0,Moderate,50.0,Operational Only,LOW,3.038683779340743,Low risk indicator (risk score 3.04); no immediate high-risk indicator detected.,No Immediate High-Risk Indicator Detected
Laiyo UGP,CCL,Jharkhand,RAMGARH,W.Bokaro,Hazaribagh,Underground,PUBLIC,,Insufficient Evidence,0.0,Insufficient Evidence,0.0,No Evidence,INSUFFICIENT EVIDENCE,,Insufficient evidence available to determine inspection priority.,Insufficient Evidence for Risk Assessment
Lajkura OCP,MCL,Odisha,JHARSUGUDA,IB Valley,IB Valley,Opencast,PUBLIC,,Insufficient Evidence,0.0,Insufficient Evidence,0.0,No Evidence,INSUFFICIENT EVIDENCE,,Insufficient evidence available to determine inspection priority.,Insufficient Evidence for Risk Assessment
Lakhimata,ECL,Jharkhand,DHANBAD,Mugma/Salanpur,Mugma,Underground,PUBLIC,4.72499013072722,LOW,60.0,Moderate,50.0,Operational Only,LOW,4.72499013072722,Low risk indicator (risk score 4.72); no immediate high-risk indicator detected.,No Immediate High-Risk Indicator Detected
Lingaraj OCP,MCL,Odisha,Angul,Talcher,Lingaraj,Opencast,PUBLIC,19.846902418047208,LOW,60.0,Moderate,50.0,Operational Only,LOW,19.846902418047208,Low risk indicator (risk score 19.85); no immediate high-risk indicator detected.,No Immediate High-Risk Indicator Detected
Lower Kenda Colliery,ECL,West Bengal,Bardhaman,Raniganj,Kenda,Underground,PUBLIC,4.965891038068143,LOW,60.0,Moderate,50.0,Operational Only,LOW,4.965891038068143,Low risk indicator (risk score 4.97); no immediate high-risk indicator detected.,No Immediate High-Risk Indicator Detected
Madhaipur,ECL,West Bengal,Bardhaman,Raniganj,Kajora,Mixed,PUBLIC,,Insufficient Evidence,0.0,Insufficient Evidence,0.0,No Evidence,INSUFFICIENT EVIDENCE,,Insufficient evidence available to determine inspection priority.,Insufficient Evidence for Risk Assessment
Madhaipur Mixed,ECL,West Bengal,Bardhaman,Raniganj,Pandaveswar,Mixed,PUBLIC,,Insufficient Evidence,0.0,Insufficient Evidence,0.0,No Evidence,INSUFFICIENT EVIDENCE,,Insufficient evidence available to determine inspection priority.,Insufficient Evidence for Risk Assessment
Madhusudanpur 7 Pit & Incline,ECL,West Bengal,Bardhaman,Raniganj,Kajora,Underground,PUBLIC,,Insufficient Evidence,0.0,Insufficient Evidence,0.0,No Evidence,INSUFFICIENT EVIDENCE,,Insufficient evidence available to determine inspection priority.,Insufficient Evidence for Risk Assessment
Magadh OCP,CCL,Jharkhand,CHATRA,N.K.Coalfields,Magadh,Opencast,PUBLIC,100.0,CRITICAL,60.0,Moderate,50.0,Operational Only,HIGH,100.0,High risk indicator detected (risk score 100.00). Further assessment should be prioritized.,Priority Inspection / Further Assessment Required
Mahadeopuri,WCL,Madhya Pradesh,CHHINDWARA,Pench & Kanhan,Pench,Underground,PUBLIC,5.929494667431849,LOW,60.0,Moderate,50.0,Operational Only,LOW,5.929494667431849,Low risk indicator (risk score 5.93); no immediate high-risk indicator detected.,No Immediate High-Risk Indicator Detected
Mahakali Colliery,WCL,Maharashtra,CHANDRAPUR,Wardha,Chandrapur,Underground,PUBLIC,4.965891038068143,LOW,60.0,Moderate,50.0,Operational Only,LOW,4.965891038068143,Low risk indicator (risk score 4.97); no immediate high-risk indicator detected.,No Immediate High-Risk Indicator Detected
Maheshpur,BCCL,Jharkhand,DHANBAD,Jharia,Govindpur,Underground,PUBLIC,4.965891038068143,LOW,60.0,Moderate,50.0,Operational Only,LOW,4.965891038068143,Low risk indicator (risk score 4.97); no immediate high-risk indicator detected.,No Immediate High-Risk Indicator Detected
Makardhokra-I OC Expansion Mine,WCL,Maharashtra,NAGPUR,Umrer,Umrer,Opencast,PUBLIC,4.965891038068143,LOW,60.0,Moderate,50.0,Operational Only,LOW,4.965891038068143,Low risk indicator (risk score 4.97); no immediate high-risk indicator detected.,No Immediate High-Risk Indicator Detected
Makardhokra-III OC MINE,WCL,Maharashtra,NAGPUR,Umrer,Umrer,Opencast,PUBLIC,,Insufficient Evidence,0.0,Insufficient Evidence,0.0,No Evidence,INSUFFICIENT EVIDENCE,,Insufficient evidence available to determine inspection priority.,Insufficient Evidence for Risk Assessment
Mandarboni,ECL,West Bengal,Bardhaman,Raniganj,Pandaveswar,Underground,PUBLIC,,Insufficient Evidence,0.0,Insufficient Evidence,0.0,No Evidence,INSUFFICIENT EVIDENCE,,Insufficient evidence available to determine inspection priority.,Insufficient Evidence for Risk Assessment
Manikpur,SECL,Chhattisgarh,KORBA,Central India,Korba,Opencast,PUBLIC,4.965891038068143,LOW,60.0,Moderate,50.0,Operational Only,LOW,4.965891038068143,Low risk indicator (risk score 4.97); no immediate high-risk indicator detected.,No Immediate High-Risk Indicator Detected
Manki/Churi,CCL,Jharkhand,RANCHI,N.K.Coalfields,North Karanpura,Underground,PUBLIC,6.893098296795552,LOW,60.0,Moderate,50.0,Operational Only,LOW,6.893098296795552,Low risk indicator (risk score 6.89); no immediate high-risk indicator detected.,No Immediate High-Risk Indicator Detected
Manna Incline,WCL,Maharashtra,CHANDRAPUR,Wardha,Chandrapur,Underground,PUBLIC,5.20679194540907,LOW,60.0,Moderate,50.0,Operational Only,LOW,5.20679194540907,Low risk indicator (risk score 5.21); no immediate high-risk indicator detected.,No Immediate High-Risk Indicator Detected
Manoharpur Coal Mine,OCPL,Odisha,SUNDARGARH,IB Valley,Sundargarh,Opencast,PUBLIC,7.320055236319092,LOW,60.0,Moderate,50.0,Operational Only,LOW,7.320055236319092,Low risk indicator (risk score 7.32); no immediate high-risk indicator detected.,No Immediate High-Risk Indicator Detected
Manuguru Opencast,SCCL,Telangana,KHAMMAM,Godavari Valley,Manuguru,Opencast,PUBLIC,4.965891038068143,LOW,60.0,Moderate,50.0,Operational Only,LOW,4.965891038068143,Low risk indicator (risk score 4.97); no immediate high-risk indicator detected.,No Immediate High-Risk Indicator Detected
Marki Mangli - I Coal Mine,TUML,Maharashtra,YAVATMAL,Wardha Valley,Marki Mangli-1 Coal Mine,Opencast,PRIVATE,9.302107370204816,LOW,60.0,Moderate,50.0,Operational Only,LOW,9.302107370204816,Low risk indicator (risk score 9.30); no immediate high-risk indicator detected.,No Immediate High-Risk Indicator Detected
Marki Mangli III,BSIL,Maharashtra,YAVATMAL,Warda Valley,Marki Mangli -III,Opencast,PRIVATE,7.13399920413648,LOW,60.0,Moderate,50.0,Operational Only,LOW,7.13399920413648,Low risk indicator (risk score 7.13); no immediate high-risk indicator detected.,No Immediate High-Risk Indicator Detected
Mathani,WCL,Madhya Pradesh,CHHINDWARA,Pench & Kanhan,Pench,Underground,PUBLIC,3.0386837793407326,LOW,60.0,Moderate,50.0,Operational Only,LOW,3.0386837793407326,Low risk indicator (risk score 3.04); no immediate high-risk indicator detected.,No Immediate High-Risk Indicator Detected
Meera,SECL,Madhya Pradesh,SHAHDOL,Central India,Jamuna & Kotma,Underground,PUBLIC,4.965891038068143,LOW,60.0,Moderate,50.0,Operational Only,LOW,4.965891038068143,Low risk indicator (risk score 4.97); no immediate high-risk indicator detected.,No Immediate High-Risk Indicator Detected
Methani Colliery,ECL,West Bengal,Bardhaman,Raniganj,Sodepur,Underground,PUBLIC,4.965891038068143,LOW,60.0,Moderate,50.0,Operational Only,LOW,4.965891038068143,Low risk indicator (risk score 4.97); no immediate high-risk indicator detected.,No Immediate High-Risk Indicator Detected
Metica Coal Mine,JKML,Jammu & Kashmir,Rajouri,Kalakota,Kalakota,Underground,PUBLIC,4.965891038068143,LOW,60.0,Moderate,50.0,Operational Only,LOW,4.965891038068143,Low risk indicator (risk score 4.97); no immediate high-risk indicator detected.,No Immediate High-Risk Indicator Detected
Mohan (Mohan UG),WCL,Madhya Pradesh,CHHINDWARA,Pench & Kanhan,Kanhan,Mixed,PUBLIC,7.61580101881833,LOW,60.0,Moderate,50.0,Operational Only,LOW,7.61580101881833,Low risk indicator (risk score 7.62); no immediate high-risk indicator detected.,No Immediate High-Risk Indicator Detected
Mohanpur (Expn),ECL,West Bengal,Bardhaman,Mugma/Salanpur,Salanpur,Opencast,PUBLIC,17.19699243729708,LOW,60.0,Moderate,50.0,Operational Only,LOW,17.19699243729708,Low risk indicator (risk score 17.20); no immediate high-risk indicator detected.,No Immediate High-Risk Indicator Detected
Moher & Moher Amlohri Extn,Sasan Power Limited,Madhya Pradesh,SINGRAULI,Singrauli,Sasan Power Ltd,Opencast,PRIVATE,,Insufficient Evidence,0.0,Insufficient Evidence,0.0,No Evidence,INSUFFICIENT EVIDENCE,,Insufficient evidence available to determine inspection priority.,Insufficient Evidence for Risk Assessment
Moonidih,BCCL,Jharkhand,DHANBAD,Jharia,West Jharia,Underground,PUBLIC,6.652197389454627,LOW,60.0,Moderate,50.0,Operational Only,LOW,6.652197389454627,Low risk indicator (risk score 6.65); no immediate high-risk indicator detected.,No Immediate High-Risk Indicator Detected
Mudidih,BCCL,Jharkhand,DHANBAD,Jharia,Sijua,Opencast,PUBLIC,1.35237742795425,LOW,60.0,Moderate,50.0,Operational Only,LOW,1.35237742795425,Low risk indicator (risk score 1.35); no immediate high-risk indicator detected.,No Immediate High-Risk Indicator Detected
Mungoli OCM,WCL,Maharashtra,YAVATMAL,Wardha,Wani,Opencast,PUBLIC,17.67879425197894,LOW,60.0,Moderate,50.0,Operational Only,LOW,17.67879425197894,Low risk indicator (risk score 17.68); no immediate high-risk indicator detected.,No Immediate High-Risk Indicator Detected
N.C.P.H. Colliery (NEW),SECL,Chhattisgarh,KOREA,Central India,Chirimiri,Underground,PUBLIC,4.243188316045365,LOW,60.0,Moderate,50.0,Operational Only,LOW,4.243188316045365,Low risk indicator (risk score 4.24); no immediate high-risk indicator detected.,No Immediate High-Risk Indicator Detected
NAKC,BCCL,Jharkhand,DHANBAD,Jharia,Govindpur,Mixed,PUBLIC,2.797782871999808,LOW,60.0,Moderate,50.0,Operational Only,LOW,2.797782871999808,Low risk indicator (risk score 2.80); no immediate high-risk indicator detected.,No Immediate High-Risk Indicator Detected
NTST-Jeenagora,BCCL,Jharkhand,DHANBAD,Jharia,Lodna,Opencast,PUBLIC,35.801207177706715,MEDIUM,60.0,Moderate,50.0,Operational Only,LOW,35.801207177706715,Low risk indicator (risk score 35.80); no immediate high-risk indicator detected.,Monitoring and Review Required
Nabakajora Colliery,ECL,Jharkhand,RAMGARH,Raniganj,Kajora,Underground,PUBLIC,,Insufficient Evidence,0.0,Insufficient Evidence,0.0,No Evidence,INSUFFICIENT EVIDENCE,,Insufficient evidence available to determine inspection priority.,Insufficient Evidence for Risk Assessment
Naigaon OCM,WCL,Maharashtra,YAVATMAL,Wardha,Wani,Opencast,PUBLIC,4.965891038068143,LOW,60.0,Moderate,50.0,Operational Only,LOW,4.965891038068143,Low risk indicator (risk score 4.97); no immediate high-risk indicator detected.,No Immediate High-Risk Indicator Detected
Nakrakonda -Kumardihi 'B' UG,ECL,West Bengal,Bardhaman,Raniganj,Bankola,Mixed,PUBLIC,,Insufficient Evidence,0.0,Insufficient Evidence,0.0,No Evidence,INSUFFICIENT EVIDENCE,,Insufficient evidence available to determine inspection priority.,Insufficient Evidence for Risk Assessment
Nandgaon Incline,WCL,Maharashtra,CHANDRAPUR,Wardha,Chandrapur,Underground,PUBLIC,,Insufficient Evidence,0.0,Insufficient Evidence,0.0,No Evidence,INSUFFICIENT EVIDENCE,,Insufficient evidence available to determine inspection priority.,Insufficient Evidence for Risk Assessment
Nandira Colliery,MCL,Odisha,Angul,Talcher,Talcher (UG),Underground,PUBLIC,4.965891038068143,LOW,60.0,Moderate,50.0,Operational Only,LOW,4.965891038068143,Low risk indicator (risk score 4.97); no immediate high-risk indicator detected.,No Immediate High-Risk Indicator Detected
Narsamuda Colliery,ECL,West Bengal,Bardhaman,Raniganj,Sodepur,Underground,PUBLIC,4.965891038068143,LOW,60.0,Moderate,50.0,Operational Only,LOW,4.965891038068143,Low risk indicator (risk score 4.97); no immediate high-risk indicator detected.,No Immediate High-Risk Indicator Detected
Navapara,SECL,Chhattisgarh,SURGUJA,Central India,Bhatgaon,Underground,PUBLIC,5.688593760090923,LOW,60.0,Moderate,50.0,Operational Only,LOW,5.688593760090923,Low risk indicator (risk score 5.69); no immediate high-risk indicator detected.,No Immediate High-Risk Indicator Detected
Neelijay OCM,WCL,Maharashtra,YAVATMAL,Wardha,Wani,Opencast,PUBLIC,3.761386501363517,LOW,60.0,Moderate,50.0,Operational Only,LOW,3.761386501363517,Low risk indicator (risk score 3.76); no immediate high-risk indicator detected.,No Immediate High-Risk Indicator Detected
Nehariya,WCL,Madhya Pradesh,CHHINDWARA,Pench & Kanhan,Pench,Underground,PUBLIC,5.688593760090923,LOW,60.0,Moderate,50.0,Operational Only,LOW,5.688593760090923,Low risk indicator (risk score 5.69); no immediate high-risk indicator detected.,No Immediate High-Risk Indicator Detected
New Godhur-Kusunda-Alkusa,BCCL,Jharkhand,DHANBAD,Jharia,Kusunda,Opencast,PUBLIC,0.6296747059314725,LOW,60.0,Moderate,50.0,Operational Only,LOW,0.6296747059314725,Low risk indicator (risk score 0.63); no immediate high-risk indicator detected.,No Immediate High-Risk Indicator Detected
New Kenda Colliery,ECL,West Bengal,Bardhaman,Raniganj,Kenda,Opencast,PUBLIC,9.72906430972836,LOW,60.0,Moderate,50.0,Operational Only,LOW,9.72906430972836,Low risk indicator (risk score 9.73); no immediate high-risk indicator detected.,No Immediate High-Risk Indicator Detected
New Majri - I(A) & II Extn. (A) OC,WCL,Maharashtra,CHANDRAPUR,Wardha,Majri,Opencast,PUBLIC,,Insufficient Evidence,0.0,Insufficient Evidence,0.0,No Evidence,INSUFFICIENT EVIDENCE,,Insufficient evidence available to determine inspection priority.,Insufficient Evidence for Risk Assessment
New Majri UG to OC Expn.,WCL,Maharashtra,CHANDRAPUR,Wardha,Majri,Opencast,PUBLIC,12.915620980318716,LOW,60.0,Moderate,50.0,Operational Only,LOW,12.915620980318716,Low risk indicator (risk score 12.92); no immediate high-risk indicator detected.,No Immediate High-Risk Indicator Detected
New Moghla Coal Mine,JKML,Jammu & Kashmir,Rajouri,Kalakota,Kalakota,Underground,PUBLIC,4.965891038068143,LOW,60.0,Moderate,50.0,Operational Only,LOW,4.965891038068143,Low risk indicator (risk score 4.97); no immediate high-risk indicator detected.,No Immediate High-Risk Indicator Detected
New Sethia,WCL,Madhya Pradesh,CHHINDWARA,Pench & Kanhan,Pench,Opencast,PUBLIC,,Insufficient Evidence,0.0,Insufficient Evidence,0.0,No Evidence,INSUFFICIENT EVIDENCE,,Insufficient evidence available to determine inspection priority.,Insufficient Evidence for Risk Assessment
Nichitpur,BCCL,Jharkhand,DHANBAD,Jharia,Sijua,Opencast,PUBLIC,3.5204855940225848,LOW,60.0,Moderate,50.0,Operational Only,LOW,3.5204855940225848,Low risk indicator (risk score 3.52); no immediate high-risk indicator detected.,No Immediate High-Risk Indicator Detected
Nigahi Project,NCL,Madhya Pradesh,SINGRAULI,Singrauli,Nigahi,Opencast,PUBLIC,4.965891038068143,LOW,60.0,Moderate,50.0,Operational Only,LOW,4.965891038068143,Low risk indicator (risk score 4.97); no immediate high-risk indicator detected.,No Immediate High-Risk Indicator Detected
"Nimcha Colliery , Nimcha OC (Amkola) & Nimcha Highwall",ECL,West Bengal,Bardhaman,Raniganj,Satgram,Mixed,PUBLIC,,Insufficient Evidence,0.0,Insufficient Evidence,0.0,No Evidence,INSUFFICIENT EVIDENCE,,Insufficient evidence available to determine inspection priority.,Insufficient Evidence for Risk Assessment
Ningah Colliery,ECL,West Bengal,Bardhaman,Raniganj,Sripur,Underground,PUBLIC,4.965891038068143,LOW,60.0,Moderate,50.0,Operational Only,LOW,4.965891038068143,Low risk indicator (risk score 4.97); no immediate high-risk indicator detected.,No Immediate High-Risk Indicator Detected
Ningha (SSI) OC,ECL,West Bengal,Bardhaman,Raniganj,Sripur,Opencast,PUBLIC,0.62967470593147,LOW,60.0,Moderate,50.0,Operational Only,LOW,0.62967470593147,Low risk indicator (risk score 0.63); no immediate high-risk indicator detected.,No Immediate High-Risk Indicator Detected
Nirsha,ECL,Jharkhand,DHANBAD,Mugma/Salanpur,Mugma,Opencast,PUBLIC,8.579404648182038,LOW,60.0,Moderate,50.0,Operational Only,LOW,8.579404648182038,Low risk indicator (risk score 8.58); no immediate high-risk indicator detected.,No Immediate High-Risk Indicator Detected
North Searsole OC Colliery,ECL,West Bengal,Bardhaman,Raniganj,Kunustoria,Opencast,PUBLIC,11.656271568455772,LOW,60.0,Moderate,50.0,Operational Only,LOW,11.656271568455772,Low risk indicator (risk score 11.66); no immediate high-risk indicator detected.,No Immediate High-Risk Indicator Detected
North Urimari/Birsa-OC,CCL,Jharkhand,HAZARIBAGH,S.K.Coalfields,Barka-Sayal,Opencast,PUBLIC,4.965891038068143,LOW,60.0,Moderate,50.0,Operational Only,LOW,4.965891038068143,Low risk indicator (risk score 4.97); no immediate high-risk indicator detected.,No Immediate High-Risk Indicator Detected
Nowrozabad (W),SECL,Madhya Pradesh,UMARIA,Central India,Johilla,Underground,PUBLIC,4.965891038068143,LOW,60.0,Moderate,50.0,Operational Only,LOW,4.965891038068143,Low risk indicator (risk score 4.97); no immediate high-risk indicator detected.,No Immediate High-Risk Indicator Detected
Orient Mine No. 1 & 2,MCL,Odisha,JHARSUGUDA,IB Valley,Orient,Underground,PUBLIC,,Insufficient Evidence,0.0,Insufficient Evidence,0.0,No Evidence,INSUFFICIENT EVIDENCE,,Insufficient evidence available to determine inspection priority.,Insufficient Evidence for Risk Assessment
Pacchwara North Coal Mine,WBPDCL,Jharkhand,PAKUR,Rajmahal Area,Pacchwara,Opencast,PUBLIC,36.042108085047616,MEDIUM,60.0,Moderate,50.0,Operational Only,LOW,36.042108085047616,Low risk indicator (risk score 36.04); no immediate high-risk indicator detected.,Monitoring and Review Required
Pachhwara Central Coal Mine,PSPCL,Jharkhand,PAKUR,Rajmahal,Amrapara-Maheshpur,Opencast,PUBLIC,94.28528278639352,CRITICAL,60.0,Moderate,50.0,Operational Only,HIGH,94.28528278639352,High risk indicator detected (risk score 94.29). Further assessment should be prioritized.,Priority Inspection / Further Assessment Required
Padampur OC,WCL,Maharashtra,CHANDRAPUR,Wardha,Chandrapur,Opencast,PUBLIC,,Insufficient Evidence,0.0,Insufficient Evidence,0.0,No Evidence,INSUFFICIENT EVIDENCE,,Insufficient evidence available to determine inspection priority.,Insufficient Evidence for Risk Assessment
Padmavathi Khani No.5 Incline,SCCL,Telangana,KHAMMAM,Godavari Valley,Kothagudem,Underground,PUBLIC,,Insufficient Evidence,0.0,Insufficient Evidence,0.0,No Evidence,INSUFFICIENT EVIDENCE,,Insufficient evidence available to determine inspection priority.,Insufficient Evidence for Risk Assessment
Pakri Barwadih,NTPC,Jharkhand,HAZARIBAGH,North Karanpura,Hazaribagh,Opencast,PUBLIC,69.23158842293714,HIGH,60.0,Moderate,50.0,Operational Only,MEDIUM,69.23158842293714,Moderate risk indicator detected (risk score 69.23). Monitoring and review recommended.,Further Assessment Required
Pali,SECL,Madhya Pradesh,UMARIA,Central India,Johilla,Underground,PUBLIC,,Insufficient Evidence,0.0,Insufficient Evidence,0.0,No Evidence,INSUFFICIENT EVIDENCE,,Insufficient evidence available to determine inspection priority.,Insufficient Evidence for Risk Assessment
Pandaveswar UG,ECL,West Bengal,Bardhaman,Raniganj,Pandaveswar,Underground,PUBLIC,4.965891038068143,LOW,60.0,Moderate,50.0,Operational Only,LOW,4.965891038068143,Low risk indicator (risk score 4.97); no immediate high-risk indicator detected.,No Immediate High-Risk Indicator Detected
Pandavpara Colliery,SECL,Chhattisgarh,KOREA,Central India,Baikunthpur,Underground,PUBLIC,4.243188316045365,LOW,60.0,Moderate,50.0,Operational Only,LOW,4.243188316045365,Low risk indicator (risk score 4.24); no immediate high-risk indicator detected.,No Immediate High-Risk Indicator Detected
Paoni II OCM,WCL,Maharashtra,CHANDRAPUR,Wardha,Ballarpur,Opencast,PUBLIC,4.965891038068143,LOW,60.0,Moderate,50.0,Operational Only,LOW,4.965891038068143,Low risk indicator (risk score 4.97); no immediate high-risk indicator detected.,No Immediate High-Risk Indicator Detected
Parasea Colliery,ECL,West Bengal,Bardhaman,Raniganj,Kunustoria,Underground,PUBLIC,4.965891038068143,LOW,60.0,Moderate,50.0,Operational Only,LOW,4.965891038068143,Low risk indicator (risk score 4.97); no immediate high-risk indicator detected.,No Immediate High-Risk Indicator Detected
Parbelia Colliery,ECL,West Bengal,PURULIA,Raniganj,Sodepur,Underground,PUBLIC,5.20679194540907,LOW,60.0,Moderate,50.0,Operational Only,LOW,5.20679194540907,Low risk indicator (risk score 5.21); no immediate high-risk indicator detected.,No Immediate High-Risk Indicator Detected
Parej East OCP,CCL,Jharkhand,RAMGARH,W.Bokaro,Hazaribagh,Opencast,PUBLIC,5.447692852749995,LOW,60.0,Moderate,50.0,Operational Only,LOW,5.447692852749995,Low risk indicator (risk score 5.45); no immediate high-risk indicator detected.,No Immediate High-Risk Indicator Detected
Parsa East and Kanta Basan OCM,RRVUNL,Chhattisgarh,SURGUJA,Hasdo-Arand,Parsa East and Kanta,Opencast,PUBLIC,100.0,CRITICAL,60.0,Moderate,50.0,Operational Only,HIGH,100.0,High risk indicator detected (risk score 100.00). Further assessment should be prioritized.,Priority Inspection / Further Assessment Required
Patansaongi Colliery,WCL,Maharashtra,NAGPUR,Kamptee/Silewara,Nagpur,Underground,PUBLIC,4.965891038068143,LOW,60.0,Moderate,50.0,Operational Only,LOW,4.965891038068143,Low risk indicator (risk score 4.97); no immediate high-risk indicator detected.,No Immediate High-Risk Indicator Detected
Patmohana Colliery,ECL,West Bengal,Bardhaman,Raniganj,Sodepur,Underground,PUBLIC,4.7249901307272175,LOW,60.0,Moderate,50.0,Operational Only,LOW,4.7249901307272175,Low risk indicator (risk score 4.72); no immediate high-risk indicator detected.,No Immediate High-Risk Indicator Detected
Penganga OC,WCL,Maharashtra,CHANDRAPUR,Wardha,Wani,Opencast,PUBLIC,26.64697269875152,LOW,60.0,Moderate,50.0,Operational Only,LOW,26.64697269875152,Low risk indicator (risk score 26.65); no immediate high-risk indicator detected.,No Immediate High-Risk Indicator Detected
"Pimpalgaon,",WCL,Maharashtra,YAVATMAL,Wardha Valley,Wani North,Opencast,PUBLIC,,Insufficient Evidence,0.0,Insufficient Evidence,0.0,No Evidence,INSUFFICIENT EVIDENCE,,Insufficient evidence available to determine inspection priority.,Insufficient Evidence for Risk Assessment
Pindra Colliery,CCL,Jharkhand,RAMGARH,W.Bokaro,Kuju,Opencast,PUBLIC,4.965891038068143,LOW,60.0,Moderate,50.0,Operational Only,LOW,4.965891038068143,Low risk indicator (risk score 4.97); no immediate high-risk indicator detected.,No Immediate High-Risk Indicator Detected
Piparia,SECL,Madhya Pradesh,UMARIA,Central India,Johilla,Underground,PUBLIC,5.688593760090923,LOW,60.0,Moderate,50.0,Operational Only,LOW,5.688593760090923,Low risk indicator (risk score 5.69); no immediate high-risk indicator detected.,No Immediate High-Risk Indicator Detected
Porascol East Colliery,ECL,West Bengal,Bardhaman,Raniganj,Kajora,Underground,PUBLIC,5.206791945409067,LOW,60.0,Moderate,50.0,Operational Only,LOW,5.206791945409067,Low risk indicator (risk score 5.21); no immediate high-risk indicator detected.,No Immediate High-Risk Indicator Detected
Porascol West Colliery,ECL,West Bengal,Bardhaman,Raniganj,Kajora,Underground,PUBLIC,5.20679194540907,LOW,60.0,Moderate,50.0,Operational Only,LOW,5.20679194540907,Low risk indicator (risk score 5.21); no immediate high-risk indicator detected.,No Immediate High-Risk Indicator Detected
Prakasham Khani OC,SCCL,Telangana,KHAMMAM,Godavari Valley,Manuguru,Opencast,PUBLIC,11.89717247579668,LOW,60.0,Moderate,50.0,Operational Only,LOW,11.89717247579668,Low risk indicator (risk score 11.90); no immediate high-risk indicator detected.,No Immediate High-Risk Indicator Detected
Pundi,CCL,Jharkhand,RAMGARH,W.Bokaro,Kuju,Opencast,PUBLIC,4.965891038068143,LOW,60.0,Moderate,50.0,Operational Only,LOW,4.965891038068143,Low risk indicator (risk score 4.97); no immediate high-risk indicator detected.,No Immediate High-Risk Indicator Detected
Pure Searsole Colliery,ECL,West Bengal,Bardhaman,Raniganj,Satgram,Underground,PUBLIC,4.965891038068143,LOW,60.0,Moderate,50.0,Operational Only,LOW,4.965891038068143,Low risk indicator (risk score 4.97); no immediate high-risk indicator detected.,No Immediate High-Risk Indicator Detected
Purnadih,CCL,Jharkhand,RANCHI,N.K.Coalfields,North Karanpura,Opencast,PUBLIC,8.338503740841112,LOW,60.0,Moderate,50.0,Operational Only,LOW,8.338503740841112,Low risk indicator (risk score 8.34); no immediate high-risk indicator detected.,No Immediate High-Risk Indicator Detected
ROCP/S. Jharia,BCCL,Jharkhand,DHANBAD,Jharia,Bastacolla,Opencast,PUBLIC,7.5609561436600305,LOW,60.0,Moderate,50.0,Operational Only,LOW,7.5609561436600305,Low risk indicator (risk score 7.56); no immediate high-risk indicator detected.,No Immediate High-Risk Indicator Detected
Rajendra,SECL,Madhya Pradesh,SHAHDOL,Central India,Sohagpur,Underground,PUBLIC,4.965891038068143,LOW,60.0,Moderate,50.0,Operational Only,LOW,4.965891038068143,Low risk indicator (risk score 4.97); no immediate high-risk indicator detected.,No Immediate High-Risk Indicator Detected
Rajhara,CCL,Jharkhand,PALAMU,N.K.Coalfields,Rajhara,Opencast,PUBLIC,4.965891038068143,LOW,60.0,Moderate,50.0,Operational Only,LOW,4.965891038068143,Low risk indicator (risk score 4.97); no immediate high-risk indicator detected.,No Immediate High-Risk Indicator Detected
Rajmahal OCP,ECL,Jharkhand,GODDA,Rajmahal,Rajmahal,Opencast,PUBLIC,100.0,CRITICAL,60.0,Moderate,50.0,Operational Only,HIGH,100.0,High risk indicator detected (risk score 100.00). Further assessment should be prioritized.,Priority Inspection / Further Assessment Required
Rajnagar RO,SECL,Madhya Pradesh,SHAHDOL,Central India,Hasdeo,Underground,PUBLIC,6.4112964821137,LOW,60.0,Moderate,50.0,Operational Only,LOW,6.4112964821137,Low risk indicator (risk score 6.41); no immediate high-risk indicator detected.,No Immediate High-Risk Indicator Detected
Rajpura,ECL,Jharkhand,DHANBAD,Mugma/Salanpur,Mugma,Opencast,PUBLIC,4.72499013072722,LOW,60.0,Moderate,50.0,Operational Only,LOW,4.72499013072722,Low risk indicator (risk score 4.72); no immediate high-risk indicator detected.,No Immediate High-Risk Indicator Detected
Rajrappa Project,CCL,Jharkhand,RAMGARH,Rajrappa,Rajrappa,Opencast,PUBLIC,5.688593760090923,LOW,60.0,Moderate,50.0,Operational Only,LOW,5.688593760090923,Low risk indicator (risk score 5.69); no immediate high-risk indicator detected.,No Immediate High-Risk Indicator Detected
Rajur UG,WCL,Maharashtra,YAVATMAL,Wardha Valley,Wani North,Underground,PUBLIC,4.72499013072722,LOW,60.0,Moderate,50.0,Operational Only,LOW,4.72499013072722,Low risk indicator (risk score 4.72); no immediate high-risk indicator detected.,No Immediate High-Risk Indicator Detected
Ramagundam OC-I Extn. Ph-II,SCCL,Telangana,PEDDAPALLI,Godavari Valley,Ramagundam-III,Opencast,PUBLIC,4.670145255568915,LOW,60.0,Moderate,50.0,Operational Only,LOW,4.670145255568915,Low risk indicator (risk score 4.67); no immediate high-risk indicator detected.,No Immediate High-Risk Indicator Detected
Ramagundam-OC 3 & OC III,SCCL,Telangana,PEDDAPALLI,Godavari Valley,Ramagundam-II,Opencast,PUBLIC,27.31483054561598,LOW,60.0,Moderate,50.0,Operational Only,LOW,27.31483054561598,Low risk indicator (risk score 27.31); no immediate high-risk indicator detected.,No Immediate High-Risk Indicator Detected
Ramakrishnapur OC,SCCL,Telangana,MANCHERIAL,Godavari Valley,Mandamari,Opencast,PUBLIC,5.206791945409062,LOW,60.0,Moderate,50.0,Operational Only,LOW,5.206791945409062,Low risk indicator (risk score 5.21); no immediate high-risk indicator detected.,No Immediate High-Risk Indicator Detected
Ramnagar Colliery,IISCO,West Bengal,PASCHIM BARDHAMAN,Raniganj,Ramnagore,Opencast,PUBLIC,,Insufficient Evidence,0.0,Insufficient Evidence,0.0,No Evidence,INSUFFICIENT EVIDENCE,,Insufficient evidence available to determine inspection priority.,Insufficient Evidence for Risk Assessment
Rampur Batura,SECL,Madhya Pradesh,SHAHDOL,Central India,Sohagpur,Opencast,PUBLIC,23.21951512082023,LOW,60.0,Moderate,50.0,Operational Only,LOW,23.21951512082023,Low risk indicator (risk score 23.22); no immediate high-risk indicator detected.,No Immediate High-Risk Indicator Detected
Raniatari,SECL,Chhattisgarh,KOREA,Central India,Chirimiri,Underground,PUBLIC,4.965891038068143,LOW,60.0,Moderate,50.0,Operational Only,LOW,4.965891038068143,Low risk indicator (risk score 4.97); no immediate high-risk indicator detected.,No Immediate High-Risk Indicator Detected
Ravindra Khani-5 Incline,SCCL,Telangana,MANCHERIAL,Godavari Valley,Srirampur,Underground,PUBLIC,5.447692852749995,LOW,60.0,Moderate,50.0,Operational Only,LOW,5.447692852749995,Low risk indicator (risk score 5.45); no immediate high-risk indicator detected.,No Immediate High-Risk Indicator Detected
Ravindra Khani-6 Incline,SCCL,Telangana,MANCHERIAL,Godavari Valley,Srirampur,Underground,PUBLIC,5.206791945409067,LOW,60.0,Moderate,50.0,Operational Only,LOW,5.206791945409067,Low risk indicator (risk score 5.21); no immediate high-risk indicator detected.,No Immediate High-Risk Indicator Detected
"Ravindra Khani-7,Incline",SCCL,Telangana,MANCHERIAL,Godavari Valley,Srirampur,Underground,PUBLIC,4.965891038068143,LOW,60.0,Moderate,50.0,Operational Only,LOW,4.965891038068143,Low risk indicator (risk score 4.97); no immediate high-risk indicator detected.,No Immediate High-Risk Indicator Detected
"Ravindra Khani-New Tech,",SCCL,Telangana,MANCHERIAL,Godavari Valley,Srirampur,Underground,PUBLIC,5.447692852749995,LOW,60.0,Moderate,50.0,Operational Only,LOW,5.447692852749995,Low risk indicator (risk score 5.45); no immediate high-risk indicator detected.,No Immediate High-Risk Indicator Detected
Rehar,SECL,Chhattisgarh,SURGUJA,Central India,Bisrampur,Underground,PUBLIC,5.929494667431849,LOW,60.0,Moderate,50.0,Operational Only,LOW,5.929494667431849,Low risk indicator (risk score 5.93); no immediate high-risk indicator detected.,No Immediate High-Risk Indicator Detected
Religara,CCL,Jharkhand,HAZARIBAGH,S.K.Coalfields,Argada,Opencast,PUBLIC,4.965891038068143,LOW,60.0,Moderate,50.0,Operational Only,LOW,4.965891038068143,Low risk indicator (risk score 4.97); no immediate high-risk indicator detected.,No Immediate High-Risk Indicator Detected
Rohini,CCL,Jharkhand,RANCHI,N.K.Coalfields,North Karanpura,Opencast,PUBLIC,11.470215536273155,LOW,60.0,Moderate,50.0,Operational Only,LOW,11.470215536273155,Low risk indicator (risk score 11.47); no immediate high-risk indicator detected.,No Immediate High-Risk Indicator Detected
SD OC Mine,CCL,Jharkhand,BOKARO,E. Bokaro,Dhori Area,Opencast,PUBLIC,0.147872891249615,LOW,60.0,Moderate,50.0,Operational Only,LOW,0.147872891249615,Low risk indicator (risk score 0.15); no immediate high-risk indicator detected.,No Immediate High-Risk Indicator Detected
Samleswari OCP,MCL,Odisha,JHARSUGUDA,IB Valley,IB Valley,Opencast,PUBLIC,34.06005595116192,MEDIUM,60.0,Moderate,50.0,Operational Only,LOW,34.06005595116192,Low risk indicator (risk score 34.06); no immediate high-risk indicator detected.,Monitoring and Review Required
Sankarpur Colliery,ECL,West Bengal,Bardhaman,Raniganj,Bankola,Underground,PUBLIC,5.688593760090923,LOW,60.0,Moderate,50.0,Operational Only,LOW,5.688593760090923,Low risk indicator (risk score 5.69); no immediate high-risk indicator detected.,No Immediate High-Risk Indicator Detected
Saoner Mine - II,WCL,Maharashtra,NAGPUR,Kamptee/Silewara,Nagpur,Underground,PUBLIC,4.243188316045365,LOW,60.0,Moderate,50.0,Operational Only,LOW,4.243188316045365,Low risk indicator (risk score 4.24); no immediate high-risk indicator detected.,No Immediate High-Risk Indicator Detected
Saoner Mine - III,WCL,Maharashtra,NAGPUR,Kamptee/Silewara,Nagpur,Underground,PUBLIC,4.7249901307272175,LOW,60.0,Moderate,50.0,Operational Only,LOW,4.7249901307272175,Low risk indicator (risk score 4.72); no immediate high-risk indicator detected.,No Immediate High-Risk Indicator Detected
Saoner Mine-I,WCL,Maharashtra,NAGPUR,Kamptee/Silewara,Nagpur,Underground,PUBLIC,4.243188316045365,LOW,60.0,Moderate,50.0,Operational Only,LOW,4.243188316045365,Low risk indicator (risk score 4.24); no immediate high-risk indicator detected.,No Immediate High-Risk Indicator Detected
Saraipali,SECL,Chhattisgarh,KORBA,Central India,Korba,Underground,PUBLIC,2.315981057317958,LOW,60.0,Moderate,50.0,Operational Only,LOW,2.315981057317958,Low risk indicator (risk score 2.32); no immediate high-risk indicator detected.,No Immediate High-Risk Indicator Detected
Sarisatolli Coal Mine,CESC,West Bengal,PASCHIM BARDHAMAN,Raniganj,Sarisatolli,Opencast,PRIVATE,17.251837312455386,LOW,60.0,Moderate,50.0,Operational Only,LOW,17.251837312455386,Low risk indicator (risk score 17.25); no immediate high-risk indicator detected.,No Immediate High-Risk Indicator Detected
Sarni Mine,WCL,Madhya Pradesh,BETUL,Pathakhera,Pathakhera,Underground,PUBLIC,,Insufficient Evidence,0.0,Insufficient Evidence,0.0,No Evidence,INSUFFICIENT EVIDENCE,,Insufficient evidence available to determine inspection priority.,Insufficient Evidence for Risk Assessment
Sarubera,CCL,Jharkhand,RAMGARH,W.Bokaro,Kuju,Underground,PUBLIC,,Insufficient Evidence,0.0,Insufficient Evidence,0.0,No Evidence,INSUFFICIENT EVIDENCE,,Insufficient evidence available to determine inspection priority.,Insufficient Evidence for Risk Assessment
Sasti Expn. OCM,WCL,Maharashtra,CHANDRAPUR,Wardha,Ballarpur,Opencast,PUBLIC,18.456341849160022,LOW,60.0,Moderate,50.0,Operational Only,LOW,18.456341849160022,Low risk indicator (risk score 18.46); no immediate high-risk indicator detected.,No Immediate High-Risk Indicator Detected
Satgram Incline,ECL,West Bengal,Bardhaman,Raniganj,Satgram,Underground,PUBLIC,4.965891038068143,LOW,60.0,Moderate,50.0,Operational Only,LOW,4.965891038068143,Low risk indicator (risk score 4.97); no immediate high-risk indicator detected.,No Immediate High-Risk Indicator Detected
Satgram Project,ECL,West Bengal,Bardhaman,Raniganj,Satgram,Underground,PUBLIC,5.447692852749995,LOW,60.0,Moderate,50.0,Operational Only,LOW,5.447692852749995,Low risk indicator (risk score 5.45); no immediate high-risk indicator detected.,No Immediate High-Risk Indicator Detected
Saunda (Ncdc),CCL,Jharkhand,RAMGARH,S.K.Coalfields,Barka-Sayal,Underground,PUBLIC,,Insufficient Evidence,0.0,Insufficient Evidence,0.0,No Evidence,INSUFFICIENT EVIDENCE,,Insufficient evidence available to determine inspection priority.,Insufficient Evidence for Risk Assessment
Sayal `D',CCL,Jharkhand,RAMGARH,S.K.Coalfields,Barka-Sayal,Opencast,PUBLIC,15.269785178569665,LOW,60.0,Moderate,50.0,Operational Only,LOW,15.269785178569665,Low risk indicator (risk score 15.27); no immediate high-risk indicator detected.,No Immediate High-Risk Indicator Detected
Sendra Bansjora,BCCL,Jharkhand,DHANBAD,Jharia,Sijua,Opencast,PUBLIC,8.097602833500185,LOW,60.0,Moderate,50.0,Operational Only,LOW,8.097602833500185,Low risk indicator (risk score 8.10); no immediate high-risk indicator detected.,No Immediate High-Risk Indicator Detected
Shampur B,ECL,Jharkhand,DHANBAD,Mugma/Salanpur,Mugma,Underground,PUBLIC,4.965891038068143,LOW,60.0,Moderate,50.0,Operational Only,LOW,4.965891038068143,Low risk indicator (risk score 4.97); no immediate high-risk indicator detected.,No Immediate High-Risk Indicator Detected
Shanthi Khani,SCCL,Telangana,MANCHERIAL,Godavari Valley,Mandamari,Underground,PUBLIC,,Insufficient Evidence,0.0,Insufficient Evidence,0.0,No Evidence,INSUFFICIENT EVIDENCE,,Insufficient evidence available to determine inspection priority.,Insufficient Evidence for Risk Assessment
Sharda Highwall,SECL,Madhya Pradesh,SHAHDOL,Central India,Sohagpur,Underground,PUBLIC,3.761386501363512,LOW,60.0,Moderate,50.0,Operational Only,LOW,3.761386501363512,Low risk indicator (risk score 3.76); no immediate high-risk indicator detected.,No Immediate High-Risk Indicator Detected
Sharda UG,WCL,Madhya Pradesh,CHHINDWARA,Pench & Kanhan,Kanhan,Underground,PUBLIC,,Insufficient Evidence,0.0,Insufficient Evidence,0.0,No Evidence,INSUFFICIENT EVIDENCE,,Insufficient evidence available to determine inspection priority.,Insufficient Evidence for Risk Assessment
Shivani,SECL,Chhattisgarh,SURGUJA,Central India,Bhatgaon,Underground,PUBLIC,3.761386501363512,LOW,60.0,Moderate,50.0,Operational Only,LOW,3.761386501363512,Low risk indicator (risk score 3.76); no immediate high-risk indicator detected.,No Immediate High-Risk Indicator Detected
Shyam Sundarpur Colliery,ECL,West Bengal,Bardhaman,Raniganj,Bankola,Underground,PUBLIC,3.5204855940225874,LOW,60.0,Moderate,50.0,Operational Only,LOW,3.5204855940225874,Low risk indicator (risk score 3.52); no immediate high-risk indicator detected.,No Immediate High-Risk Indicator Detected
Sial Ghogri Coal Mine,RCCPL,Madhya Pradesh,CHHINDWARA,Pench- Kanhan,Sial Ghogri,Underground,PRIVATE,5.447692852749995,LOW,60.0,Moderate,50.0,Operational Only,LOW,5.447692852749995,Low risk indicator (risk score 5.45); no immediate high-risk indicator detected.,No Immediate High-Risk Indicator Detected
Siarmal OCP,MCL,Odisha,SUNDARGARH,IB Valley,Mahalaxmi,Opencast,PUBLIC,,Insufficient Evidence,0.0,Insufficient Evidence,0.0,No Evidence,INSUFFICIENT EVIDENCE,,Insufficient evidence available to determine inspection priority.,Insufficient Evidence for Risk Assessment
Siduli Colliery,ECL,West Bengal,Bardhaman,Raniganj,Kenda,Mixed,PUBLIC,5.206791945409067,LOW,60.0,Moderate,50.0,Operational Only,LOW,5.206791945409067,Low risk indicator (risk score 5.21); no immediate high-risk indicator detected.,No Immediate High-Risk Indicator Detected
Sijua Colliery,TSL,Jharkhand,DHANBAD,Jharia,Sijua,Underground,PRIVATE,4.965891038068143,LOW,60.0,Moderate,50.0,Operational Only,LOW,4.965891038068143,Low risk indicator (risk score 4.97); no immediate high-risk indicator detected.,No Immediate High-Risk Indicator Detected
Sikni OC Mine,JSMDCL,Jharkhand,LATEHAR,Auranga,Sikni,Opencast,PUBLIC,,Insufficient Evidence,0.0,Insufficient Evidence,0.0,No Evidence,INSUFFICIENT EVIDENCE,,Insufficient evidence available to determine inspection priority.,Insufficient Evidence for Risk Assessment
Silewara Colliery,WCL,Maharashtra,NAGPUR,Kamptee/Silewara,Nagpur,Underground,PUBLIC,4.48408922338629,LOW,60.0,Moderate,50.0,Operational Only,LOW,4.48408922338629,Low risk indicator (risk score 4.48); no immediate high-risk indicator detected.,No Immediate High-Risk Indicator Detected
Singhali Colliery,SECL,Chhattisgarh,KORBA,Central India,Korba,Underground,PUBLIC,5.20679194540907,LOW,60.0,Moderate,50.0,Operational Only,LOW,5.20679194540907,Low risk indicator (risk score 5.21); no immediate high-risk indicator detected.,No Immediate High-Risk Indicator Detected
Singori OC,WCL,Maharashtra,NAGPUR,Kamptee/Silewara,Nagpur,Opencast,PUBLIC,4.965891038068143,LOW,60.0,Moderate,50.0,Operational Only,LOW,4.965891038068143,Low risk indicator (risk score 4.97); no immediate high-risk indicator detected.,No Immediate High-Risk Indicator Detected
Sirka,CCL,Jharkhand,RAMGARH,S.K.Coalfields,Argada,Opencast,PUBLIC,2.0750801499770275,LOW,60.0,Moderate,50.0,Operational Only,LOW,2.0750801499770275,Low risk indicator (risk score 2.08); no immediate high-risk indicator detected.,No Immediate High-Risk Indicator Detected
Sonepur Bazari Project OCM,ECL,West Bengal,Bardhaman,Raniganj,Sonepur-Bazari,Opencast,PUBLIC,,Insufficient Evidence,0.0,Insufficient Evidence,0.0,No Evidence,INSUFFICIENT EVIDENCE,,Insufficient evidence available to determine inspection priority.,Insufficient Evidence for Risk Assessment
South Samla,ECL,West Bengal,Bardhaman,Raniganj,Pandaveswar,Underground,PUBLIC,,Insufficient Evidence,0.0,Insufficient Evidence,0.0,No Evidence,INSUFFICIENT EVIDENCE,,Insufficient evidence available to determine inspection priority.,Insufficient Evidence for Risk Assessment
Srirampur OC,SCCL,Telangana,MANCHERIAL,Godavari Valley,Srirampur,Opencast,PUBLIC,3.279584686681665,LOW,60.0,Moderate,50.0,Operational Only,LOW,3.279584686681665,Low risk indicator (risk score 3.28); no immediate high-risk indicator detected.,No Immediate High-Risk Indicator Detected
"Srirampur-1, Incline",SCCL,Telangana,MANCHERIAL,Godavari Valley,Srirampur,Underground,PUBLIC,9.54300827754574,LOW,60.0,Moderate,50.0,Operational Only,LOW,9.54300827754574,Low risk indicator (risk score 9.54); no immediate high-risk indicator detected.,No Immediate High-Risk Indicator Detected
Srirampur-3 & 3A Incline,SCCL,Telangana,MANCHERIAL,Godavari Valley,Srirampur,Underground,PUBLIC,9.061206462863892,LOW,60.0,Moderate,50.0,Operational Only,LOW,9.061206462863892,Low risk indicator (risk score 9.06); no immediate high-risk indicator detected.,No Immediate High-Risk Indicator Detected
Suliyari,APMDCL,Madhya Pradesh,SINGRAULI,Singrauli,Suliyari,Opencast,PUBLIC,,Insufficient Evidence,0.0,Insufficient Evidence,0.0,No Evidence,INSUFFICIENT EVIDENCE,,Insufficient evidence available to determine inspection priority.,Insufficient Evidence for Risk Assessment
Tadicherla 1 OCM,TGGENCO,Telangana,JAYASHANKAR BHUPALPALLY,Godavari Valley,Tadicherla 1,Opencast,PUBLIC,,Insufficient Evidence,0.0,Insufficient Evidence,0.0,No Evidence,INSUFFICIENT EVIDENCE,,Insufficient evidence available to determine inspection priority.,Insufficient Evidence for Risk Assessment
Takli Jena Bellora,AIPL,Maharashtra,CHANDRAPUR,Wardha,Wardha,Opencast,PRIVATE,,Insufficient Evidence,0.0,Insufficient Evidence,0.0,No Evidence,INSUFFICIENT EVIDENCE,,Insufficient evidence available to determine inspection priority.,Insufficient Evidence for Risk Assessment
Talabira II & III,NLCIL,Odisha,SAMBALPUR,IB Valley,Neyvelli Lignite Field,Opencast,PUBLIC,,Insufficient Evidence,0.0,Insufficient Evidence,0.0,No Evidence,INSUFFICIENT EVIDENCE,,Insufficient evidence available to determine inspection priority.,Insufficient Evidence for Risk Assessment
Talaipalli Coal Mine,NTPC,Chhattisgarh,RAIGARH,Mand-Raigarh,Talaipalli,Opencast,PUBLIC,100.0,CRITICAL,60.0,Moderate,50.0,Operational Only,HIGH,100.0,High risk indicator detected (risk score 100.00). Further assessment should be prioritized.,Priority Inspection / Further Assessment Required
Tandsi,WCL,Madhya Pradesh,CHHINDWARA,Pench & Kanhan,Kanhan,Underground,PUBLIC,6.170395574772773,LOW,60.0,Moderate,50.0,Operational Only,LOW,6.170395574772773,Low risk indicator (risk score 6.17); no immediate high-risk indicator detected.,No Immediate High-Risk Indicator Detected
Tapin North,CCL,Jharkhand,RAMGARH,W.Bokaro,Hazaribagh,Opencast,PUBLIC,1.11147652061332,LOW,60.0,Moderate,50.0,Operational Only,LOW,1.11147652061332,Low risk indicator (risk score 1.11); no immediate high-risk indicator detected.,No Immediate High-Risk Indicator Detected
Tapin South,CCL,Jharkhand,HAZARIBAGH,W.Bokaro,Hazaribagh,Opencast,PUBLIC,2.9838389041824174,LOW,60.0,Moderate,50.0,Operational Only,LOW,2.9838389041824174,Low risk indicator (risk score 2.98); no immediate high-risk indicator detected.,No Immediate High-Risk Indicator Detected
Tara(E&W),WBPDCL,West Bengal,BIRBHUM,Raniganj,Gangaramchak,Opencast,PUBLIC,,Insufficient Evidence,0.0,Insufficient Evidence,0.0,No Evidence,INSUFFICIENT EVIDENCE,,Insufficient evidence available to determine inspection priority.,Insufficient Evidence for Risk Assessment
Tarmi,CCL,Jharkhand,BOKARO,E. Bokaro,Dhori Area,Opencast,PUBLIC,1.7793343674777924,LOW,60.0,Moderate,50.0,Operational Only,LOW,1.7793343674777924,Low risk indicator (risk score 1.78); no immediate high-risk indicator detected.,No Immediate High-Risk Indicator Detected
Tasra Colliery,SAIL,Jharkhand,DHANBAD,Jharia,Tasra,Opencast,PUBLIC,4.243188316045365,LOW,60.0,Moderate,50.0,Operational Only,LOW,4.243188316045365,Low risk indicator (risk score 4.24); no immediate high-risk indicator detected.,No Immediate High-Risk Indicator Detected
Tawa Mine,WCL,Madhya Pradesh,BETUL,Pathakhera,Pathakhera,Underground,PUBLIC,5.206791945409067,LOW,60.0,Moderate,50.0,Operational Only,LOW,5.206791945409067,Low risk indicator (risk score 5.21); no immediate high-risk indicator detected.,No Immediate High-Risk Indicator Detected
Tawa-II,WCL,Madhya Pradesh,BETUL,Pathakhera,Pathakhera,Underground,PUBLIC,5.929494667431849,LOW,60.0,Moderate,50.0,Operational Only,LOW,5.929494667431849,Low risk indicator (risk score 5.93); no immediate high-risk indicator detected.,No Immediate High-Risk Indicator Detected
Tetaria Khar,CCL,Jharkhand,LATEHAR,N.K.Coalfields,Rajhara,Opencast,PUBLIC,2.0750801499770275,LOW,60.0,Moderate,50.0,Operational Only,LOW,2.0750801499770275,Low risk indicator (risk score 2.08); no immediate high-risk indicator detected.,No Immediate High-Risk Indicator Detected
Tetulmari,BCCL,Jharkhand,DHANBAD,Jharia,Sijua,Opencast,PUBLIC,4.00228740870444,LOW,60.0,Moderate,50.0,Operational Only,LOW,4.00228740870444,Low risk indicator (risk score 4.00); no immediate high-risk indicator detected.,No Immediate High-Risk Indicator Detected
Tikak Colliery,NEC,Assam,TINSUKIA,Makum,Margherita,Opencast,PUBLIC,4.965891038068143,LOW,60.0,Moderate,50.0,Operational Only,LOW,4.965891038068143,Low risk indicator (risk score 4.97); no immediate high-risk indicator detected.,No Immediate High-Risk Indicator Detected
Tilaboni Colliery,ECL,West Bengal,Bardhaman,Raniganj,Bankola,Underground,PUBLIC,5.20679194540907,LOW,60.0,Moderate,50.0,Operational Only,LOW,5.20679194540907,Low risk indicator (risk score 5.21); no immediate high-risk indicator detected.,No Immediate High-Risk Indicator Detected
Topa Marginal Scheme,CCL,Jharkhand,RAMGARH,W.Bokaro,Kuju,Opencast,PUBLIC,4.965891038068143,LOW,60.0,Moderate,50.0,Operational Only,LOW,4.965891038068143,Low risk indicator (risk score 4.97); no immediate high-risk indicator detected.,No Immediate High-Risk Indicator Detected
Trans Damodar Coal Mine,DPL,West Bengal,PASCHIM BARDHAMAN,Raniganj,Kasta,Opencast,PUBLIC,5.874649792273537,LOW,60.0,Moderate,50.0,Operational Only,LOW,5.874649792273537,Low risk indicator (risk score 5.87); no immediate high-risk indicator detected.,No Immediate High-Risk Indicator Detected
Ukni OC,WCL,Maharashtra,YAVATMAL,Wardha Valley,Wani North,Opencast,PUBLIC,2.797782871999805,LOW,60.0,Moderate,50.0,Operational Only,LOW,2.797782871999805,Low risk indicator (risk score 2.80); no immediate high-risk indicator detected.,No Immediate High-Risk Indicator Detected
Umaria,SECL,Madhya Pradesh,UMARIA,Central India,Johilla,Underground,PUBLIC,5.20679194540907,LOW,60.0,Moderate,50.0,Operational Only,LOW,5.20679194540907,Low risk indicator (risk score 5.21); no immediate high-risk indicator detected.,No Immediate High-Risk Indicator Detected
Umrer OC Mine,WCL,Maharashtra,NAGPUR,Umrer,Umrer,Opencast,PUBLIC,21.82895455193299,LOW,60.0,Moderate,50.0,Operational Only,LOW,21.82895455193299,Low risk indicator (risk score 21.83); no immediate high-risk indicator detected.,No Immediate High-Risk Indicator Detected
Urdhan,WCL,Madhya Pradesh,CHHINDWARA,Pench & Kanhan,Pench,Opencast,PUBLIC,4.965891038068143,LOW,60.0,Moderate,50.0,Operational Only,LOW,4.965891038068143,Low risk indicator (risk score 4.97); no immediate high-risk indicator detected.,No Immediate High-Risk Indicator Detected
Urimari,CCL,Jharkhand,HAZARIBAGH,S.K.Coalfields,Barka-Sayal,Underground,PUBLIC,,Insufficient Evidence,0.0,Insufficient Evidence,0.0,No Evidence,INSUFFICIENT EVIDENCE,,Insufficient evidence available to determine inspection priority.,Insufficient Evidence for Risk Assessment
Utkal C Coal Mine,JSPL,Odisha,Angul,Talchar,Angul,Opencast,PRIVATE,,Insufficient Evidence,0.0,Insufficient Evidence,0.0,No Evidence,INSUFFICIENT EVIDENCE,,Insufficient evidence available to determine inspection priority.,Insufficient Evidence for Risk Assessment
Utkal D,NALCO,Odisha,Angul,Talchar,Utkal D,Opencast,PUBLIC,,Insufficient Evidence,0.0,Insufficient Evidence,0.0,No Evidence,INSUFFICIENT EVIDENCE,,Insufficient evidence available to determine inspection priority.,Insufficient Evidence for Risk Assessment
Vakilpalli,SCCL,Telangana,PEDDAPALLI,Godavari Valley,Ramagundam-II,Underground,PUBLIC,4.965891038068143,LOW,60.0,Moderate,50.0,Operational Only,LOW,4.965891038068143,Low risk indicator (risk score 4.97); no immediate high-risk indicator detected.,No Immediate High-Risk Indicator Detected
Vijay West,SECL,Chhattisgarh,KORBA,Central India,Chirimiri,Underground,PUBLIC,4.965891038068143,LOW,60.0,Moderate,50.0,Operational Only,LOW,4.965891038068143,Low risk indicator (risk score 4.97); no immediate high-risk indicator detected.,No Immediate High-Risk Indicator Detected
Vindhya,SECL,Madhya Pradesh,UMARIA,Central India,Johilla,Underground,PUBLIC,5.447692852749995,LOW,60.0,Moderate,50.0,Operational Only,LOW,5.447692852749995,Low risk indicator (risk score 5.45); no immediate high-risk indicator detected.,No Immediate High-Risk Indicator Detected
Vishnupuri-II,WCL,Madhya Pradesh,CHHINDWARA,Pench & Kanhan,Pench,Underground,PUBLIC,5.20679194540907,LOW,60.0,Moderate,50.0,Operational Only,LOW,5.20679194540907,Low risk indicator (risk score 5.21); no immediate high-risk indicator detected.,No Immediate High-Risk Indicator Detected
West Bokaro OC (Quarry-E & SE),TSL,Jharkhand,HAZARIBAGH,West Bokaro,West Bokaro,Opencast,PRIVATE,5.688593760090928,LOW,60.0,Moderate,50.0,Operational Only,LOW,5.688593760090928,Low risk indicator (risk score 5.69); no immediate high-risk indicator detected.,No Immediate High-Risk Indicator Detected
West Bokaro OC Quarry-AB,TSL,Jharkhand,HAZARIBAGH,West Bokaro,West Bokaro,Opencast,PRIVATE,0.3339289234322325,LOW,60.0,Moderate,50.0,Operational Only,LOW,0.3339289234322325,Low risk indicator (risk score 0.33); no immediate high-risk indicator detected.,No Immediate High-Risk Indicator Detected
West Jhagrakhand,SECL,Chhattisgarh,KOREA,Central India,Hasdeo,Underground,PUBLIC,5.929494667431845,LOW,60.0,Moderate,50.0,Operational Only,LOW,5.929494667431845,Low risk indicator (risk score 5.93); no immediate high-risk indicator detected.,No Immediate High-Risk Indicator Detected
