Producing Mine,State,Company,Production_2021_22,Production_2022_23,Production_2023_24,Change_2021_22_to_2022_23,Change_2022_23_to_2023_24,Percentage_Change_21_22_to_22_23,Percentage_Change_22_23_to_23_24,Production_Mean,Production_Std,Observation_Count,Zero_Production_Count,Latest_Production_Change,Latest_Percentage_Change,Production_ZScore,Absolute_Production_ZScore,Production_Anomaly,Production_Change_Direction,Production_Anomaly_Category,Production_Anomaly_Reason,Data_Sufficient
Kusmunda Project,Chhattisgarh,SECL,29.9,43.05,50.13,13.15,7.080000000000005,43.97993311036789,16.4459930313589,41.02666666666666,10.265653088495313,3,0,7.080000000000005,16.4459930313589,6.623678054372313,6.623678054372313,1,Increase,Highly Unusual,Production increased by 7.08 MT compared with the previous year; the change is statistically unusual (Z-score: 6.62).,True
Rajmahal OCP,Jharkhand,ECL,5.47,5.38,12.05,-0.0899999999999998,6.670000000000001,-1.6453382084095038,123.97769516728629,7.633333333333333,3.825210233873863,3,0,6.670000000000001,123.97769516728629,6.228600566333189,6.228600566333189,1,Increase,Highly Unusual,Production increased by 6.67 MT compared with the previous year; the change is statistically unusual (Z-score: 6.23).,True
Gevra,Chhattisgarh,SECL,40.45,52.5,59.11,12.049999999999995,6.609999999999999,29.789864029666248,12.590476190476188,50.68666666666667,9.461238467205725,3,0,6.609999999999999,12.590476190476188,6.170784348571366,6.170784348571366,1,Increase,Highly Unusual,Production increased by 6.61 MT compared with the previous year; the change is statistically unusual (Z-score: 6.17).,True
Bhubaneswari OCP,Odisha,MCL,28.0,30.0,24.24,2.0,-5.760000000000002,7.142857142857142,-19.200000000000006,27.41333333333333,2.9244714622190005,3,0,-5.760000000000002,-19.200000000000006,-5.74899254665767,5.74899254665767,1,Decrease,Highly Unusual,Production decreased by 5.76 MT compared with the previous year; the change is statistically unusual (Z-score: -5.75).,True
Parsa East and Kanta Basan OCM,Chhattisgarh,RRVUNL,,11.8,6.7,,-5.1000000000000005,,-43.22033898305085,9.25,3.606244584051393,2,0,-5.1000000000000005,-43.22033898305085,-5.113014151277623,5.113014151277623,1,Decrease,Highly Unusual,Production decreased by 5.10 MT compared with the previous year; the change is statistically unusual (Z-score: -5.11).,True
Talaipalli Coal Mine,Chhattisgarh,NTPC_TP,,2.4,7.54,,5.140000000000001,,214.1666666666667,4.97,3.6345288552988544,2,0,5.140000000000001,214.1666666666667,4.75428701340672,4.75428701340672,1,Increase,Highly Unusual,Production increased by 5.14 MT compared with the previous year; the change is statistically unusual (Z-score: 4.75).,True
Amrapali OCP,Jharkhand,CCL,16.59,18.0,22.58,1.41,4.579999999999998,8.499095840867994,25.44444444444444,19.05666666666667,3.1316821890692115,3,0,4.579999999999998,25.44444444444444,4.214668980963043,4.214668980963043,1,Increase,Highly Unusual,Production increased by 4.58 MT compared with the previous year; the change is statistically unusual (Z-score: 4.21).,True
Magadh OCP,Jharkhand,CCL,11.5,15.58,20.0,4.08,4.42,35.47826086956522,28.36970474967908,15.693333333333332,4.251133182262505,3,0,4.42,28.36970474967908,4.0604924002648515,4.0604924002648515,1,Increase,Highly Unusual,Production increased by 4.42 MT compared with the previous year; the change is statistically unusual (Z-score: 4.06).,True
Pachhwara Central Coal Mine,Jharkhand,PSPCL,,0.51,4.63,,4.12,,807.8431372549019,2.57,2.9132799384885755,2,0,4.12,807.8431372549019,3.7714113114557404,3.7714113114557404,1,Increase,Highly Unusual,Production increased by 4.12 MT compared with the previous year; the change is statistically unusual (Z-score: 3.77).,True
Jayant Project,Madhya Pradesh,NCL,,26.66,30.0,,3.34,,12.528132033008252,28.33,2.3617366491630687,2,0,3.34,12.528132033008252,3.0198004805520497,3.0198004805520497,1,Increase,Highly Unusual,Production increased by 3.34 MT compared with the previous year; the change is statistically unusual (Z-score: 3.02).,True
Pakri Barwadih,Jharkhand,NTPC_PB,,13.23,16.31,,3.0799999999999983,,23.280423280423268,14.77,2.177888886054565,2,0,3.0799999999999983,23.280423280423268,2.769263536917485,2.769263536917485,1,Increase,Unusual,Production increased by 3.08 MT compared with the previous year; the change is statistically unusual (Z-score: 2.77).,True
Suliyari Coal Mine,Madhya Pradesh,APMDCL,,1.95,5.0,,3.05,,156.4102564102564,3.475,2.15667568261897,2,0,3.05,156.4102564102564,2.740355428036575,2.740355428036575,1,Increase,Unusual,Production increased by 3.05 MT compared with the previous year; the change is statistically unusual (Z-score: 2.74).,True
AMP Colliery,Jharkhand,BCCL,1.49,1.93,4.86,0.4399999999999999,2.9300000000000006,29.530201342281877,151.81347150259072,2.76,1.8319115699181556,3,0,2.9300000000000006,151.81347150259072,2.6247229925129316,2.6247229925129316,1,Increase,Unusual,Production increased by 2.93 MT compared with the previous year; the change is statistically unusual (Z-score: 2.62).,True
Ananta OCP,Odisha,MCL,13.58,17.1,20.0,3.5200000000000014,2.8999999999999986,25.92047128129603,16.959064327485372,16.893333333333334,3.214985743877153,3,0,2.8999999999999986,16.959064327485372,2.5958148836320185,2.5958148836320185,1,Increase,Unusual,Production increased by 2.90 MT compared with the previous year; the change is statistically unusual (Z-score: 2.60).,True
Gare Palma IV/2&3,Chhattisgarh,SECL(GP 2&3),,2.05,0.16,,-1.89,,-92.19512195121952,1.105,1.3364318164425748,2,0,-1.89,-92.19512195121952,-2.0198465010201287,2.0198465010201287,1,Decrease,Unusual,Production decreased by 1.89 MT compared with the previous year; the change is statistically unusual (Z-score: -2.02).,True
Dudhichua Project,Uttar Pradesh,NCL,,23.03,25.0,,1.9699999999999989,,8.554059921841072,24.015,1.3930003589374975,2,0,1.9699999999999989,8.554059921841072,1.6996635083237726,1.6996635083237726,0,Increase,Normal,Latest production change is within the normal range of observed production changes.,True
Hurra'C',Jharkhand,ECL,,0.24,2.07,,1.83,,762.5,1.1549999999999998,1.2940054095713818,2,0,1.83,762.5,1.5647590002128549,1.5647590002128549,0,Increase,Normal,Latest production change is within the normal range of observed production changes.,True
G & G B Coal Mine,West Bengal,WBPDCL_GB,,1.2,3.0,,1.8,,150.0,2.1,1.2727922061357857,2,0,1.8,150.0,1.5358508913319437,1.5358508913319437,0,Increase,Normal,Latest production change is within the normal range of observed production changes.,True
Pacchwara North Coal Mine,Jharkhand,WBPDCL_PN,,15.0,13.71,,-1.2899999999999991,,-8.599999999999994,14.355,0.9121677477306456,2,0,-1.2899999999999991,-8.599999999999994,-1.4416843234019048,1.4416843234019048,0,Decrease,Normal,Latest production change is within the normal range of observed production changes.,True
Gouri -Pauni(A) OCM,Maharashtra,WCL,,0.87,2.57,,1.6999999999999995,,195.40229885057468,1.72,1.2020815280171306,2,0,1.6999999999999995,195.40229885057468,1.4394905283955728,1.4394905283955728,0,Increase,Normal,Latest production change is within the normal range of observed production changes.,True
NTST-Jeenagora,Jharkhand,BCCL,3.81,6.05,4.77,2.24,-1.2800000000000002,58.79265091863516,-21.157024793388437,4.876666666666666,1.1238030669709589,3,0,-1.2800000000000002,-21.157024793388437,-1.4320482871082687,1.4320482871082687,0,Decrease,Normal,Latest production change is within the normal range of observed production changes.,True
Samleswari OCP,Odisha,MCL,5.19,6.44,8.06,1.25,1.62,24.08477842003853,25.15527950310559,6.5633333333333335,1.438969538709327,3,0,1.62,25.15527950310559,1.3624022380464769,1.3624022380464769,0,Increase,Normal,Latest production change is within the normal range of observed production changes.,True
DVC Tubed Mines,Jharkhand,DVC_T,,0.03,1.52,,1.49,,4966.666666666667,0.775,1.053589103967956,2,0,1.49,4966.666666666667,1.237133766229195,1.237133766229195,0,Increase,Normal,Latest production change is within the normal range of observed production changes.,True
Jamkhani Coal Mine,Odisha,Vedanta,,0.69,2.13,,1.44,,208.69565217391303,1.41,1.0182337649086284,2,0,1.44,208.69565217391303,1.1889535847610098,1.1889535847610098,0,Increase,Normal,Latest production change is within the normal range of observed production changes.,True
AKK OCP,Jharkhand,CCL,4.24,6.32,5.36,2.08,-0.96,49.0566037735849,-15.189873417721516,5.306666666666668,1.041025135783634,3,0,-0.96,-15.189873417721516,-1.1236951257118828,1.1236951257118828,0,Decrease,Normal,Latest production change is within the normal range of observed production changes.,True
Ramagundam-OC 3 & OC III,Telangana,SCCL,8.16,8.16,9.5,0.0,1.34,0.0,16.421568627450977,8.606666666666667,0.7736493607140985,3,0,1.34,16.421568627450977,1.0925932218246392,1.0925932218246392,0,Increase,Normal,Latest production change is within the normal range of observed production changes.,True
Penganga OC,Maharashtra,WCL,6.3,5.71,4.81,-0.5899999999999999,-0.9000000000000004,-9.365079365079364,-15.761821366024526,5.6066666666666665,0.7503554713156515,3,0,-0.9000000000000004,-15.761821366024526,-1.0658789079500608,1.0658789079500608,0,Decrease,Normal,Latest production change is within the normal range of observed production changes.,True
Barjora (North) Coal Mine,West Bengal,WBPDCL_BN,,2.01,1.12,,-0.8899999999999997,,-44.27860696517412,1.565,0.6293250352560271,2,0,-0.8899999999999997,-44.27860696517412,-1.0562428716564232,1.0562428716564232,0,Decrease,Normal,Latest production change is within the normal range of observed production changes.,True
Ashoka,Jharkhand,CCL,13.13,10.72,9.85,-2.41,-0.870000000000001,-18.35491241431836,-8.115671641791053,11.233333333333334,1.6991860796667724,3,0,-0.870000000000001,-8.115671641791053,-1.0369707990691504,1.0369707990691504,0,Decrease,Normal,Latest production change is within the normal range of observed production changes.,True
Dipka,Chhattisgarh,SECL,34.38,32.15,33.42,-2.230000000000004,1.2700000000000031,-6.486329261198383,3.950233281493012,33.31666666666667,1.118585416199111,3,0,1.2700000000000031,3.950233281493012,1.025140967769183,1.025140967769183,0,Increase,Normal,Latest production change is within the normal range of observed production changes.,True
Rampur Batura,Madhya Pradesh,SECL,,0.05,1.22,,1.17,,2340.0,0.635,0.8273149339882605,2,0,1.17,2340.0,0.9287806048328093,0.9287806048328093,0,Increase,Normal,Latest production change is within the normal range of observed production changes.,True
AKWMC,Jharkhand,BCCL,4.2,3.81,3.1,-0.3900000000000001,-0.71,-9.285714285714288,-18.63517060367454,3.703333333333333,0.5577036249956902,3,0,-0.71,-18.63517060367454,-0.8827942183709565,0.8827942183709565,0,Decrease,Normal,Latest production change is within the normal range of observed production changes.,True
Umrer OC Mine,Maharashtra,WCL,,3.81,3.11,,-0.7000000000000002,,-18.37270341207349,3.46,0.4949747468305834,2,0,-0.7000000000000002,-18.37270341207349,-0.8731581820773197,0.8731581820773197,0,Decrease,Normal,Latest production change is within the normal range of observed production changes.,True
Jalagam Vengala Rao OC-2,Telangana,SCCL,7.35,10.0,11.07,2.6500000000000004,1.0700000000000005,36.05442176870749,10.700000000000005,9.473333333333334,1.91510661147972,3,0,1.0700000000000005,10.700000000000005,0.8324202418964394,0.8324202418964394,0,Increase,Normal,Latest production change is within the normal range of observed production changes.,True
Bhatadi OC Mine,Maharashtra,WCL,1.3,1.47,0.85,0.1699999999999999,-0.62,13.076923076923071,-42.17687074829932,1.2066666666666668,0.3203643758805484,3,0,-0.62,-42.17687074829932,-0.7960698917282231,0.7960698917282231,0,Decrease,Normal,Latest production change is within the normal range of observed production changes.,True
Lingaraj OCP,Odisha,MCL,14.46,16.51,17.54,2.0500000000000007,1.0299999999999976,14.177040110650074,6.238643246517247,16.17,1.5678966802694614,3,0,1.0299999999999976,6.238643246517247,0.7938760967218883,0.7938760967218883,0,Increase,Normal,Latest production change is within the normal range of observed production changes.,True
Dhoptala OC (Sasti Colliery),Maharashtra,WCL,,0.7,1.68,,0.98,,140.0,1.19,0.6929646455628166,2,0,0.98,140.0,0.7456959152537054,0.7456959152537054,0,Increase,Normal,Latest production change is within the normal range of observed production changes.,True
Sasti Expn. OCM,Maharashtra,WCL,,2.45,1.89,,-0.5600000000000003,,-22.85714285714287,2.17,0.3959797974644668,2,0,-0.5600000000000003,-22.85714285714287,-0.738253673966401,0.738253673966401,0,Decrease,Normal,Latest production change is within the normal range of observed production changes.,True
Mungoli OCM,Maharashtra,WCL,,4.31,5.25,,0.9400000000000004,,21.809744779582378,4.779999999999999,0.664680374315355,2,0,0.9400000000000004,21.809744779582378,0.7071517700791575,0.7071517700791575,0,Increase,Normal,Latest production change is within the normal range of observed production changes.,True
Amelia Coal Block,Madhya Pradesh,THDC,,0.31,1.25,,0.94,,303.2258064516129,0.78,0.6646803743153546,2,0,0.94,303.2258064516129,0.7071517700791571,0.7071517700791571,0,Increase,Normal,Latest production change is within the normal range of observed production changes.,True
Sarisatolli Coal Mine,West Bengal,CESC,1.64,1.8,1.29,0.1600000000000001,-0.51,9.756097560975618,-28.33333333333333,1.5766666666666669,0.2608320021265284,3,0,-0.51,-28.33333333333333,-0.6900734924982155,0.6900734924982155,0,Decrease,Normal,Latest production change is within the normal range of observed production changes.,True
"Jawahar Khani OC-5,",Telangana,SCCL,,1.88,1.37,,-0.5099999999999998,,-27.12765957446808,1.625,0.360624458405139,2,0,-0.5099999999999998,-27.12765957446808,-0.6900734924982153,0.6900734924982153,0,Decrease,Normal,Latest production change is within the normal range of observed production changes.,True
Mohanpur (Expn),West Bengal,ECL,0.77,1.08,2.0,0.31,0.92,40.25974025974027,85.18518518518518,1.2833333333333334,0.6397134775298495,3,0,0.92,85.18518518518518,0.6878796974918832,0.6878796974918832,0,Increase,Normal,Latest production change is within the normal range of observed production changes.,True
Garjanbahal OCP,Odisha,MCL,13.55,17.29,18.2,3.7399999999999984,0.91,27.60147601476013,5.263157894736843,16.346666666666668,2.4643525180731203,3,0,0.91,5.263157894736843,0.6782436611982461,0.6782436611982461,0,Increase,Normal,Latest production change is within the normal range of observed production changes.,True
Baranj,Maharashtra,KPCL,1.26,1.61,2.5,0.3500000000000001,0.8899999999999999,27.777777777777786,55.27950310559005,1.79,0.6392964883369844,3,0,0.8899999999999999,55.27950310559005,0.6589715886109718,0.6589715886109718,0,Increase,Normal,Latest production change is within the normal range of observed production changes.,True
Gouthampur Khani OCP,Telangana,SCCL,,0.59,0.13,,-0.4599999999999999,,-77.96610169491525,0.36,0.3252691193458118,2,0,-0.4599999999999999,-77.96610169491525,-0.6418933110300301,0.6418933110300301,0,Decrease,Normal,Latest production change is within the normal range of observed production changes.,True
Bijari OC,Chhattisgarh,SECL,1.03,0.76,1.61,-0.27,0.8500000000000001,-26.21359223300971,111.8421052631579,1.1333333333333335,0.4343193909248508,3,0,0.8500000000000001,111.8421052631579,0.6204274434364238,0.6204274434364238,0,Increase,Normal,Latest production change is within the normal range of observed production changes.,True
Sayal `D',Jharkhand,CCL,0.0,0.17,1.01,0.17,0.84,,494.1176470588235,0.3933333333333333,0.5407710544521899,3,1,0.84,494.1176470588235,0.6107914071427866,0.6107914071427866,0,Increase,Normal,Latest production change is within the normal range of observed production changes.,True
Kakri Project,Uttar Pradesh,NCL,,2.26,1.84,,-0.4199999999999997,,-18.584070796460168,2.05,0.2969848480983497,2,0,-0.4199999999999997,-18.584070796460168,-0.6033491658554817,0.6033491658554817,0,Decrease,Normal,Latest production change is within the normal range of observed production changes.,True
Khairagura OC,Telangana,SCCL,2.36,2.92,3.75,0.56,0.8300000000000001,23.72881355932204,28.424657534246577,3.01,0.6993568473962345,3,0,0.8300000000000001,28.424657534246577,0.6011553708491497,0.6011553708491497,0,Increase,Normal,Latest production change is within the normal range of observed production changes.,True
Dhanpuri,Madhya Pradesh,SECL,0.45,0.52,0.13,0.07,-0.39,15.555555555555555,-75.0,0.3666666666666667,0.2079262689833425,3,0,-0.39,-75.0,-0.5744410569745708,0.5744410569745708,0,Decrease,Normal,Latest production change is within the normal range of observed production changes.,True
Durgapur Open Cast,Maharashtra,WCL,,1.73,2.5,,0.77,,44.50867052023121,2.115,0.5444722215136416,2,0,0.77,44.50867052023121,0.5433391530873273,0.5433391530873273,0,Increase,Normal,Latest production change is within the normal range of observed production changes.,True
Kaniha OCP,Odisha,MCL,10.1,12.15,11.81,2.0500000000000007,-0.3399999999999998,20.297029702970303,-2.7983539094650194,11.353333333333332,1.098650687586065,3,0,-0.3399999999999998,-2.7983539094650194,-0.5262608755063855,0.5262608755063855,0,Decrease,Normal,Latest production change is within the normal range of observed production changes.,True
Bhanegaon OCM,Maharashtra,WCL,,0.4,1.15,,0.7499999999999999,,187.49999999999997,0.7749999999999999,0.5303300858899105,2,0,0.7499999999999999,187.49999999999997,0.524067080500053,0.524067080500053,0,Increase,Normal,Latest production change is within the normal range of observed production changes.,True
New Majri UG to OC Expn.,Maharashtra,WCL,,1.86,1.53,,-0.33,,-17.74193548387097,1.695,0.2333452377915607,2,0,-0.33,-17.74193548387097,-0.5166248392127486,0.5166248392127486,0,Decrease,Normal,Latest production change is within the normal range of observed production changes.,True
Chitra East OCP,Jharkhand,ECL,0.99,1.03,1.76,0.04,0.73,4.040404040404044,70.87378640776699,1.26,0.4334743360338648,3,0,0.73,70.87378640776699,0.5047950079127791,0.5047950079127791,0,Increase,Normal,Latest production change is within the normal range of observed production changes.,True
Baroud OC,Chhattisgarh,SECL,,3.5,4.2,,0.7000000000000002,,20.000000000000004,3.85,0.4949747468305834,2,0,0.7000000000000002,20.000000000000004,0.4758868990318681,0.4758868990318681,0,Increase,Normal,Latest production change is within the normal range of observed production changes.,True
Prakasham Khani OC,Telangana,SCCL,9.75,9.75,10.45,0.0,0.6999999999999993,0.0,7.179487179487172,9.983333333333333,0.4041451884327376,3,0,0.6999999999999993,7.179487179487172,0.4758868990318672,0.4758868990318672,0,Increase,Normal,Latest production change is within the normal range of observed production changes.,True
Indaram Khani-OC,Telangana,SCCL,1.5,1.5,1.22,0.0,-0.28,0.0,-18.666666666666668,1.4066666666666665,0.1616580753730952,3,0,-0.28,-18.666666666666668,-0.46844465774456323,0.46844465774456323,0,Decrease,Normal,Latest production change is within the normal range of observed production changes.,True
"Indaram Khani-1A, Incline",Telangana,SCCL,0.45,0.48,0.2,0.0299999999999999,-0.2799999999999999,6.66666666666666,-58.33333333333333,0.3766666666666666,0.1537313674346694,3,0,-0.2799999999999999,-58.33333333333333,-0.4684446577445632,0.4684446577445632,0,Decrease,Normal,Latest production change is within the normal range of observed production changes.,True
North Searsole OC Colliery,West Bengal,ECL,0.2,0.37,1.06,0.1699999999999999,0.6900000000000001,84.99999999999999,186.4864864864865,0.5433333333333333,0.4554484969053398,3,0,0.6900000000000001,186.4864864864865,0.4662508627382309,0.4662508627382309,0,Increase,Normal,Latest production change is within the normal range of observed production changes.,True
Rohini,Jharkhand,CCL,0.68,0.31,0.04,-0.37,-0.27,-54.41176470588236,-87.0967741935484,0.3433333333333333,0.3212994449626911,3,0,-0.27,-87.0967741935484,-0.4588086214509262,0.4588086214509262,0,Decrease,Normal,Latest production change is within the normal range of observed production changes.,True
Bhurkunda (Sangum),Jharkhand,CCL,0.0,0.41,0.14,0.41,-0.2699999999999999,,-65.85365853658536,0.1833333333333333,0.2084066537645411,3,1,-0.2699999999999999,-65.85365853658536,-0.4588086214509261,0.4588086214509261,0,Decrease,Normal,Latest production change is within the normal range of observed production changes.,True
Hingula OCP,Odisha,MCL,7.74,12.38,13.06,4.640000000000001,0.6799999999999997,59.9483204134367,5.492730210016152,11.06,2.895237468671612,3,0,0.6799999999999997,5.492730210016152,0.45661482644459356,0.45661482644459356,0,Increase,Normal,Latest production change is within the normal range of observed production changes.,True
GP-IV-8 Coal Mine,Chhattisgarh,AMBUJA,0.78,1.2,0.95,0.4199999999999999,-0.25,53.84615384615383,-20.833333333333336,0.9766666666666666,0.2112660250332109,3,0,-0.25,-20.833333333333336,-0.43953654886365207,0.43953654886365207,0,Decrease,Normal,Latest production change is within the normal range of observed production changes.,True
Adriyala Saft Project,Telangana,SCCL,,1.71,1.47,,-0.24,,-14.035087719298245,1.59,0.1697056274847714,2,0,-0.24,-14.035087719298245,-0.429900512570015,0.429900512570015,0,Decrease,Normal,Latest production change is within the normal range of observed production changes.,True
Godavari Khani-11 Incline,Telangana,SCCL,,0.84,0.61,,-0.2299999999999999,,-27.38095238095238,0.725,0.1626345596729059,2,0,-0.2299999999999999,-27.38095238095238,-0.42026447627637786,0.42026447627637786,0,Decrease,Normal,Latest production change is within the normal range of observed production changes.,True
Rajnagar,Madhya Pradesh,SECL,0.0,0.0,0.63,0.0,0.63,,,0.21,0.3637306695894642,3,2,0.63,,0.4084346449764086,0.4084346449764086,0,Increase,Normal,Latest production change is within the normal range of observed production changes.,True
Giridih OC,Jharkhand,CCL,0.1,0.2,0.0,0.1,-0.2,100.0,-100.0,0.1,0.1,3,1,-0.2,-100.0,-0.3913563673954668,0.3913563673954668,0,Decrease,Normal,Latest production change is within the normal range of observed production changes.,True
Karo-I OC,Jharkhand,CCL,2.75,1.52,1.32,-1.23,-0.1999999999999999,-44.72727272727273,-13.157894736842104,1.8633333333333333,0.7743599507550305,3,0,-0.1999999999999999,-13.157894736842104,-0.3913563673954667,0.3913563673954667,0,Decrease,Normal,Latest production change is within the normal range of observed production changes.,True
New Kenda Colliery,West Bengal,ECL,,0.01,0.62,,0.61,,6100.0,0.315,0.4313351365237939,2,0,0.61,6100.0,0.38916257238913443,0.38916257238913443,0,Increase,Normal,Latest production change is within the normal range of observed production changes.,True
Jarangdih OC.,Jharkhand,CCL,0.37,0.87,1.48,0.5,0.61,135.13513513513513,70.11494252873564,0.9066666666666666,0.5559076661940662,3,0,0.61,70.11494252873564,0.38916257238913443,0.38916257238913443,0,Increase,Normal,Latest production change is within the normal range of observed production changes.,True
"Srirampur-1, Incline",Telangana,SCCL,0.15,0.3,0.11,0.15,-0.19,100.0,-63.33333333333334,0.1866666666666666,0.1001665280087781,3,0,-0.19,-63.33333333333334,-0.38172033110182974,0.38172033110182974,0,Decrease,Normal,Latest production change is within the normal range of observed production changes.,True
Dakra Bukbuka,Jharkhand,CCL,0.55,0.48,0.29,-0.07,-0.19,-12.727272727272736,-39.583333333333336,0.44,0.1345362404707371,3,0,-0.19,-39.583333333333336,-0.38172033110182974,0.38172033110182974,0,Decrease,Normal,Latest production change is within the normal range of observed production changes.,True
Ramagundam OC-II Extn,Telangana,SCCL,3.24,2.41,2.22,-0.8300000000000001,-0.1899999999999999,-25.617283950617285,-7.883817427385889,2.623333333333333,0.5424327915358117,3,0,-0.1899999999999999,-7.883817427385889,-0.3817203311018297,0.3817203311018297,0,Decrease,Normal,Latest production change is within the normal range of observed production changes.,True
Gouri Deep,Maharashtra,WCL,0.6,0.56,0.38,-0.0399999999999999,-0.18,-6.666666666666654,-32.14285714285715,0.5133333333333333,0.1171893055416463,3,0,-0.18,-32.14285714285715,-0.3720842948081927,0.3720842948081927,0,Decrease,Normal,Latest production change is within the normal range of observed production changes.,True
Marki Mangli - I Coal Mine,Maharashtra,TUML,,0.18,0.0,,-0.18,,-100.0,0.09,0.1272792206135785,2,1,-0.18,-100.0,-0.3720842948081927,0.3720842948081927,0,Decrease,Normal,Latest production change is within the normal range of observed production changes.,True
Kakatiya Khani-OC-III,Telangana,SCCL,0.36,0.78,1.37,0.42,0.5900000000000001,116.66666666666669,75.64102564102565,0.8366666666666668,0.5073788853838258,3,0,0.5900000000000001,75.64102564102565,0.3698904998018604,0.3698904998018604,0,Increase,Normal,Latest production change is within the normal range of observed production changes.,True
Srirampur-3 & 3A Incline,Telangana,SCCL,,0.4,0.23,,-0.17,,-42.5,0.315,0.120208152801713,2,0,-0.17,-42.5,-0.3624482585145557,0.3624482585145557,0,Decrease,Normal,Latest production change is within the normal range of observed production changes.,True
"Junad,",Maharashtra,WCL,0.74,0.63,0.46,-0.1099999999999999,-0.1699999999999999,-14.864864864864863,-26.984126984126984,0.61,0.1410673597966588,3,0,-0.1699999999999999,-26.984126984126984,-0.3624482585145556,0.3624482585145556,0,Decrease,Normal,Latest production change is within the normal range of observed production changes.,True
Amalgamated Inder Kamptee OCM,Maharashtra,WCL,,2.51,3.09,,0.5800000000000001,,23.107569721115546,2.8,0.4101219330881976,2,0,0.5800000000000001,23.107569721115546,0.3602544635082234,0.3602544635082234,0,Increase,Normal,Latest production change is within the normal range of observed production changes.,True
Jaganathpur,Chhattisgarh,SECL,1.78,2.26,2.83,0.4799999999999997,0.5700000000000003,26.96629213483145,25.22123893805312,2.29,0.5256424640380569,3,0,0.5700000000000003,25.22123893805312,0.3506184272145865,0.3506184272145865,0,Increase,Normal,Latest production change is within the normal range of observed production changes.,True
Nirsha,Jharkhand,ECL,0.22,0.3,0.15,0.0799999999999999,-0.15,36.36363636363636,-50.0,0.2233333333333333,0.0750555349946513,3,0,-0.15,-50.0,-0.34317618592728155,0.34317618592728155,0,Decrease,Normal,Latest production change is within the normal range of observed production changes.,True
"Jamadoba Colliery,",Jharkhand,TSLJH,,0.2,0.05,,-0.15,,-75.00000000000001,0.125,0.1060660171779821,2,0,-0.15,-75.00000000000001,-0.34317618592728155,0.34317618592728155,0,Decrease,Normal,Latest production change is within the normal range of observed production changes.,True
Amelia (North ) Coal Mine,Madhya Pradesh,JPVL,2.8,3.36,3.92,0.56,0.56,20.000000000000004,16.666666666666668,3.36,0.56,3,0,0.56,16.666666666666668,0.34098239092094923,0.34098239092094923,0,Increase,Normal,Latest production change is within the normal range of observed production changes.,True
Mohan (Mohan OC),Madhya Pradesh,WCL,,0.14,0.0,,-0.14,,-100.0,0.07,0.0989949493661166,2,1,-0.14,-100.0,-0.33354014963364453,0.33354014963364453,0,Decrease,Normal,Latest production change is within the normal range of observed production changes.,True
Purnadih,Jharkhand,CCL,0.4,0.73,0.59,0.3299999999999999,-0.14,82.49999999999999,-19.178082191780824,0.5733333333333333,0.1656301099840645,3,0,-0.14,-19.178082191780824,-0.33354014963364453,0.33354014963364453,0,Decrease,Normal,Latest production change is within the normal range of observed production changes.,True
Sendra Bansjora,Jharkhand,BCCL,1.21,0.73,0.6,-0.48,-0.13,-39.66942148760331,-17.808219178082194,0.8466666666666667,0.321299444962691,3,0,-0.13,-17.808219178082194,-0.32390411334000746,0.32390411334000746,0,Decrease,Normal,Latest production change is within the normal range of observed production changes.,True
AGKCC,Jharkhand,BCCL,0.03,0.14,0.02,0.11,-0.12,366.66666666666674,-85.71428571428571,0.0633333333333333,0.0665832811847939,3,0,-0.12,-85.71428571428571,-0.3142680770463704,0.3142680770463704,0,Decrease,Normal,Latest production change is within the normal range of observed production changes.,True
Ballarpur OCM,Maharashtra,WCL,0.27,0.1,0.63,-0.17,0.53,-62.96296296296296,530.0,0.3333333333333333,0.2706165799305972,3,0,0.53,530.0,0.31207428204003806,0.31207428204003806,0,Increase,Normal,Latest production change is within the normal range of observed production changes.,True
Kalyan Khani-1 Incline,Telangana,SCCL,,0.13,0.02,,-0.11,,-84.61538461538461,0.075,0.0777817459305202,2,0,-0.11,-84.61538461538461,-0.3046320407527333,0.3046320407527333,0,Decrease,Normal,Latest production change is within the normal range of observed production changes.,True
Jambad OCP,West Bengal,ECL,0.3,0.58,0.47,0.2799999999999999,-0.1099999999999999,93.33333333333331,-18.96551724137931,0.4499999999999999,0.1410673597966588,3,0,-0.1099999999999999,-18.96551724137931,-0.3046320407527332,0.3046320407527332,0,Decrease,Normal,Latest production change is within the normal range of observed production changes.,True
Mohan (Mohan UG),Madhya Pradesh,WCL,,0.15,0.04,,-0.1099999999999999,,-73.33333333333333,0.095,0.0777817459305202,2,0,-0.1099999999999999,-73.33333333333333,-0.3046320407527332,0.3046320407527332,0,Decrease,Normal,Latest production change is within the normal range of observed production changes.,True
ROCP/S. Jharia,Jharkhand,BCCL,1.09,1.64,2.16,0.5499999999999998,0.5200000000000002,50.45871559633025,31.70731707317075,1.63,0.5350700888668698,3,0,0.5200000000000002,31.70731707317075,0.3024382457464012,0.3024382457464012,0,Increase,Normal,Latest production change is within the normal range of observed production changes.,True
Kapildhara,Madhya Pradesh,SECL,0.14,0.13,0.03,-0.01,-0.1,-7.142857142857148,-76.92307692307693,0.1,0.0608276253029822,3,0,-0.1,-76.92307692307693,-0.29499600445909624,0.29499600445909624,0,Decrease,Normal,Latest production change is within the normal range of observed production changes.,True
Amadand,Madhya Pradesh,SECL,0.0,0.87,1.38,0.87,0.5099999999999999,,58.6206896551724,0.75,0.6977822009767803,3,1,0.5099999999999999,58.6206896551724,0.2928022094527638,0.2928022094527638,0,Increase,Normal,Latest production change is within the normal range of observed production changes.,True
Manoharpur Coal Mine,Odisha,OCPL,5.25,8.0,8.51,2.75,0.5099999999999998,52.38095238095239,6.374999999999997,7.253333333333333,1.7535772960817362,3,0,0.5099999999999998,6.374999999999997,0.2928022094527637,0.2928022094527637,0,Increase,Normal,Latest production change is within the normal range of observed production changes.,True
Kapasara,Jharkhand,ECL,0.32,0.13,0.04,-0.19,-0.09,-59.375,-69.23076923076923,0.1633333333333333,0.1429452109492771,3,0,-0.09,-69.23076923076923,-0.2853599681654592,0.2853599681654592,0,Decrease,Normal,Latest production change is within the normal range of observed production changes.,True
Khottadih OCP,West Bengal,ECL,,0.53,0.44,,-0.09,,-16.981132075471702,0.485,0.0636396103067893,2,0,-0.09,-16.981132075471702,-0.2853599681654592,0.2853599681654592,0,Decrease,Normal,Latest production change is within the normal range of observed production changes.,True
Gare Palma IV/4 Coal Mine,Chhattisgarh,HIL_GP_IV/4,,0.56,0.47,,-0.09,,-16.071428571428584,0.515,0.0636396103067893,2,0,-0.09,-16.071428571428584,-0.2853599681654592,0.2853599681654592,0,Decrease,Normal,Latest production change is within the normal range of observed production changes.,True
Marki Mangli -III,Maharashtra,BSIL,,0.2,0.11,,-0.09,,-45.0,0.155,0.0636396103067892,2,0,-0.09,-45.0,-0.2853599681654592,0.2853599681654592,0,Decrease,Normal,Latest production change is within the normal range of observed production changes.,True
Itapara OC Patch,West Bengal,ECL,0.52,0.3,0.21,-0.22,-0.09,-42.30769230769232,-30.0,0.3433333333333333,0.1594783161854091,3,0,-0.09,-30.0,-0.2853599681654592,0.2853599681654592,0,Decrease,Normal,Latest production change is within the normal range of observed production changes.,True
Chhatarpur -II,Madhya Pradesh,WCL,0.07,0.13,0.05,0.06,-0.08,85.7142857142857,-61.53846153846154,0.0833333333333333,0.0416333199893226,3,0,-0.08,-61.53846153846154,-0.2757239318718222,0.2757239318718222,0,Decrease,Normal,Latest production change is within the normal range of observed production changes.,True
Manki/Churi,Jharkhand,CCL,0.58,0.71,0.63,0.13,-0.0799999999999999,22.41379310344828,-11.26760563380281,0.64,0.06557438524302,3,0,-0.0799999999999999,-11.26760563380281,-0.2757239318718221,0.2757239318718221,0,Decrease,Normal,Latest production change is within the normal range of observed production changes.,True
Basantimata -Dahibari,Jharkhand,BCCL,0.78,0.63,0.55,-0.15,-0.0799999999999999,-19.230769230769237,-12.698412698412692,0.6533333333333334,0.1167618659209133,3,0,-0.0799999999999999,-12.698412698412692,-0.2757239318718221,0.2757239318718221,0,Decrease,Normal,Latest production change is within the normal range of observed production changes.,True
Kalyan Khani OC,Telangana,SCCL,1.76,1.85,1.78,0.09,-0.07,5.113636363636368,-3.783783783783787,1.7966666666666669,0.0472581562625261,3,0,-0.07,-3.783783783783787,-0.26608789557818513,0.26608789557818513,0,Decrease,Normal,Latest production change is within the normal range of observed production changes.,True
Moonidih,Jharkhand,BCCL,0.59,0.55,0.48,-0.0399999999999999,-0.07,-6.77966101694914,-12.727272727272736,0.54,0.0556776436283002,3,0,-0.07,-12.727272727272736,-0.26608789557818513,0.26608789557818513,0,Decrease,Normal,Latest production change is within the normal range of observed production changes.,True
Gokul OC Mine + Gokul Extn.,Maharashtra,WCL,,1.88,1.81,,-0.0699999999999998,,-3.723404255319141,1.845,0.0494974746830582,2,0,-0.0699999999999998,-3.723404255319141,-0.2660878955781849,0.2660878955781849,0,Decrease,Normal,Latest production change is within the normal range of observed production changes.,True
Rajnagar RO,Madhya Pradesh,SECL,0.21,0.19,0.13,-0.0199999999999999,-0.06,-9.523809523809518,-31.57894736842105,0.1766666666666666,0.0416333199893226,3,0,-0.06,-31.57894736842105,-0.25645185928454806,0.25645185928454806,0,Decrease,Normal,Latest production change is within the normal range of observed production changes.,True
Bijuri,Madhya Pradesh,SECL,0.12,0.14,0.09,0.02,-0.05,16.666666666666682,-35.71428571428572,0.1166666666666666,0.0251661147842358,3,0,-0.05,-35.71428571428572,-0.246815822990911,0.246815822990911,0,Decrease,Normal,Latest production change is within the normal range of observed production changes.,True
Ravindra Khani-1A Incline,Telangana,SCCL,,0.07,0.02,,-0.05,,-71.42857142857143,0.045,0.0353553390593273,2,0,-0.05,-71.42857142857143,-0.246815822990911,0.246815822990911,0,Decrease,Normal,Latest production change is within the normal range of observed production changes.,True
Bagdeva,Chhattisgarh,SECL,,0.34,0.29,,-0.05,,-14.705882352941188,0.315,0.0353553390593274,2,0,-0.05,-14.705882352941188,-0.246815822990911,0.246815822990911,0,Decrease,Normal,Latest production change is within the normal range of observed production changes.,True
Jamuna RO,Madhya Pradesh,SECL,0.09,0.06,0.01,-0.03,-0.0499999999999999,-33.33333333333333,-83.33333333333333,0.0533333333333333,0.0404145188432738,3,0,-0.0499999999999999,-83.33333333333333,-0.2468158229909109,0.2468158229909109,0,Decrease,Normal,Latest production change is within the normal range of observed production changes.,True
Tandsi,Madhya Pradesh,WCL,0.16,0.09,0.04,-0.07,-0.0499999999999999,-43.75000000000001,-55.55555555555556,0.0966666666666666,0.060277137733417,3,0,-0.0499999999999999,-55.55555555555556,-0.2468158229909109,0.2468158229909109,0,Decrease,Normal,Latest production change is within the normal range of observed production changes.,True
Tawa-II,Madhya Pradesh,WCL,0.35,0.46,0.42,0.11,-0.04,31.428571428571445,-8.69565217391305,0.41,0.0556776436283002,3,0,-0.04,-8.69565217391305,-0.237179786697274,0.237179786697274,0,Decrease,Normal,Latest production change is within the normal range of observed production changes.,True
Mahadeopuri,Madhya Pradesh,WCL,0.08,0.07,0.03,-0.0099999999999999,-0.04,-12.499999999999991,-57.14285714285715,0.06,0.0264575131106459,3,0,-0.04,-57.14285714285715,-0.237179786697274,0.237179786697274,0,Decrease,Normal,Latest production change is within the normal range of observed production changes.,True
Bhatgaon,Chhattisgarh,SECL,0.27,0.23,0.19,-0.04,-0.04,-14.814814814814817,-17.39130434782609,0.2299999999999999,0.04,3,0,-0.04,-17.39130434782609,-0.237179786697274,0.237179786697274,0,Decrease,Normal,Latest production change is within the normal range of observed production changes.,True
Bansra Colliery,West Bengal,ECL,0.26,0.17,0.13,-0.09,-0.04,-34.61538461538461,-23.529411764705884,0.1866666666666666,0.0665832811847939,3,0,-0.04,-23.529411764705884,-0.237179786697274,0.237179786697274,0,Decrease,Normal,Latest production change is within the normal range of observed production changes.,True
Rehar,Chhattisgarh,SECL,0.1,0.07,0.03,-0.03,-0.04,-30.0,-57.14285714285715,0.0666666666666666,0.0351188458428424,3,0,-0.04,-57.14285714285715,-0.237179786697274,0.237179786697274,0,Decrease,Normal,Latest production change is within the normal range of observed production changes.,True
Belgaon Coal Mine,Maharashtra,SIL,,0.19,0.15,,-0.04,,-21.052631578947373,0.1699999999999999,0.0282842712474619,2,0,-0.04,-21.052631578947373,-0.237179786697274,0.237179786697274,0,Decrease,Normal,Latest production change is within the normal range of observed production changes.,True
West Jhagrakhand,Chhattisgarh,SECL,0.12,0.12,0.08,0.0,-0.0399999999999999,0.0,-33.33333333333333,0.1066666666666666,0.023094010767585,3,0,-0.0399999999999999,-33.33333333333333,-0.23717978669727388,0.23717978669727388,0,Decrease,Normal,Latest production change is within the normal range of observed production changes.,True
Ballarpur 3 & 4 Pits,Maharashtra,WCL,0.09,0.11,0.07,0.02,-0.0399999999999999,22.222222222222225,-36.36363636363636,0.09,0.0199999999999999,3,0,-0.0399999999999999,-36.36363636363636,-0.23717978669727388,0.23717978669727388,0,Decrease,Normal,Latest production change is within the normal range of observed production changes.,True
Ena,Jharkhand,BCCL,1.0,2.55,3.0,1.5499999999999998,0.4500000000000002,154.99999999999997,17.64705882352942,2.183333333333333,1.0492060490358095,3,0,0.4500000000000002,17.64705882352942,0.23498599169094178,0.23498599169094178,0,Increase,Normal,Latest production change is within the normal range of observed production changes.,True
Trans Damodar Coal Mine,West Bengal,DPL,0.51,0.55,1.0,0.04,0.4499999999999999,7.843137254901968,81.8181818181818,0.6866666666666666,0.2720906711619002,3,0,0.4499999999999999,81.8181818181818,0.2349859916909415,0.2349859916909415,0,Increase,Normal,Latest production change is within the normal range of observed production changes.,True
West Bokaro OC Quarry-SE,Jharkhand,TSLWB,,4.86,4.83,,-0.0300000000000002,,-0.617283950617289,4.845000000000001,0.0212132034355966,2,0,-0.0300000000000002,-0.617283950617289,-0.2275437504036371,0.2275437504036371,0,Decrease,Normal,Latest production change is within the normal range of observed production changes.,True
Nehariya,Madhya Pradesh,WCL,0.25,0.28,0.25,0.03,-0.03,12.00000000000001,-10.714285714285724,0.26,0.0173205080756887,3,0,-0.03,-10.714285714285724,-0.22754375040363692,0.22754375040363692,0,Decrease,Normal,Latest production change is within the normal range of observed production changes.,True
Navapara,Chhattisgarh,SECL,0.1,0.08,0.05,-0.02,-0.03,-20.000000000000004,-37.5,0.0766666666666666,0.0251661147842358,3,0,-0.03,-37.5,-0.22754375040363692,0.22754375040363692,0,Decrease,Normal,Latest production change is within the normal range of observed production changes.,True
Jambad UG Colliery,West Bengal,ECL,0.14,0.14,0.11,0.0,-0.03,0.0,-21.428571428571438,0.13,0.0173205080756887,3,0,-0.03,-21.428571428571438,-0.22754375040363692,0.22754375040363692,0,Decrease,Normal,Latest production change is within the normal range of observed production changes.,True
Kakatiya Khani-1 & 1A Incline,Telangana,SCCL,,0.25,0.22,,-0.03,,-12.0,0.235,0.0212132034355964,2,0,-0.03,-12.0,-0.22754375040363692,0.22754375040363692,0,Decrease,Normal,Latest production change is within the normal range of observed production changes.,True
Surakachhar,Chhattisgarh,SECL,0.17,0.06,0.03,-0.11,-0.03,-64.70588235294117,-50.0,0.0866666666666666,0.0737111479583199,3,0,-0.03,-50.0,-0.22754375040363692,0.22754375040363692,0,Decrease,Normal,Latest production change is within the normal range of observed production changes.,True
Khas Kajora Colliery,West Bengal,ECL,0.16,0.17,0.14,0.01,-0.03,6.250000000000005,-17.64705882352941,0.1566666666666666,0.0152752523165194,3,0,-0.03,-17.64705882352941,-0.22754375040363692,0.22754375040363692,0,Decrease,Normal,Latest production change is within the normal range of observed production changes.,True
"Kakatiya Khani-6, Incline",Telangana,SCCL,0.14,0.15,0.12,0.0099999999999999,-0.03,7.142857142857128,-20.0,0.1366666666666667,0.0152752523165194,3,0,-0.03,-20.0,-0.22754375040363692,0.22754375040363692,0,Decrease,Normal,Latest production change is within the normal range of observed production changes.,True
Piparia,Madhya Pradesh,SECL,0.09,0.11,0.08,0.02,-0.03,22.222222222222225,-27.27272727272727,0.0933333333333333,0.0152752523165194,3,0,-0.03,-27.27272727272727,-0.22754375040363692,0.22754375040363692,0,Decrease,Normal,Latest production change is within the normal range of observed production changes.,True
Bankola Colliery,West Bengal,ECL,0.17,0.19,0.16,0.0199999999999999,-0.03,11.764705882352937,-15.789473684210526,0.1733333333333333,0.0152752523165194,3,0,-0.03,-15.789473684210526,-0.22754375040363692,0.22754375040363692,0,Decrease,Normal,Latest production change is within the normal range of observed production changes.,True
Rajrappa Project,Jharkhand,CCL,0.88,1.33,1.3,0.45,-0.03,51.13636363636365,-2.2556390977443628,1.17,0.2515949125081825,3,0,-0.03,-2.2556390977443628,-0.22754375040363692,0.22754375040363692,0,Decrease,Normal,Latest production change is within the normal range of observed production changes.,True
Sankarpur Colliery,West Bengal,ECL,0.25,0.22,0.19,-0.03,-0.03,-12.0,-13.636363636363637,0.2199999999999999,0.03,3,0,-0.03,-13.636363636363637,-0.22754375040363692,0.22754375040363692,0,Decrease,Normal,Latest production change is within the normal range of observed production changes.,True
Bhadra,Madhya Pradesh,SECL,0.1,0.13,0.1,0.03,-0.03,30.0,-23.07692307692308,0.11,0.0173205080756887,3,0,-0.03,-23.07692307692308,-0.22754375040363692,0.22754375040363692,0,Decrease,Normal,Latest production change is within the normal range of observed production changes.,True
Balgi,Chhattisgarh,SECL,0.08,0.07,0.05,-0.0099999999999999,-0.02,-12.499999999999991,-28.571428571428577,0.0666666666666666,0.0152752523165194,3,0,-0.02,-28.571428571428577,-0.21790771410999984,0.21790771410999984,0,Decrease,Normal,Latest production change is within the normal range of observed production changes.,True
Satgram Project,West Bengal,ECL,0.05,0.05,0.03,0.0,-0.02,0.0,-40.00000000000001,0.0433333333333333,0.0115470053837925,3,0,-0.02,-40.00000000000001,-0.21790771410999984,0.21790771410999984,0,Decrease,Normal,Latest production change is within the normal range of observed production changes.,True
Vindhya,Madhya Pradesh,SECL,0.51,0.49,0.47,-0.02,-0.02,-3.921568627450984,-4.081632653061228,0.49,0.02,3,0,-0.02,-4.081632653061228,-0.21790771410999984,0.21790771410999984,0,Decrease,Normal,Latest production change is within the normal range of observed production changes.,True
Khottadih UG,West Bengal,ECL,,0.54,0.52,,-0.02,,-3.703703703703707,0.53,0.0141421356237309,2,0,-0.02,-3.703703703703707,-0.21790771410999984,0.21790771410999984,0,Decrease,Normal,Latest production change is within the normal range of observed production changes.,True
Kunustoria Colliery,West Bengal,ECL,0.1,0.1,0.08,0.0,-0.02,0.0,-20.000000000000004,0.0933333333333333,0.0115470053837925,3,0,-0.02,-20.000000000000004,-0.21790771410999984,0.21790771410999984,0,Decrease,Normal,Latest production change is within the normal range of observed production changes.,True
Amalgameted Sudamdih-Patherdih,Jharkhand,BCCL,0.41,0.43,0.41,0.02,-0.02,4.878048780487809,-4.651162790697678,0.4166666666666667,0.0115470053837925,3,0,-0.02,-4.651162790697678,-0.21790771410999984,0.21790771410999984,0,Decrease,Normal,Latest production change is within the normal range of observed production changes.,True
"Ravindra Khani-New Tech,",Telangana,SCCL,0.27,0.18,0.16,-0.09,-0.0199999999999999,-33.33333333333334,-11.111111111111107,0.2033333333333333,0.0585946527708231,3,0,-0.0199999999999999,-11.111111111111107,-0.2179077141099998,0.2179077141099998,0,Decrease,Normal,Latest production change is within the normal range of observed production changes.,True
Sial Ghogri Coal Mine,Madhya Pradesh,RCCPL,0.21,0.35,0.33,0.1399999999999999,-0.0199999999999999,66.66666666666666,-5.714285714285704,0.2966666666666666,0.0757187779440036,3,0,-0.0199999999999999,-5.714285714285704,-0.2179077141099998,0.2179077141099998,0,Decrease,Normal,Latest production change is within the normal range of observed production changes.,True
Ravindra Khani-5 Incline,Telangana,SCCL,0.29,0.3,0.28,0.01,-0.0199999999999999,3.448275862068969,-6.666666666666654,0.29,0.0099999999999999,3,0,-0.0199999999999999,-6.666666666666654,-0.2179077141099998,0.2179077141099998,0,Decrease,Normal,Latest production change is within the normal range of observed production changes.,True
Central Kajora Colliery,West Bengal,ECL,0.08,0.09,0.07,0.0099999999999999,-0.0199999999999999,12.499999999999991,-22.22222222222221,0.08,0.0099999999999999,3,0,-0.0199999999999999,-22.22222222222221,-0.2179077141099998,0.2179077141099998,0,Decrease,Normal,Latest production change is within the normal range of observed production changes.,True
Parej East OCP,Jharkhand,CCL,0.4,0.42,0.4,0.0199999999999999,-0.0199999999999999,4.99999999999999,-4.761904761904753,0.4066666666666667,0.0115470053837924,3,0,-0.0199999999999999,-4.761904761904753,-0.2179077141099998,0.2179077141099998,0,Decrease,Normal,Latest production change is within the normal range of observed production changes.,True
Godavari Khani-2 & 2A,Telangana,SCCL,0.27,0.24,0.22,-0.03,-0.0199999999999999,-11.11111111111112,-8.33333333333333,0.2433333333333333,0.0251661147842358,3,0,-0.0199999999999999,-8.33333333333333,-0.2179077141099998,0.2179077141099998,0,Decrease,Normal,Latest production change is within the normal range of observed production changes.,True
Kakatiya Khani-8 & 8A Incline,Telangana,SCCL,,0.19,0.17,,-0.0199999999999999,,-10.52631578947368,0.18,0.0141421356237309,2,0,-0.0199999999999999,-10.52631578947368,-0.2179077141099998,0.2179077141099998,0,Decrease,Normal,Latest production change is within the normal range of observed production changes.,True
J. K. Nagar Colliery,West Bengal,ECL,0.17,0.16,0.14,-0.01,-0.0199999999999999,-5.8823529411764754,-12.499999999999991,0.1566666666666666,0.0152752523165194,3,0,-0.0199999999999999,-12.499999999999991,-0.2179077141099998,0.2179077141099998,0,Decrease,Normal,Latest production change is within the normal range of observed production changes.,True
K. Dewarkhand,Jharkhand,CCL,0.95,0.43,0.86,-0.52,0.43,-54.736842105263165,100.0,0.7466666666666666,0.2779088579612627,3,0,0.43,100.0,0.2157139191036675,0.2157139191036675,0,Increase,Normal,Latest production change is within the normal range of observed production changes.,True
Singhali Colliery,Chhattisgarh,SECL,0.18,0.13,0.12,-0.0499999999999999,-0.01,-27.77777777777777,-7.692307692307699,0.1433333333333333,0.0321455025366431,3,0,-0.01,-7.692307692307699,-0.20827167781636283,0.20827167781636283,0,Decrease,Normal,Latest production change is within the normal range of observed production changes.,True
Damini,Madhya Pradesh,SECL,0.3,0.28,0.27,-0.0199999999999999,-0.01,-6.666666666666654,-3.571428571428574,0.2833333333333334,0.0152752523165194,3,0,-0.01,-3.571428571428574,-0.20827167781636283,0.20827167781636283,0,Decrease,Normal,Latest production change is within the normal range of observed production changes.,True
Kakatiya Khani-5 Incline,Telangana,SCCL,0.24,0.22,0.21,-0.0199999999999999,-0.01,-8.33333333333333,-4.545454545454549,0.2233333333333333,0.0152752523165194,3,0,-0.01,-4.545454545454549,-0.20827167781636283,0.20827167781636283,0,Decrease,Normal,Latest production change is within the normal range of observed production changes.,True
"Bhelatand Colliery,",Jharkhand,TSLJH,,0.23,0.22,,-0.01,,-4.347826086956525,0.225,0.0070710678118654,2,0,-0.01,-4.347826086956525,-0.20827167781636283,0.20827167781636283,0,Decrease,Normal,Latest production change is within the normal range of observed production changes.,True
Manna Incline,Maharashtra,WCL,0.07,0.01,0.0,-0.06,-0.01,-85.71428571428571,-100.0,0.0266666666666666,0.0378593889720018,3,1,-0.01,-100.0,-0.20827167781636283,0.20827167781636283,0,Decrease,Normal,Latest production change is within the normal range of observed production changes.,True
Parbelia Colliery,West Bengal,ECL,0.05,0.05,0.04,0.0,-0.01,0.0,-20.000000000000004,0.0466666666666666,0.0057735026918962,3,0,-0.01,-20.000000000000004,-0.20827167781636283,0.20827167781636283,0,Decrease,Normal,Latest production change is within the normal range of observed production changes.,True
Porascol West Colliery,West Bengal,ECL,0.08,0.07,0.06,-0.0099999999999999,-0.01,-12.499999999999991,-14.285714285714295,0.07,0.01,3,0,-0.01,-14.285714285714295,-0.20827167781636283,0.20827167781636283,0,Decrease,Normal,Latest production change is within the normal range of observed production changes.,True
Khandra Colliery,West Bengal,ECL,0.08,0.1,0.09,0.02,-0.01,25.000000000000007,-10.000000000000009,0.09,0.01,3,0,-0.01,-10.000000000000009,-0.20827167781636283,0.20827167781636283,0,Decrease,Normal,Latest production change is within the normal range of observed production changes.,True
Kumda 7 & 8,Chhattisgarh,SECL,0.02,0.02,0.01,0.0,-0.01,0.0,-50.0,0.0166666666666666,0.0057735026918962,3,0,-0.01,-50.0,-0.20827167781636283,0.20827167781636283,0,Decrease,Normal,Latest production change is within the normal range of observed production changes.,True
Vishnupuri-II,Madhya Pradesh,WCL,0.07,0.1,0.09,0.03,-0.01,42.85714285714285,-10.000000000000009,0.0866666666666666,0.0152752523165194,3,0,-0.01,-10.000000000000009,-0.20827167781636283,0.20827167781636283,0,Decrease,Normal,Latest production change is within the normal range of observed production changes.,True
Gopinathpur,Jharkhand,ECL,0.1,0.01,0.0,-0.09,-0.01,-90.0,-100.0,0.0366666666666666,0.055075705472861,3,1,-0.01,-100.0,-0.20827167781636283,0.20827167781636283,0,Decrease,Normal,Latest production change is within the normal range of observed production changes.,True
Tilaboni Colliery,West Bengal,ECL,0.13,0.13,0.12,0.0,-0.01,0.0,-7.692307692307699,0.1266666666666666,0.0057735026918962,3,0,-0.01,-7.692307692307699,-0.20827167781636283,0.20827167781636283,0,Decrease,Normal,Latest production change is within the normal range of observed production changes.,True
Umaria,Madhya Pradesh,SECL,0.11,0.13,0.12,0.02,-0.01,18.181818181818183,-7.692307692307699,0.12,0.01,3,0,-0.01,-7.692307692307699,-0.20827167781636283,0.20827167781636283,0,Decrease,Normal,Latest production change is within the normal range of observed production changes.,True
"Govindpur,",Jharkhand,CCL,0.03,0.03,0.02,0.0,-0.0099999999999999,0.0,-33.33333333333333,0.0266666666666666,0.0057735026918962,3,0,-0.0099999999999999,-33.33333333333333,-0.20827167781636272,0.20827167781636272,0,Decrease,Normal,Latest production change is within the normal range of observed production changes.,True
Tawa Mine,Madhya Pradesh,WCL,,0.29,0.28,,-0.0099999999999999,,-3.4482758620689493,0.285,0.0070710678118654,2,0,-0.0099999999999999,-3.4482758620689493,-0.20827167781636272,0.20827167781636272,0,Decrease,Normal,Latest production change is within the normal range of observed production changes.,True
Ravindra Khani-6 Incline,Telangana,SCCL,0.3,0.21,0.2,-0.09,-0.0099999999999999,-30.0,-4.761904761904753,0.2366666666666666,0.055075705472861,3,0,-0.0099999999999999,-4.761904761904753,-0.20827167781636272,0.20827167781636272,0,Decrease,Normal,Latest production change is within the normal range of observed production changes.,True
Porascol East Colliery,West Bengal,ECL,0.06,0.08,0.07,0.02,-0.0099999999999999,33.33333333333334,-12.499999999999991,0.07,0.01,3,0,-0.0099999999999999,-12.499999999999991,-0.20827167781636272,0.20827167781636272,0,Decrease,Normal,Latest production change is within the normal range of observed production changes.,True
Godavari Khani-1 & 3,Telangana,SCCL,0.17,0.18,0.17,0.0099999999999999,-0.0099999999999999,5.88235294117646,-5.555555555555546,0.1733333333333333,0.0057735026918962,3,0,-0.0099999999999999,-5.555555555555546,-0.20827167781636272,0.20827167781636272,0,Decrease,Normal,Latest production change is within the normal range of observed production changes.,True
Amritnagar Colliery,West Bengal,ECL,0.09,0.06,0.05,-0.03,-0.0099999999999999,-33.33333333333333,-16.66666666666666,0.0666666666666666,0.0208166599946613,3,0,-0.0099999999999999,-16.66666666666666,-0.20827167781636272,0.20827167781636272,0,Decrease,Normal,Latest production change is within the normal range of observed production changes.,True
Siduli Colliery,West Bengal,ECL,0.07,0.06,0.05,-0.01,-0.0099999999999999,-14.285714285714295,-16.66666666666666,0.06,0.01,3,0,-0.0099999999999999,-16.66666666666666,-0.20827167781636272,0.20827167781636272,0,Decrease,Normal,Latest production change is within the normal range of observed production changes.,True
Ramakrishnapur OC,Telangana,SCCL,2.2,1.88,1.87,-0.3200000000000003,-0.0099999999999997,-14.545454545454556,-0.5319148936170099,1.9833333333333332,0.1877054430040146,3,0,-0.0099999999999997,-0.5319148936170099,-0.20827167781636252,0.20827167781636252,0,Decrease,Normal,Latest production change is within the normal range of observed production changes.,True
Nigahi Project,Madhya Pradesh,NCL,21.0,22.5,22.5,1.5,0.0,7.142857142857142,0.0,22.0,0.8660254037844386,3,0,0.0,0.0,-0.19863564152272575,0.19863564152272575,0,No Change,Normal,Latest production change is within the normal range of observed production changes.,True
Patansaongi Colliery,Maharashtra,WCL,0.05,0.04,0.04,-0.01,0.0,-20.000000000000004,0.0,0.0433333333333333,0.0057735026918962,3,0,0.0,0.0,-0.19863564152272575,0.19863564152272575,0,No Change,Normal,Latest production change is within the normal range of observed production changes.,True
Barjora Coal Mine,West Bengal,WBPDCL_B,,0.5,0.5,,0.0,,0.0,0.5,0.0,2,0,0.0,0.0,-0.19863564152272575,0.19863564152272575,0,No Change,Normal,Latest production change is within the normal range of observed production changes.,True
Belbaid Colliery,West Bengal,ECL,0.05,0.04,0.04,-0.01,0.0,-20.000000000000004,0.0,0.0433333333333333,0.0057735026918962,3,0,0.0,0.0,-0.19863564152272575,0.19863564152272575,0,No Change,Normal,Latest production change is within the normal range of observed production changes.,True
Pindra Colliery,Jharkhand,CCL,0.0,0.0,0.0,0.0,0.0,,,0.0,0.0,3,3,0.0,,-0.19863564152272575,0.19863564152272575,0,No Change,Normal,Latest production change is within the normal range of observed production changes.,True
Nowrozabad (W),Madhya Pradesh,SECL,0.09,0.1,0.1,0.01,0.0,11.11111111111112,0.0,0.0966666666666666,0.0057735026918962,3,0,0.0,0.0,-0.19863564152272575,0.19863564152272575,0,No Change,Normal,Latest production change is within the normal range of observed production changes.,True
Bejdih Colliery,West Bengal,ECL,0.03,0.04,0.04,0.01,0.0,33.33333333333334,0.0,0.0366666666666666,0.0057735026918962,3,0,0.0,0.0,-0.19863564152272575,0.19863564152272575,0,No Change,Normal,Latest production change is within the normal range of observed production changes.,True
Ningah Colliery,West Bengal,ECL,0.02,0.02,0.02,0.0,0.0,0.0,0.0,0.02,0.0,3,0,0.0,0.0,-0.19863564152272575,0.19863564152272575,0,No Change,Normal,Latest production change is within the normal range of observed production changes.,True
Basdeopur,Jharkhand,BCCL,,0.14,0.14,,0.0,,0.0,0.14,0.0,2,0,0.0,0.0,-0.19863564152272575,0.19863564152272575,0,No Change,Normal,Latest production change is within the normal range of observed production changes.,True
Chainpur(Sarubera) Colly.,Jharkhand,CCL,0.0,0.0,0.0,0.0,0.0,,,0.0,0.0,3,3,0.0,,-0.19863564152272575,0.19863564152272575,0,No Change,Normal,Latest production change is within the normal range of observed production changes.,True
Chapuikhas Colliery,West Bengal,ECL,0.02,0.02,0.02,0.0,0.0,0.0,0.0,0.02,0.0,3,0,0.0,0.0,-0.19863564152272575,0.19863564152272575,0,No Change,Normal,Latest production change is within the normal range of observed production changes.,True
Chora 10 Pit Colliery,West Bengal,ECL,0.03,0.04,0.04,0.01,0.0,33.33333333333334,0.0,0.0366666666666666,0.0057735026918962,3,0,0.0,0.0,-0.19863564152272575,0.19863564152272575,0,No Change,Normal,Latest production change is within the normal range of observed production changes.,True
Nandira Colliery,Odisha,MCL,0.06,0.06,0.06,0.0,0.0,0.0,0.0,0.06,0.0,3,0,0.0,0.0,-0.19863564152272575,0.19863564152272575,0,No Change,Normal,Latest production change is within the normal range of observed production changes.,True
Narsamuda Colliery,West Bengal,ECL,0.03,0.05,0.05,0.02,0.0,66.66666666666669,0.0,0.0433333333333333,0.0115470053837925,3,0,0.0,0.0,-0.19863564152272575,0.19863564152272575,0,No Change,Normal,Latest production change is within the normal range of observed production changes.,True
Kulda OCP Balinga,Odisha,MCL,18.5,21.0,21.0,2.5,0.0,13.513513513513514,0.0,20.166666666666668,1.4433756729740643,3,0,0.0,0.0,-0.19863564152272575,0.19863564152272575,0,No Change,Normal,Latest production change is within the normal range of observed production changes.,True
Kumardihi-A Colliery,West Bengal,ECL,0.08,0.09,0.09,0.0099999999999999,0.0,12.499999999999991,0.0,0.0866666666666666,0.0057735026918962,3,0,0.0,0.0,-0.19863564152272575,0.19863564152272575,0,No Change,Normal,Latest production change is within the normal range of observed production changes.,True
Kharkharee,Jharkhand,BCCL,0.0,0.01,0.01,0.01,0.0,,0.0,0.0066666666666666,0.0057735026918962,3,1,0.0,0.0,-0.19863564152272575,0.19863564152272575,0,No Change,Normal,Latest production change is within the normal range of observed production changes.,True
Jampali,Chhattisgarh,SECL,3.0,3.0,3.0,0.0,0.0,0.0,0.0,3.0,0.0,3,0,0.0,0.0,-0.19863564152272575,0.19863564152272575,0,No Change,Normal,Latest production change is within the normal range of observed production changes.,True
Jamuna 9 & 10,Madhya Pradesh,SECL,0.17,0.13,0.13,-0.04,0.0,-23.529411764705884,0.0,0.1433333333333333,0.023094010767585,3,0,0.0,0.0,-0.19863564152272575,0.19863564152272575,0,No Change,Normal,Latest production change is within the normal range of observed production changes.,True
Kumardhubi Colliery,Jharkhand,ECL,0.03,0.02,0.02,-0.0099999999999999,0.0,-33.33333333333333,0.0,0.0233333333333333,0.0057735026918962,3,0,0.0,0.0,-0.19863564152272575,0.19863564152272575,0,No Change,Normal,Latest production change is within the normal range of observed production changes.,True
Koya Gundem OC II,Telangana,SCCL,3.44,3.0,3.0,-0.4399999999999999,0.0,-12.790697674418604,0.0,3.1466666666666665,0.2540341184434353,3,0,0.0,0.0,-0.19863564152272575,0.19863564152272575,0,No Change,Normal,Latest production change is within the normal range of observed production changes.,True
Kolgaon OC,Maharashtra,WCL,0.6,0.6,0.6,0.0,0.0,0.0,0.0,0.6,0.0,3,0,0.0,0.0,-0.19863564152272575,0.19863564152272575,0,No Change,Normal,Latest production change is within the normal range of observed production changes.,True
Kedla (OC),Jharkhand,CCL,,0.0,0.0,,0.0,,,0.0,0.0,2,2,0.0,,-0.19863564152272575,0.19863564152272575,0,No Change,Normal,Latest production change is within the normal range of observed production changes.,True
Khadia Project,Uttar Pradesh,NCL,,15.0,15.0,,0.0,,0.0,15.0,0.0,2,0,0.0,0.0,-0.19863564152272575,0.19863564152272575,0,No Change,Normal,Latest production change is within the normal range of observed production changes.,True
Chora 7&9 Pits Colliery,West Bengal,ECL,0.07,0.06,0.06,-0.01,0.0,-14.285714285714295,0.0,0.0633333333333333,0.0057735026918962,3,0,0.0,0.0,-0.19863564152272575,0.19863564152272575,0,No Change,Normal,Latest production change is within the normal range of observed production changes.,True
Hindustan Lalpeth OC,Maharashtra,WCL,0.46,1.0,1.0,0.54,0.0,117.3913043478261,0.0,0.82,0.3117691453623978,3,0,0.0,0.0,-0.19863564152272575,0.19863564152272575,0,No Change,Normal,Latest production change is within the normal range of observed production changes.,True
"Kolarpimpri,",Maharashtra,WCL,0.51,1.5,1.5,0.99,0.0,194.11764705882356,0.0,1.17,0.5715767664977295,3,0,0.0,0.0,-0.19863564152272575,0.19863564152272575,0,No Change,Normal,Latest production change is within the normal range of observed production changes.,True
Khairaha,Madhya Pradesh,SECL,0.82,0.88,0.88,0.06,0.0,7.317073170731714,0.0,0.86,0.0346410161513775,3,0,0.0,0.0,-0.19863564152272575,0.19863564152272575,0,No Change,Normal,Latest production change is within the normal range of observed production changes.,True
Chotia Coal Mine,Chhattisgarh,BALCO,0.0,1.0,1.0,1.0,0.0,,0.0,0.6666666666666666,0.5773502691896258,3,1,0.0,0.0,-0.19863564152272575,0.19863564152272575,0,No Change,Normal,Latest production change is within the normal range of observed production changes.,True
Dhankasa & Jamunia,Madhya Pradesh,WCL,,0.0,0.0,,0.0,,,0.0,0.0,2,2,0.0,,-0.19863564152272575,0.19863564152272575,0,No Change,Normal,Latest production change is within the normal range of observed production changes.,True
Jogidih,Jharkhand,BCCL,0.02,0.01,0.01,-0.01,0.0,-50.0,0.0,0.0133333333333333,0.0057735026918962,3,0,0.0,0.0,-0.19863564152272575,0.19863564152272575,0,No Change,Normal,Latest production change is within the normal range of observed production changes.,True
Hindustan Lalpeth Colliery No.1,Maharashtra,WCL,0.0,0.0,0.0,0.0,0.0,,,0.0,0.0,3,3,0.0,,-0.19863564152272575,0.19863564152272575,0,No Change,Normal,Latest production change is within the normal range of observed production changes.,True
Durgapur Rayatwari Colly,Maharashtra,WCL,0.11,0.1,0.1,-0.0099999999999999,0.0,-9.090909090909086,0.0,0.1033333333333333,0.0057735026918962,3,0,0.0,0.0,-0.19863564152272575,0.19863564152272575,0,No Change,Normal,Latest production change is within the normal range of observed production changes.,True
"Digwadih Colliery,",Jharkhand,TSLJH,,0.0,0.0,,0.0,,,0.0,0.0,2,2,0.0,,-0.19863564152272575,0.19863564152272575,0,No Change,Normal,Latest production change is within the normal range of observed production changes.,True
Dubeswari Colliery,West Bengal,ECL,0.07,0.05,0.05,-0.02,0.0,-28.571428571428577,0.0,0.0566666666666666,0.0115470053837925,3,0,0.0,0.0,-0.19863564152272575,0.19863564152272575,0,No Change,Normal,Latest production change is within the normal range of observed production changes.,True
Dhemomain Pit Colliery,West Bengal,ECL,0.02,0.03,0.03,0.0099999999999999,0.0,49.99999999999999,0.0,0.0266666666666666,0.0057735026918962,3,0,0.0,0.0,-0.19863564152272575,0.19863564152272575,0,No Change,Normal,Latest production change is within the normal range of observed production changes.,True
Vakilpalli,Telangana,SCCL,0.21,0.35,0.35,0.1399999999999999,0.0,66.66666666666666,0.0,0.3033333333333333,0.0808290376865476,3,0,0.0,0.0,-0.19863564152272575,0.19863564152272575,0,No Change,Normal,Latest production change is within the normal range of observed production changes.,True
Urdhan,Madhya Pradesh,WCL,0.5,0.7,0.7,0.1999999999999999,0.0,39.99999999999999,0.0,0.6333333333333333,0.1154700538379251,3,0,0.0,0.0,-0.19863564152272575,0.19863564152272575,0,No Change,Normal,Latest production change is within the normal range of observed production changes.,True
Dhemomain Incl Colliery,West Bengal,ECL,0.02,0.02,0.02,0.0,0.0,0.0,0.0,0.02,0.0,3,0,0.0,0.0,-0.19863564152272575,0.19863564152272575,0,No Change,Normal,Latest production change is within the normal range of observed production changes.,True
Vijay West,Chhattisgarh,SECL,0.49,0.5,0.5,0.01,0.0,2.040816326530614,0.0,0.4966666666666666,0.0057735026918962,3,0,0.0,0.0,-0.19863564152272575,0.19863564152272575,0,No Change,Normal,Latest production change is within the normal range of observed production changes.,True
Dulanga Coal Mining Project,Odisha,NTPC_DG,,7.0,7.0,,0.0,,0.0,7.0,0.0,2,0,0.0,0.0,-0.19863564152272575,0.19863564152272575,0,No Change,Normal,Latest production change is within the normal range of observed production changes.,True
Krishnshila OCP,Uttar Pradesh,NCL,7.0,7.5,7.5,0.5,0.0,7.142857142857142,0.0,7.333333333333333,0.2886751345948128,3,0,0.0,0.0,-0.19863564152272575,0.19863564152272575,0,No Change,Normal,Latest production change is within the normal range of observed production changes.,True
Amalgamated Gondegaon Ghatrohana,Maharashtra,WCL,,3.5,3.5,,0.0,,0.0,3.5,0.0,2,0,0.0,0.0,-0.19863564152272575,0.19863564152272575,0,No Change,Normal,Latest production change is within the normal range of observed production changes.,True
Singori OC,Maharashtra,WCL,1.2,1.2,1.2,0.0,0.0,0.0,0.0,1.2,0.0,3,0,0.0,0.0,-0.19863564152272575,0.19863564152272575,0,No Change,Normal,Latest production change is within the normal range of observed production changes.,True
Amalgamated Yekona I & II,Maharashtra,WCL,2.42,2.75,2.75,0.33,0.0,13.63636363636364,0.0,2.64,0.1905255888325765,3,0,0.0,0.0,-0.19863564152272575,0.19863564152272575,0,No Change,Normal,Latest production change is within the normal range of observed production changes.,True
"Sijua Colliery,",Jharkhand,TSLJH,,0.25,0.25,,0.0,,0.0,0.25,0.0,2,0,0.0,0.0,-0.19863564152272575,0.19863564152272575,0,No Change,Normal,Latest production change is within the normal range of observed production changes.,True
Bangwar,Madhya Pradesh,SECL,0.65,0.65,0.65,0.0,0.0,0.0,0.0,0.65,0.0,3,0,0.0,0.0,-0.19863564152272575,0.19863564152272575,0,No Change,Normal,Latest production change is within the normal range of observed production changes.,True
Balram OCP,Odisha,MCL,6.53,7.74,7.74,1.21,0.0,18.529862174578867,0.0,7.336666666666666,0.6985938257194472,3,0,0.0,0.0,-0.19863564152272575,0.19863564152272575,0,No Change,Normal,Latest production change is within the normal range of observed production changes.,True
Amlohri,Madhya Pradesh,NCL,14.0,15.0,15.0,1.0,0.0,7.142857142857142,0.0,14.666666666666666,0.5773502691896257,3,0,0.0,0.0,-0.19863564152272575,0.19863564152272575,0,No Change,Normal,Latest production change is within the normal range of observed production changes.,True
Bahula Colliery,West Bengal,ECL,0.11,0.05,0.05,-0.06,0.0,-54.54545454545454,0.0,0.07,0.0346410161513775,3,0,0.0,0.0,-0.19863564152272575,0.19863564152272575,0,No Change,Normal,Latest production change is within the normal range of observed production changes.,True
"6 & 7 Pits Colliery,",Jharkhand,TSLJH,,0.0,0.0,,0.0,,,0.0,0.0,2,2,0.0,,-0.19863564152272575,0.19863564152272575,0,No Change,Normal,Latest production change is within the normal range of observed production changes.,True
Topa Marginal Scheme,Jharkhand,CCL,0.44,0.82,0.82,0.3799999999999999,0.0,86.36363636363636,0.0,0.6933333333333334,0.2193931022920577,3,0,0.0,0.0,-0.19863564152272575,0.19863564152272575,0,No Change,Normal,Latest production change is within the normal range of observed production changes.,True
Amlai OC,Madhya Pradesh,SECL,1.32,2.03,2.03,0.7099999999999997,0.0,53.78787878787876,0.0,1.793333333333333,0.4099186911246341,3,0,0.0,0.0,-0.19863564152272575,0.19863564152272575,0,No Change,Normal,Latest production change is within the normal range of observed production changes.,True
Gare Palma IV/5 Coal Mine,Chhattisgarh,HIL_GP_IV/5,,0.0,0.0,,0.0,,,0.0,0.0,2,2,0.0,,-0.19863564152272575,0.19863564152272575,0,No Change,Normal,Latest production change is within the normal range of observed production changes.,True
Tikak Colliery,Assam,NEC,,0.2,0.2,,0.0,,0.0,0.2,0.0,2,0,0.0,0.0,-0.19863564152272575,0.19863564152272575,0,No Change,Normal,Latest production change is within the normal range of observed production changes.,True
"Ravindra Khani-7,Incline",Telangana,SCCL,0.32,0.34,0.34,0.02,0.0,6.250000000000005,0.0,0.3333333333333333,0.0115470053837925,3,0,0.0,0.0,-0.19863564152272575,0.19863564152272575,0,No Change,Normal,Latest production change is within the normal range of observed production changes.,True
Satgram Incline,West Bengal,ECL,0.03,0.03,0.03,0.0,0.0,0.0,0.0,0.03,0.0,3,0,0.0,0.0,-0.19863564152272575,0.19863564152272575,0,No Change,Normal,Latest production change is within the normal range of observed production changes.,True
Religara,Jharkhand,CCL,0.5,0.5,0.5,0.0,0.0,0.0,0.0,0.5,0.0,3,0,0.0,0.0,-0.19863564152272575,0.19863564152272575,0,No Change,Normal,Latest production change is within the normal range of observed production changes.,True
Raniatari,Chhattisgarh,SECL,0.41,0.48,0.48,0.07,0.0,17.073170731707318,0.0,0.4566666666666666,0.0404145188432738,3,0,0.0,0.0,-0.19863564152272575,0.19863564152272575,0,No Change,Normal,Latest production change is within the normal range of observed production changes.,True
Rajhara,Jharkhand,CCL,0.0,0.0,0.0,0.0,0.0,,,0.0,0.0,3,3,0.0,,-0.19863564152272575,0.19863564152272575,0,No Change,Normal,Latest production change is within the normal range of observed production changes.,True
Rajendra,Madhya Pradesh,SECL,0.16,0.16,0.16,0.0,0.0,0.0,0.0,0.16,0.0,3,0,0.0,0.0,-0.19863564152272575,0.19863564152272575,0,No Change,Normal,Latest production change is within the normal range of observed production changes.,True
Pundi,Jharkhand,CCL,0.0,0.0,0.0,0.0,0.0,,,0.0,0.0,3,3,0.0,,-0.19863564152272575,0.19863564152272575,0,No Change,Normal,Latest production change is within the normal range of observed production changes.,True
Shampur B,Jharkhand,ECL,0.04,0.05,0.05,0.01,0.0,25.000000000000007,0.0,0.0466666666666666,0.0057735026918962,3,0,0.0,0.0,-0.19863564152272575,0.19863564152272575,0,No Change,Normal,Latest production change is within the normal range of observed production changes.,True
Paoni II OCM,Maharashtra,WCL,3.25,3.25,3.25,0.0,0.0,0.0,0.0,3.25,0.0,3,0,0.0,0.0,-0.19863564152272575,0.19863564152272575,0,No Change,Normal,Latest production change is within the normal range of observed production changes.,True
Pandaveswar UG,West Bengal,ECL,0.08,0.08,0.08,0.0,0.0,0.0,0.0,0.08,0.0,3,0,0.0,0.0,-0.19863564152272575,0.19863564152272575,0,No Change,Normal,Latest production change is within the normal range of observed production changes.,True
North Urimari/Birsa-OC,Jharkhand,CCL,3.6,4.2,4.2,0.6000000000000001,0.0,16.666666666666668,0.0,4.0,0.3464101615137755,3,0,0.0,0.0,-0.19863564152272575,0.19863564152272575,0,No Change,Normal,Latest production change is within the normal range of observed production changes.,True
New Moghla Coal Mine,J & K,JKML,,0.01,0.01,,0.0,,0.0,0.01,0.0,2,0,0.0,0.0,-0.19863564152272575,0.19863564152272575,0,No Change,Normal,Latest production change is within the normal range of observed production changes.,True
Pure Searsole Colliery,West Bengal,ECL,0.04,0.04,0.04,0.0,0.0,0.0,0.0,0.04,0.0,3,0,0.0,0.0,-0.19863564152272575,0.19863564152272575,0,No Change,Normal,Latest production change is within the normal range of observed production changes.,True
Block-B Project,Madhya Pradesh,NCL,,5.47,5.47,,0.0,,0.0,5.47,0.0,2,0,0.0,0.0,-0.19863564152272575,0.19863564152272575,0,No Change,Normal,Latest production change is within the normal range of observed production changes.,True
Parasea Colliery,West Bengal,ECL,0.11,0.11,0.11,0.0,0.0,0.0,0.0,0.11,0.0,3,0,0.0,0.0,-0.19863564152272575,0.19863564152272575,0,No Change,Normal,Latest production change is within the normal range of observed production changes.,True
Metica Coal Mine,J & K,JKML,0.01,0.0,0.0,-0.01,0.0,-100.0,,0.0033333333333333,0.0057735026918962,3,2,0.0,,-0.19863564152272575,0.19863564152272575,0,No Change,Normal,Latest production change is within the normal range of observed production changes.,True
Manuguru Opencast,Telangana,SCCL,,2.1,2.1,,0.0,,0.0,2.1,0.0,2,0,0.0,0.0,-0.19863564152272575,0.19863564152272575,0,No Change,Normal,Latest production change is within the normal range of observed production changes.,True
Methani Colliery,West Bengal,ECL,0.06,0.05,0.05,-0.0099999999999999,0.0,-16.66666666666666,0.0,0.0533333333333333,0.0057735026918962,3,0,0.0,0.0,-0.19863564152272575,0.19863564152272575,0,No Change,Normal,Latest production change is within the normal range of observed production changes.,True
Mahakali Colliery,Maharashtra,WCL,0.03,0.0,0.0,-0.03,0.0,-100.0,,0.01,0.0173205080756887,3,2,0.0,,-0.19863564152272575,0.19863564152272575,0,No Change,Normal,Latest production change is within the normal range of observed production changes.,True
Makardhokra-I OC Expansion Mine,Maharashtra,WCL,,4.2,4.2,,0.0,,0.0,4.2,0.0,2,0,0.0,0.0,-0.19863564152272575,0.19863564152272575,0,No Change,Normal,Latest production change is within the normal range of observed production changes.,True
Maheshpur,Jharkhand,BCCL,0.03,0.03,0.03,0.0,0.0,0.0,0.0,0.03,0.0,3,0,0.0,0.0,-0.19863564152272575,0.19863564152272575,0,No Change,Normal,Latest production change is within the normal range of observed production changes.,True
Manikpur,Chhattisgarh,SECL,4.9,5.25,5.25,0.3499999999999996,0.0,7.142857142857135,0.0,5.133333333333334,0.2020725942163688,3,0,0.0,0.0,-0.19863564152272575,0.19863564152272575,0,No Change,Normal,Latest production change is within the normal range of observed production changes.,True
Lower Kenda Colliery,West Bengal,ECL,0.05,0.05,0.05,0.0,0.0,0.0,0.0,0.05,8.498374721940739e-18,3,0,0.0,0.0,-0.19863564152272575,0.19863564152272575,0,No Change,Normal,Latest production change is within the normal range of observed production changes.,True
Meera,Madhya Pradesh,SECL,0.07,0.08,0.08,0.0099999999999999,0.0,14.285714285714276,0.0,0.0766666666666666,0.0057735026918962,3,0,0.0,0.0,-0.19863564152272575,0.19863564152272575,0,No Change,Normal,Latest production change is within the normal range of observed production changes.,True
Bina Extn,Uttar Pradesh,NCL,9.0,10.5,10.5,1.5,0.0,16.666666666666664,0.0,10.0,0.8660254037844386,3,0,0.0,0.0,-0.19863564152272575,0.19863564152272575,0,No Change,Normal,Latest production change is within the normal range of observed production changes.,True
Naigaon OCM,Maharashtra,WCL,,1.25,1.25,,0.0,,0.0,1.25,0.0,2,0,0.0,0.0,-0.19863564152272575,0.19863564152272575,0,No Change,Normal,Latest production change is within the normal range of observed production changes.,True
Bhanora West Block colliery & Bhanora OC patch (H),West Bengal,ECL,0.06,0.03,0.03,-0.03,0.0,-50.0,0.0,0.04,0.0173205080756887,3,0,0.0,0.0,-0.19863564152272575,0.19863564152272575,0,No Change,Normal,Latest production change is within the normal range of observed production changes.,True
Kabribad OC,Jharkhand,CCL,0.0,0.0,0.41,0.0,0.41,,,0.1366666666666666,0.2367136103677465,3,2,0.41,,0.19644184651639338,0.19644184651639338,0,Increase,Normal,Latest production change is within the normal range of observed production changes.,True
Rajur UG,Maharashtra,WCL,,0.05,0.06,,0.0099999999999999,,19.99999999999999,0.055,0.0070710678118654,2,0,0.0099999999999999,19.99999999999999,-0.18899960522908882,0.18899960522908882,0,Increase,Normal,Latest production change is within the normal range of observed production changes.,True
Lakhimata,Jharkhand,ECL,0.04,0.05,0.06,0.01,0.0099999999999999,25.000000000000007,19.99999999999999,0.0499999999999999,0.0099999999999999,3,0,0.0099999999999999,19.99999999999999,-0.18899960522908882,0.18899960522908882,0,Increase,Normal,Latest production change is within the normal range of observed production changes.,True
Rajpura,Jharkhand,ECL,0.15,0.07,0.08,-0.0799999999999999,0.0099999999999999,-53.333333333333336,14.285714285714276,0.0999999999999999,0.0435889894354067,3,0,0.0099999999999999,14.285714285714276,-0.18899960522908882,0.18899960522908882,0,Increase,Normal,Latest production change is within the normal range of observed production changes.,True
Hirakhand Bundia Mine,Odisha,MCL,0.21,0.19,0.2,-0.0199999999999999,0.01,-9.523809523809518,5.263157894736847,0.2,0.0099999999999999,3,0,0.01,5.263157894736847,-0.1889996052290887,0.1889996052290887,0,Increase,Normal,Latest production change is within the normal range of observed production changes.,True
Bartarai,Madhya Pradesh,SECL,0.17,0.16,0.17,-0.01,0.01,-5.8823529411764754,6.250000000000005,0.1666666666666666,0.0057735026918962,3,0,0.01,6.250000000000005,-0.1889996052290887,0.1889996052290887,0,Increase,Normal,Latest production change is within the normal range of observed production changes.,True
Patmohana Colliery,West Bengal,ECL,0.03,0.04,0.05,0.01,0.01,33.33333333333334,25.000000000000007,0.04,0.01,3,0,0.01,25.000000000000007,-0.1889996052290887,0.1889996052290887,0,Increase,Normal,Latest production change is within the normal range of observed production changes.,True
Saoner Mine - III,Maharashtra,WCL,0.12,0.13,0.14,0.01,0.01,8.333333333333341,7.692307692307699,0.13,0.01,3,0,0.01,7.692307692307699,-0.1889996052290887,0.1889996052290887,0,Increase,Normal,Latest production change is within the normal range of observed production changes.,True
Hariajam,Jharkhand,ECL,0.03,0.04,0.05,0.01,0.01,33.33333333333334,25.000000000000007,0.04,0.01,3,0,0.01,25.000000000000007,-0.1889996052290887,0.1889996052290887,0,Increase,Normal,Latest production change is within the normal range of observed production changes.,True
Dhori Khas(UG),Jharkhand,CCL,0.13,0.13,0.14,0.0,0.01,0.0,7.692307692307699,0.1333333333333333,0.0057735026918962,3,0,0.01,7.692307692307699,-0.1889996052290887,0.1889996052290887,0,Increase,Normal,Latest production change is within the normal range of observed production changes.,True
Kurasia UG,Chhattisgarh,SECL,,0.19,0.2,,0.01,,5.263157894736847,0.195,0.0070710678118654,2,0,0.01,5.263157894736847,-0.1889996052290887,0.1889996052290887,0,Increase,Normal,Latest production change is within the normal range of observed production changes.,True
Dhelwadih Colliery,Chhattisgarh,SECL,0.13,0.12,0.13,-0.01,0.01,-7.692307692307699,8.333333333333341,0.1266666666666666,0.0057735026918962,3,0,0.01,8.333333333333341,-0.1889996052290887,0.1889996052290887,0,Increase,Normal,Latest production change is within the normal range of observed production changes.,True
Barmuri,Jharkhand,ECL,0.41,0.5,0.51,0.09,0.01,21.95121951219513,2.0000000000000018,0.4733333333333333,0.055075705472861,3,0,0.01,2.0000000000000018,-0.1889996052290887,0.1889996052290887,0,Increase,Normal,Latest production change is within the normal range of observed production changes.,True
Ramagundam OC-I Extn. Ph-II,Telangana,SCCL,3.3,3.3,3.7,0.0,0.4000000000000003,0.0,12.121212121212132,3.4333333333333336,0.2309401076758505,3,0,0.4000000000000003,12.121212121212132,0.18680581022275664,0.18680581022275664,0,Increase,Normal,Latest production change is within the normal range of observed production changes.,True
Kanchan OC,Madhya Pradesh,SECL,0.75,0.51,0.91,-0.24,0.4,-32.0,78.43137254901961,0.7233333333333333,0.2013289182738866,3,0,0.4,78.43137254901961,0.18680581022275636,0.18680581022275636,0,Increase,Normal,Latest production change is within the normal range of observed production changes.,True
Kistaram OC,Telangana,SCCL,2.0,2.0,2.4,0.0,0.3999999999999999,0.0,20.0,2.1333333333333333,0.2309401076758502,3,0,0.3999999999999999,20.0,0.18680581022275625,0.18680581022275625,0,Increase,Normal,Latest production change is within the normal range of observed production changes.,True
C L Jambad Colliery,West Bengal,ECL,0.04,0.01,0.03,-0.03,0.0199999999999999,-75.0,199.99999999999997,0.0266666666666666,0.0152752523165194,3,0,0.0199999999999999,199.99999999999997,-0.17936356893545174,0.17936356893545174,0,Increase,Normal,Latest production change is within the normal range of observed production changes.,True
Jitpur Colliery,Jharkhand,IISCOJ,,0.01,0.03,,0.0199999999999999,,199.99999999999997,0.02,0.0141421356237309,2,0,0.0199999999999999,199.99999999999997,-0.17936356893545174,0.17936356893545174,0,Increase,Normal,Latest production change is within the normal range of observed production changes.,True
Balrampur,Chhattisgarh,SECL,0.04,0.1,0.12,0.06,0.0199999999999999,150.0,19.99999999999999,0.0866666666666666,0.0416333199893226,3,0,0.0199999999999999,19.99999999999999,-0.17936356893545174,0.17936356893545174,0,Increase,Normal,Latest production change is within the normal range of observed production changes.,True
Badjna Colliery,Jharkhand,ECL,0.05,0.09,0.11,0.0399999999999999,0.02,79.99999999999999,22.222222222222225,0.0833333333333333,0.0305505046330389,3,0,0.02,22.222222222222225,-0.17936356893545166,0.17936356893545166,0,Increase,Normal,Latest production change is within the normal range of observed production changes.,True
Silewara Colliery,Maharashtra,WCL,0.08,0.05,0.07,-0.03,0.02,-37.5,40.00000000000001,0.0666666666666666,0.0152752523165194,3,0,0.02,40.00000000000001,-0.17936356893545166,0.17936356893545166,0,Increase,Normal,Latest production change is within the normal range of observed production changes.,True
Bokaro OC (Bermo),Jharkhand,CCL,0.15,0.31,0.33,0.16,0.02,106.66666666666669,6.451612903225811,0.2633333333333333,0.0986576572463249,3,0,0.02,6.451612903225811,-0.17936356893545166,0.17936356893545166,0,Increase,Normal,Latest production change is within the normal range of observed production changes.,True
Kalidaspur Project,West Bengal,ECL,0.07,0.06,0.08,-0.01,0.02,-14.285714285714295,33.33333333333334,0.07,0.01,3,0,0.02,33.33333333333334,-0.17936356893545166,0.17936356893545166,0,Increase,Normal,Latest production change is within the normal range of observed production changes.,True
Bicharpur,Madhya Pradesh,UTCL,0.02,0.36,0.75,0.3399999999999999,0.39,1699.9999999999995,108.33333333333334,0.3766666666666666,0.3652852766446156,3,0,0.39,108.33333333333334,0.1771697739291193,0.1771697739291193,0,Increase,Normal,Latest production change is within the normal range of observed production changes.,True
Gayatri,Chhattisgarh,SECL,0.13,0.19,0.58,0.06,0.3899999999999999,46.15384615384615,205.2631578947368,0.3,0.2443358344574123,3,0,0.3899999999999999,205.2631578947368,0.1771697739291192,0.1771697739291192,0,Increase,Normal,Latest production change is within the normal range of observed production changes.,True
Ketki,Chhattisgarh,SECL,0.0,0.0,0.03,0.0,0.03,,,0.01,0.0173205080756887,3,2,0.03,,-0.16972753264181462,0.16972753264181462,0,Increase,Normal,Latest production change is within the normal range of observed production changes.,True
Sikni Open Cast Mine,Jharkhand,JSMDCL,0.05,0.31,0.34,0.26,0.03,520.0,9.677419354838715,0.2333333333333333,0.1594783161854091,3,0,0.03,9.677419354838715,-0.16972753264181462,0.16972753264181462,0,Increase,Normal,Latest production change is within the normal range of observed production changes.,True
Khoodia,Jharkhand,ECL,0.0,0.0,0.03,0.0,0.03,,,0.01,0.0173205080756887,3,2,0.03,,-0.16972753264181462,0.16972753264181462,0,Increase,Normal,Latest production change is within the normal range of observed production changes.,True
Tasra Colliery,Jharkhand,SAIL,0.34,0.3,0.33,-0.04,0.03,-11.764705882352953,10.000000000000009,0.3233333333333333,0.0208166599946613,3,0,0.03,10.000000000000009,-0.16972753264181462,0.16972753264181462,0,Increase,Normal,Latest production change is within the normal range of observed production changes.,True
Urimari,Jharkhand,CCL,0.75,0.76,0.79,0.01,0.03,1.3333333333333344,3.947368421052635,0.7666666666666666,0.0208166599946613,3,0,0.03,3.947368421052635,-0.16972753264181462,0.16972753264181462,0,Increase,Normal,Latest production change is within the normal range of observed production changes.,True
Kasipet 2 Incline,Telangana,SCCL,0.07,0.07,0.1,0.0,0.03,0.0,42.85714285714285,0.08,0.0173205080756887,3,0,0.03,42.85714285714285,-0.16972753264181462,0.16972753264181462,0,Increase,Normal,Latest production change is within the normal range of observed production changes.,True
Kalyan Khani-5 Incline,Telangana,SCCL,,0.17,0.2,,0.03,,17.64705882352941,0.185,0.0212132034355964,2,0,0.03,17.64705882352941,-0.16972753264181462,0.16972753264181462,0,Increase,Normal,Latest production change is within the normal range of observed production changes.,True
Saoner Mine-I,Maharashtra,WCL,0.21,0.16,0.19,-0.0499999999999999,0.03,-23.809523809523807,18.75,0.1866666666666666,0.0251661147842358,3,0,0.03,18.75,-0.16972753264181462,0.16972753264181462,0,Increase,Normal,Latest production change is within the normal range of observed production changes.,True
Saoner Mine - II,Maharashtra,WCL,0.13,0.15,0.18,0.0199999999999999,0.03,15.384615384615378,20.0,0.1533333333333333,0.0251661147842358,3,0,0.03,20.0,-0.16972753264181462,0.16972753264181462,0,Increase,Normal,Latest production change is within the normal range of observed production changes.,True
Pandavpara Colliery,Chhattisgarh,SECL,0.23,0.22,0.25,-0.01,0.03,-4.347826086956525,13.636363636363637,0.2333333333333333,0.0152752523165194,3,0,0.03,13.636363636363637,-0.16972753264181462,0.16972753264181462,0,Increase,Normal,Latest production change is within the normal range of observed production changes.,True
N.C.P.H. Colliery (NEW),Chhattisgarh,SECL,0.3,0.24,0.27,-0.06,0.03,-20.0,12.50000000000001,0.27,0.03,3,0,0.03,12.50000000000001,-0.16972753264181462,0.16972753264181462,0,Increase,Normal,Latest production change is within the normal range of observed production changes.,True
Gare Palma Sector III,Chhattisgarh,CSPGCL,3.27,3.62,4.0,0.3500000000000001,0.3799999999999999,10.703363914373092,10.49723756906077,3.63,0.3651027252705737,3,0,0.3799999999999999,10.49723756906077,0.16753373763548213,0.16753373763548213,0,Increase,Normal,Latest production change is within the normal range of observed production changes.,True
Behraband,Madhya Pradesh,SECL,0.42,0.56,0.6,0.14,0.0399999999999999,33.33333333333336,7.142857142857128,0.5266666666666667,0.0945163125250521,3,0,0.0399999999999999,7.142857142857128,-0.16009149634817765,0.16009149634817765,0,Increase,Normal,Latest production change is within the normal range of observed production changes.,True
Tetulmari,Jharkhand,BCCL,0.24,0.28,0.32,0.04,0.0399999999999999,16.666666666666682,14.285714285714276,0.28,0.04,3,0,0.0399999999999999,14.285714285714276,-0.16009149634817765,0.16009149634817765,0,Increase,Normal,Latest production change is within the normal range of observed production changes.,True
Kasipet 1 Incline,Telangana,SCCL,0.13,0.11,0.15,-0.02,0.0399999999999999,-15.384615384615389,36.36363636363636,0.13,0.0199999999999999,3,0,0.0399999999999999,36.36363636363636,-0.16009149634817765,0.16009149634817765,0,Increase,Normal,Latest production change is within the normal range of observed production changes.,True
Jharkhand OCP,Jharkhand,CCL,0.5,0.37,0.41,-0.13,0.0399999999999999,-26.0,10.810810810810803,0.4266666666666667,0.0665832811847939,3,0,0.0399999999999999,10.810810810810803,-0.16009149634817765,0.16009149634817765,0,Increase,Normal,Latest production change is within the normal range of observed production changes.,True
Chasnalla Colliery,Jharkhand,IISCOC,,0.06,0.1,,0.04,,66.66666666666669,0.08,0.0282842712474619,2,0,0.04,66.66666666666669,-0.16009149634817754,0.16009149634817754,0,Increase,Normal,Latest production change is within the normal range of observed production changes.,True
Damoda,Jharkhand,BCCL,0.45,0.52,0.56,0.07,0.04,15.555555555555555,7.692307692307699,0.51,0.0556776436283002,3,0,0.04,7.692307692307699,-0.16009149634817754,0.16009149634817754,0,Increase,Normal,Latest production change is within the normal range of observed production changes.,True
Jhiria,Madhya Pradesh,SECL,,0.15,0.19,,0.04,,26.66666666666667,0.1699999999999999,0.0282842712474619,2,0,0.04,26.66666666666667,-0.16009149634817754,0.16009149634817754,0,Increase,Normal,Latest production change is within the normal range of observed production changes.,True
Neelijay OCM,Maharashtra,WCL,,4.45,4.5,,0.0499999999999998,,1.1235955056179736,4.475,0.0353553390593272,2,0,0.0499999999999998,1.1235955056179736,-0.1504554600545407,0.1504554600545407,0,Increase,Normal,Latest production change is within the normal range of observed production changes.,True
Sharda Highwall,Madhya Pradesh,SECL,0.32,0.66,0.71,0.34,0.0499999999999999,106.25,7.575757575757565,0.5633333333333334,0.21221058723196,3,0,0.0499999999999999,7.575757575757565,-0.15045546005454058,0.15045546005454058,0,Increase,Normal,Latest production change is within the normal range of observed production changes.,True
Kathautia Open Cast Coal Mine,Jharkhand,HIL_KOC,,0.13,0.18,,0.0499999999999999,,38.46153846153845,0.155,0.0353553390593273,2,0,0.0499999999999999,38.46153846153845,-0.15045546005454058,0.15045546005454058,0,Increase,Normal,Latest production change is within the normal range of observed production changes.,True
ABGC,Jharkhand,BCCL,0.24,0.18,0.23,-0.06,0.05,-25.0,27.77777777777779,0.2166666666666666,0.0321455025366431,3,0,0.05,27.77777777777779,-0.1504554600545405,0.1504554600545405,0,Increase,Normal,Latest production change is within the normal range of observed production changes.,True
Shivani,Chhattisgarh,SECL,0.2,0.18,0.23,-0.02,0.05,-10.000000000000009,27.77777777777779,0.2033333333333333,0.0251661147842358,3,0,0.05,27.77777777777779,-0.1504554600545405,0.1504554600545405,0,Increase,Normal,Latest production change is within the normal range of observed production changes.,True
Shyam Sundarpur Colliery,West Bengal,ECL,0.65,0.66,0.72,0.01,0.0599999999999999,1.5384615384615397,9.09090909090908,0.6766666666666667,0.0378593889720017,3,0,0.0599999999999999,9.09090909090908,-0.14081942376090356,0.14081942376090356,0,Increase,Normal,Latest production change is within the normal range of observed production changes.,True
Ramnagar Colliery,West Bengal,IISCOR,,0.02,0.08,,0.06,,300.0,0.05,0.0424264068711928,2,0,0.06,300.0,-0.14081942376090345,0.14081942376090345,0,Increase,Normal,Latest production change is within the normal range of observed production changes.,True
Nichitpur,Jharkhand,BCCL,1.73,1.73,1.79,0.0,0.06,0.0,3.4682080924855523,1.75,0.0346410161513775,3,0,0.06,3.4682080924855523,-0.14081942376090345,0.14081942376090345,0,Increase,Normal,Latest production change is within the normal range of observed production changes.,True
Jhilimili Colliery,Chhattisgarh,SECL,,0.31,0.37,,0.06,,19.35483870967742,0.3399999999999999,0.0424264068711928,2,0,0.06,19.35483870967742,-0.14081942376090345,0.14081942376090345,0,Increase,Normal,Latest production change is within the normal range of observed production changes.,True
Bhowra(S),Jharkhand,BCCL,0.26,0.36,0.71,0.0999999999999999,0.35,38.46153846153845,97.2222222222222,0.4433333333333333,0.2362907813126304,3,0,0.35,97.2222222222222,0.13862562875457105,0.13862562875457105,0,Increase,Normal,Latest production change is within the normal range of observed production changes.,True
Srirampur OC,Telangana,SCCL,2.78,3.1,3.17,0.3200000000000003,0.0699999999999998,11.510791366906489,2.2580645161290267,3.016666666666667,0.2079262689833426,3,0,0.0699999999999998,2.2580645161290267,-0.1311833874672666,0.1311833874672666,0,Increase,Normal,Latest production change is within the normal range of observed production changes.,True
Kuya,Jharkhand,BCCL,2.59,2.72,2.8,0.1300000000000003,0.0799999999999996,5.019305019305033,2.9411764705882213,2.703333333333333,0.1059874206372309,3,0,0.0799999999999996,2.9411764705882213,-0.12154735117362973,0.12154735117362973,0,Increase,Normal,Latest production change is within the normal range of observed production changes.,True
Mathani,Madhya Pradesh,WCL,0.07,0.01,0.09,-0.06,0.08,-85.71428571428571,800.0,0.0566666666666666,0.0416333199893226,3,0,0.08,800.0,-0.12154735117362933,0.12154735117362933,0,Increase,Normal,Latest production change is within the normal range of observed production changes.,True
Tapin South,Jharkhand,CCL,0.85,1.1,1.43,0.2500000000000001,0.3299999999999998,29.41176470588237,29.999999999999982,1.1266666666666667,0.2909180869821148,3,0,0.3299999999999998,29.999999999999982,0.11935355616729677,0.11935355616729677,0,Increase,Normal,Latest production change is within the normal range of observed production changes.,True
Gourandi Begunia,West Bengal,ECL,1.46,1.32,1.41,-0.1399999999999999,0.0899999999999998,-9.589041095890405,6.818181818181807,1.3966666666666667,0.0709459888459758,3,0,0.0899999999999998,6.818181818181807,-0.11191131487999248,0.11191131487999248,0,Increase,Normal,Latest production change is within the normal range of observed production changes.,True
Jhingurda Project,Madhya Pradesh,NCL,,3.25,3.34,,0.0899999999999998,,2.7692307692307647,3.295,0.0636396103067891,2,0,0.0899999999999998,2.7692307692307647,-0.11191131487999248,0.11191131487999248,0,Increase,Normal,Latest production change is within the normal range of observed production changes.,True
NAKC,Jharkhand,BCCL,0.5,0.62,0.71,0.12,0.0899999999999999,24.0,14.51612903225806,0.61,0.1053565375285273,3,0,0.0899999999999999,14.51612903225806,-0.11191131487999238,0.11191131487999238,0,Increase,Normal,Latest production change is within the normal range of observed production changes.,True
Ukni OC,Maharashtra,WCL,,1.75,1.84,,0.09,,5.142857142857148,1.795,0.0636396103067893,2,0,0.09,5.142857142857148,-0.11191131487999229,0.11191131487999229,0,Increase,Normal,Latest production change is within the normal range of observed production changes.,True
Kondapuram,Telangana,SCCL,0.1,0.04,0.14,-0.06,0.1,-60.0,250.0,0.0933333333333333,0.0503322295684716,3,0,0.1,250.0,-0.10227527858635523,0.10227527858635523,0,Increase,Normal,Latest production change is within the normal range of observed production changes.,True
Saraipali,Chhattisgarh,SECL,1.4,1.57,1.68,0.1700000000000001,0.1099999999999998,12.142857142857151,7.006369426751584,1.5499999999999998,0.1410673597966588,3,0,0.1099999999999998,7.006369426751584,-0.09263924229271837,0.09263924229271837,0,Increase,Normal,Latest production change is within the normal range of observed production changes.,True
Sirka,Jharkhand,CCL,0.0,0.0,0.12,0.0,0.12,,,0.04,0.069282032302755,3,2,0.12,,-0.08300320599908113,0.08300320599908113,0,Increase,Normal,Latest production change is within the normal range of observed production changes.,True
Tetaria Khar,Jharkhand,CCL,1.02,0.91,1.03,-0.1099999999999999,0.12,-10.784313725490197,13.186813186813188,0.9866666666666668,0.0665832811847939,3,0,0.12,13.186813186813188,-0.08300320599908113,0.08300320599908113,0,Increase,Normal,Latest production change is within the normal range of observed production changes.,True
Gidi `C',Jharkhand,CCL,0.33,0.48,0.6,0.1499999999999999,0.12,45.45454545454544,25.0,0.47,0.1352774925846868,3,0,0.12,25.0,-0.08300320599908113,0.08300320599908113,0,Increase,Normal,Latest production change is within the normal range of observed production changes.,True
Kankanee,Jharkhand,BCCL,0.04,0.21,0.33,0.1699999999999999,0.12,424.9999999999999,57.14285714285715,0.1933333333333333,0.1457166199626293,3,0,0.12,57.14285714285715,-0.08300320599908113,0.08300320599908113,0,Increase,Normal,Latest production change is within the normal range of observed production changes.,True
Bastacolla,Jharkhand,BCCL,1.42,1.81,2.1,0.3900000000000001,0.29,27.46478873239437,16.022099447513813,1.7766666666666666,0.3412232895529457,3,0,0.29,16.022099447513813,0.08080941099274874,0.08080941099274874,0,Increase,Normal,Latest production change is within the normal range of observed production changes.,True
Kathara Colly.,Jharkhand,CCL,0.14,0.29,0.42,0.1499999999999999,0.13,107.14285714285712,44.82758620689656,0.2833333333333333,0.140118997046558,3,0,0.13,44.82758620689656,-0.07336716970544407,0.07336716970544407,0,Increase,Normal,Latest production change is within the normal range of observed production changes.,True
West Bokaro OC Quarry-E,Jharkhand,TSLWB,,0.12,0.25,,0.13,,108.33333333333334,0.185,0.0919238815542511,2,0,0.13,108.33333333333334,-0.07336716970544407,0.07336716970544407,0,Increase,Normal,Latest production change is within the normal range of observed production changes.,True
Amera,Chhattisgarh,SECL,0.0,0.0,0.28,0.0,0.28,,,0.0933333333333333,0.1616580753730952,3,2,0.28,,0.07117337469911174,0.07117337469911174,0,Increase,Normal,Latest production change is within the normal range of observed production changes.,True
Tarmi,Jharkhand,CCL,0.0,0.0,0.28,0.0,0.28,,,0.0933333333333333,0.1616580753730952,3,2,0.28,,0.07117337469911174,0.07117337469911174,0,Increase,Normal,Latest production change is within the normal range of observed production changes.,True
Aadocm,Jharkhand,CCL,1.88,2.47,2.61,0.5900000000000003,0.1399999999999996,31.382978723404275,5.668016194331971,2.32,0.3874274125562104,3,0,0.1399999999999996,5.668016194331971,-0.06373113341180742,0.06373113341180742,0,Increase,Normal,Latest production change is within the normal range of observed production changes.,True
"Ghonsa,",Maharashtra,WCL,0.43,0.46,0.6,0.03,0.1399999999999999,6.976744186046519,30.43478260869564,0.4966666666666666,0.0907377172587746,3,0,0.1399999999999999,30.43478260869564,-0.06373113341180713,0.06373113341180713,0,Increase,Normal,Latest production change is within the normal range of observed production changes.,True
Karma,Jharkhand,CCL,0.83,0.72,0.86,-0.1099999999999999,0.14,-13.253012048192767,19.444444444444446,0.8033333333333332,0.0737111479583199,3,0,0.14,19.444444444444446,-0.06373113341180701,0.06373113341180701,0,Increase,Normal,Latest production change is within the normal range of observed production changes.,True
Kurja/Sheetaldhara,Madhya Pradesh,SECL,0.54,0.64,0.78,0.0999999999999999,0.14,18.518518518518512,21.875000000000004,0.6533333333333334,0.1205542754668341,3,0,0.14,21.875000000000004,-0.06373113341180701,0.06373113341180701,0,Increase,Normal,Latest production change is within the normal range of observed production changes.,True
Mudidih,Jharkhand,BCCL,0.0,0.67,0.82,0.67,0.1499999999999999,,22.388059701492523,0.4966666666666666,0.4366157731156002,3,1,0.1499999999999999,22.388059701492523,-0.05409509711817006,0.05409509711817006,0,Increase,Normal,Latest production change is within the normal range of observed production changes.,True
Amagamated Dhansar-Industry,Jharkhand,BCCL,0.55,0.64,0.79,0.0899999999999999,0.15,16.36363636363636,23.437500000000004,0.66,0.1212435565298214,3,0,0.15,23.437500000000004,-0.05409509711816998,0.05409509711816998,0,Increase,Normal,Latest production change is within the normal range of observed production changes.,True
Gidi `A',Jharkhand,CCL,0.23,0.23,0.49,0.0,0.26,0.0,113.04347826086956,0.3166666666666666,0.1501110699893026,3,0,0.26,113.04347826086956,0.05190130211183761,0.05190130211183761,0,Increase,Normal,Latest production change is within the normal range of observed production changes.,True
Chirimiri,Chhattisgarh,SECL,0.92,0.7,0.96,-0.22,0.26,-23.91304347826088,37.142857142857146,0.86,0.14,3,0,0.26,37.142857142857146,0.05190130211183761,0.05190130211183761,0,Increase,Normal,Latest production change is within the normal range of observed production changes.,True
Amgaon,Chhattisgarh,SECL,0.0,0.74,1.0,0.74,0.26,,35.13513513513514,0.58,0.5188448708429139,3,1,0.26,35.13513513513514,0.05190130211183761,0.05190130211183761,0,Increase,Normal,Latest production change is within the normal range of observed production changes.,True
Tapin North,Jharkhand,CCL,1.5,2.06,2.22,0.56,0.1600000000000001,37.333333333333336,7.766990291262142,1.9266666666666667,0.3780652501002087,3,0,0.1600000000000001,7.766990291262142,-0.04445906082453284,0.04445906082453284,0,Increase,Normal,Latest production change is within the normal range of observed production changes.,True
Dabor Ph-II & III OC,West Bengal,ECL,0.5,0.17,0.34,-0.3299999999999999,0.17,-65.99999999999999,100.0,0.3366666666666666,0.1650252505931541,3,0,0.17,100.0,-0.034823024530895856,0.034823024530895856,0,Increase,Normal,Latest production change is within the normal range of observed production changes.,True
Gare Palma IV/7,Chhattisgarh,SEML,0.79,1.2,1.44,0.4099999999999999,0.24,51.898734177215175,20.0,1.143333333333333,0.3286842456421258,3,0,0.24,20.0,0.03262922952456349,0.03262922952456349,0,Increase,Normal,Latest production change is within the normal range of observed production changes.,True
Kakatiya Khani-OC II,Telangana,SCCL,1.18,1.26,1.5,0.08,0.24,6.779661016949159,19.047619047619047,1.3133333333333332,0.1665332799572906,3,0,0.24,19.047619047619047,0.03262922952456349,0.03262922952456349,0,Increase,Normal,Latest production change is within the normal range of observed production changes.,True
Chhatarpur 1,Madhya Pradesh,WCL,0.33,0.41,0.65,0.0799999999999999,0.24,24.242424242424228,58.53658536585368,0.4633333333333334,0.1665332799572906,3,0,0.24,58.53658536585368,0.03262922952456349,0.03262922952456349,0,Increase,Normal,Latest production change is within the normal range of observed production changes.,True
New Godhur-Kusunda-Alkusa,Jharkhand,BCCL,1.02,1.03,1.21,0.01,0.1799999999999999,0.980392156862746,17.475728155339798,1.086666666666667,0.1069267662156362,3,0,0.1799999999999999,17.475728155339798,-0.025186988237258904,0.025186988237258904,0,Increase,Normal,Latest production change is within the normal range of observed production changes.,True
Ningha (SSI) OC,West Bengal,ECL,,0.02,0.2,,0.18,,900.0,0.11,0.1272792206135785,2,0,0.18,900.0,-0.025186988237258824,0.025186988237258824,0,Increase,Normal,Latest production change is within the normal range of observed production changes.,True
Gopalichuck,Jharkhand,BCCL,0.23,0.17,0.36,-0.06,0.1899999999999999,-26.08695652173913,111.76470588235291,0.2533333333333333,0.097125348562223,3,0,0.1899999999999999,111.76470588235291,-0.015550951943621869,0.015550951943621869,0,Increase,Normal,Latest production change is within the normal range of observed production changes.,True
West Bokaro OC Quarry-AB,Jharkhand,TSLWB,,0.11,0.33,,0.22,,200.00000000000009,0.22,0.1555634918610404,2,0,0.22,200.00000000000009,0.013357156937289396,0.013357156937289396,0,Increase,Normal,Latest production change is within the normal range of observed production changes.,True
SD OC Mine,Jharkhand,CCL,1.95,1.38,1.58,-0.5700000000000001,0.2000000000000001,-29.230769230769237,14.49275362318842,1.6366666666666667,0.2891942830232529,3,0,0.2000000000000001,14.49275362318842,-0.005914915649984621,0.005914915649984621,0,Increase,Normal,Latest production change is within the normal range of observed production changes.,True
