Mine Name,CAAQMS_Source_Name,CAAQMS_Match_Type,Environmental_Anomaly,Environmental_Risk_Score,Environmental_Min_Anomaly_Score,Environmental_Anomaly_Count,Environmental_Observations,Environmental_Anomaly_Rate,Environmental_Available,Production_Source_Name,Production_Match_Type,Operational_ZScore,Operational_Absolute_ZScore,Operational_Anomaly,Operational_Anomaly_Category,Operational_Anomaly_Reason,Operational_Change,Data_Sufficient,Operational_Available,Evidence_Count,Evidence_Coverage,Evidence_Status,Safety_Evidence_Available,Safety_Evidence_Status,Confidence_Score,Confidence_Category,Mine_Type,Peer_Production_ZScore,Peer_Production_Anomaly,Peer_Operational_Risk,Peer_Production_Category,Peer_Production_Direction,Historical_Operational_Risk,Operational_Risk_Score,Safety_Risk_Score,Overall_Risk_Score,Risk_Category,Risk_Drivers,AI_Recommendation,Peer_Context_Explanation,Risk_Score_Type
Aadocm,,,,,,,,,0,Aadocm,Contextual_Fuzzy,-0.0637311334118074,0.0637311334118074,0.0,Normal,Latest production change is within the normal range of observed production changes.,0.1399999999999996,True,1,1,50.0,Operational Only,0,Mine-level safety evidence unavailable,60.0,Moderate,Opencast,-0.1963738302487035,0,4.909345756217589,Normal,Lower than peer average,1.5932783352951851,1.5932783352951851,,1.5932783352951851,LOW,No major risk indicator,No Immediate High-Risk Indicator Detected,No unusual peer-group production pattern detected.,Prototype AI risk indicator - not an official regulatory classification
ABGC,,,,,,,,,0,ABGC,Contextual_Fuzzy,-0.1504554600545405,0.1504554600545405,0.0,Normal,Latest production change is within the normal range of observed production changes.,0.05,True,1,1,50.0,Operational Only,0,Mine-level safety evidence unavailable,60.0,Moderate,Opencast,-0.4975341139583024,0,12.43835284895756,Normal,Lower than peer average,3.7613865013635124,3.7613865013635124,,3.7613865013635124,LOW,No major risk indicator,No Immediate High-Risk Indicator Detected,No unusual peer-group production pattern detected.,Prototype AI risk indicator - not an official regulatory classification
Adasa (UG to OC),,,,,,,,,0,,,,,,,,,,0,0,0.0,Insufficient Evidence,0,Mine-level safety evidence unavailable,0.0,Insufficient Evidence,Opencast,-0.4360393306599483,0,10.900983266498708,Normal,Lower than peer average,,,,,Insufficient Evidence,No major risk indicator,Insufficient Evidence for Risk Assessment,No unusual peer-group production pattern detected.,Prototype AI risk indicator - not an official regulatory classification
Adriyala Saft Project,,,,,,,,,0,Adriyala Saft Project,Contextual_Fuzzy,-0.429900512570015,0.429900512570015,0.0,Normal,Latest production change is within the normal range of observed production changes.,-0.24,True,1,1,50.0,Operational Only,0,Mine-level safety evidence unavailable,60.0,Moderate,Underground,3.813245088748936,1,95.3311272187234,Highly Unusual,Higher than peer average,10.747512814250374,10.747512814250374,,10.747512814250374,LOW,Peer production anomaly,No Immediate High-Risk Indicator Detected,Production is higher than peer average compared with the Underground peer group.,Prototype AI risk indicator - not an official regulatory classification
AGKCC,,,,,,,,,0,AGKCC,Contextual_Fuzzy,-0.3142680770463704,0.3142680770463704,0.0,Normal,Latest production change is within the normal range of observed production changes.,-0.12,True,1,1,50.0,Operational Only,0,Mine-level safety evidence unavailable,60.0,Moderate,Opencast,-0.5237988263321375,0,13.094970658303437,Normal,Lower than peer average,7.85670192615926,7.85670192615926,,7.85670192615926,LOW,No major risk indicator,No Immediate High-Risk Indicator Detected,No unusual peer-group production pattern detected.,Prototype AI risk indicator - not an official regulatory classification
AKK OCP,,,,,,,,,0,AKK OCP,Contextual_Fuzzy,-1.1236951257118828,1.1236951257118828,0.0,Normal,Latest production change is within the normal range of observed production changes.,-0.96,True,1,1,50.0,Operational Only,0,Mine-level safety evidence unavailable,60.0,Moderate,Opencast,0.1504971548038198,0,3.762428870095495,Normal,Higher than peer average,28.09237814279707,28.09237814279707,,28.09237814279707,LOW,No major risk indicator,No Immediate High-Risk Indicator Detected,No unusual peer-group production pattern detected.,Prototype AI risk indicator - not an official regulatory classification
AKWMC,,,,,,,,,0,AKWMC,Contextual_Fuzzy,-0.8827942183709565,0.8827942183709565,0.0,Normal,Latest production change is within the normal range of observed production changes.,-0.71,True,1,1,50.0,Operational Only,0,Mine-level safety evidence unavailable,60.0,Moderate,Opencast,-0.1348790469503493,0,3.3719761737587346,Normal,Lower than peer average,22.069855459273914,22.069855459273914,,22.069855459273914,LOW,No major risk indicator,No Immediate High-Risk Indicator Detected,No unusual peer-group production pattern detected.,Prototype AI risk indicator - not an official regulatory classification
Amadand,,,,,,,,,0,Amadand,Contextual_Fuzzy,0.2928022094527638,0.2928022094527638,0.0,Normal,Latest production change is within the normal range of observed production changes.,0.5099999999999999,True,1,1,50.0,Operational Only,0,Mine-level safety evidence unavailable,60.0,Moderate,Opencast,-0.3520680146570622,0,8.801700366426555,Normal,Lower than peer average,7.320055236319095,7.320055236319095,,7.320055236319095,LOW,No major risk indicator,No Immediate High-Risk Indicator Detected,No unusual peer-group production pattern detected.,Prototype AI risk indicator - not an official regulatory classification
Amagamated Dhansar-Industry,,,,,,,,,0,Amagamated Dhansar-Industry,Contextual_Fuzzy,-0.0540950971181699,0.0540950971181699,0.0,Normal,Latest production change is within the normal range of observed production changes.,0.15,True,1,1,50.0,Operational Only,0,Mine-level safety evidence unavailable,60.0,Moderate,Opencast,-0.4265688814866905,0,10.664222037167262,Normal,Lower than peer average,1.3523774279542475,1.3523774279542475,,1.3523774279542475,LOW,No major risk indicator,No Immediate High-Risk Indicator Detected,No unusual peer-group production pattern detected.,Prototype AI risk indicator - not an official regulatory classification
Amalgamated BOCP,,,,,,,,,0,,,,,,,,,,0,0,0.0,Insufficient Evidence,0,Mine-level safety evidence unavailable,0.0,Insufficient Evidence,Opencast,0.1501183368368894,0,3.7529584209222366,Normal,Higher than peer average,,,,,Insufficient Evidence,No major risk indicator,Insufficient Evidence for Risk Assessment,No unusual peer-group production pattern detected.,Prototype AI risk indicator - not an official regulatory classification
Amalgamated Gondegaon Ghatrohana,,,,,,,,,0,Amalgamated Gondegaon Ghatrohana,Contextual_Fuzzy,-0.1986356415227257,0.1986356415227257,0.0,Normal,Latest production change is within the normal range of observed production changes.,0.0,True,1,1,50.0,Operational Only,0,Mine-level safety evidence unavailable,60.0,Moderate,Opencast,-0.0842437120373309,0,2.1060928009332724,Normal,Lower than peer average,4.9658910380681425,4.9658910380681425,,4.9658910380681425,LOW,No major risk indicator,No Immediate High-Risk Indicator Detected,No unusual peer-group production pattern detected.,Prototype AI risk indicator - not an official regulatory classification
Amalgamated Inder Kamptee OCM,,,,,,,,,0,Amalgamated Inder Kamptee OCM,Contextual_Fuzzy,0.3602544635082234,0.3602544635082234,0.0,Normal,Latest production change is within the normal range of observed production changes.,0.5800000000000001,True,1,1,50.0,Operational Only,0,Mine-level safety evidence unavailable,60.0,Moderate,Opencast,-0.1361417735067838,0,3.403544337669595,Normal,Lower than peer average,9.006361587705584,9.006361587705584,,9.006361587705584,LOW,No major risk indicator,No Immediate High-Risk Indicator Detected,No unusual peer-group production pattern detected.,Prototype AI risk indicator - not an official regulatory classification
Amalgamated Yekona I & II,,,,,,,,,0,Amalgamated Yekona I & II,Contextual_Fuzzy,-0.1986356415227257,0.1986356415227257,0.0,Normal,Latest production change is within the normal range of observed production changes.,0.0,True,1,1,50.0,Operational Only,0,Mine-level safety evidence unavailable,60.0,Moderate,Opencast,-0.1790744764255526,0,4.476861910638816,Normal,Lower than peer average,4.9658910380681425,4.9658910380681425,,4.9658910380681425,LOW,No major risk indicator,No Immediate High-Risk Indicator Detected,No unusual peer-group production pattern detected.,Prototype AI risk indicator - not an official regulatory classification
Amalgameted Sudamdih-Patherdih,,,,,,,,,0,Amalgameted Sudamdih-Patherdih,Contextual_Fuzzy,-0.2179077141099998,0.2179077141099998,0.0,Normal,Latest production change is within the normal range of observed production changes.,-0.02,True,1,1,50.0,Operational Only,0,Mine-level safety evidence unavailable,60.0,Moderate,Opencast,-0.4744262179755533,0,11.860655449388831,Normal,Lower than peer average,5.447692852749995,5.447692852749995,,5.447692852749995,LOW,No major risk indicator,No Immediate High-Risk Indicator Detected,No unusual peer-group production pattern detected.,Prototype AI risk indicator - not an official regulatory classification
Amelia (North ) Coal Mine,,,,,,,,,0,Amelia (North ) Coal Mine,Contextual_Fuzzy,0.3409823909209492,0.3409823909209492,0.0,Normal,Latest production change is within the normal range of observed production changes.,0.56,True,1,1,50.0,Operational Only,0,Mine-level safety evidence unavailable,60.0,Moderate,Opencast,-0.0313354693227305,0,0.7833867330682629,Normal,Lower than peer average,8.524559773023729,8.524559773023729,,8.524559773023729,LOW,No major risk indicator,No Immediate High-Risk Indicator Detected,No unusual peer-group production pattern detected.,Prototype AI risk indicator - not an official regulatory classification
Amelia Coal Block,,,,,,,,,0,Amelia Coal Block,Contextual_Fuzzy,0.7071517700791571,0.7071517700791571,0.0,Normal,Latest production change is within the normal range of observed production changes.,0.94,True,1,1,50.0,Operational Only,0,Mine-level safety evidence unavailable,60.0,Moderate,Opencast,-0.3683571872350657,0,9.208929680876643,Normal,Lower than peer average,17.67879425197893,17.67879425197893,,17.67879425197893,LOW,No major risk indicator,No Immediate High-Risk Indicator Detected,No unusual peer-group production pattern detected.,Prototype AI risk indicator - not an official regulatory classification
Amera,,,,,,,,,0,Amera,Contextual_Fuzzy,0.0711733746991117,0.0711733746991117,0.0,Normal,Latest production change is within the normal range of observed production changes.,0.28,True,1,1,50.0,Operational Only,0,Mine-level safety evidence unavailable,60.0,Moderate,Opencast,-0.4910942085204871,0,12.27735521301218,Normal,Lower than peer average,1.7793343674777924,1.7793343674777924,,1.7793343674777924,LOW,No major risk indicator,No Immediate High-Risk Indicator Detected,No unusual peer-group production pattern detected.,Prototype AI risk indicator - not an official regulatory classification
Amgaon,,,,,,,,,0,Amgaon,Contextual_Fuzzy,0.0519013021118376,0.0519013021118376,0.0,Normal,Latest production change is within the normal range of observed production changes.,0.26,True,1,1,50.0,Operational Only,0,Mine-level safety evidence unavailable,60.0,Moderate,Opencast,-0.4000516238015685,0,10.001290595039212,Normal,Lower than peer average,1.29753255279594,1.29753255279594,,1.29753255279594,LOW,No major risk indicator,No Immediate High-Risk Indicator Detected,No unusual peer-group production pattern detected.,Prototype AI risk indicator - not an official regulatory classification
Amlai OC,,,,,,,,,0,Amlai OC,Contextual_Fuzzy,-0.1986356415227257,0.1986356415227257,0.0,Normal,Latest production change is within the normal range of observed production changes.,0.0,True,1,1,50.0,Operational Only,0,Mine-level safety evidence unavailable,60.0,Moderate,Opencast,-0.2706221517670449,0,6.765553794176123,Normal,Lower than peer average,4.9658910380681425,4.9658910380681425,,4.9658910380681425,LOW,No major risk indicator,No Immediate High-Risk Indicator Detected,No unusual peer-group production pattern detected.,Prototype AI risk indicator - not an official regulatory classification
Amlohri,,,,,,,,,0,Amlohri,Contextual_Fuzzy,-0.1986356415227257,0.1986356415227257,0.0,Normal,Latest production change is within the normal range of observed production changes.,0.0,True,1,1,50.0,Operational Only,0,Mine-level safety evidence unavailable,60.0,Moderate,Opencast,2.252052962677553,1,56.30132406693883,Unusual,Higher than peer average,4.9658910380681425,4.9658910380681425,,4.9658910380681425,LOW,Peer production anomaly,No Immediate High-Risk Indicator Detected,Production is higher than peer average compared with the Opencast peer group.,Prototype AI risk indicator - not an official regulatory classification
AMP Colliery,,,,,,,,,0,AMP Colliery,Contextual_Fuzzy,2.624722992512932,2.624722992512932,1.0,Unusual,Production increased by 2.93 MT compared with the previous year; the change is statistically unusual (Z-score: 2.62).,2.9300000000000006,True,1,1,50.0,Operational Only,0,Mine-level safety evidence unavailable,60.0,Moderate,Mixed,3.2938574637135805,1,82.34643659283951,Highly Unusual,Higher than peer average,65.6180748128233,65.6180748128233,,65.6180748128233,HIGH,"Operational indicator, Peer production anomaly",Further Assessment Required,Production is higher than peer average compared with the Mixed peer group.,Prototype AI risk indicator - not an official regulatory classification
Amrapali OCP,,,,,,,,,0,Amrapali OCP,Contextual_Fuzzy,4.214668980963043,4.214668980963043,1.0,Highly Unusual,Production increased by 4.58 MT compared with the previous year; the change is statistically unusual (Z-score: 4.21).,4.579999999999998,True,1,1,50.0,Operational Only,0,Mine-level safety evidence unavailable,60.0,Moderate,Opencast,2.32503855763946,1,58.1259639409865,Unusual,Higher than peer average,100.0,100.0,,100.0,CRITICAL,"Operational indicator, Peer production anomaly",Priority Inspection / Further Assessment Required,Production is higher than peer average compared with the Opencast peer group.,Prototype AI risk indicator - not an official regulatory classification
Amritnagar Colliery,,,,,,,,,0,Amritnagar Colliery,Contextual_Fuzzy,-0.2082716778163627,0.2082716778163627,0.0,Normal,Latest production change is within the normal range of observed production changes.,-0.0099999999999999,True,1,1,50.0,Operational Only,0,Mine-level safety evidence unavailable,60.0,Moderate,Underground,-0.4716559439026785,0,11.791398597566962,Normal,Lower than peer average,5.206791945409067,5.206791945409067,,5.206791945409067,LOW,No major risk indicator,No Immediate High-Risk Indicator Detected,No unusual peer-group production pattern detected.,Prototype AI risk indicator - not an official regulatory classification
Ananta OCP,,,,,,,,,0,Ananta OCP,Contextual_Fuzzy,2.5958148836320185,2.5958148836320185,1.0,Unusual,Production increased by 2.90 MT compared with the previous year; the change is statistically unusual (Z-score: 2.60).,2.8999999999999986,True,1,1,50.0,Operational Only,0,Mine-level safety evidence unavailable,60.0,Moderate,Opencast,1.999128833423748,0,49.97822083559369,Normal,Higher than peer average,64.89537209080046,64.89537209080046,,64.89537209080046,HIGH,Operational indicator,Further Assessment Required,No unusual peer-group production pattern detected.,Prototype AI risk indicator - not an official regulatory classification
ARA Reorganisation,,,,,,,,,0,,,,,,,,,,0,0,0.0,Insufficient Evidence,0,Mine-level safety evidence unavailable,0.0,Insufficient Evidence,Opencast,-0.5263242794450063,0,13.158106986125157,Normal,Lower than peer average,,,,,Insufficient Evidence,No major risk indicator,Insufficient Evidence for Risk Assessment,No unusual peer-group production pattern detected.,Prototype AI risk indicator - not an official regulatory classification
Ashoka,,,,,,,,,0,Ashoka,Contextual_Fuzzy,-1.0369707990691504,1.0369707990691504,0.0,Normal,Latest production change is within the normal range of observed production changes.,-0.870000000000001,True,1,1,50.0,Operational Only,0,Mine-level safety evidence unavailable,60.0,Moderate,Opencast,0.7178401966097853,0,17.946004915244632,Normal,Higher than peer average,25.92426997672876,25.92426997672876,,25.92426997672876,LOW,No major risk indicator,No Immediate High-Risk Indicator Detected,No unusual peer-group production pattern detected.,Prototype AI risk indicator - not an official regulatory classification
Badjna Colliery,,,,,,,,,0,Badjna Colliery,Contextual_Fuzzy,-0.1793635689354516,0.1793635689354516,0.0,Normal,Latest production change is within the normal range of observed production changes.,0.02,True,1,1,50.0,Operational Only,0,Mine-level safety evidence unavailable,60.0,Moderate,Mixed,-0.4192202509105441,0,10.480506272763602,Normal,Lower than peer average,4.48408922338629,4.48408922338629,,4.48408922338629,LOW,No major risk indicator,No Immediate High-Risk Indicator Detected,No unusual peer-group production pattern detected.,Prototype AI risk indicator - not an official regulatory classification
Bagdeva,,,,,,,,,0,Bagdeva,Contextual_Fuzzy,-0.246815822990911,0.246815822990911,0.0,Normal,Latest production change is within the normal range of observed production changes.,-0.05,True,1,1,50.0,Operational Only,0,Mine-level safety evidence unavailable,60.0,Moderate,Underground,0.2324215882608095,0,5.810539706520237,Normal,Higher than peer average,6.170395574772775,6.170395574772775,,6.170395574772775,LOW,No major risk indicator,No Immediate High-Risk Indicator Detected,No unusual peer-group production pattern detected.,Prototype AI risk indicator - not an official regulatory classification
Bahula Colliery,,,,,,,,,0,Bahula Colliery,Contextual_Fuzzy,-0.1986356415227257,0.1986356415227257,0.0,Normal,Latest production change is within the normal range of observed production changes.,0.0,True,1,1,50.0,Operational Only,0,Mine-level safety evidence unavailable,60.0,Moderate,Underground,-0.4837431118368156,0,12.09357779592039,Normal,Lower than peer average,4.9658910380681425,4.9658910380681425,,4.9658910380681425,LOW,No major risk indicator,No Immediate High-Risk Indicator Detected,No unusual peer-group production pattern detected.,Prototype AI risk indicator - not an official regulatory classification
Ballarpur 3 & 4 Pits,,,,,,,,,0,Ballarpur 3 & 4 Pits,Contextual_Fuzzy,-0.2371797866972738,0.2371797866972738,0.0,Normal,Latest production change is within the normal range of observed production changes.,-0.0399999999999999,True,1,1,50.0,Operational Only,0,Mine-level safety evidence unavailable,60.0,Moderate,Underground,-0.4142418962155272,0,10.35604740538818,Normal,Lower than peer average,5.929494667431845,5.929494667431845,,5.929494667431845,LOW,No major risk indicator,No Immediate High-Risk Indicator Detected,No unusual peer-group production pattern detected.,Prototype AI risk indicator - not an official regulatory classification
Ballarpur OCM,,,,,,,,,0,Ballarpur OCM,Contextual_Fuzzy,0.312074282040038,0.312074282040038,0.0,Normal,Latest production change is within the normal range of observed production changes.,0.53,True,1,1,50.0,Operational Only,0,Mine-level safety evidence unavailable,60.0,Moderate,Opencast,-0.4474038696678576,0,11.18509674169644,Normal,Lower than peer average,7.80185705100095,7.80185705100095,,7.80185705100095,LOW,No major risk indicator,No Immediate High-Risk Indicator Detected,No unusual peer-group production pattern detected.,Prototype AI risk indicator - not an official regulatory classification
Balram OCP,,,,,,,,,0,Balram OCP,Contextual_Fuzzy,-0.1986356415227257,0.1986356415227257,0.0,Normal,Latest production change is within the normal range of observed production changes.,0.0,True,1,1,50.0,Operational Only,0,Mine-level safety evidence unavailable,60.0,Moderate,Opencast,0.4510260752352015,0,11.275651880880035,Normal,Higher than peer average,4.9658910380681425,4.9658910380681425,,4.9658910380681425,LOW,No major risk indicator,No Immediate High-Risk Indicator Detected,No unusual peer-group production pattern detected.,Prototype AI risk indicator - not an official regulatory classification
Balrampur,,,,,,,,,0,Balrampur,Contextual_Fuzzy,-0.1793635689354517,0.1793635689354517,0.0,Normal,Latest production change is within the normal range of observed production changes.,0.0199999999999999,True,1,1,50.0,Operational Only,0,Mine-level safety evidence unavailable,60.0,Moderate,Underground,-0.2691958810058815,0,6.729897025147039,Normal,Lower than peer average,4.484089223386293,4.484089223386293,,4.484089223386293,LOW,No major risk indicator,No Immediate High-Risk Indicator Detected,No unusual peer-group production pattern detected.,Prototype AI risk indicator - not an official regulatory classification
Bangwar,,,,,,,,,0,Bangwar,Contextual_Fuzzy,-0.1986356415227257,0.1986356415227257,0.0,Normal,Latest production change is within the normal range of observed production changes.,0.0,True,1,1,50.0,Operational Only,0,Mine-level safety evidence unavailable,60.0,Moderate,Underground,1.335375662250823,0,33.38439155627058,Normal,Higher than peer average,4.9658910380681425,4.9658910380681425,,4.9658910380681425,LOW,No major risk indicator,No Immediate High-Risk Indicator Detected,No unusual peer-group production pattern detected.,Prototype AI risk indicator - not an official regulatory classification
Bankola Colliery,,,,,,,,,0,Bankola Colliery,Contextual_Fuzzy,-0.2275437504036369,0.2275437504036369,0.0,Normal,Latest production change is within the normal range of observed production changes.,-0.03,True,1,1,50.0,Operational Only,0,Mine-level safety evidence unavailable,60.0,Moderate,Underground,-0.1543677856315787,0,3.859194640789468,Normal,Lower than peer average,5.688593760090923,5.688593760090923,,5.688593760090923,LOW,No major risk indicator,No Immediate High-Risk Indicator Detected,No unusual peer-group production pattern detected.,Prototype AI risk indicator - not an official regulatory classification
Bansra Colliery,,,,,,,,,0,Bansra Colliery,Contextual_Fuzzy,-0.237179786697274,0.237179786697274,0.0,Normal,Latest production change is within the normal range of observed production changes.,-0.04,True,1,1,50.0,Operational Only,0,Mine-level safety evidence unavailable,60.0,Moderate,Mixed,-0.4028218004358634,0,10.070545010896586,Normal,Lower than peer average,5.929494667431849,5.929494667431849,,5.929494667431849,LOW,No major risk indicator,No Immediate High-Risk Indicator Detected,No unusual peer-group production pattern detected.,Prototype AI risk indicator - not an official regulatory classification
Baranj,,,,,,,,,0,Baranj,Contextual_Fuzzy,0.6589715886109718,0.6589715886109718,0.0,Normal,Latest production change is within the normal range of observed production changes.,0.8899999999999999,True,1,1,50.0,Operational Only,0,Mine-level safety evidence unavailable,60.0,Moderate,Opencast,-0.210642640336412,0,5.2660660084103,Normal,Lower than peer average,16.474289715274296,16.474289715274296,,16.474289715274296,LOW,No major risk indicator,No Immediate High-Risk Indicator Detected,No unusual peer-group production pattern detected.,Prototype AI risk indicator - not an official regulatory classification
Barjora (North) Coal Mine,,,,,,,,,0,Barjora (North) Coal Mine,Contextual_Fuzzy,-1.0562428716564232,1.0562428716564232,0.0,Normal,Latest production change is within the normal range of observed production changes.,-0.8899999999999997,True,1,1,50.0,Operational Only,0,Mine-level safety evidence unavailable,60.0,Moderate,Opencast,-0.3843938145017823,0,9.609845362544558,Normal,Lower than peer average,26.40607179141058,26.40607179141058,,26.40607179141058,LOW,No major risk indicator,No Immediate High-Risk Indicator Detected,No unusual peer-group production pattern detected.,Prototype AI risk indicator - not an official regulatory classification
Barmuri,,,,,,,,,0,Barmuri,Contextual_Fuzzy,-0.1889996052290887,0.1889996052290887,0.0,Normal,Latest production change is within the normal range of observed production changes.,0.01,True,1,1,50.0,Operational Only,0,Mine-level safety evidence unavailable,60.0,Moderate,Opencast,-0.4625565883450702,0,11.563914708626754,Normal,Lower than peer average,4.7249901307272175,4.7249901307272175,,4.7249901307272175,LOW,No major risk indicator,No Immediate High-Risk Indicator Detected,No unusual peer-group production pattern detected.,Prototype AI risk indicator - not an official regulatory classification
Baroud OC,,,,,,,,,0,Baroud OC,Contextual_Fuzzy,0.4758868990318681,0.4758868990318681,0.0,Normal,Latest production change is within the normal range of observed production changes.,0.7000000000000002,True,1,1,50.0,Operational Only,0,Mine-level safety evidence unavailable,60.0,Moderate,Opencast,0.004020874257432,0,0.1005218564358017,Normal,Higher than peer average,11.897172475796703,11.897172475796703,,11.897172475796703,LOW,No major risk indicator,No Immediate High-Risk Indicator Detected,No unusual peer-group production pattern detected.,Prototype AI risk indicator - not an official regulatory classification
Bartarai,,,,,,,,,0,Bartarai,Contextual_Fuzzy,-0.1889996052290887,0.1889996052290887,0.0,Normal,Latest production change is within the normal range of observed production changes.,0.01,True,1,1,50.0,Operational Only,0,Mine-level safety evidence unavailable,60.0,Moderate,Underground,-0.1090409058785645,0,2.726022646964113,Normal,Lower than peer average,4.7249901307272175,4.7249901307272175,,4.7249901307272175,LOW,No major risk indicator,No Immediate High-Risk Indicator Detected,No unusual peer-group production pattern detected.,Prototype AI risk indicator - not an official regulatory classification
Basantimata -Dahibari,,,,,,,,,0,Basantimata -Dahibari,Contextual_Fuzzy,-0.2757239318718221,0.2757239318718221,0.0,Normal,Latest production change is within the normal range of observed production changes.,-0.0799999999999999,True,1,1,50.0,Operational Only,0,Mine-level safety evidence unavailable,60.0,Moderate,Opencast,-0.4573794094636892,0,11.43448523659223,Normal,Lower than peer average,6.893098296795552,6.893098296795552,,6.893098296795552,LOW,No major risk indicator,No Immediate High-Risk Indicator Detected,No unusual peer-group production pattern detected.,Prototype AI risk indicator - not an official regulatory classification
Basdeopur,,,,,,,,,0,Basdeopur,Contextual_Fuzzy,-0.1986356415227257,0.1986356415227257,0.0,Normal,Latest production change is within the normal range of observed production changes.,0.0,True,1,1,50.0,Operational Only,0,Mine-level safety evidence unavailable,60.0,Moderate,Opencast,-0.508646107654925,0,12.716152691373123,Normal,Lower than peer average,4.9658910380681425,4.9658910380681425,,4.9658910380681425,LOW,No major risk indicator,No Immediate High-Risk Indicator Detected,No unusual peer-group production pattern detected.,Prototype AI risk indicator - not an official regulatory classification
Bastacolla,,,,,,,,,0,Bastacolla,Contextual_Fuzzy,0.0808094109927487,0.0808094109927487,0.0,Normal,Latest production change is within the normal range of observed production changes.,0.29,True,1,1,50.0,Operational Only,0,Mine-level safety evidence unavailable,60.0,Moderate,Opencast,-0.2612779752494305,0,6.531949381235763,Normal,Lower than peer average,2.0202352748187176,2.0202352748187176,,2.0202352748187176,LOW,No major risk indicator,No Immediate High-Risk Indicator Detected,No unusual peer-group production pattern detected.,Prototype AI risk indicator - not an official regulatory classification
Basundhara (West) OCP,,,,,,,,,0,,,,,,,,,,0,0,0.0,Insufficient Evidence,0,Mine-level safety evidence unavailable,0.0,Insufficient Evidence,Opencast,-0.3455018365636034,0,8.637545914090087,Normal,Lower than peer average,,,,,Insufficient Evidence,No major risk indicator,Insufficient Evidence for Risk Assessment,No unusual peer-group production pattern detected.,Prototype AI risk indicator - not an official regulatory classification
Behraband,,,,,,,,,0,Behraband,Contextual_Fuzzy,-0.1600914963481776,0.1600914963481776,0.0,Normal,Latest production change is within the normal range of observed production changes.,0.0399999999999999,True,1,1,50.0,Operational Only,0,Mine-level safety evidence unavailable,60.0,Moderate,Underground,1.1842860630741088,0,29.60715157685272,Normal,Higher than peer average,4.00228740870444,4.00228740870444,,4.00228740870444,LOW,No major risk indicator,No Immediate High-Risk Indicator Detected,No unusual peer-group production pattern detected.,Prototype AI risk indicator - not an official regulatory classification
Bejdih Colliery,,,,,,,,,0,Bejdih Colliery,Contextual_Fuzzy,-0.1986356415227257,0.1986356415227257,0.0,Normal,Latest production change is within the normal range of observed production changes.,0.0,True,1,1,50.0,Operational Only,0,Mine-level safety evidence unavailable,60.0,Moderate,Underground,-0.5139610316721585,0,12.849025791803962,Normal,Lower than peer average,4.9658910380681425,4.9658910380681425,,4.9658910380681425,LOW,No major risk indicator,No Immediate High-Risk Indicator Detected,No unusual peer-group production pattern detected.,Prototype AI risk indicator - not an official regulatory classification
Belbaid Colliery,,,,,,,,,0,Belbaid Colliery,Contextual_Fuzzy,-0.1986356415227257,0.1986356415227257,0.0,Normal,Latest production change is within the normal range of observed production changes.,0.0,True,1,1,50.0,Operational Only,0,Mine-level safety evidence unavailable,60.0,Moderate,Underground,-0.4958302797709527,0,12.395756994273816,Normal,Lower than peer average,4.9658910380681425,4.9658910380681425,,4.9658910380681425,LOW,No major risk indicator,No Immediate High-Risk Indicator Detected,No unusual peer-group production pattern detected.,Prototype AI risk indicator - not an official regulatory classification
Belgaon Coal Mine,,,,,,,,,0,,,,,,,,,,0,0,0.0,Insufficient Evidence,0,Mine-level safety evidence unavailable,0.0,Insufficient Evidence,Underground,-0.1876074974504558,0,4.690187436261397,Normal,Lower than peer average,,,,,Insufficient Evidence,No major risk indicator,Insufficient Evidence for Risk Assessment,No unusual peer-group production pattern detected.,Prototype AI risk indicator - not an official regulatory classification
Bhadra,,,,,,,,,0,Bhadra,Contextual_Fuzzy,-0.2275437504036369,0.2275437504036369,0.0,Normal,Latest production change is within the normal range of observed production changes.,-0.03,True,1,1,50.0,Operational Only,0,Mine-level safety evidence unavailable,60.0,Moderate,Underground,-0.3266099286930329,0,8.165248217325823,Normal,Lower than peer average,5.688593760090923,5.688593760090923,,5.688593760090923,LOW,No major risk indicator,No Immediate High-Risk Indicator Detected,No unusual peer-group production pattern detected.,Prototype AI risk indicator - not an official regulatory classification
Bhanegaon OCM,,,,,,,,,0,Bhanegaon OCM,Contextual_Fuzzy,0.524067080500053,0.524067080500053,0.0,Normal,Latest production change is within the normal range of observed production changes.,0.7499999999999999,True,1,1,50.0,Operational Only,0,Mine-level safety evidence unavailable,60.0,Moderate,Opencast,-0.3811107254550529,0,9.527768136376324,Normal,Lower than peer average,13.101677012501325,13.101677012501325,,13.101677012501325,LOW,No major risk indicator,No Immediate High-Risk Indicator Detected,No unusual peer-group production pattern detected.,Prototype AI risk indicator - not an official regulatory classification
Bhanora West Block colliery & Bhanora OC patch (H),,,,,,,,,0,Bhanora West Block colliery & Bhanora OC patch (H),Contextual_Fuzzy,-0.1986356415227257,0.1986356415227257,0.0,Normal,Latest production change is within the normal range of observed production changes.,0.0,True,1,1,50.0,Operational Only,0,Mine-level safety evidence unavailable,60.0,Moderate,Mixed,-0.4793479026510399,0,11.983697566275996,Normal,Lower than peer average,4.9658910380681425,4.9658910380681425,,4.9658910380681425,LOW,No major risk indicator,No Immediate High-Risk Indicator Detected,No unusual peer-group production pattern detected.,Prototype AI risk indicator - not an official regulatory classification
Bharatpur OCP,,,,,,,,,0,,,,,,,,,,0,0,0.0,Insufficient Evidence,0,Mine-level safety evidence unavailable,0.0,Insufficient Evidence,Opencast,0.8778276513100207,0,21.94569128275052,Normal,Higher than peer average,,,,,Insufficient Evidence,No major risk indicator,Insufficient Evidence for Risk Assessment,No unusual peer-group production pattern detected.,Prototype AI risk indicator - not an official regulatory classification
Bhatadi OC Mine,,,,,,,,,0,Bhatadi OC Mine,Contextual_Fuzzy,-0.7960698917282231,0.7960698917282231,0.0,Normal,Latest production change is within the normal range of observed production changes.,-0.62,True,1,1,50.0,Operational Only,0,Mine-level safety evidence unavailable,60.0,Moderate,Opencast,-0.4184874315255104,0,10.46218578813776,Normal,Lower than peer average,19.901747293205577,19.901747293205577,,19.901747293205577,LOW,No major risk indicator,No Immediate High-Risk Indicator Detected,No unusual peer-group production pattern detected.,Prototype AI risk indicator - not an official regulatory classification
Bhatgaon,,,,,,,,,0,Bhatgaon,Contextual_Fuzzy,-0.237179786697274,0.237179786697274,0.0,Normal,Latest production change is within the normal range of observed production changes.,-0.04,True,1,1,50.0,Operational Only,0,Mine-level safety evidence unavailable,60.0,Moderate,Underground,-0.0697576100926187,0,1.7439402523154697,Normal,Lower than peer average,5.929494667431849,5.929494667431849,,5.929494667431849,LOW,No major risk indicator,No Immediate High-Risk Indicator Detected,No unusual peer-group production pattern detected.,Prototype AI risk indicator - not an official regulatory classification
Bhelatand Colliery,,,,,,,,,0,,,,,,,,,,0,0,0.0,Insufficient Evidence,0,Mine-level safety evidence unavailable,0.0,Insufficient Evidence,Underground,0.0329833173475468,0,0.8245829336886714,Normal,Higher than peer average,,,,,Insufficient Evidence,No major risk indicator,Insufficient Evidence for Risk Assessment,No unusual peer-group production pattern detected.,Prototype AI risk indicator - not an official regulatory classification
Bhowra(S),,,,,,,,,0,Bhowra(S),Contextual_Fuzzy,0.138625628754571,0.138625628754571,0.0,Normal,Latest production change is within the normal range of observed production changes.,0.35,True,1,1,50.0,Operational Only,0,Mine-level safety evidence unavailable,60.0,Moderate,Opencast,-0.4370495119050958,0,10.926237797627394,Normal,Lower than peer average,3.465640718864275,3.465640718864275,,3.465640718864275,LOW,No major risk indicator,No Immediate High-Risk Indicator Detected,No unusual peer-group production pattern detected.,Prototype AI risk indicator - not an official regulatory classification
Bhubaneswari OCP,,,,,,,,,0,Bhubaneswari OCP,Contextual_Fuzzy,-5.74899254665767,5.74899254665767,1.0,Highly Unusual,Production decreased by 5.76 MT compared with the previous year; the change is statistically unusual (Z-score: -5.75).,-5.760000000000002,True,1,1,50.0,Operational Only,0,Mine-level safety evidence unavailable,60.0,Moderate,Opencast,2.533893530073706,1,63.34733825184266,Unusual,Higher than peer average,100.0,100.0,,100.0,CRITICAL,"Operational indicator, Peer production anomaly",Priority Inspection / Further Assessment Required,Production is higher than peer average compared with the Opencast peer group.,Prototype AI risk indicator - not an official regulatory classification
Bhurkunda,,,,,,,,,0,,,,,,,,,,0,0,0.0,Insufficient Evidence,0,Mine-level safety evidence unavailable,0.0,Insufficient Evidence,Underground,-0.6287891270464613,0,15.719728176161532,Normal,Lower than peer average,,,,,Insufficient Evidence,No major risk indicator,Insufficient Evidence for Risk Assessment,No unusual peer-group production pattern detected.,Prototype AI risk indicator - not an official regulatory classification
Bhurkunda (Sangum),,,,,,,,,0,Bhurkunda (Sangum),Contextual_Fuzzy,-0.4588086214509261,0.4588086214509261,0.0,Normal,Latest production change is within the normal range of observed production changes.,-0.2699999999999999,True,1,1,50.0,Operational Only,0,Mine-level safety evidence unavailable,60.0,Moderate,Opencast,-0.5088986529662118,0,12.722466324155295,Normal,Lower than peer average,11.470215536273152,11.470215536273152,,11.470215536273152,LOW,No major risk indicator,No Immediate High-Risk Indicator Detected,No unusual peer-group production pattern detected.,Prototype AI risk indicator - not an official regulatory classification
Bicharpur,,,,,,,,,0,Bicharpur,Contextual_Fuzzy,0.1771697739291193,0.1771697739291193,0.0,Normal,Latest production change is within the normal range of observed production changes.,0.39,True,1,1,50.0,Operational Only,0,Mine-level safety evidence unavailable,60.0,Moderate,Underground,1.6375548606042514,0,40.938871515106285,Normal,Higher than peer average,4.429244348227983,4.429244348227983,,4.429244348227983,LOW,No major risk indicator,No Immediate High-Risk Indicator Detected,No unusual peer-group production pattern detected.,Prototype AI risk indicator - not an official regulatory classification
Bijari OC,,,,,,,,,0,Bijari OC,Contextual_Fuzzy,0.6204274434364238,0.6204274434364238,0.0,Normal,Latest production change is within the normal range of observed production changes.,0.8500000000000001,True,1,1,50.0,Operational Only,0,Mine-level safety evidence unavailable,60.0,Moderate,Opencast,-0.3232778491703584,0,8.08194622925896,Normal,Lower than peer average,15.510686085910594,15.510686085910594,,15.510686085910594,LOW,No major risk indicator,No Immediate High-Risk Indicator Detected,No unusual peer-group production pattern detected.,Prototype AI risk indicator - not an official regulatory classification
Bijuri,,,,,,,,,0,Bijuri,Contextual_Fuzzy,-0.246815822990911,0.246815822990911,0.0,Normal,Latest production change is within the normal range of observed production changes.,-0.05,True,1,1,50.0,Operational Only,0,Mine-level safety evidence unavailable,60.0,Moderate,Underground,1.5317921411805513,0,38.294803529513786,Normal,Higher than peer average,6.170395574772775,6.170395574772775,,6.170395574772775,LOW,No major risk indicator,No Immediate High-Risk Indicator Detected,No unusual peer-group production pattern detected.,Prototype AI risk indicator - not an official regulatory classification
Bina Extn,,,,,,,,,0,Bina Extn,Contextual_Fuzzy,-0.1986356415227257,0.1986356415227257,0.0,Normal,Latest production change is within the normal range of observed production changes.,0.0,True,1,1,50.0,Operational Only,0,Mine-level safety evidence unavailable,60.0,Moderate,Opencast,-0.0346185583694598,0,0.8654639592364967,Normal,Lower than peer average,4.9658910380681425,4.9658910380681425,,4.9658910380681425,LOW,No major risk indicator,No Immediate High-Risk Indicator Detected,No unusual peer-group production pattern detected.,Prototype AI risk indicator - not an official regulatory classification
Block-B Project,,,,,,,,,0,Block-B Project,Contextual_Fuzzy,-0.1986356415227257,0.1986356415227257,0.0,Normal,Latest production change is within the normal range of observed production changes.,0.0,True,1,1,50.0,Operational Only,0,Mine-level safety evidence unavailable,60.0,Moderate,Opencast,0.4872663274048679,0,12.1816581851217,Normal,Higher than peer average,4.9658910380681425,4.9658910380681425,,4.9658910380681425,LOW,No major risk indicator,No Immediate High-Risk Indicator Detected,No unusual peer-group production pattern detected.,Prototype AI risk indicator - not an official regulatory classification
Bokaro OC (Bermo),,,,,,,,,0,Bokaro OC (Bermo),Contextual_Fuzzy,-0.1793635689354516,0.1793635689354516,0.0,Normal,Latest production change is within the normal range of observed production changes.,0.02,True,1,1,50.0,Operational Only,0,Mine-level safety evidence unavailable,60.0,Moderate,Opencast,-0.4852856663608889,0,12.132141659022224,Normal,Lower than peer average,4.48408922338629,4.48408922338629,,4.48408922338629,LOW,No major risk indicator,No Immediate High-Risk Indicator Detected,No unusual peer-group production pattern detected.,Prototype AI risk indicator - not an official regulatory classification
Bonjemehari OC (Extn),,,,,,,,,0,,,,,,,,,,0,0,0.0,Insufficient Evidence,0,Mine-level safety evidence unavailable,0.0,Insufficient Evidence,Opencast,-0.4857907569834627,0,12.144768924586566,Normal,Lower than peer average,,,,,Insufficient Evidence,No major risk indicator,Insufficient Evidence for Risk Assessment,No unusual peer-group production pattern detected.,Prototype AI risk indicator - not an official regulatory classification
C L Jambad OCP,,,,,,,,,0,,,,,,,,,,0,0,0.0,Insufficient Evidence,0,Mine-level safety evidence unavailable,0.0,Insufficient Evidence,Opencast,-0.5224098271200597,0,13.060245678001491,Normal,Lower than peer average,,,,,Insufficient Evidence,No major risk indicator,Insufficient Evidence for Risk Assessment,No unusual peer-group production pattern detected.,Prototype AI risk indicator - not an official regulatory classification
Central Kajora Colliery,,,,,,,,,0,Central Kajora Colliery,Contextual_Fuzzy,-0.2179077141099998,0.2179077141099998,0.0,Normal,Latest production change is within the normal range of observed production changes.,-0.0199999999999999,True,1,1,50.0,Operational Only,0,Mine-level safety evidence unavailable,60.0,Moderate,Underground,-0.4142418962155272,0,10.35604740538818,Normal,Lower than peer average,5.447692852749995,5.447692852749995,,5.447692852749995,LOW,No major risk indicator,No Immediate High-Risk Indicator Detected,No unusual peer-group production pattern detected.,Prototype AI risk indicator - not an official regulatory classification
Central Saunda,,,,,,,,,0,,,,,,,,,,0,0,0.0,Insufficient Evidence,0,Mine-level safety evidence unavailable,0.0,Insufficient Evidence,Underground,-0.6287891270464613,0,15.719728176161532,Normal,Lower than peer average,,,,,Insufficient Evidence,No major risk indicator,Insufficient Evidence for Risk Assessment,No unusual peer-group production pattern detected.,Prototype AI risk indicator - not an official regulatory classification
Chainpur(Sarubera) Colly.,,,,,,,,,0,Chainpur(Sarubera) Colly.,Contextual_Fuzzy,-0.1986356415227257,0.1986356415227257,0.0,Normal,Latest production change is within the normal range of observed production changes.,0.0,True,1,1,50.0,Operational Only,0,Mine-level safety evidence unavailable,60.0,Moderate,Opencast,-0.5263242794450063,0,13.158106986125157,Normal,Lower than peer average,4.9658910380681425,4.9658910380681425,,4.9658910380681425,LOW,No major risk indicator,No Immediate High-Risk Indicator Detected,No unusual peer-group production pattern detected.,Prototype AI risk indicator - not an official regulatory classification
Chanda Rayatwari Colliery,,,,,,,,,0,,,,,,,,,,0,0,0.0,Insufficient Evidence,0,Mine-level safety evidence unavailable,0.0,Insufficient Evidence,Underground,-0.6287891270464613,0,15.719728176161532,Normal,Lower than peer average,,,,,Insufficient Evidence,No major risk indicator,Insufficient Evidence for Risk Assessment,No unusual peer-group production pattern detected.,Prototype AI risk indicator - not an official regulatory classification
Chapapur-II & Chappapur 10 Quarry (OC),,,,,,,,,0,,,,,,,,,,0,0,0.0,Insufficient Evidence,0,Mine-level safety evidence unavailable,0.0,Insufficient Evidence,Mixed,-0.1537215289395236,0,3.84303822348809,Normal,Lower than peer average,,,,,Insufficient Evidence,No major risk indicator,Insufficient Evidence for Risk Assessment,No unusual peer-group production pattern detected.,Prototype AI risk indicator - not an official regulatory classification
Chapuikhas Colliery,,,,,,,,,0,Chapuikhas Colliery,Contextual_Fuzzy,-0.1986356415227257,0.1986356415227257,0.0,Normal,Latest production change is within the normal range of observed production changes.,0.0,True,1,1,50.0,Operational Only,0,Mine-level safety evidence unavailable,60.0,Moderate,Underground,-0.5562661194416385,0,13.906652986040962,Normal,Lower than peer average,4.9658910380681425,4.9658910380681425,,4.9658910380681425,LOW,No major risk indicator,No Immediate High-Risk Indicator Detected,No unusual peer-group production pattern detected.,Prototype AI risk indicator - not an official regulatory classification
Chasnalla Colliery,,,,,,,,,0,Chasnalla Colliery,Contextual_Fuzzy,-0.1600914963481775,0.1600914963481775,0.0,Normal,Latest production change is within the normal range of observed production changes.,0.04,True,1,1,50.0,Operational Only,0,Mine-level safety evidence unavailable,60.0,Moderate,Underground,-0.3145227607588958,0,7.863069018972395,Normal,Lower than peer average,4.002287408704437,4.002287408704437,,4.002287408704437,LOW,No major risk indicator,No Immediate High-Risk Indicator Detected,No unusual peer-group production pattern detected.,Prototype AI risk indicator - not an official regulatory classification
Chatti Bariatu Coal Mining Project,,,,,,,,,0,,,,,,,,,,0,0,0.0,Insufficient Evidence,0,Mine-level safety evidence unavailable,0.0,Insufficient Evidence,Opencast,-0.1091194251990881,0,2.727985629977204,Normal,Lower than peer average,,,,,Insufficient Evidence,No major risk indicator,Insufficient Evidence for Risk Assessment,No unusual peer-group production pattern detected.,Prototype AI risk indicator - not an official regulatory classification
Chhal OC,,,,,,,,,0,,,,,,,,,,0,0,0.0,Insufficient Evidence,0,Mine-level safety evidence unavailable,0.0,Insufficient Evidence,Opencast,0.1696905984616222,0,4.242264961540556,Normal,Higher than peer average,,,,,Insufficient Evidence,No major risk indicator,Insufficient Evidence for Risk Assessment,No unusual peer-group production pattern detected.,Prototype AI risk indicator - not an official regulatory classification
Chhatarpur -II,,,,,,,,,0,Chhatarpur -II,Contextual_Fuzzy,-0.2757239318718222,0.2757239318718222,0.0,Normal,Latest production change is within the normal range of observed production changes.,-0.08,True,1,1,50.0,Operational Only,0,Mine-level safety evidence unavailable,60.0,Moderate,Underground,-0.4716559439026785,0,11.791398597566962,Normal,Lower than peer average,6.893098296795555,6.893098296795555,,6.893098296795555,LOW,No major risk indicator,No Immediate High-Risk Indicator Detected,No unusual peer-group production pattern detected.,Prototype AI risk indicator - not an official regulatory classification
Chhatarpur 1,,,,,,,,,0,Chhatarpur 1,Contextual_Fuzzy,0.0326292295245634,0.0326292295245634,0.0,Normal,Latest production change is within the normal range of observed production changes.,0.24,True,1,1,50.0,Operational Only,0,Mine-level safety evidence unavailable,60.0,Moderate,Underground,1.335375662250823,0,33.38439155627058,Normal,Higher than peer average,0.815730738114085,0.815730738114085,,0.815730738114085,LOW,No major risk indicator,No Immediate High-Risk Indicator Detected,No unusual peer-group production pattern detected.,Prototype AI risk indicator - not an official regulatory classification
Chhinda,,,,,,,,,0,,,,,,,,,,0,0,0.0,Insufficient Evidence,0,Mine-level safety evidence unavailable,0.0,Insufficient Evidence,Opencast,-0.5263242794450063,0,13.158106986125157,Normal,Lower than peer average,,,,,Insufficient Evidence,No major risk indicator,Insufficient Evidence for Risk Assessment,No unusual peer-group production pattern detected.,Prototype AI risk indicator - not an official regulatory classification
Chinakuri Mine III,,,,,,,,,0,,,,,,,,,,0,0,0.0,Insufficient Evidence,0,Mine-level safety evidence unavailable,0.0,Insufficient Evidence,Underground,-0.4202854801825956,0,10.50713700456489,Normal,Lower than peer average,,,,,Insufficient Evidence,No major risk indicator,Insufficient Evidence for Risk Assessment,No unusual peer-group production pattern detected.,Prototype AI risk indicator - not an official regulatory classification
Chirimiri,,,,,,,,,0,Chirimiri,Contextual_Fuzzy,0.0519013021118376,0.0519013021118376,0.0,Normal,Latest production change is within the normal range of observed production changes.,0.26,True,1,1,50.0,Operational Only,0,Mine-level safety evidence unavailable,60.0,Moderate,Opencast,-0.4049762573716626,0,10.124406434291569,Normal,Lower than peer average,1.29753255279594,1.29753255279594,,1.29753255279594,LOW,No major risk indicator,No Immediate High-Risk Indicator Detected,No unusual peer-group production pattern detected.,Prototype AI risk indicator - not an official regulatory classification
Chitra East OCP,,,,,,,,,0,Chitra East OCP,Contextual_Fuzzy,0.5047950079127791,0.5047950079127791,0.0,Normal,Latest production change is within the normal range of observed production changes.,0.73,True,1,1,50.0,Operational Only,0,Mine-level safety evidence unavailable,60.0,Moderate,Opencast,-0.3047157687907731,0,7.617894219769328,Normal,Lower than peer average,12.619875197819477,12.619875197819477,,12.619875197819477,LOW,No major risk indicator,No Immediate High-Risk Indicator Detected,No unusual peer-group production pattern detected.,Prototype AI risk indicator - not an official regulatory classification
Chora 10 Pit Colliery,,,,,,,,,0,Chora 10 Pit Colliery,Contextual_Fuzzy,-0.1986356415227257,0.1986356415227257,0.0,Normal,Latest production change is within the normal range of observed production changes.,0.0,True,1,1,50.0,Operational Only,0,Mine-level safety evidence unavailable,60.0,Moderate,Underground,-0.5048956557215556,0,12.622391393038887,Normal,Lower than peer average,4.9658910380681425,4.9658910380681425,,4.9658910380681425,LOW,No major risk indicator,No Immediate High-Risk Indicator Detected,No unusual peer-group production pattern detected.,Prototype AI risk indicator - not an official regulatory classification
Chora 7&9 Pits Colliery,,,,,,,,,0,Chora 7&9 Pits Colliery,Contextual_Fuzzy,-0.1986356415227257,0.1986356415227257,0.0,Normal,Latest production change is within the normal range of observed production changes.,0.0,True,1,1,50.0,Operational Only,0,Mine-level safety evidence unavailable,60.0,Moderate,Underground,-0.4353944401002671,0,10.884861002506678,Normal,Lower than peer average,4.9658910380681425,4.9658910380681425,,4.9658910380681425,LOW,No major risk indicator,No Immediate High-Risk Indicator Detected,No unusual peer-group production pattern detected.,Prototype AI risk indicator - not an official regulatory classification
Chora Block Incline UG & Shankarpur OC & Banbahal OC,,,,,,,,,0,,,,,,,,,,0,0,0.0,Insufficient Evidence,0,Mine-level safety evidence unavailable,0.0,Insufficient Evidence,Mixed,-0.284909132736969,0,7.122728318424225,Normal,Lower than peer average,,,,,Insufficient Evidence,No major risk indicator,Insufficient Evidence for Risk Assessment,No unusual peer-group production pattern detected.,Prototype AI risk indicator - not an official regulatory classification
Churcha RO,,,,,,,,,0,,,,,,,,,,0,0,0.0,Insufficient Evidence,0,Mine-level safety evidence unavailable,0.0,Insufficient Evidence,Underground,3.62589398576981,1,90.64734964424524,Highly Unusual,Higher than peer average,,,,,Insufficient Evidence,Peer production anomaly,Insufficient Evidence for Risk Assessment,Production is higher than peer average compared with the Underground peer group.,Prototype AI risk indicator - not an official regulatory classification
Dabor Ph-II & III OC,,,,,,,,,0,Dabor Ph-II & III OC,Contextual_Fuzzy,-0.0348230245308958,0.0348230245308958,0.0,Normal,Latest production change is within the normal range of observed production changes.,0.17,True,1,1,50.0,Operational Only,0,Mine-level safety evidence unavailable,60.0,Moderate,Opencast,-0.4840229398044546,0,12.100573495111364,Normal,Lower than peer average,0.870575613272395,0.870575613272395,,0.870575613272395,LOW,No major risk indicator,No Immediate High-Risk Indicator Detected,No unusual peer-group production pattern detected.,Prototype AI risk indicator - not an official regulatory classification
Dakra Bukbuka OC,,,,,,,,,0,,,,,,,,,,0,0,0.0,Insufficient Evidence,0,Mine-level safety evidence unavailable,0.0,Insufficient Evidence,Opencast,-0.489326391341479,0,12.233159783536976,Normal,Lower than peer average,,,,,Insufficient Evidence,No major risk indicator,Insufficient Evidence for Risk Assessment,No unusual peer-group production pattern detected.,Prototype AI risk indicator - not an official regulatory classification
Dalurband OC,,,,,,,,,0,,,,,,,,,,0,0,0.0,Insufficient Evidence,0,Mine-level safety evidence unavailable,0.0,Insufficient Evidence,Opencast,-0.4342715134809401,0,10.856787837023504,Normal,Lower than peer average,,,,,Insufficient Evidence,No major risk indicator,Insufficient Evidence for Risk Assessment,No unusual peer-group production pattern detected.,Prototype AI risk indicator - not an official regulatory classification
Damini,,,,,,,,,0,Damini,Contextual_Fuzzy,-0.2082716778163628,0.2082716778163628,0.0,Normal,Latest production change is within the normal range of observed production changes.,-0.01,True,1,1,50.0,Operational Only,0,Mine-level safety evidence unavailable,60.0,Moderate,Underground,0.1719857485901239,0,4.299643714753099,Normal,Higher than peer average,5.20679194540907,5.20679194540907,,5.20679194540907,LOW,No major risk indicator,No Immediate High-Risk Indicator Detected,No unusual peer-group production pattern detected.,Prototype AI risk indicator - not an official regulatory classification
Damoda,,,,,,,,,0,Damoda,Contextual_Fuzzy,-0.1600914963481775,0.1600914963481775,0.0,Normal,Latest production change is within the normal range of observed production changes.,0.04,True,1,1,50.0,Operational Only,0,Mine-level safety evidence unavailable,60.0,Moderate,Opencast,-0.4561166829072549,0,11.402917072681372,Normal,Lower than peer average,4.002287408704437,4.002287408704437,,4.002287408704437,LOW,No major risk indicator,No Immediate High-Risk Indicator Detected,No unusual peer-group production pattern detected.,Prototype AI risk indicator - not an official regulatory classification
Dhankasa & Jamunia,,,,,,,,,0,Dhankasa & Jamunia,Contextual_Fuzzy,-0.1986356415227257,0.1986356415227257,0.0,Normal,Latest production change is within the normal range of observed production changes.,0.0,True,1,1,50.0,Operational Only,0,Mine-level safety evidence unavailable,60.0,Moderate,Underground,-0.6287891270464613,0,15.719728176161532,Normal,Lower than peer average,4.9658910380681425,4.9658910380681425,,4.9658910380681425,LOW,No major risk indicator,No Immediate High-Risk Indicator Detected,No unusual peer-group production pattern detected.,Prototype AI risk indicator - not an official regulatory classification
Dhanpuri,,,,,,,,,0,Dhanpuri,Contextual_Fuzzy,-0.5744410569745708,0.5744410569745708,0.0,Normal,Latest production change is within the normal range of observed production changes.,-0.39,True,1,1,50.0,Operational Only,0,Mine-level safety evidence unavailable,60.0,Moderate,Opencast,-0.5101613795226462,0,12.754034488066154,Normal,Lower than peer average,14.36102642436427,14.36102642436427,,14.36102642436427,LOW,No major risk indicator,No Immediate High-Risk Indicator Detected,No unusual peer-group production pattern detected.,Prototype AI risk indicator - not an official regulatory classification
Dhelwadih Colliery,,,,,,,,,0,Dhelwadih Colliery,Contextual_Fuzzy,-0.1889996052290887,0.1889996052290887,0.0,Normal,Latest production change is within the normal range of observed production changes.,0.01,True,1,1,50.0,Operational Only,0,Mine-level safety evidence unavailable,60.0,Moderate,Underground,-0.0093217704219331,0,0.2330442605483287,Normal,Lower than peer average,4.7249901307272175,4.7249901307272175,,4.7249901307272175,LOW,No major risk indicator,No Immediate High-Risk Indicator Detected,No unusual peer-group production pattern detected.,Prototype AI risk indicator - not an official regulatory classification
Dhemomain Incl Colliery,,,,,,,,,0,Dhemomain Incl Colliery,Contextual_Fuzzy,-0.1986356415227257,0.1986356415227257,0.0,Normal,Latest production change is within the normal range of observed production changes.,0.0,True,1,1,50.0,Operational Only,0,Mine-level safety evidence unavailable,60.0,Moderate,Underground,-0.5592879114251728,0,13.98219778562932,Normal,Lower than peer average,4.9658910380681425,4.9658910380681425,,4.9658910380681425,LOW,No major risk indicator,No Immediate High-Risk Indicator Detected,No unusual peer-group production pattern detected.,Prototype AI risk indicator - not an official regulatory classification
Dhemomain Pit Colliery,,,,,,,,,0,Dhemomain Pit Colliery,Contextual_Fuzzy,-0.1986356415227257,0.1986356415227257,0.0,Normal,Latest production change is within the normal range of observed production changes.,0.0,True,1,1,50.0,Operational Only,0,Mine-level safety evidence unavailable,60.0,Moderate,Underground,-0.5532443274581041,0,13.831108186452605,Normal,Lower than peer average,4.9658910380681425,4.9658910380681425,,4.9658910380681425,LOW,No major risk indicator,No Immediate High-Risk Indicator Detected,No unusual peer-group production pattern detected.,Prototype AI risk indicator - not an official regulatory classification
Dhoptala OC (Sasti Colliery),,,,,,,,,0,Dhoptala OC (Sasti Colliery),Contextual_Fuzzy,0.7456959152537054,0.7456959152537054,0.0,Normal,Latest production change is within the normal range of observed production changes.,0.98,True,1,1,50.0,Operational Only,0,Mine-level safety evidence unavailable,60.0,Moderate,Opencast,-0.3140599453083875,0,7.851498632709688,Normal,Lower than peer average,18.642397881342635,18.642397881342635,,18.642397881342635,LOW,No major risk indicator,No Immediate High-Risk Indicator Detected,No unusual peer-group production pattern detected.,Prototype AI risk indicator - not an official regulatory classification
Dhori Khas(UG),,,,,,,,,0,Dhori Khas(UG),Contextual_Fuzzy,-0.1889996052290887,0.1889996052290887,0.0,Normal,Latest production change is within the normal range of observed production changes.,0.01,True,1,1,50.0,Operational Only,0,Mine-level safety evidence unavailable,60.0,Moderate,Underground,-0.2178254172857986,0,5.445635432144966,Normal,Lower than peer average,4.7249901307272175,4.7249901307272175,,4.7249901307272175,LOW,No major risk indicator,No Immediate High-Risk Indicator Detected,No unusual peer-group production pattern detected.,Prototype AI risk indicator - not an official regulatory classification
Dipka,M/s Dipka Expansion Project South Eastern Coal Fields Limited Dipka Area,Verified_Manual,1.0,26.735707203797688,0.0506201054416196,24.0,24.0,100.0,1,Dipka,Contextual_Fuzzy,1.025140967769183,1.025140967769183,0.0,Normal,Latest production change is within the normal range of observed production changes.,1.2700000000000031,True,1,2,100.0,Environmental + Operational,0,Mine-level safety evidence unavailable,100.0,High,Opencast,3.693329054191752,1,92.33322635479378,Highly Unusual,Higher than peer average,25.628524194229573,25.628524194229573,,26.366646200608315,LOW,Peer production anomaly,No Immediate High-Risk Indicator Detected,Production is higher than peer average compared with the Opencast peer group.,Prototype AI risk indicator - not an official regulatory classification
Dubeswari Colliery,,,,,,,,,0,Dubeswari Colliery,Contextual_Fuzzy,-0.1986356415227257,0.1986356415227257,0.0,Normal,Latest production change is within the normal range of observed production changes.,0.0,True,1,1,50.0,Operational Only,0,Mine-level safety evidence unavailable,60.0,Moderate,Underground,-0.4716559439026785,0,11.791398597566962,Normal,Lower than peer average,4.9658910380681425,4.9658910380681425,,4.9658910380681425,LOW,No major risk indicator,No Immediate High-Risk Indicator Detected,No unusual peer-group production pattern detected.,Prototype AI risk indicator - not an official regulatory classification
Dudhichua Project,,,,,,,,,0,Dudhichua Project,Contextual_Fuzzy,1.6996635083237726,1.6996635083237726,0.0,Normal,Latest production change is within the normal range of observed production changes.,1.9699999999999989,True,1,1,50.0,Operational Only,0,Mine-level safety evidence unavailable,60.0,Moderate,Opencast,0.644475783680948,0,16.111894592023702,Normal,Higher than peer average,42.491587708094315,42.491587708094315,,42.491587708094315,MEDIUM,No major risk indicator,Monitoring and Review Required,No unusual peer-group production pattern detected.,Prototype AI risk indicator - not an official regulatory classification
Dulanga Coal Mining Project,,,,,,,,,0,Dulanga Coal Mining Project,Contextual_Fuzzy,-0.1986356415227257,0.1986356415227257,0.0,Normal,Latest production change is within the normal range of observed production changes.,0.0,True,1,1,50.0,Operational Only,0,Mine-level safety evidence unavailable,60.0,Moderate,Opencast,0.3575843100590575,0,8.939607751476439,Normal,Higher than peer average,4.9658910380681425,4.9658910380681425,,4.9658910380681425,LOW,No major risk indicator,No Immediate High-Risk Indicator Detected,No unusual peer-group production pattern detected.,Prototype AI risk indicator - not an official regulatory classification
Durgapur Open Cast,,,,,,,,,0,Durgapur Open Cast,Contextual_Fuzzy,0.5433391530873273,0.5433391530873273,0.0,Normal,Latest production change is within the normal range of observed production changes.,0.77,True,1,1,50.0,Operational Only,0,Mine-level safety evidence unavailable,60.0,Moderate,Opencast,-0.210642640336412,0,5.2660660084103,Normal,Lower than peer average,13.583478827183182,13.583478827183182,,13.583478827183182,LOW,No major risk indicator,No Immediate High-Risk Indicator Detected,No unusual peer-group production pattern detected.,Prototype AI risk indicator - not an official regulatory classification
Durgapur Rayatwari Colly,,,,,,,,,0,Durgapur Rayatwari Colly,Contextual_Fuzzy,-0.1986356415227257,0.1986356415227257,0.0,Normal,Latest production change is within the normal range of observed production changes.,0.0,True,1,1,50.0,Operational Only,0,Mine-level safety evidence unavailable,60.0,Moderate,Underground,-0.3266099286930329,0,8.165248217325823,Normal,Lower than peer average,4.9658910380681425,4.9658910380681425,,4.9658910380681425,LOW,No major risk indicator,No Immediate High-Risk Indicator Detected,No unusual peer-group production pattern detected.,Prototype AI risk indicator - not an official regulatory classification
DVC Tubed Mines,,,,,,,,,0,DVC Tubed Mines,Contextual_Fuzzy,1.237133766229195,1.237133766229195,0.0,Normal,Latest production change is within the normal range of observed production changes.,1.49,True,1,1,50.0,Operational Only,0,Mine-level safety evidence unavailable,60.0,Moderate,Opencast,-0.3343898428669809,0,8.359746071674524,Normal,Lower than peer average,30.928344155729874,30.928344155729874,,30.928344155729874,MEDIUM,No major risk indicator,Monitoring and Review Required,No unusual peer-group production pattern detected.,Prototype AI risk indicator - not an official regulatory classification
E.Basuria,,,,,,,,,0,,,,,,,,,,0,0,0.0,Insufficient Evidence,0,Mine-level safety evidence unavailable,0.0,Insufficient Evidence,Opencast,-0.5083935623436381,0,12.709839058590951,Normal,Lower than peer average,,,,,Insufficient Evidence,No major risk indicator,Insufficient Evidence for Risk Assessment,No unusual peer-group production pattern detected.,Prototype AI risk indicator - not an official regulatory classification
Ena,,,,,,,,,0,Ena,Contextual_Fuzzy,0.2349859916909417,0.2349859916909417,0.0,Normal,Latest production change is within the normal range of observed production changes.,0.4500000000000002,True,1,1,50.0,Operational Only,0,Mine-level safety evidence unavailable,60.0,Moderate,Opencast,-0.14775885782598,0,3.6939714456495008,Normal,Lower than peer average,5.874649792273543,5.874649792273543,,5.874649792273543,LOW,No major risk indicator,No Immediate High-Risk Indicator Detected,No unusual peer-group production pattern detected.,Prototype AI risk indicator - not an official regulatory classification
G & G B Coal Mine,,,,,,,,,0,G & G B Coal Mine,Contextual_Fuzzy,1.5358508913319435,1.5358508913319435,0.0,Normal,Latest production change is within the normal range of observed production changes.,1.8,True,1,1,50.0,Operational Only,0,Mine-level safety evidence unavailable,60.0,Moderate,Opencast,-0.1475063125146931,0,3.6876578128673296,Normal,Lower than peer average,38.396272283298586,38.396272283298586,,38.396272283298586,MEDIUM,No major risk indicator,Monitoring and Review Required,No unusual peer-group production pattern detected.,Prototype AI risk indicator - not an official regulatory classification
Gare Palma IV 6,,,,,,,,,0,,,,,,,,,,0,0,0.0,Insufficient Evidence,0,Mine-level safety evidence unavailable,0.0,Insufficient Evidence,Opencast,-0.2986546813198881,0,7.466367032997202,Normal,Lower than peer average,,,,,Insufficient Evidence,No major risk indicator,Insufficient Evidence for Risk Assessment,No unusual peer-group production pattern detected.,Prototype AI risk indicator - not an official regulatory classification
Gare Palma IV-2&3,,,,,,,,,0,,,,,,,,,,0,0,0.0,Insufficient Evidence,0,Mine-level safety evidence unavailable,0.0,Insufficient Evidence,Opencast,-0.4000516238015685,0,10.001290595039212,Normal,Lower than peer average,,,,,Insufficient Evidence,No major risk indicator,Insufficient Evidence for Risk Assessment,No unusual peer-group production pattern detected.,Prototype AI risk indicator - not an official regulatory classification
Gare Palma IV/1,,,,,,,,,0,,,,,,,,,,0,0,0.0,Insufficient Evidence,0,Mine-level safety evidence unavailable,0.0,Insufficient Evidence,Opencast,0.3822074779095279,0,9.5551869477382,Normal,Higher than peer average,,,,,Insufficient Evidence,No major risk indicator,Insufficient Evidence for Risk Assessment,No unusual peer-group production pattern detected.,Prototype AI risk indicator - not an official regulatory classification
Gare Palma IV/2&3,,,,,,,,,0,Gare Palma IV/2&3,Contextual_Fuzzy,-2.0198465010201287,2.0198465010201287,1.0,Unusual,Production decreased by 1.89 MT compared with the previous year; the change is statistically unusual (Z-score: -2.02).,-1.89,True,1,1,50.0,Operational Only,0,Mine-level safety evidence unavailable,60.0,Moderate,Opencast,-0.5061206545420562,0,12.653016363551403,Normal,Lower than peer average,50.496162525503216,50.496162525503216,,50.496162525503216,MEDIUM,No major risk indicator,Monitoring and Review Required,No unusual peer-group production pattern detected.,Prototype AI risk indicator - not an official regulatory classification
Gare Palma IV/7,,,,,,,,,0,Gare Palma IV/7,Contextual_Fuzzy,0.0326292295245634,0.0326292295245634,0.0,Normal,Latest production change is within the normal range of observed production changes.,0.24,True,1,1,50.0,Operational Only,0,Mine-level safety evidence unavailable,60.0,Moderate,Opencast,-0.344491655318456,0,8.6122913829614,Normal,Lower than peer average,0.815730738114085,0.815730738114085,,0.815730738114085,LOW,No major risk indicator,No Immediate High-Risk Indicator Detected,No unusual peer-group production pattern detected.,Prototype AI risk indicator - not an official regulatory classification
Gare Palma Sector III,,,,,,,,,0,Gare Palma Sector III,Contextual_Fuzzy,0.1675337376354821,0.1675337376354821,0.0,Normal,Latest production change is within the normal range of observed production changes.,0.3799999999999999,True,1,1,50.0,Operational Only,0,Mine-level safety evidence unavailable,60.0,Moderate,Opencast,-0.0208548389043251,0,0.521370972608129,Normal,Lower than peer average,4.188343440887053,4.188343440887053,,4.188343440887053,LOW,No major risk indicator,No Immediate High-Risk Indicator Detected,No unusual peer-group production pattern detected.,Prototype AI risk indicator - not an official regulatory classification
Garjanbahal OCP,,,,,,,,,0,Garjanbahal OCP,Contextual_Fuzzy,0.6782436611982461,0.6782436611982461,0.0,Normal,Latest production change is within the normal range of observed production changes.,0.91,True,1,1,50.0,Operational Only,0,Mine-level safety evidence unavailable,60.0,Moderate,Opencast,1.7718380532655598,0,44.295951331639,Normal,Higher than peer average,16.95609152995615,16.95609152995615,,16.95609152995615,LOW,No major risk indicator,No Immediate High-Risk Indicator Detected,No unusual peer-group production pattern detected.,Prototype AI risk indicator - not an official regulatory classification
Gayatri,,,,,,,,,0,Gayatri,Contextual_Fuzzy,0.1771697739291192,0.1771697739291192,0.0,Normal,Latest production change is within the normal range of observed production changes.,0.3899999999999999,True,1,1,50.0,Operational Only,0,Mine-level safety evidence unavailable,60.0,Moderate,Underground,1.1208284314198889,0,28.020710785497226,Normal,Higher than peer average,4.42924434822798,4.42924434822798,,4.42924434822798,LOW,No major risk indicator,No Immediate High-Risk Indicator Detected,No unusual peer-group production pattern detected.,Prototype AI risk indicator - not an official regulatory classification
Gevra,SECL GEVRA,Verified_Manual,1.0,66.79246063439777,-0.0948021834724228,21.0,23.0,91.30434782608695,1,Gevra,Contextual_Fuzzy,6.170784348571366,6.170784348571366,1.0,Highly Unusual,Production increased by 6.61 MT compared with the previous year; the change is statistically unusual (Z-score: 6.17).,6.609999999999999,True,1,2,100.0,Environmental + Operational,0,Mine-level safety evidence unavailable,100.0,High,Opencast,6.9372735776716645,1,100.0,Highly Unusual,Higher than peer average,100.0,100.0,,77.86164042293184,HIGH,"Environmental indicator, Operational indicator, Peer production anomaly",Further Assessment Required,Production is higher than peer average compared with the Opencast peer group.,Prototype AI risk indicator - not an official regulatory classification
"Ghonsa,",,,,,,,,,0,"Ghonsa,",Contextual_Fuzzy,-0.0637311334118071,0.0637311334118071,0.0,Normal,Latest production change is within the normal range of observed production changes.,0.1399999999999999,True,1,1,50.0,Operational Only,0,Mine-level safety evidence unavailable,60.0,Moderate,Opencast,-0.4505606860589436,0,11.26401715147359,Normal,Lower than peer average,1.5932783352951774,1.5932783352951774,,1.5932783352951774,LOW,No major risk indicator,No Immediate High-Risk Indicator Detected,No unusual peer-group production pattern detected.,Prototype AI risk indicator - not an official regulatory classification
Gidi `A',,,,,,,,,0,Gidi `A',Contextual_Fuzzy,0.0519013021118376,0.0519013021118376,0.0,Normal,Latest production change is within the normal range of observed production changes.,0.26,True,1,1,50.0,Operational Only,0,Mine-level safety evidence unavailable,60.0,Moderate,Opencast,-0.463945587557148,0,11.5986396889287,Normal,Lower than peer average,1.29753255279594,1.29753255279594,,1.29753255279594,LOW,No major risk indicator,No Immediate High-Risk Indicator Detected,No unusual peer-group production pattern detected.,Prototype AI risk indicator - not an official regulatory classification
Gidi `C',,,,,,,,,0,Gidi `C',Contextual_Fuzzy,-0.0830032059990811,0.0830032059990811,0.0,Normal,Latest production change is within the normal range of observed production changes.,0.12,True,1,1,50.0,Operational Only,0,Mine-level safety evidence unavailable,60.0,Moderate,Opencast,-0.450686958714587,0,11.267173967864675,Normal,Lower than peer average,2.0750801499770275,2.0750801499770275,,2.0750801499770275,LOW,No major risk indicator,No Immediate High-Risk Indicator Detected,No unusual peer-group production pattern detected.,Prototype AI risk indicator - not an official regulatory classification
Giridih OC,,,,,,,,,0,Giridih OC,Contextual_Fuzzy,-0.3913563673954668,0.3913563673954668,0.0,Normal,Latest production change is within the normal range of observed production changes.,-0.2,True,1,1,50.0,Operational Only,0,Mine-level safety evidence unavailable,60.0,Moderate,Opencast,-0.5263242794450063,0,13.158106986125157,Normal,Lower than peer average,9.78390918488667,9.78390918488667,,9.78390918488667,LOW,No major risk indicator,No Immediate High-Risk Indicator Detected,No unusual peer-group production pattern detected.,Prototype AI risk indicator - not an official regulatory classification
Godavari Khani 1 & 3,,,,,,,,,0,Godavari Khani-1 & 3,Contextual_Fuzzy,-0.2082716778163627,0.2082716778163627,0.0,Normal,Latest production change is within the normal range of observed production changes.,-0.0099999999999999,True,1,1,50.0,Operational Only,0,Mine-level safety evidence unavailable,60.0,Moderate,Underground,-0.1181062818291672,0,2.952657045729182,Normal,Lower than peer average,5.206791945409067,5.206791945409067,,5.206791945409067,LOW,No major risk indicator,No Immediate High-Risk Indicator Detected,No unusual peer-group production pattern detected.,Prototype AI risk indicator - not an official regulatory classification
Godavari Khani-11 Incline,,,,,,,,,0,Godavari Khani-11 Incline,Contextual_Fuzzy,-0.4202644762763778,0.4202644762763778,0.0,Normal,Latest production change is within the normal range of observed production changes.,-0.2299999999999999,True,1,1,50.0,Operational Only,0,Mine-level safety evidence unavailable,60.0,Moderate,Underground,1.2024168149753145,0,30.06042037438286,Normal,Higher than peer average,10.506611906909445,10.506611906909445,,10.506611906909445,LOW,No major risk indicator,No Immediate High-Risk Indicator Detected,No unusual peer-group production pattern detected.,Prototype AI risk indicator - not an official regulatory classification
Godavari Khani-2 & 2A,,,,,,,,,0,Godavari Khani-2 & 2A,Contextual_Fuzzy,-0.2179077141099998,0.2179077141099998,0.0,Normal,Latest production change is within the normal range of observed production changes.,-0.0199999999999999,True,1,1,50.0,Operational Only,0,Mine-level safety evidence unavailable,60.0,Moderate,Underground,0.0208961494134097,0,0.5224037353352428,Normal,Higher than peer average,5.447692852749995,5.447692852749995,,5.447692852749995,LOW,No major risk indicator,No Immediate High-Risk Indicator Detected,No unusual peer-group production pattern detected.,Prototype AI risk indicator - not an official regulatory classification
Godavarikhani V OC,,,,,,,,,0,,,,,,,,,,0,0,0.0,Insufficient Evidence,0,Mine-level safety evidence unavailable,0.0,Insufficient Evidence,Opencast,-0.0837386214147571,0,2.093465535368929,Normal,Lower than peer average,,,,,Insufficient Evidence,No major risk indicator,Insufficient Evidence for Risk Assessment,No unusual peer-group production pattern detected.,Prototype AI risk indicator - not an official regulatory classification
Gokul OC Mine + Gokul Extn.,,,,,,,,,0,Gokul OC Mine + Gokul Extn.,Contextual_Fuzzy,-0.2660878955781849,0.2660878955781849,0.0,Normal,Latest production change is within the normal range of observed production changes.,-0.0699999999999998,True,1,1,50.0,Operational Only,0,Mine-level safety evidence unavailable,60.0,Moderate,Opencast,-0.2981495906973143,0,7.453739767432858,Normal,Lower than peer average,6.6521973894546225,6.6521973894546225,,6.6521973894546225,LOW,No major risk indicator,No Immediate High-Risk Indicator Detected,No unusual peer-group production pattern detected.,Prototype AI risk indicator - not an official regulatory classification
Gondudih/Khas Kusunda,,,,,,,,,0,,,,,,,,,,0,0,0.0,Insufficient Evidence,0,Mine-level safety evidence unavailable,0.0,Insufficient Evidence,Opencast,-0.3432289287620215,0,8.580723219050538,Normal,Lower than peer average,,,,,Insufficient Evidence,No major risk indicator,Insufficient Evidence for Risk Assessment,No unusual peer-group production pattern detected.,Prototype AI risk indicator - not an official regulatory classification
Gopalichuck,,,,,,,,,0,Gopalichuck,Contextual_Fuzzy,-0.0155509519436218,0.0155509519436218,0.0,Normal,Latest production change is within the normal range of observed production changes.,0.1899999999999999,True,1,1,50.0,Operational Only,0,Mine-level safety evidence unavailable,60.0,Moderate,Opencast,-0.4811186687246555,0,12.027966718116389,Normal,Lower than peer average,0.388773798590545,0.388773798590545,,0.388773798590545,LOW,No major risk indicator,No Immediate High-Risk Indicator Detected,No unusual peer-group production pattern detected.,Prototype AI risk indicator - not an official regulatory classification
Gopinathpur,,,,,,,,,0,Gopinathpur,Contextual_Fuzzy,-0.2082716778163628,0.2082716778163628,0.0,Normal,Latest production change is within the normal range of observed production changes.,-0.01,True,1,1,50.0,Operational Only,0,Mine-level safety evidence unavailable,60.0,Moderate,Opencast,-0.5263242794450063,0,13.158106986125157,Normal,Lower than peer average,5.20679194540907,5.20679194540907,,5.20679194540907,LOW,No major risk indicator,No Immediate High-Risk Indicator Detected,No unusual peer-group production pattern detected.,Prototype AI risk indicator - not an official regulatory classification
Gotitoria E & W,,,,,,,,,0,,,,,,,,,,0,0,0.0,Insufficient Evidence,0,Mine-level safety evidence unavailable,0.0,Insufficient Evidence,Opencast,-0.4884424827519749,0,12.211062068799372,Normal,Lower than peer average,,,,,Insufficient Evidence,No major risk indicator,Insufficient Evidence for Risk Assessment,No unusual peer-group production pattern detected.,Prototype AI risk indicator - not an official regulatory classification
Gourangdi-A OCP,,,,,,,,,0,,,,,,,,,,0,0,0.0,Insufficient Evidence,0,Mine-level safety evidence unavailable,0.0,Insufficient Evidence,Opencast,-0.3486586529546894,0,8.716466323867236,Normal,Lower than peer average,,,,,Insufficient Evidence,No major risk indicator,Insufficient Evidence for Risk Assessment,No unusual peer-group production pattern detected.,Prototype AI risk indicator - not an official regulatory classification
Gourangdih Extn OC,,,,,,,,,0,,,,,,,,,,0,0,0.0,Insufficient Evidence,0,Mine-level safety evidence unavailable,0.0,Insufficient Evidence,Opencast,-0.4328825142688623,0,10.822062856721558,Normal,Lower than peer average,,,,,Insufficient Evidence,No major risk indicator,Insufficient Evidence for Risk Assessment,No unusual peer-group production pattern detected.,Prototype AI risk indicator - not an official regulatory classification
Gouri -Pauni(A) OCM,,,,,,,,,0,Gouri -Pauni(A) OCM,Contextual_Fuzzy,1.4394905283955728,1.4394905283955728,0.0,Normal,Latest production change is within the normal range of observed production changes.,1.6999999999999995,True,1,1,50.0,Operational Only,0,Mine-level safety evidence unavailable,60.0,Moderate,Opencast,-0.2012984638187976,0,5.032461595469941,Normal,Lower than peer average,35.98726320988932,35.98726320988932,,35.98726320988932,MEDIUM,No major risk indicator,Monitoring and Review Required,No unusual peer-group production pattern detected.,Prototype AI risk indicator - not an official regulatory classification
Gouri Deep,,,,,,,,,0,Gouri Deep,Contextual_Fuzzy,-0.3720842948081927,0.3720842948081927,0.0,Normal,Latest production change is within the normal range of observed production changes.,-0.18,True,1,1,50.0,Operational Only,0,Mine-level safety evidence unavailable,60.0,Moderate,Opencast,-0.4785932156117867,0,11.964830390294669,Normal,Lower than peer average,9.302107370204817,9.302107370204817,,9.302107370204817,LOW,No major risk indicator,No Immediate High-Risk Indicator Detected,No unusual peer-group production pattern detected.,Prototype AI risk indicator - not an official regulatory classification
Gouthampur Khani OCP,,,,,,,,,0,Gouthampur Khani OCP,Contextual_Fuzzy,-0.6418933110300301,0.6418933110300301,0.0,Normal,Latest production change is within the normal range of observed production changes.,-0.4599999999999999,True,1,1,50.0,Operational Only,0,Mine-level safety evidence unavailable,60.0,Moderate,Opencast,-0.5102876521782896,0,12.75719130445724,Normal,Lower than peer average,16.047332775750753,16.047332775750753,,16.047332775750753,LOW,No major risk indicator,No Immediate High-Risk Indicator Detected,No unusual peer-group production pattern detected.,Prototype AI risk indicator - not an official regulatory classification
Govindpur,,,,,,,,,0,"Govindpur,",Contextual_Fuzzy,-0.2082716778163627,0.2082716778163627,0.0,Normal,Latest production change is within the normal range of observed production changes.,-0.0099999999999999,True,1,1,50.0,Operational Only,0,Mine-level safety evidence unavailable,60.0,Moderate,Underground,-0.5804404553099127,0,14.511011382747816,Normal,Lower than peer average,5.206791945409067,5.206791945409067,,5.206791945409067,LOW,No major risk indicator,No Immediate High-Risk Indicator Detected,No unusual peer-group production pattern detected.,Prototype AI risk indicator - not an official regulatory classification
Govindpur Ph-II OCP,,,,,,,,,0,,,,,,,,,,0,0,0.0,Insufficient Evidence,0,Mine-level safety evidence unavailable,0.0,Insufficient Evidence,Opencast,-0.4071228925176011,0,10.178072312940028,Normal,Lower than peer average,,,,,Insufficient Evidence,No major risk indicator,Insufficient Evidence for Risk Assessment,No unusual peer-group production pattern detected.,Prototype AI risk indicator - not an official regulatory classification
GP-IV-8 Coal Mine,,,,,,,,,0,GP-IV-8 Coal Mine,Contextual_Fuzzy,-0.439536548863652,0.439536548863652,0.0,Normal,Latest production change is within the normal range of observed production changes.,-0.25,True,1,1,50.0,Operational Only,0,Mine-level safety evidence unavailable,60.0,Moderate,Underground,2.241913257311108,1,56.0478314327777,Unusual,Higher than peer average,10.9884137215913,10.9884137215913,,10.9884137215913,LOW,Peer production anomaly,No Immediate High-Risk Indicator Detected,Production is higher than peer average compared with the Underground peer group.,Prototype AI risk indicator - not an official regulatory classification
Haldibari,,,,,,,,,0,,,,,,,,,,0,0,0.0,Insufficient Evidence,0,Mine-level safety evidence unavailable,0.0,Insufficient Evidence,Underground,1.1601117272058346,0,29.002793180145865,Normal,Higher than peer average,,,,,Insufficient Evidence,No major risk indicator,Insufficient Evidence for Risk Assessment,No unusual peer-group production pattern detected.,Prototype AI risk indicator - not an official regulatory classification
Hariajam,,,,,,,,,0,Hariajam,Contextual_Fuzzy,-0.1889996052290887,0.1889996052290887,0.0,Normal,Latest production change is within the normal range of observed production changes.,0.01,True,1,1,50.0,Operational Only,0,Mine-level safety evidence unavailable,60.0,Moderate,Underground,-0.4867649038203498,0,12.169122595508746,Normal,Lower than peer average,4.7249901307272175,4.7249901307272175,,4.7249901307272175,LOW,No major risk indicator,No Immediate High-Risk Indicator Detected,No unusual peer-group production pattern detected.,Prototype AI risk indicator - not an official regulatory classification
Hindustan Lalpeth Colliery No.1,,,,,,,,,0,Hindustan Lalpeth Colliery No.1,Contextual_Fuzzy,-0.1986356415227257,0.1986356415227257,0.0,Normal,Latest production change is within the normal range of observed production changes.,0.0,True,1,1,50.0,Operational Only,0,Mine-level safety evidence unavailable,60.0,Moderate,Underground,-0.6287891270464613,0,15.719728176161532,Normal,Lower than peer average,4.9658910380681425,4.9658910380681425,,4.9658910380681425,LOW,No major risk indicator,No Immediate High-Risk Indicator Detected,No unusual peer-group production pattern detected.,Prototype AI risk indicator - not an official regulatory classification
Hindustan Lalpeth OC,,,,,,,,,0,Hindustan Lalpeth OC,Contextual_Fuzzy,-0.1986356415227257,0.1986356415227257,0.0,Normal,Latest production change is within the normal range of observed production changes.,0.0,True,1,1,50.0,Operational Only,0,Mine-level safety evidence unavailable,60.0,Moderate,Opencast,-0.4000516238015685,0,10.001290595039212,Normal,Lower than peer average,4.9658910380681425,4.9658910380681425,,4.9658910380681425,LOW,No major risk indicator,No Immediate High-Risk Indicator Detected,No unusual peer-group production pattern detected.,Prototype AI risk indicator - not an official regulatory classification
Hingula OCP,,,,,,,,,0,Hingula OCP,Contextual_Fuzzy,0.4566148264445935,0.4566148264445935,0.0,Normal,Latest production change is within the normal range of observed production changes.,0.6799999999999997,True,1,1,50.0,Operational Only,0,Mine-level safety evidence unavailable,60.0,Moderate,Opencast,1.12279660325829,0,28.069915081457246,Normal,Higher than peer average,11.415370661114837,11.415370661114837,,11.415370661114837,LOW,No major risk indicator,No Immediate High-Risk Indicator Detected,No unusual peer-group production pattern detected.,Prototype AI risk indicator - not an official regulatory classification
Hirakhand Bundia Mine,,,,,,,,,0,Hirakhand Bundia Mine,Contextual_Fuzzy,-0.1889996052290887,0.1889996052290887,0.0,Normal,Latest production change is within the normal range of observed production changes.,0.01,True,1,1,50.0,Operational Only,0,Mine-level safety evidence unavailable,60.0,Moderate,Underground,-0.0214089383560702,0,0.5352234589017553,Normal,Lower than peer average,4.7249901307272175,4.7249901307272175,,4.7249901307272175,LOW,No major risk indicator,No Immediate High-Risk Indicator Detected,No unusual peer-group production pattern detected.,Prototype AI risk indicator - not an official regulatory classification
Hurra C,,,,,,,,,0,Hurra'C',Contextual_Fuzzy,1.5647590002128549,1.5647590002128549,0.0,Normal,Latest production change is within the normal range of observed production changes.,1.83,True,1,1,50.0,Operational Only,0,Mine-level safety evidence unavailable,60.0,Moderate,Opencast,-0.2644347916405165,0,6.610869791012912,Normal,Lower than peer average,39.118975005321374,39.118975005321374,,39.118975005321374,MEDIUM,No major risk indicator,Monitoring and Review Required,No unusual peer-group production pattern detected.,Prototype AI risk indicator - not an official regulatory classification
"Indaram Khani-1A, Incline",,,,,,,,,0,"Indaram Khani-1A, Incline",Contextual_Fuzzy,-0.4684446577445632,0.4684446577445632,0.0,Normal,Latest production change is within the normal range of observed production changes.,-0.2799999999999999,True,1,1,50.0,Operational Only,0,Mine-level safety evidence unavailable,60.0,Moderate,Underground,-0.0365178982737416,0,0.9129474568435412,Normal,Lower than peer average,11.71111644361408,11.71111644361408,,11.71111644361408,LOW,No major risk indicator,No Immediate High-Risk Indicator Detected,No unusual peer-group production pattern detected.,Prototype AI risk indicator - not an official regulatory classification
Indaram Khani-OC,,,,,,,,,0,Indaram Khani-OC,Contextual_Fuzzy,-0.4684446577445632,0.4684446577445632,0.0,Normal,Latest production change is within the normal range of observed production changes.,-0.28,True,1,1,50.0,Operational Only,0,Mine-level safety evidence unavailable,60.0,Moderate,Opencast,-0.3721453669043688,0,9.30363417260922,Normal,Lower than peer average,11.71111644361408,11.71111644361408,,11.71111644361408,LOW,No major risk indicator,No Immediate High-Risk Indicator Detected,No unusual peer-group production pattern detected.,Prototype AI risk indicator - not an official regulatory classification
Int. Lakhanpur-Belpahar-Lilari OCP,,,,,,,,,0,,,,,,,,,,0,0,0.0,Insufficient Evidence,0,Mine-level safety evidence unavailable,0.0,Insufficient Evidence,Opencast,3.539781504929331,1,88.49453762323327,Highly Unusual,Higher than peer average,,,,,Insufficient Evidence,Peer production anomaly,Insufficient Evidence for Risk Assessment,Production is higher than peer average compared with the Opencast peer group.,Prototype AI risk indicator - not an official regulatory classification
Itapara OC Patch,,,,,,,,,0,Itapara OC Patch,Contextual_Fuzzy,-0.2853599681654592,0.2853599681654592,0.0,Normal,Latest production change is within the normal range of observed production changes.,-0.09,True,1,1,50.0,Operational Only,0,Mine-level safety evidence unavailable,60.0,Moderate,Opencast,-0.5000595670711712,0,12.50148917677928,Normal,Lower than peer average,7.13399920413648,7.13399920413648,,7.13399920413648,LOW,No major risk indicator,No Immediate High-Risk Indicator Detected,No unusual peer-group production pattern detected.,Prototype AI risk indicator - not an official regulatory classification
J. K. Nagar Colliery,,,,,,,,,0,J. K. Nagar Colliery,Contextual_Fuzzy,-0.2179077141099998,0.2179077141099998,0.0,Normal,Latest production change is within the normal range of observed production changes.,-0.0199999999999999,True,1,1,50.0,Operational Only,0,Mine-level safety evidence unavailable,60.0,Moderate,Underground,-0.2148036253022643,0,5.370090632556609,Normal,Lower than peer average,5.447692852749995,5.447692852749995,,5.447692852749995,LOW,No major risk indicator,No Immediate High-Risk Indicator Detected,No unusual peer-group production pattern detected.,Prototype AI risk indicator - not an official regulatory classification
Jaganathpur,,,,,,,,,0,Jaganathpur,Contextual_Fuzzy,0.3506184272145865,0.3506184272145865,0.0,Normal,Latest production change is within the normal range of observed production changes.,0.5700000000000003,True,1,1,50.0,Operational Only,0,Mine-level safety evidence unavailable,60.0,Moderate,Opencast,-0.1687201186627907,0,4.218002966569768,Normal,Lower than peer average,8.765460680364663,8.765460680364663,,8.765460680364663,LOW,No major risk indicator,No Immediate High-Risk Indicator Detected,No unusual peer-group production pattern detected.,Prototype AI risk indicator - not an official regulatory classification
Jagannath Re-org OCP,,,,,,,,,0,,,,,,,,,,0,0,0.0,Insufficient Evidence,0,Mine-level safety evidence unavailable,0.0,Insufficient Evidence,Opencast,0.4207206378807764,0,10.51801594701941,Normal,Higher than peer average,,,,,Insufficient Evidence,No major risk indicator,Insufficient Evidence for Risk Assessment,No unusual peer-group production pattern detected.,Prototype AI risk indicator - not an official regulatory classification
Jalagam Vengala Rao OC-2,,,,,,,,,0,Jalagam Vengala Rao OC-2,Contextual_Fuzzy,0.8324202418964394,0.8324202418964394,0.0,Normal,Latest production change is within the normal range of observed production changes.,1.0700000000000005,True,1,1,50.0,Operational Only,0,Mine-level safety evidence unavailable,60.0,Moderate,Opencast,0.871261473216562,0,21.78153683041405,Normal,Higher than peer average,20.810506047410986,20.810506047410986,,20.810506047410986,LOW,No major risk indicator,No Immediate High-Risk Indicator Detected,No unusual peer-group production pattern detected.,Prototype AI risk indicator - not an official regulatory classification
Jalipa,,,,,,,,,0,,,,,,,,,,0,0,0.0,Insufficient Evidence,0,Mine-level safety evidence unavailable,0.0,Insufficient Evidence,Opencast,-0.4672286766038774,0,11.680716915096935,Normal,Lower than peer average,,,,,Insufficient Evidence,No major risk indicator,Insufficient Evidence for Risk Assessment,No unusual peer-group production pattern detected.,Prototype AI risk indicator - not an official regulatory classification
Jamadoba Colliery,,,,,,,,,0,"Jamadoba Colliery,",Contextual_Fuzzy,-0.3431761859272815,0.3431761859272815,0.0,Normal,Latest production change is within the normal range of observed production changes.,-0.15,True,1,1,50.0,Operational Only,0,Mine-level safety evidence unavailable,60.0,Moderate,Mixed,-0.4621685735823267,0,11.55421433955817,Normal,Lower than peer average,8.579404648182038,8.579404648182038,,8.579404648182038,LOW,No major risk indicator,No Immediate High-Risk Indicator Detected,No unusual peer-group production pattern detected.,Prototype AI risk indicator - not an official regulatory classification
Jambad OCP,,,,,,,,,0,Jambad OCP,Contextual_Fuzzy,-0.3046320407527332,0.3046320407527332,0.0,Normal,Latest production change is within the normal range of observed production changes.,-0.1099999999999999,True,1,1,50.0,Operational Only,0,Mine-level safety evidence unavailable,60.0,Moderate,Opencast,-0.4669761312925905,0,11.674403282314763,Normal,Lower than peer average,7.61580101881833,7.61580101881833,,7.61580101881833,LOW,No major risk indicator,No Immediate High-Risk Indicator Detected,No unusual peer-group production pattern detected.,Prototype AI risk indicator - not an official regulatory classification
Jambad UG Colliery,,,,,,,,,0,Jambad UG Colliery,Contextual_Fuzzy,-0.2275437504036369,0.2275437504036369,0.0,Normal,Latest production change is within the normal range of observed production changes.,-0.03,True,1,1,50.0,Operational Only,0,Mine-level safety evidence unavailable,60.0,Moderate,Underground,-0.2873266329070872,0,7.18316582267718,Normal,Lower than peer average,5.688593760090923,5.688593760090923,,5.688593760090923,LOW,No major risk indicator,No Immediate High-Risk Indicator Detected,No unusual peer-group production pattern detected.,Prototype AI risk indicator - not an official regulatory classification
Jamkhani Coal Mine,,,,,,,,,0,Jamkhani Coal Mine,Contextual_Fuzzy,1.1889535847610098,1.1889535847610098,0.0,Normal,Latest production change is within the normal range of observed production changes.,1.44,True,1,1,50.0,Operational Only,0,Mine-level safety evidence unavailable,60.0,Moderate,Opencast,-0.2578686135470577,0,6.446715338676443,Normal,Lower than peer average,29.723839619025245,29.723839619025245,,29.723839619025245,LOW,No major risk indicator,No Immediate High-Risk Indicator Detected,No unusual peer-group production pattern detected.,Prototype AI risk indicator - not an official regulatory classification
Jampali,,,,,,,,,0,Jampali,Contextual_Fuzzy,-0.1986356415227257,0.1986356415227257,0.0,Normal,Latest production change is within the normal range of observed production changes.,0.0,True,1,1,50.0,Operational Only,0,Mine-level safety evidence unavailable,60.0,Moderate,Opencast,-0.1475063125146931,0,3.6876578128673296,Normal,Lower than peer average,4.9658910380681425,4.9658910380681425,,4.9658910380681425,LOW,No major risk indicator,No Immediate High-Risk Indicator Detected,No unusual peer-group production pattern detected.,Prototype AI risk indicator - not an official regulatory classification
Jamuna 9 & 10 Jamuna RO,,,,,,,,,0,,,,,,,,,,0,0,0.0,Insufficient Evidence,0,Mine-level safety evidence unavailable,0.0,Insufficient Evidence,Underground,-0.199694665384593,0,4.992366634614825,Normal,Lower than peer average,,,,,Insufficient Evidence,No major risk indicator,Insufficient Evidence for Risk Assessment,No unusual peer-group production pattern detected.,Prototype AI risk indicator - not an official regulatory classification
Jarangdih OC,,,,,,,,,0,Jarangdih OC.,Contextual_Fuzzy,0.3891625723891344,0.3891625723891344,0.0,Normal,Latest production change is within the normal range of observed production changes.,0.61,True,1,1,50.0,Operational Only,0,Mine-level safety evidence unavailable,60.0,Moderate,Opencast,-0.339314476437075,0,8.482861910926875,Normal,Lower than peer average,9.72906430972836,9.72906430972836,,9.72906430972836,LOW,No major risk indicator,No Immediate High-Risk Indicator Detected,No unusual peer-group production pattern detected.,Prototype AI risk indicator - not an official regulatory classification
"Jawahar Khani OC-5,",,,,,,,,,0,"Jawahar Khani OC-5,",Contextual_Fuzzy,-0.6900734924982153,0.6900734924982153,0.0,Normal,Latest production change is within the normal range of observed production changes.,-0.5099999999999998,True,1,1,50.0,Operational Only,0,Mine-level safety evidence unavailable,60.0,Moderate,Opencast,-0.3534570138691401,0,8.836425346728502,Normal,Lower than peer average,17.251837312455383,17.251837312455383,,17.251837312455383,LOW,No major risk indicator,No Immediate High-Risk Indicator Detected,No unusual peer-group production pattern detected.,Prototype AI risk indicator - not an official regulatory classification
Jayant Project,,,,,,,,,0,Jayant Project,Contextual_Fuzzy,3.0198004805520497,3.0198004805520497,1.0,Highly Unusual,Production increased by 3.34 MT compared with the previous year; the change is statistically unusual (Z-score: 3.02).,3.34,True,1,1,50.0,Operational Only,0,Mine-level safety evidence unavailable,60.0,Moderate,Opencast,5.030556477455756,1,100.0,Highly Unusual,Higher than peer average,75.49501201380124,75.49501201380124,,75.49501201380124,HIGH,"Operational indicator, Peer production anomaly",Further Assessment Required,Production is higher than peer average compared with the Opencast peer group.,Prototype AI risk indicator - not an official regulatory classification
Jhanjra Project Colliery,,,,,,,,,0,,,,,,,,,,0,0,0.0,Insufficient Evidence,0,Mine-level safety evidence unavailable,0.0,Insufficient Evidence,Underground,7.406155757171199,1,100.0,Highly Unusual,Higher than peer average,,,,,Insufficient Evidence,Peer production anomaly,Insufficient Evidence for Risk Assessment,Production is higher than peer average compared with the Underground peer group.,Prototype AI risk indicator - not an official regulatory classification
Jharkhand OCP,,,,,,,,,0,Jharkhand OCP,Contextual_Fuzzy,-0.1600914963481776,0.1600914963481776,0.0,Normal,Latest production change is within the normal range of observed production changes.,0.0399999999999999,True,1,1,50.0,Operational Only,0,Mine-level safety evidence unavailable,60.0,Moderate,Opencast,-0.4748050359424837,0,11.870125898562092,Normal,Lower than peer average,4.00228740870444,4.00228740870444,,4.00228740870444,LOW,No major risk indicator,No Immediate High-Risk Indicator Detected,No unusual peer-group production pattern detected.,Prototype AI risk indicator - not an official regulatory classification
Jhilimili Colliery,,,,,,,,,0,Jhilimili Colliery,Contextual_Fuzzy,-0.1408194237609034,0.1408194237609034,0.0,Normal,Latest production change is within the normal range of observed production changes.,0.06,True,1,1,50.0,Operational Only,0,Mine-level safety evidence unavailable,60.0,Moderate,Underground,0.4892739068612237,0,12.231847671530591,Normal,Higher than peer average,3.5204855940225848,3.5204855940225848,,3.5204855940225848,LOW,No major risk indicator,No Immediate High-Risk Indicator Detected,No unusual peer-group production pattern detected.,Prototype AI risk indicator - not an official regulatory classification
Jhingurda Project,,,,,,,,,0,Jhingurda Project,Contextual_Fuzzy,-0.1119113148799924,0.1119113148799924,0.0,Normal,Latest production change is within the normal range of observed production changes.,0.0899999999999998,True,1,1,50.0,Operational Only,0,Mine-level safety evidence unavailable,60.0,Moderate,Opencast,0.0924117332078384,0,2.310293330195962,Normal,Higher than peer average,2.79778287199981,2.79778287199981,,2.79778287199981,LOW,No major risk indicator,No Immediate High-Risk Indicator Detected,No unusual peer-group production pattern detected.,Prototype AI risk indicator - not an official regulatory classification
Jhiria,,,,,,,,,0,Jhiria,Contextual_Fuzzy,-0.1600914963481775,0.1600914963481775,0.0,Normal,Latest production change is within the normal range of observed production changes.,0.04,True,1,1,50.0,Operational Only,0,Mine-level safety evidence unavailable,60.0,Moderate,Underground,-0.0576704421584816,0,1.4417610539620411,Normal,Lower than peer average,4.002287408704437,4.002287408704437,,4.002287408704437,LOW,No major risk indicator,No Immediate High-Risk Indicator Detected,No unusual peer-group production pattern detected.,Prototype AI risk indicator - not an official regulatory classification
Jitpur Colliery,,,,,,,,,0,Jitpur Colliery,Contextual_Fuzzy,-0.1793635689354517,0.1793635689354517,0.0,Normal,Latest production change is within the normal range of observed production changes.,0.0199999999999999,True,1,1,50.0,Operational Only,0,Mine-level safety evidence unavailable,60.0,Moderate,Underground,-0.5472007434910356,0,13.68001858727589,Normal,Lower than peer average,4.484089223386293,4.484089223386293,,4.484089223386293,LOW,No major risk indicator,No Immediate High-Risk Indicator Detected,No unusual peer-group production pattern detected.,Prototype AI risk indicator - not an official regulatory classification
Jogidih,,,,,,,,,0,Jogidih,Contextual_Fuzzy,-0.1986356415227257,0.1986356415227257,0.0,Normal,Latest production change is within the normal range of observed production changes.,0.0,True,1,1,50.0,Operational Only,0,Mine-level safety evidence unavailable,60.0,Moderate,Underground,-0.5895058312605156,0,14.73764578151289,Normal,Lower than peer average,4.9658910380681425,4.9658910380681425,,4.9658910380681425,LOW,No major risk indicator,No Immediate High-Risk Indicator Detected,No unusual peer-group production pattern detected.,Prototype AI risk indicator - not an official regulatory classification
Joyrampur,,,,,,,,,0,,,,,,,,,,0,0,0.0,Insufficient Evidence,0,Mine-level safety evidence unavailable,0.0,Insufficient Evidence,Opencast,-0.4373020572163826,0,10.932551430409566,Normal,Lower than peer average,,,,,Insufficient Evidence,No major risk indicator,Insufficient Evidence for Risk Assessment,No unusual peer-group production pattern detected.,Prototype AI risk indicator - not an official regulatory classification
"Junad,",,,,,,,,,0,"Junad,",Contextual_Fuzzy,-0.3624482585145556,0.3624482585145556,0.0,Normal,Latest production change is within the normal range of observed production changes.,-0.1699999999999999,True,1,1,50.0,Operational Only,0,Mine-level safety evidence unavailable,60.0,Moderate,Opencast,-0.4677337672264511,0,11.69334418066128,Normal,Lower than peer average,9.06120646286389,9.06120646286389,,9.06120646286389,LOW,No major risk indicator,No Immediate High-Risk Indicator Detected,No unusual peer-group production pattern detected.,Prototype AI risk indicator - not an official regulatory classification
K. Dewarkhand,,,,,,,,,0,K. Dewarkhand,Contextual_Fuzzy,0.2157139191036675,0.2157139191036675,0.0,Normal,Latest production change is within the normal range of observed production changes.,0.43,True,1,1,50.0,Operational Only,0,Mine-level safety evidence unavailable,60.0,Moderate,Opencast,-0.4173509776247195,0,10.433774440617988,Normal,Lower than peer average,5.392847977591687,5.392847977591687,,5.392847977591687,LOW,No major risk indicator,No Immediate High-Risk Indicator Detected,No unusual peer-group production pattern detected.,Prototype AI risk indicator - not an official regulatory classification
Kabribad OC,,,,,,,,,0,Kabribad OC,Contextual_Fuzzy,0.1964418465163933,0.1964418465163933,0.0,Normal,Latest production change is within the normal range of observed production changes.,0.41,True,1,1,50.0,Operational Only,0,Mine-level safety evidence unavailable,60.0,Moderate,Opencast,-0.4745524906311967,0,11.863812265779918,Normal,Lower than peer average,4.911046162909832,4.911046162909832,,4.911046162909832,LOW,No major risk indicator,No Immediate High-Risk Indicator Detected,No unusual peer-group production pattern detected.,Prototype AI risk indicator - not an official regulatory classification
Kakatiya Khani-1 & 1A Incline,,,,,,,,,0,Kakatiya Khani-1 & 1A Incline,Contextual_Fuzzy,-0.2275437504036369,0.2275437504036369,0.0,Normal,Latest production change is within the normal range of observed production changes.,-0.03,True,1,1,50.0,Operational Only,0,Mine-level safety evidence unavailable,60.0,Moderate,Underground,0.0390269013146154,0,0.9756725328653858,Normal,Higher than peer average,5.688593760090923,5.688593760090923,,5.688593760090923,LOW,No major risk indicator,No Immediate High-Risk Indicator Detected,No unusual peer-group production pattern detected.,Prototype AI risk indicator - not an official regulatory classification
Kakatiya Khani-5 Incline,,,,,,,,,0,Kakatiya Khani-5 Incline,Contextual_Fuzzy,-0.2082716778163628,0.2082716778163628,0.0,Normal,Latest production change is within the normal range of observed production changes.,-0.01,True,1,1,50.0,Operational Only,0,Mine-level safety evidence unavailable,60.0,Moderate,Underground,-0.0002563944713302,0,0.0064098617832572,Normal,Lower than peer average,5.20679194540907,5.20679194540907,,5.20679194540907,LOW,No major risk indicator,No Immediate High-Risk Indicator Detected,No unusual peer-group production pattern detected.,Prototype AI risk indicator - not an official regulatory classification
"Kakatiya Khani-6, Incline",,,,,,,,,0,"Kakatiya Khani-6, Incline",Contextual_Fuzzy,-0.2275437504036369,0.2275437504036369,0.0,Normal,Latest production change is within the normal range of observed production changes.,-0.03,True,1,1,50.0,Operational Only,0,Mine-level safety evidence unavailable,60.0,Moderate,Underground,-0.2631522970388129,0,6.578807425970323,Normal,Lower than peer average,5.688593760090923,5.688593760090923,,5.688593760090923,LOW,No major risk indicator,No Immediate High-Risk Indicator Detected,No unusual peer-group production pattern detected.,Prototype AI risk indicator - not an official regulatory classification
Kakatiya Khani-8 & 8A Incline,,,,,,,,,0,Kakatiya Khani-8 & 8A Incline,Contextual_Fuzzy,-0.2179077141099998,0.2179077141099998,0.0,Normal,Latest production change is within the normal range of observed production changes.,-0.0199999999999999,True,1,1,50.0,Operational Only,0,Mine-level safety evidence unavailable,60.0,Moderate,Underground,-0.1241498657962358,0,3.103746644905897,Normal,Lower than peer average,5.447692852749995,5.447692852749995,,5.447692852749995,LOW,No major risk indicator,No Immediate High-Risk Indicator Detected,No unusual peer-group production pattern detected.,Prototype AI risk indicator - not an official regulatory classification
Kakatiya Khani-OC II,,,,,,,,,0,Kakatiya Khani-OC II,Contextual_Fuzzy,0.0326292295245634,0.0326292295245634,0.0,Normal,Latest production change is within the normal range of observed production changes.,0.24,True,1,1,50.0,Operational Only,0,Mine-level safety evidence unavailable,60.0,Moderate,Opencast,-0.3370415686354931,0,8.426039215887329,Normal,Lower than peer average,0.815730738114085,0.815730738114085,,0.815730738114085,LOW,No major risk indicator,No Immediate High-Risk Indicator Detected,No unusual peer-group production pattern detected.,Prototype AI risk indicator - not an official regulatory classification
Kakatiya Khani-OC-III,,,,,,,,,0,Kakatiya Khani-OC-III,Contextual_Fuzzy,0.3698904998018604,0.3698904998018604,0.0,Normal,Latest production change is within the normal range of observed production changes.,0.5900000000000001,True,1,1,50.0,Operational Only,0,Mine-level safety evidence unavailable,60.0,Moderate,Opencast,-0.3534570138691401,0,8.836425346728502,Normal,Lower than peer average,9.24726249504651,9.24726249504651,,9.24726249504651,LOW,No major risk indicator,No Immediate High-Risk Indicator Detected,No unusual peer-group production pattern detected.,Prototype AI risk indicator - not an official regulatory classification
Kakri Project,,,,,,,,,0,Kakri Project,Contextual_Fuzzy,-0.6033491658554817,0.6033491658554817,0.0,Normal,Latest production change is within the normal range of observed production changes.,-0.4199999999999997,True,1,1,50.0,Operational Only,0,Mine-level safety evidence unavailable,60.0,Moderate,Opencast,-0.1860194724859417,0,4.650486812148542,Normal,Lower than peer average,15.083729146387043,15.083729146387043,,15.083729146387043,LOW,No major risk indicator,No Immediate High-Risk Indicator Detected,No unusual peer-group production pattern detected.,Prototype AI risk indicator - not an official regulatory classification
Kalidaspur Project,,,,,,,,,0,Kalidaspur Project,Contextual_Fuzzy,-0.1793635689354516,0.1793635689354516,0.0,Normal,Latest production change is within the normal range of observed production changes.,0.02,True,1,1,50.0,Operational Only,0,Mine-level safety evidence unavailable,60.0,Moderate,Underground,-0.40215472828139,0,10.053868207034752,Normal,Lower than peer average,4.48408922338629,4.48408922338629,,4.48408922338629,LOW,No major risk indicator,No Immediate High-Risk Indicator Detected,No unusual peer-group production pattern detected.,Prototype AI risk indicator - not an official regulatory classification
Kalyan Khani OC,,,,,,,,,0,Kalyan Khani OC,Contextual_Fuzzy,-0.2660878955781851,0.2660878955781851,0.0,Normal,Latest production change is within the normal range of observed production changes.,-0.07,True,1,1,50.0,Operational Only,0,Mine-level safety evidence unavailable,60.0,Moderate,Opencast,-0.3021903156779043,0,7.554757891947609,Normal,Lower than peer average,6.652197389454627,6.652197389454627,,6.652197389454627,LOW,No major risk indicator,No Immediate High-Risk Indicator Detected,No unusual peer-group production pattern detected.,Prototype AI risk indicator - not an official regulatory classification
Kalyan Khani-1 & 5 Incline,,,,,,,,,0,Kalyan Khani-1 Incline,Contextual_Fuzzy,-0.3046320407527333,0.3046320407527333,0.0,Normal,Latest production change is within the normal range of observed production changes.,-0.11,True,1,1,50.0,Operational Only,0,Mine-level safety evidence unavailable,60.0,Moderate,Underground,0.0148525654463411,0,0.3713141361585285,Normal,Higher than peer average,7.615801018818333,7.615801018818333,,7.615801018818333,LOW,No major risk indicator,No Immediate High-Risk Indicator Detected,No unusual peer-group production pattern detected.,Prototype AI risk indicator - not an official regulatory classification
Kanchan OC,,,,,,,,,0,Kanchan OC,Contextual_Fuzzy,0.1868058102227563,0.1868058102227563,0.0,Normal,Latest production change is within the normal range of observed production changes.,0.4,True,1,1,50.0,Operational Only,0,Mine-level safety evidence unavailable,60.0,Moderate,Opencast,-0.4116687081207648,0,10.29171770301912,Normal,Lower than peer average,4.670145255568907,4.670145255568907,,4.670145255568907,LOW,No major risk indicator,No Immediate High-Risk Indicator Detected,No unusual peer-group production pattern detected.,Prototype AI risk indicator - not an official regulatory classification
Kaniha OCP,,,,,,,,,0,Kaniha OCP,Contextual_Fuzzy,-0.5262608755063855,0.5262608755063855,0.0,Normal,Latest production change is within the normal range of observed production changes.,-0.3399999999999998,True,1,1,50.0,Operational Only,0,Mine-level safety evidence unavailable,60.0,Moderate,Opencast,0.9650820563596364,0,24.12705140899091,Normal,Higher than peer average,13.156521887659636,13.156521887659636,,13.156521887659636,LOW,No major risk indicator,No Immediate High-Risk Indicator Detected,No unusual peer-group production pattern detected.,Prototype AI risk indicator - not an official regulatory classification
Kankanee,,,,,,,,,0,Kankanee,Contextual_Fuzzy,-0.0830032059990811,0.0830032059990811,0.0,Normal,Latest production change is within the normal range of observed production changes.,0.12,True,1,1,50.0,Operational Only,0,Mine-level safety evidence unavailable,60.0,Moderate,Opencast,-0.484149212460098,0,12.103730311502453,Normal,Lower than peer average,2.0750801499770275,2.0750801499770275,,2.0750801499770275,LOW,No major risk indicator,No Immediate High-Risk Indicator Detected,No unusual peer-group production pattern detected.,Prototype AI risk indicator - not an official regulatory classification
Kapasara,,,,,,,,,0,Kapasara,Contextual_Fuzzy,-0.2853599681654592,0.2853599681654592,0.0,Normal,Latest production change is within the normal range of observed production changes.,-0.09,True,1,1,50.0,Operational Only,0,Mine-level safety evidence unavailable,60.0,Moderate,Opencast,-0.5212733732192687,0,13.031834330481718,Normal,Lower than peer average,7.13399920413648,7.13399920413648,,7.13399920413648,LOW,No major risk indicator,No Immediate High-Risk Indicator Detected,No unusual peer-group production pattern detected.,Prototype AI risk indicator - not an official regulatory classification
Kapurdi,,,,,,,,,0,,,,,,,,,,0,0,0.0,Insufficient Evidence,0,Mine-level safety evidence unavailable,0.0,Insufficient Evidence,Underground,-0.6287891270464613,0,15.719728176161532,Normal,Lower than peer average,,,,,Insufficient Evidence,No major risk indicator,Insufficient Evidence for Risk Assessment,No unusual peer-group production pattern detected.,Prototype AI risk indicator - not an official regulatory classification
Kargali OC,,,,,,,,,0,,,,,,,,,,0,0,0.0,Insufficient Evidence,0,Mine-level safety evidence unavailable,0.0,Insufficient Evidence,Opencast,-0.5263242794450063,0,13.158106986125157,Normal,Lower than peer average,,,,,Insufficient Evidence,No major risk indicator,Insufficient Evidence for Risk Assessment,No unusual peer-group production pattern detected.,Prototype AI risk indicator - not an official regulatory classification
Karma,,,,,,,,,0,Karma,Contextual_Fuzzy,-0.063731133411807,0.063731133411807,0.0,Normal,Latest production change is within the normal range of observed production changes.,0.14,True,1,1,50.0,Operational Only,0,Mine-level safety evidence unavailable,60.0,Moderate,Opencast,-0.4176035229360064,0,10.44008807340016,Normal,Lower than peer average,1.593278335295175,1.593278335295175,,1.593278335295175,LOW,No major risk indicator,No Immediate High-Risk Indicator Detected,No unusual peer-group production pattern detected.,Prototype AI risk indicator - not an official regulatory classification
KARO SPL OC,,,,,,,,,0,,,,,,,,,,0,0,0.0,Insufficient Evidence,0,Mine-level safety evidence unavailable,0.0,Insufficient Evidence,Underground,-0.6287891270464613,0,15.719728176161532,Normal,Lower than peer average,,,,,Insufficient Evidence,No major risk indicator,Insufficient Evidence for Risk Assessment,No unusual peer-group production pattern detected.,Prototype AI risk indicator - not an official regulatory classification
Karo-I OC,,,,,,,,,0,Karo-I OC,Contextual_Fuzzy,-0.3913563673954667,0.3913563673954667,0.0,Normal,Latest production change is within the normal range of observed production changes.,-0.1999999999999999,True,1,1,50.0,Operational Only,0,Mine-level safety evidence unavailable,60.0,Moderate,Opencast,-0.3598969193069553,0,8.997422982673884,Normal,Lower than peer average,9.783909184886667,9.783909184886667,,9.783909184886667,LOW,No major risk indicator,No Immediate High-Risk Indicator Detected,No unusual peer-group production pattern detected.,Prototype AI risk indicator - not an official regulatory classification
Kasipet 1 Incline,,,,,,,,,0,Kasipet 1 Incline,Contextual_Fuzzy,-0.1600914963481776,0.1600914963481776,0.0,Normal,Latest production change is within the normal range of observed production changes.,0.0399999999999999,True,1,1,50.0,Operational Only,0,Mine-level safety evidence unavailable,60.0,Moderate,Underground,-0.1876074974504558,0,4.690187436261397,Normal,Lower than peer average,4.00228740870444,4.00228740870444,,4.00228740870444,LOW,No major risk indicator,No Immediate High-Risk Indicator Detected,No unusual peer-group production pattern detected.,Prototype AI risk indicator - not an official regulatory classification
Kasipet 2 Incline,,,,,,,,,0,Kasipet 2 Incline,Contextual_Fuzzy,-0.1697275326418146,0.1697275326418146,0.0,Normal,Latest production change is within the normal range of observed production changes.,0.03,True,1,1,50.0,Operational Only,0,Mine-level safety evidence unavailable,60.0,Moderate,Underground,-0.3356753046436357,0,8.391882616090895,Normal,Lower than peer average,4.243188316045365,4.243188316045365,,4.243188316045365,LOW,No major risk indicator,No Immediate High-Risk Indicator Detected,No unusual peer-group production pattern detected.,Prototype AI risk indicator - not an official regulatory classification
Kathara Colly,,,,,,,,,0,Kathara Colly.,Contextual_Fuzzy,-0.073367169705444,0.073367169705444,0.0,Normal,Latest production change is within the normal range of observed production changes.,0.13,True,1,1,50.0,Operational Only,0,Mine-level safety evidence unavailable,60.0,Moderate,Opencast,-0.4734160367304058,0,11.835400918260143,Normal,Lower than peer average,1.8341792426361,1.8341792426361,,1.8341792426361,LOW,No major risk indicator,No Immediate High-Risk Indicator Detected,No unusual peer-group production pattern detected.,Prototype AI risk indicator - not an official regulatory classification
Kathautia Open Cast Coal Mine,,,,,,,,,0,Kathautia Open Cast Coal Mine,Contextual_Fuzzy,-0.1504554600545405,0.1504554600545405,0.0,Normal,Latest production change is within the normal range of observed production changes.,0.0499999999999999,True,1,1,50.0,Operational Only,0,Mine-level safety evidence unavailable,60.0,Moderate,Opencast,-0.5032163834622572,0,12.58040958655643,Normal,Lower than peer average,3.7613865013635124,3.7613865013635124,,3.7613865013635124,LOW,No major risk indicator,No Immediate High-Risk Indicator Detected,No unusual peer-group production pattern detected.,Prototype AI risk indicator - not an official regulatory classification
Katkona 1 & 2,,,,,,,,,0,,,,,,,,,,0,0,0.0,Insufficient Evidence,0,Mine-level safety evidence unavailable,0.0,Insufficient Evidence,Underground,0.023917941396944,0,0.5979485349236,Normal,Higher than peer average,,,,,Insufficient Evidence,No major risk indicator,Insufficient Evidence for Risk Assessment,No unusual peer-group production pattern detected.,Prototype AI risk indicator - not an official regulatory classification
Kedla (OC),,,,,,,,,0,Kedla (OC),Contextual_Fuzzy,-0.1986356415227257,0.1986356415227257,0.0,Normal,Latest production change is within the normal range of observed production changes.,0.0,True,1,1,50.0,Operational Only,0,Mine-level safety evidence unavailable,60.0,Moderate,Opencast,-0.5263242794450063,0,13.158106986125157,Normal,Lower than peer average,4.9658910380681425,4.9658910380681425,,4.9658910380681425,LOW,No major risk indicator,No Immediate High-Risk Indicator Detected,No unusual peer-group production pattern detected.,Prototype AI risk indicator - not an official regulatory classification
Kedla UG,,,,,,,,,0,,,,,,,,,,0,0,0.0,Insufficient Evidence,0,Mine-level safety evidence unavailable,0.0,Insufficient Evidence,Underground,-0.6287891270464613,0,15.719728176161532,Normal,Lower than peer average,,,,,Insufficient Evidence,No major risk indicator,Insufficient Evidence for Risk Assessment,No unusual peer-group production pattern detected.,Prototype AI risk indicator - not an official regulatory classification
Kerandari,,,,,,,,,0,,,,,,,,,,0,0,0.0,Insufficient Evidence,0,Mine-level safety evidence unavailable,0.0,Insufficient Evidence,Opencast,-0.4966502053687984,0,12.41625513421996,Normal,Lower than peer average,,,,,Insufficient Evidence,No major risk indicator,Insufficient Evidence for Risk Assessment,No unusual peer-group production pattern detected.,Prototype AI risk indicator - not an official regulatory classification
Ketki,,,,,,,,,0,Ketki,Contextual_Fuzzy,-0.1697275326418146,0.1697275326418146,0.0,Normal,Latest production change is within the normal range of observed production changes.,0.03,True,1,1,50.0,Operational Only,0,Mine-level safety evidence unavailable,60.0,Moderate,Underground,-0.5441789515075013,0,13.604473787687532,Normal,Lower than peer average,4.243188316045365,4.243188316045365,,4.243188316045365,LOW,No major risk indicator,No Immediate High-Risk Indicator Detected,No unusual peer-group production pattern detected.,Prototype AI risk indicator - not an official regulatory classification
Khadia Project,,,,,,,,,0,Khadia Project,Contextual_Fuzzy,-0.1986356415227257,0.1986356415227257,0.0,Normal,Latest production change is within the normal range of observed production changes.,0.0,True,1,1,50.0,Operational Only,0,Mine-level safety evidence unavailable,60.0,Moderate,Opencast,0.1761305038994375,0,4.40326259748594,Normal,Higher than peer average,4.9658910380681425,4.9658910380681425,,4.9658910380681425,LOW,No major risk indicator,No Immediate High-Risk Indicator Detected,No unusual peer-group production pattern detected.,Prototype AI risk indicator - not an official regulatory classification
Khairagura OC,,,,,,,,,0,Khairagura OC,Contextual_Fuzzy,0.6011553708491497,0.6011553708491497,0.0,Normal,Latest production change is within the normal range of observed production changes.,0.8300000000000001,True,1,1,50.0,Operational Only,0,Mine-level safety evidence unavailable,60.0,Moderate,Opencast,-0.0529280934377583,0,1.3232023359439582,Normal,Lower than peer average,15.028884271228742,15.028884271228742,,15.028884271228742,LOW,No major risk indicator,No Immediate High-Risk Indicator Detected,No unusual peer-group production pattern detected.,Prototype AI risk indicator - not an official regulatory classification
Khairaha,,,,,,,,,0,Khairaha,Contextual_Fuzzy,-0.1986356415227257,0.1986356415227257,0.0,Normal,Latest production change is within the normal range of observed production changes.,0.0,True,1,1,50.0,Operational Only,0,Mine-level safety evidence unavailable,60.0,Moderate,Underground,2.0213224425131053,1,50.53306106282764,Unusual,Higher than peer average,4.9658910380681425,4.9658910380681425,,4.9658910380681425,LOW,Peer production anomaly,No Immediate High-Risk Indicator Detected,Production is higher than peer average compared with the Underground peer group.,Prototype AI risk indicator - not an official regulatory classification
Khandra Colliery,,,,,,,,,0,Khandra Colliery,Contextual_Fuzzy,-0.2082716778163628,0.2082716778163628,0.0,Normal,Latest production change is within the normal range of observed production changes.,-0.01,True,1,1,50.0,Operational Only,0,Mine-level safety evidence unavailable,60.0,Moderate,Underground,-0.3538060565448414,0,8.845151413621036,Normal,Lower than peer average,5.20679194540907,5.20679194540907,,5.20679194540907,LOW,No major risk indicator,No Immediate High-Risk Indicator Detected,No unusual peer-group production pattern detected.,Prototype AI risk indicator - not an official regulatory classification
Kharkharee,,,,,,,,,0,Kharkharee,Contextual_Fuzzy,-0.1986356415227257,0.1986356415227257,0.0,Normal,Latest production change is within the normal range of observed production changes.,0.0,True,1,1,50.0,Operational Only,0,Mine-level safety evidence unavailable,60.0,Moderate,Underground,-0.6136801671287898,0,15.342004178219746,Normal,Lower than peer average,4.9658910380681425,4.9658910380681425,,4.9658910380681425,LOW,No major risk indicator,No Immediate High-Risk Indicator Detected,No unusual peer-group production pattern detected.,Prototype AI risk indicator - not an official regulatory classification
Khas Kajora Colliery,,,,,,,,,0,Khas Kajora Colliery,Contextual_Fuzzy,-0.2275437504036369,0.2275437504036369,0.0,Normal,Latest production change is within the normal range of observed production changes.,-0.03,True,1,1,50.0,Operational Only,0,Mine-level safety evidence unavailable,60.0,Moderate,Underground,-0.2178254172857986,0,5.445635432144966,Normal,Lower than peer average,5.688593760090923,5.688593760090923,,5.688593760090923,LOW,No major risk indicator,No Immediate High-Risk Indicator Detected,No unusual peer-group production pattern detected.,Prototype AI risk indicator - not an official regulatory classification
Khoodia,,,,,,,,,0,Khoodia,Contextual_Fuzzy,-0.1697275326418146,0.1697275326418146,0.0,Normal,Latest production change is within the normal range of observed production changes.,0.03,True,1,1,50.0,Operational Only,0,Mine-level safety evidence unavailable,60.0,Moderate,Underground,-0.5532443274581041,0,13.831108186452605,Normal,Lower than peer average,4.243188316045365,4.243188316045365,,4.243188316045365,LOW,No major risk indicator,No Immediate High-Risk Indicator Detected,No unusual peer-group production pattern detected.,Prototype AI risk indicator - not an official regulatory classification
Khottadih OCP,,,,,,,,,0,Khottadih OCP,Contextual_Fuzzy,-0.2853599681654592,0.2853599681654592,0.0,Normal,Latest production change is within the normal range of observed production changes.,-0.09,True,1,1,50.0,Operational Only,0,Mine-level safety evidence unavailable,60.0,Moderate,Opencast,-0.4713956742401108,0,11.784891856002773,Normal,Lower than peer average,7.13399920413648,7.13399920413648,,7.13399920413648,LOW,No major risk indicator,No Immediate High-Risk Indicator Detected,No unusual peer-group production pattern detected.,Prototype AI risk indicator - not an official regulatory classification
Khottadih UG,,,,,,,,,0,Khottadih UG,Contextual_Fuzzy,-0.2179077141099998,0.2179077141099998,0.0,Normal,Latest production change is within the normal range of observed production changes.,-0.02,True,1,1,50.0,Operational Only,0,Mine-level safety evidence unavailable,60.0,Moderate,Underground,0.9455644963749004,0,23.639112409372512,Normal,Higher than peer average,5.447692852749995,5.447692852749995,,5.447692852749995,LOW,No major risk indicator,No Immediate High-Risk Indicator Detected,No unusual peer-group production pattern detected.,Prototype AI risk indicator - not an official regulatory classification
Kistaram OC,,,,,,,,,0,Kistaram OC,Contextual_Fuzzy,0.1868058102227562,0.1868058102227562,0.0,Normal,Latest production change is within the normal range of observed production changes.,0.3999999999999999,True,1,1,50.0,Operational Only,0,Mine-level safety evidence unavailable,60.0,Moderate,Opencast,-0.2232699059007558,0,5.581747647518895,Normal,Lower than peer average,4.6701452555689045,4.6701452555689045,,4.6701452555689045,LOW,No major risk indicator,No Immediate High-Risk Indicator Detected,No unusual peer-group production pattern detected.,Prototype AI risk indicator - not an official regulatory classification
"Kolarpimpri,",,,,,,,,,0,"Kolarpimpri,",Contextual_Fuzzy,-0.1986356415227257,0.1986356415227257,0.0,Normal,Latest production change is within the normal range of observed production changes.,0.0,True,1,1,50.0,Operational Only,0,Mine-level safety evidence unavailable,60.0,Moderate,Opencast,-0.3369152959798497,0,8.422882399496242,Normal,Lower than peer average,4.9658910380681425,4.9658910380681425,,4.9658910380681425,LOW,No major risk indicator,No Immediate High-Risk Indicator Detected,No unusual peer-group production pattern detected.,Prototype AI risk indicator - not an official regulatory classification
Kolgaon OC,,,,,,,,,0,Kolgaon OC,Contextual_Fuzzy,-0.1986356415227257,0.1986356415227257,0.0,Normal,Latest production change is within the normal range of observed production changes.,0.0,True,1,1,50.0,Operational Only,0,Mine-level safety evidence unavailable,60.0,Moderate,Opencast,-0.4505606860589436,0,11.26401715147359,Normal,Lower than peer average,4.9658910380681425,4.9658910380681425,,4.9658910380681425,LOW,No major risk indicator,No Immediate High-Risk Indicator Detected,No unusual peer-group production pattern detected.,Prototype AI risk indicator - not an official regulatory classification
Kondapuram UG,,,,,,,,,0,,,,,,,,,,0,0,0.0,Insufficient Evidence,0,Mine-level safety evidence unavailable,0.0,Insufficient Evidence,Underground,-0.2027164573681273,0,5.067911434203182,Normal,Lower than peer average,,,,,Insufficient Evidence,No major risk indicator,Insufficient Evidence for Risk Assessment,No unusual peer-group production pattern detected.,Prototype AI risk indicator - not an official regulatory classification
Koya Gundem OC II,,,,,,,,,0,Koya Gundem OC II,Contextual_Fuzzy,-0.1986356415227257,0.1986356415227257,0.0,Normal,Latest production change is within the normal range of observed production changes.,0.0,True,1,1,50.0,Operational Only,0,Mine-level safety evidence unavailable,60.0,Moderate,Opencast,-0.1473800398590497,0,3.684500996476244,Normal,Lower than peer average,4.9658910380681425,4.9658910380681425,,4.9658910380681425,LOW,No major risk indicator,No Immediate High-Risk Indicator Detected,No unusual peer-group production pattern detected.,Prototype AI risk indicator - not an official regulatory classification
Krishnshila OCP,,,,,,,,,0,Krishnshila OCP,Contextual_Fuzzy,-0.1986356415227257,0.1986356415227257,0.0,Normal,Latest production change is within the normal range of observed production changes.,0.0,True,1,1,50.0,Operational Only,0,Mine-level safety evidence unavailable,60.0,Moderate,Opencast,-0.175160024100606,0,4.37900060251515,Normal,Lower than peer average,4.9658910380681425,4.9658910380681425,,4.9658910380681425,LOW,No major risk indicator,No Immediate High-Risk Indicator Detected,No unusual peer-group production pattern detected.,Prototype AI risk indicator - not an official regulatory classification
Kujama,,,,,,,,,0,,,,,,,,,,0,0,0.0,Insufficient Evidence,0,Mine-level safety evidence unavailable,0.0,Insufficient Evidence,Opencast,-0.4520759579266649,0,11.301898948166622,Normal,Lower than peer average,,,,,Insufficient Evidence,No major risk indicator,Insufficient Evidence for Risk Assessment,No unusual peer-group production pattern detected.,Prototype AI risk indicator - not an official regulatory classification
Kuju Colliery,,,,,,,,,0,,,,,,,,,,0,0,0.0,Insufficient Evidence,0,Mine-level safety evidence unavailable,0.0,Insufficient Evidence,Opencast,-0.5263242794450063,0,13.158106986125157,Normal,Lower than peer average,,,,,Insufficient Evidence,No major risk indicator,Insufficient Evidence for Risk Assessment,No unusual peer-group production pattern detected.,Prototype AI risk indicator - not an official regulatory classification
Kulda OCP Balinga,,,,,,,,,0,Kulda OCP Balinga,Contextual_Fuzzy,-0.1986356415227257,0.1986356415227257,0.0,Normal,Latest production change is within the normal range of observed production changes.,0.0,True,1,1,50.0,Operational Only,0,Mine-level safety evidence unavailable,60.0,Moderate,Opencast,2.125401489067185,1,53.13503722667963,Unusual,Higher than peer average,4.9658910380681425,4.9658910380681425,,4.9658910380681425,LOW,Peer production anomaly,No Immediate High-Risk Indicator Detected,Production is higher than peer average compared with the Opencast peer group.,Prototype AI risk indicator - not an official regulatory classification
Kumardhubi Colliery,,,,,,,,,0,Kumardhubi Colliery,Contextual_Fuzzy,-0.1986356415227257,0.1986356415227257,0.0,Normal,Latest production change is within the normal range of observed production changes.,0.0,True,1,1,50.0,Operational Only,0,Mine-level safety evidence unavailable,60.0,Moderate,Underground,-0.5683532873757756,0,14.20883218439439,Normal,Lower than peer average,4.9658910380681425,4.9658910380681425,,4.9658910380681425,LOW,No major risk indicator,No Immediate High-Risk Indicator Detected,No unusual peer-group production pattern detected.,Prototype AI risk indicator - not an official regulatory classification
Kumardihi-A Colliery,,,,,,,,,0,Kumardihi-A Colliery,Contextual_Fuzzy,-0.1986356415227257,0.1986356415227257,0.0,Normal,Latest production change is within the normal range of observed production changes.,0.0,True,1,1,50.0,Operational Only,0,Mine-level safety evidence unavailable,60.0,Moderate,Underground,-0.35984964051191,0,8.996241012797752,Normal,Lower than peer average,4.9658910380681425,4.9658910380681425,,4.9658910380681425,LOW,No major risk indicator,No Immediate High-Risk Indicator Detected,No unusual peer-group production pattern detected.,Prototype AI risk indicator - not an official regulatory classification
Kumda 7 & 8,,,,,,,,,0,Kumda 7 & 8,Contextual_Fuzzy,-0.2082716778163628,0.2082716778163628,0.0,Normal,Latest production change is within the normal range of observed production changes.,-0.01,True,1,1,50.0,Operational Only,0,Mine-level safety evidence unavailable,60.0,Moderate,Underground,-0.5955494152275841,0,14.888735380689605,Normal,Lower than peer average,5.20679194540907,5.20679194540907,,5.20679194540907,LOW,No major risk indicator,No Immediate High-Risk Indicator Detected,No unusual peer-group production pattern detected.,Prototype AI risk indicator - not an official regulatory classification
Kunustoria Colliery,,,,,,,,,0,Kunustoria Colliery,Contextual_Fuzzy,-0.2179077141099998,0.2179077141099998,0.0,Normal,Latest production change is within the normal range of observed production changes.,-0.02,True,1,1,50.0,Operational Only,0,Mine-level safety evidence unavailable,60.0,Moderate,Underground,-0.3900675603472529,0,9.75168900868132,Normal,Lower than peer average,5.447692852749995,5.447692852749995,,5.447692852749995,LOW,No major risk indicator,No Immediate High-Risk Indicator Detected,No unusual peer-group production pattern detected.,Prototype AI risk indicator - not an official regulatory classification
Kurasia UG,,,,,,,,,0,Kurasia UG,Contextual_Fuzzy,-0.1889996052290887,0.1889996052290887,0.0,Normal,Latest production change is within the normal range of observed production changes.,0.01,True,1,1,50.0,Operational Only,0,Mine-level safety evidence unavailable,60.0,Moderate,Underground,-0.0123435624054674,0,0.3085890601366859,Normal,Lower than peer average,4.7249901307272175,4.7249901307272175,,4.7249901307272175,LOW,No major risk indicator,No Immediate High-Risk Indicator Detected,No unusual peer-group production pattern detected.,Prototype AI risk indicator - not an official regulatory classification
Kurja/Sheetaldhara/Kapildhara,,,,,,,,,0,,,,,,,,,,0,0,0.0,Insufficient Evidence,0,Mine-level safety evidence unavailable,0.0,Insufficient Evidence,Underground,1.81281879564924,0,45.320469891231,Normal,Higher than peer average,,,,,Insufficient Evidence,No major risk indicator,Insufficient Evidence for Risk Assessment,No unusual peer-group production pattern detected.,Prototype AI risk indicator - not an official regulatory classification
Kusmunda Project,,,,,,,,,0,Kusmunda Project,Contextual_Fuzzy,6.623678054372313,6.623678054372313,1.0,Highly Unusual,Production increased by 7.08 MT compared with the previous year; the change is statistically unusual (Z-score: 6.62).,7.080000000000005,True,1,1,50.0,Operational Only,0,Mine-level safety evidence unavailable,60.0,Moderate,Opencast,5.803092584682307,1,100.0,Highly Unusual,Higher than peer average,100.0,100.0,,100.0,CRITICAL,"Operational indicator, Peer production anomaly",Priority Inspection / Further Assessment Required,Production is higher than peer average compared with the Opencast peer group.,Prototype AI risk indicator - not an official regulatory classification
Kuya,,,,,,,,,0,Kuya,Contextual_Fuzzy,-0.1215473511736297,0.1215473511736297,0.0,Normal,Latest production change is within the normal range of observed production changes.,0.0799999999999996,True,1,1,50.0,Operational Only,0,Mine-level safety evidence unavailable,60.0,Moderate,Opencast,-0.1727608436433807,0,4.319021091084519,Normal,Lower than peer average,3.038683779340743,3.038683779340743,,3.038683779340743,LOW,No major risk indicator,No Immediate High-Risk Indicator Detected,No unusual peer-group production pattern detected.,Prototype AI risk indicator - not an official regulatory classification
Laiyo UGP,,,,,,,,,0,,,,,,,,,,0,0,0.0,Insufficient Evidence,0,Mine-level safety evidence unavailable,0.0,Insufficient Evidence,Underground,-0.6287891270464613,0,15.719728176161532,Normal,Lower than peer average,,,,,Insufficient Evidence,No major risk indicator,Insufficient Evidence for Risk Assessment,No unusual peer-group production pattern detected.,Prototype AI risk indicator - not an official regulatory classification
Lajkura OCP,,,,,,,,,0,,,,,,,,,,0,0,0.0,Insufficient Evidence,0,Mine-level safety evidence unavailable,0.0,Insufficient Evidence,Opencast,0.0419026709504633,0,1.047566773761584,Normal,Higher than peer average,,,,,Insufficient Evidence,No major risk indicator,Insufficient Evidence for Risk Assessment,No unusual peer-group production pattern detected.,Prototype AI risk indicator - not an official regulatory classification
Lakhimata,,,,,,,,,0,Lakhimata,Contextual_Fuzzy,-0.1889996052290888,0.1889996052290888,0.0,Normal,Latest production change is within the normal range of observed production changes.,0.0099999999999999,True,1,1,50.0,Operational Only,0,Mine-level safety evidence unavailable,60.0,Moderate,Underground,-0.4505034000179385,0,11.262585000448464,Normal,Lower than peer average,4.72499013072722,4.72499013072722,,4.72499013072722,LOW,No major risk indicator,No Immediate High-Risk Indicator Detected,No unusual peer-group production pattern detected.,Prototype AI risk indicator - not an official regulatory classification
Lingaraj OCP,,,,,,,,,0,Lingaraj OCP,Contextual_Fuzzy,0.7938760967218883,0.7938760967218883,0.0,Normal,Latest production change is within the normal range of observed production changes.,1.0299999999999976,True,1,1,50.0,Operational Only,0,Mine-level safety evidence unavailable,60.0,Moderate,Opencast,1.6884981005408908,0,42.21245251352227,Normal,Higher than peer average,19.846902418047208,19.846902418047208,,19.846902418047208,LOW,No major risk indicator,No Immediate High-Risk Indicator Detected,No unusual peer-group production pattern detected.,Prototype AI risk indicator - not an official regulatory classification
Lower Kenda Colliery,,,,,,,,,0,Lower Kenda Colliery,Contextual_Fuzzy,-0.1986356415227257,0.1986356415227257,0.0,Normal,Latest production change is within the normal range of observed production changes.,0.0,True,1,1,50.0,Operational Only,0,Mine-level safety evidence unavailable,60.0,Moderate,Underground,-0.4837431118368156,0,12.09357779592039,Normal,Lower than peer average,4.9658910380681425,4.9658910380681425,,4.9658910380681425,LOW,No major risk indicator,No Immediate High-Risk Indicator Detected,No unusual peer-group production pattern detected.,Prototype AI risk indicator - not an official regulatory classification
Madhaipur,,,,,,,,,0,,,,,,,,,,0,0,0.0,Insufficient Evidence,0,Mine-level safety evidence unavailable,0.0,Insufficient Evidence,Mixed,-0.4731008738987806,0,11.827521847469514,Normal,Lower than peer average,,,,,Insufficient Evidence,No major risk indicator,Insufficient Evidence for Risk Assessment,No unusual peer-group production pattern detected.,Prototype AI risk indicator - not an official regulatory classification
Madhaipur Mixed,,,,,,,,,0,,,,,,,,,,0,0,0.0,Insufficient Evidence,0,Mine-level safety evidence unavailable,0.0,Insufficient Evidence,Mixed,-0.3747101710506965,0,9.367754276267414,Normal,Lower than peer average,,,,,Insufficient Evidence,No major risk indicator,Insufficient Evidence for Risk Assessment,No unusual peer-group production pattern detected.,Prototype AI risk indicator - not an official regulatory classification
Madhusudanpur 7 Pit & Incline,,,,,,,,,0,,,,,,,,,,0,0,0.0,Insufficient Evidence,0,Mine-level safety evidence unavailable,0.0,Insufficient Evidence,Underground,-0.5743968713428442,0,14.359921783571108,Normal,Lower than peer average,,,,,Insufficient Evidence,No major risk indicator,Insufficient Evidence for Risk Assessment,No unusual peer-group production pattern detected.,Prototype AI risk indicator - not an official regulatory classification
Magadh OCP,,,,,,,,,0,Magadh OCP,Contextual_Fuzzy,4.060492400264852,4.060492400264852,1.0,Highly Unusual,Production increased by 4.42 MT compared with the previous year; the change is statistically unusual (Z-score: 4.06).,4.42,True,1,1,50.0,Operational Only,0,Mine-level safety evidence unavailable,60.0,Moderate,Opencast,1.999128833423748,0,49.97822083559369,Normal,Higher than peer average,100.0,100.0,,100.0,CRITICAL,Operational indicator,Priority Inspection / Further Assessment Required,No unusual peer-group production pattern detected.,Prototype AI risk indicator - not an official regulatory classification
Mahadeopuri,,,,,,,,,0,Mahadeopuri,Contextual_Fuzzy,-0.237179786697274,0.237179786697274,0.0,Normal,Latest production change is within the normal range of observed production changes.,-0.04,True,1,1,50.0,Operational Only,0,Mine-level safety evidence unavailable,60.0,Moderate,Underground,-0.5290699915898299,0,13.226749789745748,Normal,Lower than peer average,5.929494667431849,5.929494667431849,,5.929494667431849,LOW,No major risk indicator,No Immediate High-Risk Indicator Detected,No unusual peer-group production pattern detected.,Prototype AI risk indicator - not an official regulatory classification
Mahakali Colliery,,,,,,,,,0,Mahakali Colliery,Contextual_Fuzzy,-0.1986356415227257,0.1986356415227257,0.0,Normal,Latest production change is within the normal range of observed production changes.,0.0,True,1,1,50.0,Operational Only,0,Mine-level safety evidence unavailable,60.0,Moderate,Underground,-0.6287891270464613,0,15.719728176161532,Normal,Lower than peer average,4.9658910380681425,4.9658910380681425,,4.9658910380681425,LOW,No major risk indicator,No Immediate High-Risk Indicator Detected,No unusual peer-group production pattern detected.,Prototype AI risk indicator - not an official regulatory classification
Maheshpur,,,,,,,,,0,Maheshpur,Contextual_Fuzzy,-0.1986356415227257,0.1986356415227257,0.0,Normal,Latest production change is within the normal range of observed production changes.,0.0,True,1,1,50.0,Operational Only,0,Mine-level safety evidence unavailable,60.0,Moderate,Underground,-0.541157159523967,0,13.528928988099176,Normal,Lower than peer average,4.9658910380681425,4.9658910380681425,,4.9658910380681425,LOW,No major risk indicator,No Immediate High-Risk Indicator Detected,No unusual peer-group production pattern detected.,Prototype AI risk indicator - not an official regulatory classification
Makardhokra-I OC Expansion Mine,,,,,,,,,0,Makardhokra-I OC Expansion Mine,Contextual_Fuzzy,-0.1986356415227257,0.1986356415227257,0.0,Normal,Latest production change is within the normal range of observed production changes.,0.0,True,1,1,50.0,Operational Only,0,Mine-level safety evidence unavailable,60.0,Moderate,Opencast,0.004020874257432,0,0.1005218564358017,Normal,Higher than peer average,4.9658910380681425,4.9658910380681425,,4.9658910380681425,LOW,No major risk indicator,No Immediate High-Risk Indicator Detected,No unusual peer-group production pattern detected.,Prototype AI risk indicator - not an official regulatory classification
Makardhokra-III OC MINE,,,,,,,,,0,,,,,,,,,,0,0,0.0,Insufficient Evidence,0,Mine-level safety evidence unavailable,0.0,Insufficient Evidence,Opencast,0.033442403022353,0,0.8360600755588252,Normal,Higher than peer average,,,,,Insufficient Evidence,No major risk indicator,Insufficient Evidence for Risk Assessment,No unusual peer-group production pattern detected.,Prototype AI risk indicator - not an official regulatory classification
Mandarboni,,,,,,,,,0,,,,,,,,,,0,0,0.0,Insufficient Evidence,0,Mine-level safety evidence unavailable,0.0,Insufficient Evidence,Underground,-0.5290699915898299,0,13.226749789745748,Normal,Lower than peer average,,,,,Insufficient Evidence,No major risk indicator,Insufficient Evidence for Risk Assessment,No unusual peer-group production pattern detected.,Prototype AI risk indicator - not an official regulatory classification
Manikpur,,,,,,,,,0,Manikpur,Contextual_Fuzzy,-0.1986356415227257,0.1986356415227257,0.0,Normal,Latest production change is within the normal range of observed production changes.,0.0,True,1,1,50.0,Operational Only,0,Mine-level safety evidence unavailable,60.0,Moderate,Opencast,0.1366071626830416,0,3.415179067076041,Normal,Higher than peer average,4.9658910380681425,4.9658910380681425,,4.9658910380681425,LOW,No major risk indicator,No Immediate High-Risk Indicator Detected,No unusual peer-group production pattern detected.,Prototype AI risk indicator - not an official regulatory classification
Manki/Churi,,,,,,,,,0,Manki/Churi,Contextual_Fuzzy,-0.2757239318718221,0.2757239318718221,0.0,Normal,Latest production change is within the normal range of observed production changes.,-0.0799999999999999,True,1,1,50.0,Operational Only,0,Mine-level safety evidence unavailable,60.0,Moderate,Underground,1.2688962386130689,0,31.72240596532672,Normal,Higher than peer average,6.893098296795552,6.893098296795552,,6.893098296795552,LOW,No major risk indicator,No Immediate High-Risk Indicator Detected,No unusual peer-group production pattern detected.,Prototype AI risk indicator - not an official regulatory classification
Manna Incline,,,,,,,,,0,Manna Incline,Contextual_Fuzzy,-0.2082716778163628,0.2082716778163628,0.0,Normal,Latest production change is within the normal range of observed production changes.,-0.01,True,1,1,50.0,Operational Only,0,Mine-level safety evidence unavailable,60.0,Moderate,Underground,-0.6287891270464613,0,15.719728176161532,Normal,Lower than peer average,5.20679194540907,5.20679194540907,,5.20679194540907,LOW,No major risk indicator,No Immediate High-Risk Indicator Detected,No unusual peer-group production pattern detected.,Prototype AI risk indicator - not an official regulatory classification
Manoharpur Coal Mine,,,,,,,,,0,Manoharpur Coal Mine,Contextual_Fuzzy,0.2928022094527637,0.2928022094527637,0.0,Normal,Latest production change is within the normal range of observed production changes.,0.5099999999999998,True,1,1,50.0,Operational Only,0,Mine-level safety evidence unavailable,60.0,Moderate,Opencast,0.5481297474250051,0,13.703243685625129,Normal,Higher than peer average,7.320055236319092,7.320055236319092,,7.320055236319092,LOW,No major risk indicator,No Immediate High-Risk Indicator Detected,No unusual peer-group production pattern detected.,Prototype AI risk indicator - not an official regulatory classification
Manuguru Opencast,,,,,,,,,0,Manuguru Opencast,Contextual_Fuzzy,-0.1986356415227257,0.1986356415227257,0.0,Normal,Latest production change is within the normal range of observed production changes.,0.0,True,1,1,50.0,Operational Only,0,Mine-level safety evidence unavailable,60.0,Moderate,Opencast,-0.261151702593787,0,6.528792564844677,Normal,Lower than peer average,4.9658910380681425,4.9658910380681425,,4.9658910380681425,LOW,No major risk indicator,No Immediate High-Risk Indicator Detected,No unusual peer-group production pattern detected.,Prototype AI risk indicator - not an official regulatory classification
Marki Mangli - I Coal Mine,,,,,,,,,0,Marki Mangli - I Coal Mine,Contextual_Fuzzy,-0.3720842948081927,0.3720842948081927,0.0,Normal,Latest production change is within the normal range of observed production changes.,-0.18,True,1,1,50.0,Operational Only,0,Mine-level safety evidence unavailable,60.0,Moderate,Opencast,-0.5261980067893628,0,13.15495016973407,Normal,Lower than peer average,9.302107370204817,9.302107370204817,,9.302107370204817,LOW,No major risk indicator,No Immediate High-Risk Indicator Detected,No unusual peer-group production pattern detected.,Prototype AI risk indicator - not an official regulatory classification
Marki Mangli III,,,,,,,,,0,Marki Mangli -III,Contextual_Fuzzy,-0.2853599681654592,0.2853599681654592,0.0,Normal,Latest production change is within the normal range of observed production changes.,-0.09,True,1,1,50.0,Operational Only,0,Mine-level safety evidence unavailable,60.0,Moderate,Opencast,-0.5130656506024452,0,12.82664126506113,Normal,Lower than peer average,7.13399920413648,7.13399920413648,,7.13399920413648,LOW,No major risk indicator,No Immediate High-Risk Indicator Detected,No unusual peer-group production pattern detected.,Prototype AI risk indicator - not an official regulatory classification
Mathani,,,,,,,,,0,Mathani,Contextual_Fuzzy,-0.1215473511736293,0.1215473511736293,0.0,Normal,Latest production change is within the normal range of observed production changes.,0.08,True,1,1,50.0,Operational Only,0,Mine-level safety evidence unavailable,60.0,Moderate,Underground,-0.3538060565448414,0,8.845151413621036,Normal,Lower than peer average,3.0386837793407326,3.0386837793407326,,3.0386837793407326,LOW,No major risk indicator,No Immediate High-Risk Indicator Detected,No unusual peer-group production pattern detected.,Prototype AI risk indicator - not an official regulatory classification
Meera,,,,,,,,,0,Meera,Contextual_Fuzzy,-0.1986356415227257,0.1986356415227257,0.0,Normal,Latest production change is within the normal range of observed production changes.,0.0,True,1,1,50.0,Operational Only,0,Mine-level safety evidence unavailable,60.0,Moderate,Underground,-0.3991329362978557,0,9.978323407446393,Normal,Lower than peer average,4.9658910380681425,4.9658910380681425,,4.9658910380681425,LOW,No major risk indicator,No Immediate High-Risk Indicator Detected,No unusual peer-group production pattern detected.,Prototype AI risk indicator - not an official regulatory classification
Methani Colliery,,,,,,,,,0,Methani Colliery,Contextual_Fuzzy,-0.1986356415227257,0.1986356415227257,0.0,Normal,Latest production change is within the normal range of observed production changes.,0.0,True,1,1,50.0,Operational Only,0,Mine-level safety evidence unavailable,60.0,Moderate,Underground,-0.4656123599356099,0,11.64030899839025,Normal,Lower than peer average,4.9658910380681425,4.9658910380681425,,4.9658910380681425,LOW,No major risk indicator,No Immediate High-Risk Indicator Detected,No unusual peer-group production pattern detected.,Prototype AI risk indicator - not an official regulatory classification
Metica Coal Mine,,,,,,,,,0,Metica Coal Mine,Contextual_Fuzzy,-0.1986356415227257,0.1986356415227257,0.0,Normal,Latest production change is within the normal range of observed production changes.,0.0,True,1,1,50.0,Operational Only,0,Mine-level safety evidence unavailable,60.0,Moderate,Underground,-0.6227455430793927,0,15.568638576984815,Normal,Lower than peer average,4.9658910380681425,4.9658910380681425,,4.9658910380681425,LOW,No major risk indicator,No Immediate High-Risk Indicator Detected,No unusual peer-group production pattern detected.,Prototype AI risk indicator - not an official regulatory classification
Mohan (Mohan UG),,,,,,,,,0,Mohan (Mohan UG),Contextual_Fuzzy,-0.3046320407527332,0.3046320407527332,0.0,Normal,Latest production change is within the normal range of observed production changes.,-0.1099999999999999,True,1,1,50.0,Operational Only,0,Mine-level safety evidence unavailable,60.0,Moderate,Mixed,-0.4715391167107157,0,11.788477917767894,Normal,Lower than peer average,7.61580101881833,7.61580101881833,,7.61580101881833,LOW,No major risk indicator,No Immediate High-Risk Indicator Detected,No unusual peer-group production pattern detected.,Prototype AI risk indicator - not an official regulatory classification
Mohanpur (Expn),,,,,,,,,0,Mohanpur (Expn),Contextual_Fuzzy,0.6878796974918832,0.6878796974918832,0.0,Normal,Latest production change is within the normal range of observed production changes.,0.92,True,1,1,50.0,Operational Only,0,Mine-level safety evidence unavailable,60.0,Moderate,Opencast,-0.2737789681581308,0,6.844474203953271,Normal,Lower than peer average,17.19699243729708,17.19699243729708,,17.19699243729708,LOW,No major risk indicator,No Immediate High-Risk Indicator Detected,No unusual peer-group production pattern detected.,Prototype AI risk indicator - not an official regulatory classification
Moher & Moher Amlohri Extn,,,,,,,,,0,,,,,,,,,,0,0,0.0,Insufficient Evidence,0,Mine-level safety evidence unavailable,0.0,Insufficient Evidence,Opencast,1.781434775094461,0,44.53586937736153,Normal,Higher than peer average,,,,,Insufficient Evidence,No major risk indicator,Insufficient Evidence for Risk Assessment,No unusual peer-group production pattern detected.,Prototype AI risk indicator - not an official regulatory classification
Moonidih,,,,,,,,,0,Moonidih,Contextual_Fuzzy,-0.2660878955781851,0.2660878955781851,0.0,Normal,Latest production change is within the normal range of observed production changes.,-0.07,True,1,1,50.0,Operational Only,0,Mine-level safety evidence unavailable,60.0,Moderate,Underground,0.8337581929841319,0,20.843954824603298,Normal,Higher than peer average,6.652197389454627,6.652197389454627,,6.652197389454627,LOW,No major risk indicator,No Immediate High-Risk Indicator Detected,No unusual peer-group production pattern detected.,Prototype AI risk indicator - not an official regulatory classification
Mudidih,,,,,,,,,0,Mudidih,Contextual_Fuzzy,-0.05409509711817,0.05409509711817,0.0,Normal,Latest production change is within the normal range of observed production changes.,0.1499999999999999,True,1,1,50.0,Operational Only,0,Mine-level safety evidence unavailable,60.0,Moderate,Opencast,-0.422401883850457,0,10.560047096261425,Normal,Lower than peer average,1.35237742795425,1.35237742795425,,1.35237742795425,LOW,No major risk indicator,No Immediate High-Risk Indicator Detected,No unusual peer-group production pattern detected.,Prototype AI risk indicator - not an official regulatory classification
Mungoli OCM,,,,,,,,,0,Mungoli OCM,Contextual_Fuzzy,0.7071517700791575,0.7071517700791575,0.0,Normal,Latest production change is within the normal range of observed production changes.,0.9400000000000004,True,1,1,50.0,Operational Only,0,Mine-level safety evidence unavailable,60.0,Moderate,Opencast,0.1366071626830416,0,3.415179067076041,Normal,Higher than peer average,17.67879425197894,17.67879425197894,,17.67879425197894,LOW,No major risk indicator,No Immediate High-Risk Indicator Detected,No unusual peer-group production pattern detected.,Prototype AI risk indicator - not an official regulatory classification
N.C.P.H. Colliery (NEW),,,,,,,,,0,N.C.P.H. Colliery (NEW),Contextual_Fuzzy,-0.1697275326418146,0.1697275326418146,0.0,Normal,Latest production change is within the normal range of observed production changes.,0.03,True,1,1,50.0,Operational Only,0,Mine-level safety evidence unavailable,60.0,Moderate,Underground,0.4318598591740722,0,10.796496479351806,Normal,Higher than peer average,4.243188316045365,4.243188316045365,,4.243188316045365,LOW,No major risk indicator,No Immediate High-Risk Indicator Detected,No unusual peer-group production pattern detected.,Prototype AI risk indicator - not an official regulatory classification
Nabakajora Colliery,,,,,,,,,0,,,,,,,,,,0,0,0.0,Insufficient Evidence,0,Mine-level safety evidence unavailable,0.0,Insufficient Evidence,Underground,-0.6287891270464613,0,15.719728176161532,Normal,Lower than peer average,,,,,Insufficient Evidence,No major risk indicator,Insufficient Evidence for Risk Assessment,No unusual peer-group production pattern detected.,Prototype AI risk indicator - not an official regulatory classification
Naigaon OCM,,,,,,,,,0,Naigaon OCM,Contextual_Fuzzy,-0.1986356415227257,0.1986356415227257,0.0,Normal,Latest production change is within the normal range of observed production changes.,0.0,True,1,1,50.0,Operational Only,0,Mine-level safety evidence unavailable,60.0,Moderate,Opencast,-0.3684834598907091,0,9.212086497267729,Normal,Lower than peer average,4.9658910380681425,4.9658910380681425,,4.9658910380681425,LOW,No major risk indicator,No Immediate High-Risk Indicator Detected,No unusual peer-group production pattern detected.,Prototype AI risk indicator - not an official regulatory classification
NAKC,,,,,,,,,0,NAKC,Contextual_Fuzzy,-0.1119113148799923,0.1119113148799923,0.0,Normal,Latest production change is within the normal range of observed production changes.,0.0899999999999999,True,1,1,50.0,Operational Only,0,Mine-level safety evidence unavailable,60.0,Moderate,Mixed,0.0508686626969685,0,1.271716567424214,Normal,Higher than peer average,2.7977828719998077,2.7977828719998077,,2.7977828719998077,LOW,No major risk indicator,No Immediate High-Risk Indicator Detected,No unusual peer-group production pattern detected.,Prototype AI risk indicator - not an official regulatory classification
Nakrakonda -Kumardihi 'B' UG,,,,,,,,,0,,,,,,,,,,0,0,0.0,Insufficient Evidence,0,Mine-level safety evidence unavailable,0.0,Insufficient Evidence,Mixed,0.6786950522990286,0,16.967376307475714,Normal,Higher than peer average,,,,,Insufficient Evidence,No major risk indicator,Insufficient Evidence for Risk Assessment,No unusual peer-group production pattern detected.,Prototype AI risk indicator - not an official regulatory classification
Nandgaon Incline,,,,,,,,,0,,,,,,,,,,0,0,0.0,Insufficient Evidence,0,Mine-level safety evidence unavailable,0.0,Insufficient Evidence,Underground,-0.4353944401002671,0,10.884861002506678,Normal,Lower than peer average,,,,,Insufficient Evidence,No major risk indicator,Insufficient Evidence for Risk Assessment,No unusual peer-group production pattern detected.,Prototype AI risk indicator - not an official regulatory classification
Nandira Colliery,,,,,,,,,0,Nandira Colliery,Contextual_Fuzzy,-0.1986356415227257,0.1986356415227257,0.0,Normal,Latest production change is within the normal range of observed production changes.,0.0,True,1,1,50.0,Operational Only,0,Mine-level safety evidence unavailable,60.0,Moderate,Underground,-0.4595687759685414,0,11.489219399213535,Normal,Lower than peer average,4.9658910380681425,4.9658910380681425,,4.9658910380681425,LOW,No major risk indicator,No Immediate High-Risk Indicator Detected,No unusual peer-group production pattern detected.,Prototype AI risk indicator - not an official regulatory classification
Narsamuda Colliery,,,,,,,,,0,Narsamuda Colliery,Contextual_Fuzzy,-0.1986356415227257,0.1986356415227257,0.0,Normal,Latest production change is within the normal range of observed production changes.,0.0,True,1,1,50.0,Operational Only,0,Mine-level safety evidence unavailable,60.0,Moderate,Underground,-0.4686341519191442,0,11.715853797978609,Normal,Lower than peer average,4.9658910380681425,4.9658910380681425,,4.9658910380681425,LOW,No major risk indicator,No Immediate High-Risk Indicator Detected,No unusual peer-group production pattern detected.,Prototype AI risk indicator - not an official regulatory classification
Navapara,,,,,,,,,0,Navapara,Contextual_Fuzzy,-0.2275437504036369,0.2275437504036369,0.0,Normal,Latest production change is within the normal range of observed production changes.,-0.03,True,1,1,50.0,Operational Only,0,Mine-level safety evidence unavailable,60.0,Moderate,Underground,-0.4716559439026785,0,11.791398597566962,Normal,Lower than peer average,5.688593760090923,5.688593760090923,,5.688593760090923,LOW,No major risk indicator,No Immediate High-Risk Indicator Detected,No unusual peer-group production pattern detected.,Prototype AI risk indicator - not an official regulatory classification
Neelijay OCM,,,,,,,,,0,Neelijay OCM,Contextual_Fuzzy,-0.1504554600545407,0.1504554600545407,0.0,Normal,Latest production change is within the normal range of observed production changes.,0.0499999999999998,True,1,1,50.0,Operational Only,0,Mine-level safety evidence unavailable,60.0,Moderate,Opencast,0.0419026709504633,0,1.047566773761584,Normal,Higher than peer average,3.7613865013635173,3.7613865013635173,,3.7613865013635173,LOW,No major risk indicator,No Immediate High-Risk Indicator Detected,No unusual peer-group production pattern detected.,Prototype AI risk indicator - not an official regulatory classification
Nehariya,,,,,,,,,0,Nehariya,Contextual_Fuzzy,-0.2275437504036369,0.2275437504036369,0.0,Normal,Latest production change is within the normal range of observed production changes.,-0.03,True,1,1,50.0,Operational Only,0,Mine-level safety evidence unavailable,60.0,Moderate,Underground,0.1266588688371096,0,3.166471720927741,Normal,Higher than peer average,5.688593760090923,5.688593760090923,,5.688593760090923,LOW,No major risk indicator,No Immediate High-Risk Indicator Detected,No unusual peer-group production pattern detected.,Prototype AI risk indicator - not an official regulatory classification
New Godhur-Kusunda-Alkusa,,,,,,,,,0,New Godhur-Kusunda-Alkusa,Contextual_Fuzzy,-0.0251869882372589,0.0251869882372589,0.0,Normal,Latest production change is within the normal range of observed production changes.,0.1799999999999999,True,1,1,50.0,Operational Only,0,Mine-level safety evidence unavailable,60.0,Moderate,Opencast,-0.3737869114277334,0,9.344672785693335,Normal,Lower than peer average,0.6296747059314725,0.6296747059314725,,0.6296747059314725,LOW,No major risk indicator,No Immediate High-Risk Indicator Detected,No unusual peer-group production pattern detected.,Prototype AI risk indicator - not an official regulatory classification
New Kenda Colliery,,,,,,,,,0,New Kenda Colliery,Contextual_Fuzzy,0.3891625723891344,0.3891625723891344,0.0,Normal,Latest production change is within the normal range of observed production changes.,0.61,True,1,1,50.0,Operational Only,0,Mine-level safety evidence unavailable,60.0,Moderate,Opencast,-0.447782687634788,0,11.1945671908697,Normal,Lower than peer average,9.72906430972836,9.72906430972836,,9.72906430972836,LOW,No major risk indicator,No Immediate High-Risk Indicator Detected,No unusual peer-group production pattern detected.,Prototype AI risk indicator - not an official regulatory classification
New Majri - I(A) & II Extn. (A) OC,,,,,,,,,0,,,,,,,,,,0,0,0.0,Insufficient Evidence,0,Mine-level safety evidence unavailable,0.0,Insufficient Evidence,Opencast,-0.210642640336412,0,5.2660660084103,Normal,Lower than peer average,,,,,Insufficient Evidence,No major risk indicator,Insufficient Evidence for Risk Assessment,No unusual peer-group production pattern detected.,Prototype AI risk indicator - not an official regulatory classification
New Majri UG to OC Expn.,,,,,,,,,0,New Majri UG to OC Expn.,Contextual_Fuzzy,-0.5166248392127486,0.5166248392127486,0.0,Normal,Latest production change is within the normal range of observed production changes.,-0.33,True,1,1,50.0,Operational Only,0,Mine-level safety evidence unavailable,60.0,Moderate,Opencast,-0.3335059342774769,0,8.337648356936922,Normal,Lower than peer average,12.915620980318716,12.915620980318716,,12.915620980318716,LOW,No major risk indicator,No Immediate High-Risk Indicator Detected,No unusual peer-group production pattern detected.,Prototype AI risk indicator - not an official regulatory classification
New Moghla Coal Mine,,,,,,,,,0,New Moghla Coal Mine,Contextual_Fuzzy,-0.1986356415227257,0.1986356415227257,0.0,Normal,Latest production change is within the normal range of observed production changes.,0.0,True,1,1,50.0,Operational Only,0,Mine-level safety evidence unavailable,60.0,Moderate,Underground,-0.6106583751452556,0,15.266459378631389,Normal,Lower than peer average,4.9658910380681425,4.9658910380681425,,4.9658910380681425,LOW,No major risk indicator,No Immediate High-Risk Indicator Detected,No unusual peer-group production pattern detected.,Prototype AI risk indicator - not an official regulatory classification
New Sethia,,,,,,,,,0,,,,,,,,,,0,0,0.0,Insufficient Evidence,0,Mine-level safety evidence unavailable,0.0,Insufficient Evidence,Opencast,-0.5263242794450063,0,13.158106986125157,Normal,Lower than peer average,,,,,Insufficient Evidence,No major risk indicator,Insufficient Evidence for Risk Assessment,No unusual peer-group production pattern detected.,Prototype AI risk indicator - not an official regulatory classification
Nichitpur,,,,,,,,,0,Nichitpur,Contextual_Fuzzy,-0.1408194237609034,0.1408194237609034,0.0,Normal,Latest production change is within the normal range of observed production changes.,0.06,True,1,1,50.0,Operational Only,0,Mine-level safety evidence unavailable,60.0,Moderate,Opencast,-0.299791135220679,0,7.494778380516975,Normal,Lower than peer average,3.5204855940225848,3.5204855940225848,,3.5204855940225848,LOW,No major risk indicator,No Immediate High-Risk Indicator Detected,No unusual peer-group production pattern detected.,Prototype AI risk indicator - not an official regulatory classification
Nigahi Project,,,,,,,,,0,Nigahi Project,Contextual_Fuzzy,-0.1986356415227257,0.1986356415227257,0.0,Normal,Latest production change is within the normal range of observed production changes.,0.0,True,1,1,50.0,Operational Only,0,Mine-level safety evidence unavailable,60.0,Moderate,Opencast,3.6414309927222974,1,91.03577481805746,Highly Unusual,Higher than peer average,4.9658910380681425,4.9658910380681425,,4.9658910380681425,LOW,Peer production anomaly,No Immediate High-Risk Indicator Detected,Production is higher than peer average compared with the Opencast peer group.,Prototype AI risk indicator - not an official regulatory classification
"Nimcha Colliery , Nimcha OC (Amkola) & Nimcha Highwall",,,,,,,,,0,,,,,,,,,,0,0,0.0,Insufficient Evidence,0,Mine-level safety evidence unavailable,0.0,Insufficient Evidence,Mixed,-0.0404941328048237,0,1.012353320120594,Normal,Lower than peer average,,,,,Insufficient Evidence,No major risk indicator,Insufficient Evidence for Risk Assessment,No unusual peer-group production pattern detected.,Prototype AI risk indicator - not an official regulatory classification
Ningah Colliery,,,,,,,,,0,Ningah Colliery,Contextual_Fuzzy,-0.1986356415227257,0.1986356415227257,0.0,Normal,Latest production change is within the normal range of observed production changes.,0.0,True,1,1,50.0,Operational Only,0,Mine-level safety evidence unavailable,60.0,Moderate,Underground,-0.5774186633263785,0,14.435466583159462,Normal,Lower than peer average,4.9658910380681425,4.9658910380681425,,4.9658910380681425,LOW,No major risk indicator,No Immediate High-Risk Indicator Detected,No unusual peer-group production pattern detected.,Prototype AI risk indicator - not an official regulatory classification
Ningha (SSI) OC,,,,,,,,,0,Ningha (SSI) OC,Contextual_Fuzzy,-0.0251869882372588,0.0251869882372588,0.0,Normal,Latest production change is within the normal range of observed production changes.,0.18,True,1,1,50.0,Operational Only,0,Mine-level safety evidence unavailable,60.0,Moderate,Opencast,-0.4937459342889993,0,12.343648357224984,Normal,Lower than peer average,0.62967470593147,0.62967470593147,,0.62967470593147,LOW,No major risk indicator,No Immediate High-Risk Indicator Detected,No unusual peer-group production pattern detected.,Prototype AI risk indicator - not an official regulatory classification
Nirsha,,,,,,,,,0,Nirsha,Contextual_Fuzzy,-0.3431761859272815,0.3431761859272815,0.0,Normal,Latest production change is within the normal range of observed production changes.,-0.15,True,1,1,50.0,Operational Only,0,Mine-level safety evidence unavailable,60.0,Moderate,Opencast,-0.5077621990654209,0,12.694054976635522,Normal,Lower than peer average,8.579404648182038,8.579404648182038,,8.579404648182038,LOW,No major risk indicator,No Immediate High-Risk Indicator Detected,No unusual peer-group production pattern detected.,Prototype AI risk indicator - not an official regulatory classification
North Searsole OC Colliery,,,,,,,,,0,North Searsole OC Colliery,Contextual_Fuzzy,0.4662508627382309,0.4662508627382309,0.0,Normal,Latest production change is within the normal range of observed production changes.,0.6900000000000001,True,1,1,50.0,Operational Only,0,Mine-level safety evidence unavailable,60.0,Moderate,Opencast,-0.392980355085536,0,9.8245088771384,Normal,Lower than peer average,11.656271568455773,11.656271568455773,,11.656271568455773,LOW,No major risk indicator,No Immediate High-Risk Indicator Detected,No unusual peer-group production pattern detected.,Prototype AI risk indicator - not an official regulatory classification
North Urimari/Birsa-OC,,,,,,,,,0,North Urimari/Birsa-OC,Contextual_Fuzzy,-0.1986356415227257,0.1986356415227257,0.0,Normal,Latest production change is within the normal range of observed production changes.,0.0,True,1,1,50.0,Operational Only,0,Mine-level safety evidence unavailable,60.0,Moderate,Opencast,0.004020874257432,0,0.1005218564358017,Normal,Higher than peer average,4.9658910380681425,4.9658910380681425,,4.9658910380681425,LOW,No major risk indicator,No Immediate High-Risk Indicator Detected,No unusual peer-group production pattern detected.,Prototype AI risk indicator - not an official regulatory classification
Nowrozabad (W),,,,,,,,,0,Nowrozabad (W),Contextual_Fuzzy,-0.1986356415227257,0.1986356415227257,0.0,Normal,Latest production change is within the normal range of observed production changes.,0.0,True,1,1,50.0,Operational Only,0,Mine-level safety evidence unavailable,60.0,Moderate,Underground,-0.3326535126601014,0,8.316337816502536,Normal,Lower than peer average,4.9658910380681425,4.9658910380681425,,4.9658910380681425,LOW,No major risk indicator,No Immediate High-Risk Indicator Detected,No unusual peer-group production pattern detected.,Prototype AI risk indicator - not an official regulatory classification
NTST-Jeenagora,,,,,,,,,0,NTST-Jeenagora,Contextual_Fuzzy,-1.4320482871082687,1.4320482871082687,0.0,Normal,Latest production change is within the normal range of observed production changes.,-1.2800000000000002,True,1,1,50.0,Operational Only,0,Mine-level safety evidence unavailable,60.0,Moderate,Opencast,0.0756174700072612,0,1.8904367501815316,Normal,Higher than peer average,35.801207177706715,35.801207177706715,,35.801207177706715,MEDIUM,No major risk indicator,Monitoring and Review Required,No unusual peer-group production pattern detected.,Prototype AI risk indicator - not an official regulatory classification
Orient Mine No. 1 & 2,,,,,,,,,0,,,,,,,,,,0,0,0.0,Insufficient Evidence,0,Mine-level safety evidence unavailable,0.0,Insufficient Evidence,Underground,-0.0274525223231387,0,0.6863130580784695,Normal,Lower than peer average,,,,,Insufficient Evidence,No major risk indicator,Insufficient Evidence for Risk Assessment,No unusual peer-group production pattern detected.,Prototype AI risk indicator - not an official regulatory classification
Pacchwara North Coal Mine,,,,,,,,,0,Pacchwara North Coal Mine,Contextual_Fuzzy,-1.4416843234019048,1.4416843234019048,0.0,Normal,Latest production change is within the normal range of observed production changes.,-1.2899999999999991,True,1,1,50.0,Operational Only,0,Mine-level safety evidence unavailable,60.0,Moderate,Opencast,1.2044950114595945,0,30.112375286489858,Normal,Higher than peer average,36.042108085047616,36.042108085047616,,36.042108085047616,MEDIUM,No major risk indicator,Monitoring and Review Required,No unusual peer-group production pattern detected.,Prototype AI risk indicator - not an official regulatory classification
Pachhwara Central Coal Mine,,,,,,,,,0,Pachhwara Central Coal Mine,Contextual_Fuzzy,3.771411311455741,3.771411311455741,1.0,Highly Unusual,Production increased by 4.12 MT compared with the previous year; the change is statistically unusual (Z-score: 3.77).,4.12,True,1,1,50.0,Operational Only,0,Mine-level safety evidence unavailable,60.0,Moderate,Opencast,0.0580655708728233,0,1.4516392718205848,Normal,Higher than peer average,94.28528278639352,94.28528278639352,,94.28528278639352,CRITICAL,Operational indicator,Priority Inspection / Further Assessment Required,No unusual peer-group production pattern detected.,Prototype AI risk indicator - not an official regulatory classification
Padampur OC,,,,,,,,,0,,,,,,,,,,0,0,0.0,Insufficient Evidence,0,Mine-level safety evidence unavailable,0.0,Insufficient Evidence,Opencast,-0.5263242794450063,0,13.158106986125157,Normal,Lower than peer average,,,,,Insufficient Evidence,No major risk indicator,Insufficient Evidence for Risk Assessment,No unusual peer-group production pattern detected.,Prototype AI risk indicator - not an official regulatory classification
Padmavathi Khani No.5 Incline,,,,,,,,,0,,,,,,,,,,0,0,0.0,Insufficient Evidence,0,Mine-level safety evidence unavailable,0.0,Insufficient Evidence,Underground,-0.0062999784383988,0,0.1574994609599715,Normal,Lower than peer average,,,,,Insufficient Evidence,No major risk indicator,Insufficient Evidence for Risk Assessment,No unusual peer-group production pattern detected.,Prototype AI risk indicator - not an official regulatory classification
Pakri Barwadih,,,,,,,,,0,Pakri Barwadih,Contextual_Fuzzy,2.769263536917485,2.769263536917485,1.0,Unusual,Production increased by 3.08 MT compared with the previous year; the change is statistically unusual (Z-score: 2.77).,3.0799999999999983,True,1,1,50.0,Operational Only,0,Mine-level safety evidence unavailable,60.0,Moderate,Opencast,1.5329301887881757,0,38.3232547197044,Normal,Higher than peer average,69.23158842293714,69.23158842293714,,69.23158842293714,HIGH,Operational indicator,Further Assessment Required,No unusual peer-group production pattern detected.,Prototype AI risk indicator - not an official regulatory classification
Pali,,,,,,,,,0,,,,,,,,,,0,0,0.0,Insufficient Evidence,0,Mine-level safety evidence unavailable,0.0,Insufficient Evidence,Underground,-0.3719368084460471,0,9.298420211151178,Normal,Lower than peer average,,,,,Insufficient Evidence,No major risk indicator,Insufficient Evidence for Risk Assessment,No unusual peer-group production pattern detected.,Prototype AI risk indicator - not an official regulatory classification
Pandaveswar UG,,,,,,,,,0,Pandaveswar UG,Contextual_Fuzzy,-0.1986356415227257,0.1986356415227257,0.0,Normal,Latest production change is within the normal range of observed production changes.,0.0,True,1,1,50.0,Operational Only,0,Mine-level safety evidence unavailable,60.0,Moderate,Underground,-0.3991329362978557,0,9.978323407446393,Normal,Lower than peer average,4.9658910380681425,4.9658910380681425,,4.9658910380681425,LOW,No major risk indicator,No Immediate High-Risk Indicator Detected,No unusual peer-group production pattern detected.,Prototype AI risk indicator - not an official regulatory classification
Pandavpara Colliery,,,,,,,,,0,Pandavpara Colliery,Contextual_Fuzzy,-0.1697275326418146,0.1697275326418146,0.0,Normal,Latest production change is within the normal range of observed production changes.,0.03,True,1,1,50.0,Operational Only,0,Mine-level safety evidence unavailable,60.0,Moderate,Underground,0.120615284870041,0,3.0153821217510277,Normal,Higher than peer average,4.243188316045365,4.243188316045365,,4.243188316045365,LOW,No major risk indicator,No Immediate High-Risk Indicator Detected,No unusual peer-group production pattern detected.,Prototype AI risk indicator - not an official regulatory classification
Paoni II OCM,,,,,,,,,0,Paoni II OCM,Contextual_Fuzzy,-0.1986356415227257,0.1986356415227257,0.0,Normal,Latest production change is within the normal range of observed production changes.,0.0,True,1,1,50.0,Operational Only,0,Mine-level safety evidence unavailable,60.0,Moderate,Opencast,-0.1159381486038337,0,2.898453715095844,Normal,Lower than peer average,4.9658910380681425,4.9658910380681425,,4.9658910380681425,LOW,No major risk indicator,No Immediate High-Risk Indicator Detected,No unusual peer-group production pattern detected.,Prototype AI risk indicator - not an official regulatory classification
Parasea Colliery,,,,,,,,,0,Parasea Colliery,Contextual_Fuzzy,-0.1986356415227257,0.1986356415227257,0.0,Normal,Latest production change is within the normal range of observed production changes.,0.0,True,1,1,50.0,Operational Only,0,Mine-level safety evidence unavailable,60.0,Moderate,Underground,-0.2994138008412243,0,7.485345021030608,Normal,Lower than peer average,4.9658910380681425,4.9658910380681425,,4.9658910380681425,LOW,No major risk indicator,No Immediate High-Risk Indicator Detected,No unusual peer-group production pattern detected.,Prototype AI risk indicator - not an official regulatory classification
Parbelia Colliery,,,,,,,,,0,Parbelia Colliery,Contextual_Fuzzy,-0.2082716778163628,0.2082716778163628,0.0,Normal,Latest production change is within the normal range of observed production changes.,-0.01,True,1,1,50.0,Operational Only,0,Mine-level safety evidence unavailable,60.0,Moderate,Underground,-0.498852071754487,0,12.471301793862176,Normal,Lower than peer average,5.20679194540907,5.20679194540907,,5.20679194540907,LOW,No major risk indicator,No Immediate High-Risk Indicator Detected,No unusual peer-group production pattern detected.,Prototype AI risk indicator - not an official regulatory classification
Parej East OCP,,,,,,,,,0,Parej East OCP,Contextual_Fuzzy,-0.2179077141099998,0.2179077141099998,0.0,Normal,Latest production change is within the normal range of observed production changes.,-0.0199999999999999,True,1,1,50.0,Operational Only,0,Mine-level safety evidence unavailable,60.0,Moderate,Opencast,-0.4754363992207008,0,11.88590998051752,Normal,Lower than peer average,5.447692852749995,5.447692852749995,,5.447692852749995,LOW,No major risk indicator,No Immediate High-Risk Indicator Detected,No unusual peer-group production pattern detected.,Prototype AI risk indicator - not an official regulatory classification
Parsa East and Kanta Basan OCM,,,,,,,,,0,Parsa East and Kanta Basan OCM,Contextual_Fuzzy,-5.113014151277623,5.113014151277623,1.0,Highly Unusual,Production decreased by 5.10 MT compared with the previous year; the change is statistically unusual (Z-score: -5.11).,-5.1000000000000005,True,1,1,50.0,Operational Only,0,Mine-level safety evidence unavailable,60.0,Moderate,Opencast,0.3198287860216696,0,7.995719650541741,Normal,Higher than peer average,100.0,100.0,,100.0,CRITICAL,Operational indicator,Priority Inspection / Further Assessment Required,No unusual peer-group production pattern detected.,Prototype AI risk indicator - not an official regulatory classification
Patansaongi Colliery,,,,,,,,,0,Patansaongi Colliery,Contextual_Fuzzy,-0.1986356415227257,0.1986356415227257,0.0,Normal,Latest production change is within the normal range of observed production changes.,0.0,True,1,1,50.0,Operational Only,0,Mine-level safety evidence unavailable,60.0,Moderate,Underground,-0.5109392396886242,0,12.773480992215603,Normal,Lower than peer average,4.9658910380681425,4.9658910380681425,,4.9658910380681425,LOW,No major risk indicator,No Immediate High-Risk Indicator Detected,No unusual peer-group production pattern detected.,Prototype AI risk indicator - not an official regulatory classification
Patmohana Colliery,,,,,,,,,0,Patmohana Colliery,Contextual_Fuzzy,-0.1889996052290887,0.1889996052290887,0.0,Normal,Latest production change is within the normal range of observed production changes.,0.01,True,1,1,50.0,Operational Only,0,Mine-level safety evidence unavailable,60.0,Moderate,Underground,-0.4897866958038842,0,12.244667395097103,Normal,Lower than peer average,4.7249901307272175,4.7249901307272175,,4.7249901307272175,LOW,No major risk indicator,No Immediate High-Risk Indicator Detected,No unusual peer-group production pattern detected.,Prototype AI risk indicator - not an official regulatory classification
Penganga OC,,,,,,,,,0,Penganga OC,Contextual_Fuzzy,-1.0658789079500608,1.0658789079500608,0.0,Normal,Latest production change is within the normal range of observed production changes.,-0.9000000000000004,True,1,1,50.0,Operational Only,0,Mine-level safety evidence unavailable,60.0,Moderate,Opencast,0.0805421035773552,0,2.0135525894338824,Normal,Higher than peer average,26.64697269875152,26.64697269875152,,26.64697269875152,LOW,No major risk indicator,No Immediate High-Risk Indicator Detected,No unusual peer-group production pattern detected.,Prototype AI risk indicator - not an official regulatory classification
"Pimpalgaon,",,,,,,,,,0,,,,,,,,,,0,0,0.0,Insufficient Evidence,0,Mine-level safety evidence unavailable,0.0,Insufficient Evidence,Opencast,-0.5263242794450063,0,13.158106986125157,Normal,Lower than peer average,,,,,Insufficient Evidence,No major risk indicator,Insufficient Evidence for Risk Assessment,No unusual peer-group production pattern detected.,Prototype AI risk indicator - not an official regulatory classification
Pindra Colliery,,,,,,,,,0,Pindra Colliery,Contextual_Fuzzy,-0.1986356415227257,0.1986356415227257,0.0,Normal,Latest production change is within the normal range of observed production changes.,0.0,True,1,1,50.0,Operational Only,0,Mine-level safety evidence unavailable,60.0,Moderate,Opencast,-0.5263242794450063,0,13.158106986125157,Normal,Lower than peer average,4.9658910380681425,4.9658910380681425,,4.9658910380681425,LOW,No major risk indicator,No Immediate High-Risk Indicator Detected,No unusual peer-group production pattern detected.,Prototype AI risk indicator - not an official regulatory classification
Piparia,,,,,,,,,0,Piparia,Contextual_Fuzzy,-0.2275437504036369,0.2275437504036369,0.0,Normal,Latest production change is within the normal range of observed production changes.,-0.03,True,1,1,50.0,Operational Only,0,Mine-level safety evidence unavailable,60.0,Moderate,Underground,-0.3840239763801843,0,9.600599409504609,Normal,Lower than peer average,5.688593760090923,5.688593760090923,,5.688593760090923,LOW,No major risk indicator,No Immediate High-Risk Indicator Detected,No unusual peer-group production pattern detected.,Prototype AI risk indicator - not an official regulatory classification
Porascol East Colliery,,,,,,,,,0,Porascol East Colliery,Contextual_Fuzzy,-0.2082716778163627,0.2082716778163627,0.0,Normal,Latest production change is within the normal range of observed production changes.,-0.0099999999999999,True,1,1,50.0,Operational Only,0,Mine-level safety evidence unavailable,60.0,Moderate,Underground,-0.4323726481167328,0,10.80931620291832,Normal,Lower than peer average,5.206791945409067,5.206791945409067,,5.206791945409067,LOW,No major risk indicator,No Immediate High-Risk Indicator Detected,No unusual peer-group production pattern detected.,Prototype AI risk indicator - not an official regulatory classification
Porascol West Colliery,,,,,,,,,0,Porascol West Colliery,Contextual_Fuzzy,-0.2082716778163628,0.2082716778163628,0.0,Normal,Latest production change is within the normal range of observed production changes.,-0.01,True,1,1,50.0,Operational Only,0,Mine-level safety evidence unavailable,60.0,Moderate,Underground,-0.4414380240673357,0,11.035950601683393,Normal,Lower than peer average,5.20679194540907,5.20679194540907,,5.20679194540907,LOW,No major risk indicator,No Immediate High-Risk Indicator Detected,No unusual peer-group production pattern detected.,Prototype AI risk indicator - not an official regulatory classification
Prakasham Khani OC,,,,,,,,,0,Prakasham Khani OC,Contextual_Fuzzy,0.4758868990318672,0.4758868990318672,0.0,Normal,Latest production change is within the normal range of observed production changes.,0.6999999999999993,True,1,1,50.0,Operational Only,0,Mine-level safety evidence unavailable,60.0,Moderate,Opencast,0.7932249720289175,0,19.83062430072294,Normal,Higher than peer average,11.89717247579668,11.89717247579668,,11.89717247579668,LOW,No major risk indicator,No Immediate High-Risk Indicator Detected,No unusual peer-group production pattern detected.,Prototype AI risk indicator - not an official regulatory classification
Pundi,,,,,,,,,0,Pundi,Contextual_Fuzzy,-0.1986356415227257,0.1986356415227257,0.0,Normal,Latest production change is within the normal range of observed production changes.,0.0,True,1,1,50.0,Operational Only,0,Mine-level safety evidence unavailable,60.0,Moderate,Opencast,-0.5263242794450063,0,13.158106986125157,Normal,Lower than peer average,4.9658910380681425,4.9658910380681425,,4.9658910380681425,LOW,No major risk indicator,No Immediate High-Risk Indicator Detected,No unusual peer-group production pattern detected.,Prototype AI risk indicator - not an official regulatory classification
Pure Searsole Colliery,,,,,,,,,0,Pure Searsole Colliery,Contextual_Fuzzy,-0.1986356415227257,0.1986356415227257,0.0,Normal,Latest production change is within the normal range of observed production changes.,0.0,True,1,1,50.0,Operational Only,0,Mine-level safety evidence unavailable,60.0,Moderate,Underground,-0.5230264076227613,0,13.075660190569034,Normal,Lower than peer average,4.9658910380681425,4.9658910380681425,,4.9658910380681425,LOW,No major risk indicator,No Immediate High-Risk Indicator Detected,No unusual peer-group production pattern detected.,Prototype AI risk indicator - not an official regulatory classification
Purnadih,,,,,,,,,0,Purnadih,Contextual_Fuzzy,-0.3335401496336445,0.3335401496336445,0.0,Normal,Latest production change is within the normal range of observed production changes.,-0.14,True,1,1,50.0,Operational Only,0,Mine-level safety evidence unavailable,60.0,Moderate,Opencast,-0.4519496852710214,0,11.298742131775535,Normal,Lower than peer average,8.338503740841112,8.338503740841112,,8.338503740841112,LOW,No major risk indicator,No Immediate High-Risk Indicator Detected,No unusual peer-group production pattern detected.,Prototype AI risk indicator - not an official regulatory classification
Rajendra,,,,,,,,,0,Rajendra,Contextual_Fuzzy,-0.1986356415227257,0.1986356415227257,0.0,Normal,Latest production change is within the normal range of observed production changes.,0.0,True,1,1,50.0,Operational Only,0,Mine-level safety evidence unavailable,60.0,Moderate,Underground,-0.1513459936480444,0,3.783649841201111,Normal,Lower than peer average,4.9658910380681425,4.9658910380681425,,4.9658910380681425,LOW,No major risk indicator,No Immediate High-Risk Indicator Detected,No unusual peer-group production pattern detected.,Prototype AI risk indicator - not an official regulatory classification
Rajhara,,,,,,,,,0,Rajhara,Contextual_Fuzzy,-0.1986356415227257,0.1986356415227257,0.0,Normal,Latest production change is within the normal range of observed production changes.,0.0,True,1,1,50.0,Operational Only,0,Mine-level safety evidence unavailable,60.0,Moderate,Opencast,-0.5263242794450063,0,13.158106986125157,Normal,Lower than peer average,4.9658910380681425,4.9658910380681425,,4.9658910380681425,LOW,No major risk indicator,No Immediate High-Risk Indicator Detected,No unusual peer-group production pattern detected.,Prototype AI risk indicator - not an official regulatory classification
Rajmahal OCP,,,,,,,,,0,Rajmahal OCP,Contextual_Fuzzy,6.228600566333189,6.228600566333189,1.0,Highly Unusual,Production increased by 6.67 MT compared with the previous year; the change is statistically unusual (Z-score: 6.23).,6.670000000000001,True,1,1,50.0,Operational Only,0,Mine-level safety evidence unavailable,60.0,Moderate,Opencast,0.9955137663697048,0,24.88784415924262,Normal,Higher than peer average,100.0,100.0,,100.0,CRITICAL,Operational indicator,Priority Inspection / Further Assessment Required,No unusual peer-group production pattern detected.,Prototype AI risk indicator - not an official regulatory classification
Rajnagar RO,,,,,,,,,0,Rajnagar RO,Contextual_Fuzzy,-0.256451859284548,0.256451859284548,0.0,Normal,Latest production change is within the normal range of observed production changes.,-0.06,True,1,1,50.0,Operational Only,0,Mine-level safety evidence unavailable,60.0,Moderate,Underground,-0.2359561691870043,0,5.898904229675109,Normal,Lower than peer average,6.4112964821137,6.4112964821137,,6.4112964821137,LOW,No major risk indicator,No Immediate High-Risk Indicator Detected,No unusual peer-group production pattern detected.,Prototype AI risk indicator - not an official regulatory classification
Rajpura,,,,,,,,,0,Rajpura,Contextual_Fuzzy,-0.1889996052290888,0.1889996052290888,0.0,Normal,Latest production change is within the normal range of observed production changes.,0.0099999999999999,True,1,1,50.0,Operational Only,0,Mine-level safety evidence unavailable,60.0,Moderate,Opencast,-0.516727557616105,0,12.918188940402626,Normal,Lower than peer average,4.72499013072722,4.72499013072722,,4.72499013072722,LOW,No major risk indicator,No Immediate High-Risk Indicator Detected,No unusual peer-group production pattern detected.,Prototype AI risk indicator - not an official regulatory classification
Rajrappa Project,,,,,,,,,0,Rajrappa Project,Contextual_Fuzzy,-0.2275437504036369,0.2275437504036369,0.0,Normal,Latest production change is within the normal range of observed production changes.,-0.03,True,1,1,50.0,Operational Only,0,Mine-level safety evidence unavailable,60.0,Moderate,Opencast,-0.3617910091416069,0,9.044775228540171,Normal,Lower than peer average,5.688593760090923,5.688593760090923,,5.688593760090923,LOW,No major risk indicator,No Immediate High-Risk Indicator Detected,No unusual peer-group production pattern detected.,Prototype AI risk indicator - not an official regulatory classification
Rajur UG,,,,,,,,,0,Rajur UG,Contextual_Fuzzy,-0.1889996052290888,0.1889996052290888,0.0,Normal,Latest production change is within the normal range of observed production changes.,0.0099999999999999,True,1,1,50.0,Operational Only,0,Mine-level safety evidence unavailable,60.0,Moderate,Underground,-0.4625905679520757,0,11.564764198801893,Normal,Lower than peer average,4.72499013072722,4.72499013072722,,4.72499013072722,LOW,No major risk indicator,No Immediate High-Risk Indicator Detected,No unusual peer-group production pattern detected.,Prototype AI risk indicator - not an official regulatory classification
Ramagundam OC-I Extn. Ph-II,,,,,,,,,0,Ramagundam OC-I Extn. Ph-II,Contextual_Fuzzy,0.1868058102227566,0.1868058102227566,0.0,Normal,Latest production change is within the normal range of observed production changes.,0.4000000000000003,True,1,1,50.0,Operational Only,0,Mine-level safety evidence unavailable,60.0,Moderate,Opencast,0.2200733880633539,0,5.501834701583848,Normal,Higher than peer average,4.670145255568915,4.670145255568915,,4.670145255568915,LOW,No major risk indicator,No Immediate High-Risk Indicator Detected,No unusual peer-group production pattern detected.,Prototype AI risk indicator - not an official regulatory classification
Ramagundam-OC 3 & OC III,,,,,,,,,0,Ramagundam-OC 3 & OC III,Contextual_Fuzzy,1.0925932218246392,1.0925932218246392,0.0,Normal,Latest production change is within the normal range of observed production changes.,1.34,True,1,1,50.0,Operational Only,0,Mine-level safety evidence unavailable,60.0,Moderate,Opencast,0.6732659491676518,0,16.831648729191294,Normal,Higher than peer average,27.31483054561598,27.31483054561598,,27.31483054561598,LOW,No major risk indicator,No Immediate High-Risk Indicator Detected,No unusual peer-group production pattern detected.,Prototype AI risk indicator - not an official regulatory classification
Ramakrishnapur OC,,,,,,,,,0,Ramakrishnapur OC,Contextual_Fuzzy,-0.2082716778163625,0.2082716778163625,0.0,Normal,Latest production change is within the normal range of observed production changes.,-0.0099999999999997,True,1,1,50.0,Operational Only,0,Mine-level safety evidence unavailable,60.0,Moderate,Opencast,-0.2899418680804909,0,7.248546702012272,Normal,Lower than peer average,5.206791945409062,5.206791945409062,,5.206791945409062,LOW,No major risk indicator,No Immediate High-Risk Indicator Detected,No unusual peer-group production pattern detected.,Prototype AI risk indicator - not an official regulatory classification
Ramnagar Colliery,,,,,,,,,0,,,,,,,,,,0,0,0.0,Insufficient Evidence,0,Mine-level safety evidence unavailable,0.0,Insufficient Evidence,Underground,-0.6287891270464613,0,15.719728176161532,Normal,Lower than peer average,,,,,Insufficient Evidence,No major risk indicator,Insufficient Evidence for Risk Assessment,No unusual peer-group production pattern detected.,Prototype AI risk indicator - not an official regulatory classification
Rampur Batura,,,,,,,,,0,Rampur Batura,Contextual_Fuzzy,0.9287806048328092,0.9287806048328092,0.0,Normal,Latest production change is within the normal range of observed production changes.,1.17,True,1,1,50.0,Operational Only,0,Mine-level safety evidence unavailable,60.0,Moderate,Opencast,-0.372776730182586,0,9.319418254564653,Normal,Lower than peer average,23.21951512082023,23.21951512082023,,23.21951512082023,LOW,No major risk indicator,No Immediate High-Risk Indicator Detected,No unusual peer-group production pattern detected.,Prototype AI risk indicator - not an official regulatory classification
Raniatari,,,,,,,,,0,Raniatari,Contextual_Fuzzy,-0.1986356415227257,0.1986356415227257,0.0,Normal,Latest production change is within the normal range of observed production changes.,0.0,True,1,1,50.0,Operational Only,0,Mine-level safety evidence unavailable,60.0,Moderate,Underground,0.8216710250499948,0,20.54177562624987,Normal,Higher than peer average,4.9658910380681425,4.9658910380681425,,4.9658910380681425,LOW,No major risk indicator,No Immediate High-Risk Indicator Detected,No unusual peer-group production pattern detected.,Prototype AI risk indicator - not an official regulatory classification
Ravindra Khani-5 Incline,,,,,,,,,0,Ravindra Khani-5 Incline,Contextual_Fuzzy,-0.2179077141099998,0.2179077141099998,0.0,Normal,Latest production change is within the normal range of observed production changes.,-0.0199999999999999,True,1,1,50.0,Operational Only,0,Mine-level safety evidence unavailable,60.0,Moderate,Underground,0.2082472523925354,0,5.206181309813385,Normal,Higher than peer average,5.447692852749995,5.447692852749995,,5.447692852749995,LOW,No major risk indicator,No Immediate High-Risk Indicator Detected,No unusual peer-group production pattern detected.,Prototype AI risk indicator - not an official regulatory classification
Ravindra Khani-6 Incline,,,,,,,,,0,Ravindra Khani-6 Incline,Contextual_Fuzzy,-0.2082716778163627,0.2082716778163627,0.0,Normal,Latest production change is within the normal range of observed production changes.,-0.0099999999999999,True,1,1,50.0,Operational Only,0,Mine-level safety evidence unavailable,60.0,Moderate,Underground,-0.0395396902572759,0,0.9884922564318984,Normal,Lower than peer average,5.206791945409067,5.206791945409067,,5.206791945409067,LOW,No major risk indicator,No Immediate High-Risk Indicator Detected,No unusual peer-group production pattern detected.,Prototype AI risk indicator - not an official regulatory classification
"Ravindra Khani-7,Incline",,,,,,,,,0,"Ravindra Khani-7,Incline",Contextual_Fuzzy,-0.1986356415227257,0.1986356415227257,0.0,Normal,Latest production change is within the normal range of observed production changes.,0.0,True,1,1,50.0,Operational Only,0,Mine-level safety evidence unavailable,60.0,Moderate,Underground,0.395598355371661,0,9.889958884291524,Normal,Higher than peer average,4.9658910380681425,4.9658910380681425,,4.9658910380681425,LOW,No major risk indicator,No Immediate High-Risk Indicator Detected,No unusual peer-group production pattern detected.,Prototype AI risk indicator - not an official regulatory classification
"Ravindra Khani-New Tech,",,,,,,,,,0,"Ravindra Khani-New Tech,",Contextual_Fuzzy,-0.2179077141099998,0.2179077141099998,0.0,Normal,Latest production change is within the normal range of observed production changes.,-0.0199999999999999,True,1,1,50.0,Operational Only,0,Mine-level safety evidence unavailable,60.0,Moderate,Underground,-0.1422806176974415,0,3.557015442436039,Normal,Lower than peer average,5.447692852749995,5.447692852749995,,5.447692852749995,LOW,No major risk indicator,No Immediate High-Risk Indicator Detected,No unusual peer-group production pattern detected.,Prototype AI risk indicator - not an official regulatory classification
Rehar,,,,,,,,,0,Rehar,Contextual_Fuzzy,-0.237179786697274,0.237179786697274,0.0,Normal,Latest production change is within the normal range of observed production changes.,-0.04,True,1,1,50.0,Operational Only,0,Mine-level safety evidence unavailable,60.0,Moderate,Underground,-0.5351135755568984,0,13.37783938892246,Normal,Lower than peer average,5.929494667431849,5.929494667431849,,5.929494667431849,LOW,No major risk indicator,No Immediate High-Risk Indicator Detected,No unusual peer-group production pattern detected.,Prototype AI risk indicator - not an official regulatory classification
Religara,,,,,,,,,0,Religara,Contextual_Fuzzy,-0.1986356415227257,0.1986356415227257,0.0,Normal,Latest production change is within the normal range of observed production changes.,0.0,True,1,1,50.0,Operational Only,0,Mine-level safety evidence unavailable,60.0,Moderate,Opencast,-0.4633142242789308,0,11.58285560697327,Normal,Lower than peer average,4.9658910380681425,4.9658910380681425,,4.9658910380681425,LOW,No major risk indicator,No Immediate High-Risk Indicator Detected,No unusual peer-group production pattern detected.,Prototype AI risk indicator - not an official regulatory classification
ROCP/S. Jharia,,,,,,,,,0,ROCP/S. Jharia,Contextual_Fuzzy,0.3024382457464012,0.3024382457464012,0.0,Normal,Latest production change is within the normal range of observed production changes.,0.5200000000000002,True,1,1,50.0,Operational Only,0,Mine-level safety evidence unavailable,60.0,Moderate,Opencast,-0.2538278885664677,0,6.345697214161692,Normal,Lower than peer average,7.5609561436600305,7.5609561436600305,,7.5609561436600305,LOW,No major risk indicator,No Immediate High-Risk Indicator Detected,No unusual peer-group production pattern detected.,Prototype AI risk indicator - not an official regulatory classification
Rohini,,,,,,,,,0,Rohini,Contextual_Fuzzy,-0.4588086214509262,0.4588086214509262,0.0,Normal,Latest production change is within the normal range of observed production changes.,-0.27,True,1,1,50.0,Operational Only,0,Mine-level safety evidence unavailable,60.0,Moderate,Opencast,-0.5213996458749122,0,13.034991146872803,Normal,Lower than peer average,11.470215536273155,11.470215536273155,,11.470215536273155,LOW,No major risk indicator,No Immediate High-Risk Indicator Detected,No unusual peer-group production pattern detected.,Prototype AI risk indicator - not an official regulatory classification
Samleswari OCP,,,,,,,,,0,Samleswari OCP,Contextual_Fuzzy,1.3624022380464769,1.3624022380464769,0.0,Normal,Latest production change is within the normal range of observed production changes.,1.62,True,1,1,50.0,Operational Only,0,Mine-level safety evidence unavailable,60.0,Moderate,Opencast,0.4914333250411016,0,12.28583312602754,Normal,Higher than peer average,34.06005595116192,34.06005595116192,,34.06005595116192,MEDIUM,No major risk indicator,Monitoring and Review Required,No unusual peer-group production pattern detected.,Prototype AI risk indicator - not an official regulatory classification
Sankarpur Colliery,,,,,,,,,0,Sankarpur Colliery,Contextual_Fuzzy,-0.2275437504036369,0.2275437504036369,0.0,Normal,Latest production change is within the normal range of observed production changes.,-0.03,True,1,1,50.0,Operational Only,0,Mine-level safety evidence unavailable,60.0,Moderate,Underground,-0.051626858191413,0,1.2906714547853269,Normal,Lower than peer average,5.688593760090923,5.688593760090923,,5.688593760090923,LOW,No major risk indicator,No Immediate High-Risk Indicator Detected,No unusual peer-group production pattern detected.,Prototype AI risk indicator - not an official regulatory classification
Saoner Mine - II,,,,,,,,,0,Saoner Mine - II,Contextual_Fuzzy,-0.1697275326418146,0.1697275326418146,0.0,Normal,Latest production change is within the normal range of observed production changes.,0.03,True,1,1,50.0,Operational Only,0,Mine-level safety evidence unavailable,60.0,Moderate,Underground,-0.0878883619938245,0,2.1972090498456125,Normal,Lower than peer average,4.243188316045365,4.243188316045365,,4.243188316045365,LOW,No major risk indicator,No Immediate High-Risk Indicator Detected,No unusual peer-group production pattern detected.,Prototype AI risk indicator - not an official regulatory classification
Saoner Mine - III,,,,,,,,,0,Saoner Mine - III,Contextual_Fuzzy,-0.1889996052290887,0.1889996052290887,0.0,Normal,Latest production change is within the normal range of observed production changes.,0.01,True,1,1,50.0,Operational Only,0,Mine-level safety evidence unavailable,60.0,Moderate,Underground,-0.2057382493516615,0,5.143456233791538,Normal,Lower than peer average,4.7249901307272175,4.7249901307272175,,4.7249901307272175,LOW,No major risk indicator,No Immediate High-Risk Indicator Detected,No unusual peer-group production pattern detected.,Prototype AI risk indicator - not an official regulatory classification
Saoner Mine-I,,,,,,,,,0,Saoner Mine-I,Contextual_Fuzzy,-0.1697275326418146,0.1697275326418146,0.0,Normal,Latest production change is within the normal range of observed production changes.,0.03,True,1,1,50.0,Operational Only,0,Mine-level safety evidence unavailable,60.0,Moderate,Underground,-0.0667358181090845,0,1.6683954527271128,Normal,Lower than peer average,4.243188316045365,4.243188316045365,,4.243188316045365,LOW,No major risk indicator,No Immediate High-Risk Indicator Detected,No unusual peer-group production pattern detected.,Prototype AI risk indicator - not an official regulatory classification
Saraipali,,,,,,,,,0,Saraipali,Contextual_Fuzzy,-0.0926392422927183,0.0926392422927183,0.0,Normal,Latest production change is within the normal range of observed production changes.,0.1099999999999998,True,1,1,50.0,Operational Only,0,Mine-level safety evidence unavailable,60.0,Moderate,Underground,4.447821405291135,1,100.0,Highly Unusual,Higher than peer average,2.315981057317958,2.315981057317958,,2.315981057317958,LOW,Peer production anomaly,No Immediate High-Risk Indicator Detected,Production is higher than peer average compared with the Underground peer group.,Prototype AI risk indicator - not an official regulatory classification
Sarisatolli Coal Mine,,,,,,,,,0,Sarisatolli Coal Mine,Contextual_Fuzzy,-0.6900734924982155,0.6900734924982155,0.0,Normal,Latest production change is within the normal range of observed production changes.,-0.51,True,1,1,50.0,Operational Only,0,Mine-level safety evidence unavailable,60.0,Moderate,Opencast,-0.3630537356980413,0,9.076343392451031,Normal,Lower than peer average,17.251837312455386,17.251837312455386,,17.251837312455386,LOW,No major risk indicator,No Immediate High-Risk Indicator Detected,No unusual peer-group production pattern detected.,Prototype AI risk indicator - not an official regulatory classification
Sarni Mine,,,,,,,,,0,,,,,,,,,,0,0,0.0,Insufficient Evidence,0,Mine-level safety evidence unavailable,0.0,Insufficient Evidence,Underground,-0.6287891270464613,0,15.719728176161532,Normal,Lower than peer average,,,,,Insufficient Evidence,No major risk indicator,Insufficient Evidence for Risk Assessment,No unusual peer-group production pattern detected.,Prototype AI risk indicator - not an official regulatory classification
Sarubera,,,,,,,,,0,,,,,,,,,,0,0,0.0,Insufficient Evidence,0,Mine-level safety evidence unavailable,0.0,Insufficient Evidence,Underground,-0.6287891270464613,0,15.719728176161532,Normal,Lower than peer average,,,,,Insufficient Evidence,No major risk indicator,Insufficient Evidence for Risk Assessment,No unusual peer-group production pattern detected.,Prototype AI risk indicator - not an official regulatory classification
Sasti Expn. OCM,,,,,,,,,0,Sasti Expn. OCM,Contextual_Fuzzy,-0.738253673966401,0.738253673966401,0.0,Normal,Latest production change is within the normal range of observed production changes.,-0.5600000000000003,True,1,1,50.0,Operational Only,0,Mine-level safety evidence unavailable,60.0,Moderate,Opencast,-0.2877952329345524,0,7.1948808233638095,Normal,Lower than peer average,18.456341849160022,18.456341849160022,,18.456341849160022,LOW,No major risk indicator,No Immediate High-Risk Indicator Detected,No unusual peer-group production pattern detected.,Prototype AI risk indicator - not an official regulatory classification
Satgram Incline,,,,,,,,,0,Satgram Incline,Contextual_Fuzzy,-0.1986356415227257,0.1986356415227257,0.0,Normal,Latest production change is within the normal range of observed production changes.,0.0,True,1,1,50.0,Operational Only,0,Mine-level safety evidence unavailable,60.0,Moderate,Underground,-0.5320917835733642,0,13.302294589334103,Normal,Lower than peer average,4.9658910380681425,4.9658910380681425,,4.9658910380681425,LOW,No major risk indicator,No Immediate High-Risk Indicator Detected,No unusual peer-group production pattern detected.,Prototype AI risk indicator - not an official regulatory classification
Satgram Project,,,,,,,,,0,Satgram Project,Contextual_Fuzzy,-0.2179077141099998,0.2179077141099998,0.0,Normal,Latest production change is within the normal range of observed production changes.,-0.02,True,1,1,50.0,Operational Only,0,Mine-level safety evidence unavailable,60.0,Moderate,Underground,-0.5381353675404328,0,13.45338418851082,Normal,Lower than peer average,5.447692852749995,5.447692852749995,,5.447692852749995,LOW,No major risk indicator,No Immediate High-Risk Indicator Detected,No unusual peer-group production pattern detected.,Prototype AI risk indicator - not an official regulatory classification
Saunda (Ncdc),,,,,,,,,0,,,,,,,,,,0,0,0.0,Insufficient Evidence,0,Mine-level safety evidence unavailable,0.0,Insufficient Evidence,Underground,-0.6287891270464613,0,15.719728176161532,Normal,Lower than peer average,,,,,Insufficient Evidence,No major risk indicator,Insufficient Evidence for Risk Assessment,No unusual peer-group production pattern detected.,Prototype AI risk indicator - not an official regulatory classification
Sayal `D',,,,,,,,,0,Sayal `D',Contextual_Fuzzy,0.6107914071427866,0.6107914071427866,0.0,Normal,Latest production change is within the normal range of observed production changes.,0.84,True,1,1,50.0,Operational Only,0,Mine-level safety evidence unavailable,60.0,Moderate,Opencast,-0.3989151699007776,0,9.97287924751944,Normal,Lower than peer average,15.269785178569665,15.269785178569665,,15.269785178569665,LOW,No major risk indicator,No Immediate High-Risk Indicator Detected,No unusual peer-group production pattern detected.,Prototype AI risk indicator - not an official regulatory classification
SD OC Mine,,,,,,,,,0,SD OC Mine,Contextual_Fuzzy,-0.0059149156499846,0.0059149156499846,0.0,Normal,Latest production change is within the normal range of observed production changes.,0.2000000000000001,True,1,1,50.0,Operational Only,0,Mine-level safety evidence unavailable,60.0,Moderate,Opencast,-0.3266872108727312,0,8.16718027181828,Normal,Lower than peer average,0.147872891249615,0.147872891249615,,0.147872891249615,LOW,No major risk indicator,No Immediate High-Risk Indicator Detected,No unusual peer-group production pattern detected.,Prototype AI risk indicator - not an official regulatory classification
Sendra Bansjora,,,,,,,,,0,Sendra Bansjora,Contextual_Fuzzy,-0.3239041133400074,0.3239041133400074,0.0,Normal,Latest production change is within the normal range of observed production changes.,-0.13,True,1,1,50.0,Operational Only,0,Mine-level safety evidence unavailable,60.0,Moderate,Opencast,-0.4504344134033002,0,11.260860335082503,Normal,Lower than peer average,8.097602833500185,8.097602833500185,,8.097602833500185,LOW,No major risk indicator,No Immediate High-Risk Indicator Detected,No unusual peer-group production pattern detected.,Prototype AI risk indicator - not an official regulatory classification
Shampur B,,,,,,,,,0,Shampur B,Contextual_Fuzzy,-0.1986356415227257,0.1986356415227257,0.0,Normal,Latest production change is within the normal range of observed production changes.,0.0,True,1,1,50.0,Operational Only,0,Mine-level safety evidence unavailable,60.0,Moderate,Underground,-0.4807213198532813,0,12.018032996332034,Normal,Lower than peer average,4.9658910380681425,4.9658910380681425,,4.9658910380681425,LOW,No major risk indicator,No Immediate High-Risk Indicator Detected,No unusual peer-group production pattern detected.,Prototype AI risk indicator - not an official regulatory classification
Shanthi Khani,,,,,,,,,0,,,,,,,,,,0,0,0.0,Insufficient Evidence,0,Mine-level safety evidence unavailable,0.0,Insufficient Evidence,Underground,-0.3568278485283757,0,8.920696213209393,Normal,Lower than peer average,,,,,Insufficient Evidence,No major risk indicator,Insufficient Evidence for Risk Assessment,No unusual peer-group production pattern detected.,Prototype AI risk indicator - not an official regulatory classification
Sharda Highwall,,,,,,,,,0,Sharda Highwall,Contextual_Fuzzy,-0.1504554600545405,0.1504554600545405,0.0,Normal,Latest production change is within the normal range of observed production changes.,0.0499999999999999,True,1,1,50.0,Operational Only,0,Mine-level safety evidence unavailable,60.0,Moderate,Underground,1.5197049732464143,0,37.99262433116036,Normal,Higher than peer average,3.7613865013635124,3.7613865013635124,,3.7613865013635124,LOW,No major risk indicator,No Immediate High-Risk Indicator Detected,No unusual peer-group production pattern detected.,Prototype AI risk indicator - not an official regulatory classification
Sharda UG,,,,,,,,,0,,,,,,,,,,0,0,0.0,Insufficient Evidence,0,Mine-level safety evidence unavailable,0.0,Insufficient Evidence,Underground,-0.5230264076227613,0,13.075660190569034,Normal,Lower than peer average,,,,,Insufficient Evidence,No major risk indicator,Insufficient Evidence for Risk Assessment,No unusual peer-group production pattern detected.,Prototype AI risk indicator - not an official regulatory classification
Shivani,,,,,,,,,0,Shivani,Contextual_Fuzzy,-0.1504554600545405,0.1504554600545405,0.0,Normal,Latest production change is within the normal range of observed production changes.,0.05,True,1,1,50.0,Operational Only,0,Mine-level safety evidence unavailable,60.0,Moderate,Underground,0.0752884051170268,0,1.882210127925672,Normal,Higher than peer average,3.7613865013635124,3.7613865013635124,,3.7613865013635124,LOW,No major risk indicator,No Immediate High-Risk Indicator Detected,No unusual peer-group production pattern detected.,Prototype AI risk indicator - not an official regulatory classification
Shyam Sundarpur Colliery,,,,,,,,,0,Shyam Sundarpur Colliery,Contextual_Fuzzy,-0.1408194237609035,0.1408194237609035,0.0,Normal,Latest production change is within the normal range of observed production changes.,0.0599999999999999,True,1,1,50.0,Operational Only,0,Mine-level safety evidence unavailable,60.0,Moderate,Underground,1.5469011010982228,0,38.67252752745557,Normal,Higher than peer average,3.5204855940225874,3.5204855940225874,,3.5204855940225874,LOW,No major risk indicator,No Immediate High-Risk Indicator Detected,No unusual peer-group production pattern detected.,Prototype AI risk indicator - not an official regulatory classification
Sial Ghogri Coal Mine,,,,,,,,,0,Sial Ghogri Coal Mine,Contextual_Fuzzy,-0.2179077141099998,0.2179077141099998,0.0,Normal,Latest production change is within the normal range of observed production changes.,-0.0199999999999999,True,1,1,50.0,Operational Only,0,Mine-level safety evidence unavailable,60.0,Moderate,Underground,0.3653804355363181,0,9.134510888407952,Normal,Higher than peer average,5.447692852749995,5.447692852749995,,5.447692852749995,LOW,No major risk indicator,No Immediate High-Risk Indicator Detected,No unusual peer-group production pattern detected.,Prototype AI risk indicator - not an official regulatory classification
Siarmal OCP,,,,,,,,,0,,,,,,,,,,0,0,0.0,Insufficient Evidence,0,Mine-level safety evidence unavailable,0.0,Insufficient Evidence,Opencast,0.3883948380360563,0,9.709870950901408,Normal,Higher than peer average,,,,,Insufficient Evidence,No major risk indicator,Insufficient Evidence for Risk Assessment,No unusual peer-group production pattern detected.,Prototype AI risk indicator - not an official regulatory classification
Siduli Colliery,,,,,,,,,0,Siduli Colliery,Contextual_Fuzzy,-0.2082716778163627,0.2082716778163627,0.0,Normal,Latest production change is within the normal range of observed production changes.,-0.0099999999999999,True,1,1,50.0,Operational Only,0,Mine-level safety evidence unavailable,60.0,Moderate,Mixed,-0.4613876949882943,0,11.534692374707358,Normal,Lower than peer average,5.206791945409067,5.206791945409067,,5.206791945409067,LOW,No major risk indicator,No Immediate High-Risk Indicator Detected,No unusual peer-group production pattern detected.,Prototype AI risk indicator - not an official regulatory classification
Sijua Colliery,,,,,,,,,0,"Sijua Colliery,",Contextual_Fuzzy,-0.1986356415227257,0.1986356415227257,0.0,Normal,Latest production change is within the normal range of observed production changes.,0.0,True,1,1,50.0,Operational Only,0,Mine-level safety evidence unavailable,60.0,Moderate,Underground,0.1145717009029725,0,2.8642925225743125,Normal,Higher than peer average,4.9658910380681425,4.9658910380681425,,4.9658910380681425,LOW,No major risk indicator,No Immediate High-Risk Indicator Detected,No unusual peer-group production pattern detected.,Prototype AI risk indicator - not an official regulatory classification
Sikni OC Mine,,,,,,,,,0,,,,,,,,,,0,0,0.0,Insufficient Evidence,0,Mine-level safety evidence unavailable,0.0,Insufficient Evidence,Opencast,-0.4838966671488112,0,12.09741667872028,Normal,Lower than peer average,,,,,Insufficient Evidence,No major risk indicator,Insufficient Evidence for Risk Assessment,No unusual peer-group production pattern detected.,Prototype AI risk indicator - not an official regulatory classification
Silewara Colliery,,,,,,,,,0,Silewara Colliery,Contextual_Fuzzy,-0.1793635689354516,0.1793635689354516,0.0,Normal,Latest production change is within the normal range of observed production changes.,0.02,True,1,1,50.0,Operational Only,0,Mine-level safety evidence unavailable,60.0,Moderate,Underground,-0.4202854801825956,0,10.50713700456489,Normal,Lower than peer average,4.48408922338629,4.48408922338629,,4.48408922338629,LOW,No major risk indicator,No Immediate High-Risk Indicator Detected,No unusual peer-group production pattern detected.,Prototype AI risk indicator - not an official regulatory classification
Singhali Colliery,,,,,,,,,0,Singhali Colliery,Contextual_Fuzzy,-0.2082716778163628,0.2082716778163628,0.0,Normal,Latest production change is within the normal range of observed production changes.,-0.01,True,1,1,50.0,Operational Only,0,Mine-level safety evidence unavailable,60.0,Moderate,Underground,-0.2359561691870043,0,5.898904229675109,Normal,Lower than peer average,5.20679194540907,5.20679194540907,,5.20679194540907,LOW,No major risk indicator,No Immediate High-Risk Indicator Detected,No unusual peer-group production pattern detected.,Prototype AI risk indicator - not an official regulatory classification
Singori OC,,,,,,,,,0,Singori OC,Contextual_Fuzzy,-0.1986356415227257,0.1986356415227257,0.0,Normal,Latest production change is within the normal range of observed production changes.,0.0,True,1,1,50.0,Operational Only,0,Mine-level safety evidence unavailable,60.0,Moderate,Opencast,-0.3747970926728809,0,9.369927316822023,Normal,Lower than peer average,4.9658910380681425,4.9658910380681425,,4.9658910380681425,LOW,No major risk indicator,No Immediate High-Risk Indicator Detected,No unusual peer-group production pattern detected.,Prototype AI risk indicator - not an official regulatory classification
Sirka,,,,,,,,,0,Sirka,Contextual_Fuzzy,-0.0830032059990811,0.0830032059990811,0.0,Normal,Latest production change is within the normal range of observed production changes.,0.12,True,1,1,50.0,Operational Only,0,Mine-level safety evidence unavailable,60.0,Moderate,Opencast,-0.5116766513903676,0,12.79191628475919,Normal,Lower than peer average,2.0750801499770275,2.0750801499770275,,2.0750801499770275,LOW,No major risk indicator,No Immediate High-Risk Indicator Detected,No unusual peer-group production pattern detected.,Prototype AI risk indicator - not an official regulatory classification
Sonepur Bazari Project OCM,,,,,,,,,0,,,,,,,,,,0,0,0.0,Insufficient Evidence,0,Mine-level safety evidence unavailable,0.0,Insufficient Evidence,Opencast,1.0361735614868917,0,25.90433903717229,Normal,Higher than peer average,,,,,Insufficient Evidence,No major risk indicator,Insufficient Evidence for Risk Assessment,No unusual peer-group production pattern detected.,Prototype AI risk indicator - not an official regulatory classification
South Samla,,,,,,,,,0,,,,,,,,,,0,0,0.0,Insufficient Evidence,0,Mine-level safety evidence unavailable,0.0,Insufficient Evidence,Underground,-0.5290699915898299,0,13.226749789745748,Normal,Lower than peer average,,,,,Insufficient Evidence,No major risk indicator,Insufficient Evidence for Risk Assessment,No unusual peer-group production pattern detected.,Prototype AI risk indicator - not an official regulatory classification
Srirampur OC,,,,,,,,,0,Srirampur OC,Contextual_Fuzzy,-0.1311833874672666,0.1311833874672666,0.0,Normal,Latest production change is within the normal range of observed production changes.,0.0699999999999998,True,1,1,50.0,Operational Only,0,Mine-level safety evidence unavailable,60.0,Moderate,Opencast,-0.1256611430883784,0,3.141528577209461,Normal,Lower than peer average,3.279584686681665,3.279584686681665,,3.279584686681665,LOW,No major risk indicator,No Immediate High-Risk Indicator Detected,No unusual peer-group production pattern detected.,Prototype AI risk indicator - not an official regulatory classification
"Srirampur-1, Incline",,,,,,,,,0,"Srirampur-1, Incline",Contextual_Fuzzy,-0.3817203311018297,0.3817203311018297,0.0,Normal,Latest production change is within the normal range of observed production changes.,-0.19,True,1,1,50.0,Operational Only,0,Mine-level safety evidence unavailable,60.0,Moderate,Underground,-0.2843048409235529,0,7.107621023088822,Normal,Lower than peer average,9.543008277545741,9.543008277545741,,9.543008277545741,LOW,No major risk indicator,No Immediate High-Risk Indicator Detected,No unusual peer-group production pattern detected.,Prototype AI risk indicator - not an official regulatory classification
Srirampur-3 & 3A Incline,,,,,,,,,0,Srirampur-3 & 3A Incline,Contextual_Fuzzy,-0.3624482585145557,0.3624482585145557,0.0,Normal,Latest production change is within the normal range of observed production changes.,-0.17,True,1,1,50.0,Operational Only,0,Mine-level safety evidence unavailable,60.0,Moderate,Underground,0.066223029166424,0,1.6555757291606,Normal,Higher than peer average,9.061206462863893,9.061206462863893,,9.061206462863893,LOW,No major risk indicator,No Immediate High-Risk Indicator Detected,No unusual peer-group production pattern detected.,Prototype AI risk indicator - not an official regulatory classification
Suliyari,,,,,,,,,0,,,,,,,,,,0,0,0.0,Insufficient Evidence,0,Mine-level safety evidence unavailable,0.0,Insufficient Evidence,Opencast,0.1050389987721822,0,2.625974969304555,Normal,Higher than peer average,,,,,Insufficient Evidence,No major risk indicator,Insufficient Evidence for Risk Assessment,No unusual peer-group production pattern detected.,Prototype AI risk indicator - not an official regulatory classification
Tadicherla 1 OCM,,,,,,,,,0,,,,,,,,,,0,0,0.0,Insufficient Evidence,0,Mine-level safety evidence unavailable,0.0,Insufficient Evidence,Opencast,-0.210642640336412,0,5.2660660084103,Normal,Lower than peer average,,,,,Insufficient Evidence,No major risk indicator,Insufficient Evidence for Risk Assessment,No unusual peer-group production pattern detected.,Prototype AI risk indicator - not an official regulatory classification
Takli Jena Bellora,,,,,,,,,0,,,,,,,,,,0,0,0.0,Insufficient Evidence,0,Mine-level safety evidence unavailable,0.0,Insufficient Evidence,Opencast,-0.515591103715314,0,12.88977759288285,Normal,Lower than peer average,,,,,Insufficient Evidence,No major risk indicator,Insufficient Evidence for Risk Assessment,No unusual peer-group production pattern detected.,Prototype AI risk indicator - not an official regulatory classification
Talabira II & III,,,,,,,,,0,,,,,,,,,,0,0,0.0,Insufficient Evidence,0,Mine-level safety evidence unavailable,0.0,Insufficient Evidence,Opencast,1.0698883605436895,0,26.74720901359224,Normal,Higher than peer average,,,,,Insufficient Evidence,No major risk indicator,Insufficient Evidence for Risk Assessment,No unusual peer-group production pattern detected.,Prototype AI risk indicator - not an official regulatory classification
Talaipalli Coal Mine,,,,,,,,,0,Talaipalli Coal Mine,Contextual_Fuzzy,4.75428701340672,4.75428701340672,1.0,Highly Unusual,Production increased by 5.14 MT compared with the previous year; the change is statistically unusual (Z-score: 4.75).,5.140000000000001,True,1,1,50.0,Operational Only,0,Mine-level safety evidence unavailable,60.0,Moderate,Opencast,0.4261503620734442,0,10.653759051836106,Normal,Higher than peer average,100.0,100.0,,100.0,CRITICAL,Operational indicator,Priority Inspection / Further Assessment Required,No unusual peer-group production pattern detected.,Prototype AI risk indicator - not an official regulatory classification
Tandsi,,,,,,,,,0,Tandsi,Contextual_Fuzzy,-0.2468158229909109,0.2468158229909109,0.0,Normal,Latest production change is within the normal range of observed production changes.,-0.0499999999999999,True,1,1,50.0,Operational Only,0,Mine-level safety evidence unavailable,60.0,Moderate,Underground,-0.5200046156392271,0,13.000115390980676,Normal,Lower than peer average,6.170395574772773,6.170395574772773,,6.170395574772773,LOW,No major risk indicator,No Immediate High-Risk Indicator Detected,No unusual peer-group production pattern detected.,Prototype AI risk indicator - not an official regulatory classification
Tapin North,,,,,,,,,0,Tapin North,Contextual_Fuzzy,-0.0444590608245328,0.0444590608245328,0.0,Normal,Latest production change is within the normal range of observed production changes.,0.1600000000000001,True,1,1,50.0,Operational Only,0,Mine-level safety evidence unavailable,60.0,Moderate,Opencast,-0.2465040745391483,0,6.162601863478708,Normal,Lower than peer average,1.11147652061332,1.11147652061332,,1.11147652061332,LOW,No major risk indicator,No Immediate High-Risk Indicator Detected,No unusual peer-group production pattern detected.,Prototype AI risk indicator - not an official regulatory classification
Tapin South,,,,,,,,,0,Tapin South,Contextual_Fuzzy,0.1193535561672967,0.1193535561672967,0.0,Normal,Latest production change is within the normal range of observed production changes.,0.3299999999999998,True,1,1,50.0,Operational Only,0,Mine-level safety evidence unavailable,60.0,Moderate,Opencast,-0.3457543818748904,0,8.64385954687226,Normal,Lower than peer average,2.9838389041824174,2.9838389041824174,,2.9838389041824174,LOW,No major risk indicator,No Immediate High-Risk Indicator Detected,No unusual peer-group production pattern detected.,Prototype AI risk indicator - not an official regulatory classification
Tara(E&W),,,,,,,,,0,,,,,,,,,,0,0,0.0,Insufficient Evidence,0,Mine-level safety evidence unavailable,0.0,Insufficient Evidence,Opencast,-0.5125605599798715,0,12.814013999496789,Normal,Lower than peer average,,,,,Insufficient Evidence,No major risk indicator,Insufficient Evidence for Risk Assessment,No unusual peer-group production pattern detected.,Prototype AI risk indicator - not an official regulatory classification
Tarmi,,,,,,,,,0,Tarmi,Contextual_Fuzzy,0.0711733746991117,0.0711733746991117,0.0,Normal,Latest production change is within the normal range of observed production changes.,0.28,True,1,1,50.0,Operational Only,0,Mine-level safety evidence unavailable,60.0,Moderate,Opencast,-0.4905891178979134,0,12.264727947447836,Normal,Lower than peer average,1.7793343674777924,1.7793343674777924,,1.7793343674777924,LOW,No major risk indicator,No Immediate High-Risk Indicator Detected,No unusual peer-group production pattern detected.,Prototype AI risk indicator - not an official regulatory classification
Tasra Colliery,,,,,,,,,0,Tasra Colliery,Contextual_Fuzzy,-0.1697275326418146,0.1697275326418146,0.0,Normal,Latest production change is within the normal range of observed production changes.,0.03,True,1,1,50.0,Operational Only,0,Mine-level safety evidence unavailable,60.0,Moderate,Opencast,-0.4842754851157415,0,12.106887127893536,Normal,Lower than peer average,4.243188316045365,4.243188316045365,,4.243188316045365,LOW,No major risk indicator,No Immediate High-Risk Indicator Detected,No unusual peer-group production pattern detected.,Prototype AI risk indicator - not an official regulatory classification
Tawa Mine,,,,,,,,,0,Tawa Mine,Contextual_Fuzzy,-0.2082716778163627,0.2082716778163627,0.0,Normal,Latest production change is within the normal range of observed production changes.,-0.0099999999999999,True,1,1,50.0,Operational Only,0,Mine-level safety evidence unavailable,60.0,Moderate,Underground,0.2263780042937409,0,5.659450107343524,Normal,Higher than peer average,5.206791945409067,5.206791945409067,,5.206791945409067,LOW,No major risk indicator,No Immediate High-Risk Indicator Detected,No unusual peer-group production pattern detected.,Prototype AI risk indicator - not an official regulatory classification
Tawa-II,,,,,,,,,0,Tawa-II,Contextual_Fuzzy,-0.237179786697274,0.237179786697274,0.0,Normal,Latest production change is within the normal range of observed production changes.,-0.04,True,1,1,50.0,Operational Only,0,Mine-level safety evidence unavailable,60.0,Moderate,Underground,0.6252545461202664,0,15.63136365300666,Normal,Higher than peer average,5.929494667431849,5.929494667431849,,5.929494667431849,LOW,No major risk indicator,No Immediate High-Risk Indicator Detected,No unusual peer-group production pattern detected.,Prototype AI risk indicator - not an official regulatory classification
Tetaria Khar,,,,,,,,,0,Tetaria Khar,Contextual_Fuzzy,-0.0830032059990811,0.0830032059990811,0.0,Normal,Latest production change is within the normal range of observed production changes.,0.12,True,1,1,50.0,Operational Only,0,Mine-level safety evidence unavailable,60.0,Moderate,Opencast,-0.3960108988209785,0,9.900272470524463,Normal,Lower than peer average,2.0750801499770275,2.0750801499770275,,2.0750801499770275,LOW,No major risk indicator,No Immediate High-Risk Indicator Detected,No unusual peer-group production pattern detected.,Prototype AI risk indicator - not an official regulatory classification
Tetulmari,,,,,,,,,0,Tetulmari,Contextual_Fuzzy,-0.1600914963481776,0.1600914963481776,0.0,Normal,Latest production change is within the normal range of observed production changes.,0.0399999999999999,True,1,1,50.0,Operational Only,0,Mine-level safety evidence unavailable,60.0,Moderate,Opencast,-0.486169574950393,0,12.154239373759824,Normal,Lower than peer average,4.00228740870444,4.00228740870444,,4.00228740870444,LOW,No major risk indicator,No Immediate High-Risk Indicator Detected,No unusual peer-group production pattern detected.,Prototype AI risk indicator - not an official regulatory classification
Tikak Colliery,,,,,,,,,0,Tikak Colliery,Contextual_Fuzzy,-0.1986356415227257,0.1986356415227257,0.0,Normal,Latest production change is within the normal range of observed production changes.,0.0,True,1,1,50.0,Operational Only,0,Mine-level safety evidence unavailable,60.0,Moderate,Opencast,-0.5010697483163187,0,12.526743707907968,Normal,Lower than peer average,4.9658910380681425,4.9658910380681425,,4.9658910380681425,LOW,No major risk indicator,No Immediate High-Risk Indicator Detected,No unusual peer-group production pattern detected.,Prototype AI risk indicator - not an official regulatory classification
Tilaboni Colliery,,,,,,,,,0,Tilaboni Colliery,Contextual_Fuzzy,-0.2082716778163628,0.2082716778163628,0.0,Normal,Latest production change is within the normal range of observed production changes.,-0.01,True,1,1,50.0,Operational Only,0,Mine-level safety evidence unavailable,60.0,Moderate,Underground,-0.2601305050552787,0,6.503262626381967,Normal,Lower than peer average,5.20679194540907,5.20679194540907,,5.20679194540907,LOW,No major risk indicator,No Immediate High-Risk Indicator Detected,No unusual peer-group production pattern detected.,Prototype AI risk indicator - not an official regulatory classification
Topa Marginal Scheme,,,,,,,,,0,Topa Marginal Scheme,Contextual_Fuzzy,-0.1986356415227257,0.1986356415227257,0.0,Normal,Latest production change is within the normal range of observed production changes.,0.0,True,1,1,50.0,Operational Only,0,Mine-level safety evidence unavailable,60.0,Moderate,Opencast,-0.422401883850457,0,10.560047096261425,Normal,Lower than peer average,4.9658910380681425,4.9658910380681425,,4.9658910380681425,LOW,No major risk indicator,No Immediate High-Risk Indicator Detected,No unusual peer-group production pattern detected.,Prototype AI risk indicator - not an official regulatory classification
Trans Damodar Coal Mine,,,,,,,,,0,Trans Damodar Coal Mine,Contextual_Fuzzy,0.2349859916909415,0.2349859916909415,0.0,Normal,Latest production change is within the normal range of observed production changes.,0.4499999999999999,True,1,1,50.0,Operational Only,0,Mine-level safety evidence unavailable,60.0,Moderate,Opencast,-0.4000516238015685,0,10.001290595039212,Normal,Lower than peer average,5.874649792273537,5.874649792273537,,5.874649792273537,LOW,No major risk indicator,No Immediate High-Risk Indicator Detected,No unusual peer-group production pattern detected.,Prototype AI risk indicator - not an official regulatory classification
Ukni OC,,,,,,,,,0,Ukni OC,Contextual_Fuzzy,-0.1119113148799922,0.1119113148799922,0.0,Normal,Latest production change is within the normal range of observed production changes.,0.09,True,1,1,50.0,Operational Only,0,Mine-level safety evidence unavailable,60.0,Moderate,Opencast,-0.2941088657167243,0,7.352721642918109,Normal,Lower than peer average,2.797782871999805,2.797782871999805,,2.797782871999805,LOW,No major risk indicator,No Immediate High-Risk Indicator Detected,No unusual peer-group production pattern detected.,Prototype AI risk indicator - not an official regulatory classification
Umaria,,,,,,,,,0,Umaria,Contextual_Fuzzy,-0.2082716778163628,0.2082716778163628,0.0,Normal,Latest production change is within the normal range of observed production changes.,-0.01,True,1,1,50.0,Operational Only,0,Mine-level safety evidence unavailable,60.0,Moderate,Underground,-0.27523946497295,0,6.880986624323751,Normal,Lower than peer average,5.20679194540907,5.20679194540907,,5.20679194540907,LOW,No major risk indicator,No Immediate High-Risk Indicator Detected,No unusual peer-group production pattern detected.,Prototype AI risk indicator - not an official regulatory classification
Umrer OC Mine,,,,,,,,,0,Umrer OC Mine,Contextual_Fuzzy,-0.8731581820773197,0.8731581820773197,0.0,Normal,Latest production change is within the normal range of observed production changes.,-0.7000000000000002,True,1,1,50.0,Operational Only,0,Mine-level safety evidence unavailable,60.0,Moderate,Opencast,-0.133616320393915,0,3.3404080098478763,Normal,Lower than peer average,21.82895455193299,21.82895455193299,,21.82895455193299,LOW,No major risk indicator,No Immediate High-Risk Indicator Detected,No unusual peer-group production pattern detected.,Prototype AI risk indicator - not an official regulatory classification
Urdhan,,,,,,,,,0,Urdhan,Contextual_Fuzzy,-0.1986356415227257,0.1986356415227257,0.0,Normal,Latest production change is within the normal range of observed production changes.,0.0,True,1,1,50.0,Operational Only,0,Mine-level safety evidence unavailable,60.0,Moderate,Opencast,-0.4379334204945998,0,10.948335512364997,Normal,Lower than peer average,4.9658910380681425,4.9658910380681425,,4.9658910380681425,LOW,No major risk indicator,No Immediate High-Risk Indicator Detected,No unusual peer-group production pattern detected.,Prototype AI risk indicator - not an official regulatory classification
Urimari,,,,,,,,,0,,,,,,,,,,0,0,0.0,Insufficient Evidence,0,Mine-level safety evidence unavailable,0.0,Insufficient Evidence,Underground,-0.6287891270464613,0,15.719728176161532,Normal,Lower than peer average,,,,,Insufficient Evidence,No major risk indicator,Insufficient Evidence for Risk Assessment,No unusual peer-group production pattern detected.,Prototype AI risk indicator - not an official regulatory classification
Utkal C Coal Mine,,,,,,,,,0,,,,,,,,,,0,0,0.0,Insufficient Evidence,0,Mine-level safety evidence unavailable,0.0,Insufficient Evidence,Opencast,-0.3966422620991957,0,9.916056552479894,Normal,Lower than peer average,,,,,Insufficient Evidence,No major risk indicator,Insufficient Evidence for Risk Assessment,No unusual peer-group production pattern detected.,Prototype AI risk indicator - not an official regulatory classification
Utkal D,,,,,,,,,0,,,,,,,,,,0,0,0.0,Insufficient Evidence,0,Mine-level safety evidence unavailable,0.0,Insufficient Evidence,Opencast,-0.2737789681581308,0,6.844474203953271,Normal,Lower than peer average,,,,,Insufficient Evidence,No major risk indicator,Insufficient Evidence for Risk Assessment,No unusual peer-group production pattern detected.,Prototype AI risk indicator - not an official regulatory classification
Vakilpalli,,,,,,,,,0,Vakilpalli,Contextual_Fuzzy,-0.1986356415227257,0.1986356415227257,0.0,Normal,Latest production change is within the normal range of observed production changes.,0.0,True,1,1,50.0,Operational Only,0,Mine-level safety evidence unavailable,60.0,Moderate,Underground,0.4288380671905379,0,10.720951679763449,Normal,Higher than peer average,4.9658910380681425,4.9658910380681425,,4.9658910380681425,LOW,No major risk indicator,No Immediate High-Risk Indicator Detected,No unusual peer-group production pattern detected.,Prototype AI risk indicator - not an official regulatory classification
Vijay West,,,,,,,,,0,Vijay West,Contextual_Fuzzy,-0.1986356415227257,0.1986356415227257,0.0,Normal,Latest production change is within the normal range of observed production changes.,0.0,True,1,1,50.0,Operational Only,0,Mine-level safety evidence unavailable,60.0,Moderate,Underground,0.8821068647206805,0,22.05267161801701,Normal,Higher than peer average,4.9658910380681425,4.9658910380681425,,4.9658910380681425,LOW,No major risk indicator,No Immediate High-Risk Indicator Detected,No unusual peer-group production pattern detected.,Prototype AI risk indicator - not an official regulatory classification
Vindhya,,,,,,,,,0,Vindhya,Contextual_Fuzzy,-0.2179077141099998,0.2179077141099998,0.0,Normal,Latest production change is within the normal range of observed production changes.,-0.02,True,1,1,50.0,Operational Only,0,Mine-level safety evidence unavailable,60.0,Moderate,Underground,0.7763441452969808,0,19.40860363242452,Normal,Higher than peer average,5.447692852749995,5.447692852749995,,5.447692852749995,LOW,No major risk indicator,No Immediate High-Risk Indicator Detected,No unusual peer-group production pattern detected.,Prototype AI risk indicator - not an official regulatory classification
Vishnupuri-II,,,,,,,,,0,Vishnupuri-II,Contextual_Fuzzy,-0.2082716778163628,0.2082716778163628,0.0,Normal,Latest production change is within the normal range of observed production changes.,-0.01,True,1,1,50.0,Operational Only,0,Mine-level safety evidence unavailable,60.0,Moderate,Underground,-0.3719368084460471,0,9.298420211151178,Normal,Lower than peer average,5.20679194540907,5.20679194540907,,5.20679194540907,LOW,No major risk indicator,No Immediate High-Risk Indicator Detected,No unusual peer-group production pattern detected.,Prototype AI risk indicator - not an official regulatory classification
West Bokaro OC (Quarry-E & SE),,,,,,,,,0,West Bokaro OC Quarry-SE,Contextual_Fuzzy,-0.2275437504036371,0.2275437504036371,0.0,Normal,Latest production change is within the normal range of observed production changes.,-0.0300000000000002,True,1,1,50.0,Operational Only,0,Mine-level safety evidence unavailable,60.0,Moderate,Opencast,0.1152670838793007,0,2.8816770969825174,Normal,Higher than peer average,5.688593760090928,5.688593760090928,,5.688593760090928,LOW,No major risk indicator,No Immediate High-Risk Indicator Detected,No unusual peer-group production pattern detected.,Prototype AI risk indicator - not an official regulatory classification
West Bokaro OC Quarry-AB,,,,,,,,,0,West Bokaro OC Quarry-AB,Contextual_Fuzzy,0.0133571569372893,0.0133571569372893,0.0,Normal,Latest production change is within the normal range of observed production changes.,0.22,True,1,1,50.0,Operational Only,0,Mine-level safety evidence unavailable,60.0,Moderate,Opencast,-0.4849068483939587,0,12.122671209848969,Normal,Lower than peer average,0.3339289234322325,0.3339289234322325,,0.3339289234322325,LOW,No major risk indicator,No Immediate High-Risk Indicator Detected,No unusual peer-group production pattern detected.,Prototype AI risk indicator - not an official regulatory classification
West Jhagrakhand,,,,,,,,,0,West Jhagrakhand,Contextual_Fuzzy,-0.2371797866972738,0.2371797866972738,0.0,Normal,Latest production change is within the normal range of observed production changes.,-0.0399999999999999,True,1,1,50.0,Operational Only,0,Mine-level safety evidence unavailable,60.0,Moderate,Underground,-0.38100218439665,0,9.52505460991625,Normal,Lower than peer average,5.929494667431845,5.929494667431845,,5.929494667431845,LOW,No major risk indicator,No Immediate High-Risk Indicator Detected,No unusual peer-group production pattern detected.,Prototype AI risk indicator - not an official regulatory classification
