Company Name,Area Name,Mine Name,Creation datetime,Record time,PM - 2.5 (µg/m3),PM - 10 (µg/m3),SO2 (µg/m3),NO2  (µg/m3),CO (mg/m3),Device ID,Created by
South Eastern Coalfields Limited,Dipka Area,M/s Dipka Expansion Project South Eastern Coal Fields Limited Dipka Area,30-AUG-2026 22:30,30-AUG-2026 17:00,14.09,20.21,38.60,,0.51,site_5664,Thermo Fisher Scientific India Private Limited
South Eastern Coalfields Limited,Dipka Area,M/s Dipka Expansion Project South Eastern Coal Fields Limited Dipka Area,30-AUG-2026 22:29,30-AUG-2026 16:59,14.50,19.86,37.28,,0.55,site_5664,Thermo Fisher Scientific India Private Limited
South Eastern Coalfields Limited,Dipka Area,M/s Dipka Expansion Project South Eastern Coal Fields Limited Dipka Area,30-AUG-2026 22:29,30-AUG-2026 16:59,14.99,19.68,30.07,,0.59,site_5664,Thermo Fisher Scientific India Private Limited
South Eastern Coalfields Limited,Dipka Area,M/s Dipka Expansion Project South Eastern Coal Fields Limited Dipka Area,30-AUG-2026 22:28,30-AUG-2026 16:58,15.38,19.49,32.60,,0.61,site_5664,Thermo Fisher Scientific India Private Limited
South Eastern Coalfields Limited,Dipka Area,M/s Dipka Expansion Project South Eastern Coal Fields Limited Dipka Area,30-AUG-2026 22:28,30-AUG-2026 16:58,15.78,19.41,38.04,,0.66,site_5664,Thermo Fisher Scientific India Private Limited
South Eastern Coalfields Limited,Dipka Area,M/s Dipka Expansion Project South Eastern Coal Fields Limited Dipka Area,30-AUG-2026 22:27,30-AUG-2026 16:57,16.36,19.35,35.08,,0.67,site_5664,Thermo Fisher Scientific India Private Limited
South Eastern Coalfields Limited,Dipka Area,M/s Dipka Expansion Project South Eastern Coal Fields Limited Dipka Area,30-AUG-2026 22:27,30-AUG-2026 16:57,16.83,19.32,31.61,,0.76,site_5664,Thermo Fisher Scientific India Private Limited
South Eastern Coalfields Limited,Dipka Area,M/s Dipka Expansion Project South Eastern Coal Fields Limited Dipka Area,30-AUG-2026 22:26,30-AUG-2026 16:56,17.34,19.26,32.70,,0.78,site_5664,Thermo Fisher Scientific India Private Limited
South Eastern Coalfields Limited,Dipka Area,M/s Dipka Expansion Project South Eastern Coal Fields Limited Dipka Area,30-AUG-2026 22:26,30-AUG-2026 16:56,17.68,19.21,35.77,,0.68,site_5664,Thermo Fisher Scientific India Private Limited
South Eastern Coalfields Limited,Dipka Area,M/s Dipka Expansion Project South Eastern Coal Fields Limited Dipka Area,30-AUG-2026 22:25,30-AUG-2026 16:55,18.00,19.14,34.50,,0.54,site_5664,Thermo Fisher Scientific India Private Limited
South Eastern Coalfields Limited,"Gevra , Chattisgarh",SECL GEVRA,30-AUG-2026 22:25,30-AUG-2026 22:15,44.50,79.71,13.94,10.27,0.94,site_,Envea India Pvt Ltd
South Eastern Coalfields Limited,"Gevra , Chattisgarh",SECL GEVRA,30-AUG-2026 22:25,30-AUG-2026 22:15,44.50,79.71,13.94,10.27,0.94,site_,Envea India Pvt Ltd
South Eastern Coalfields Limited,Dipka Area,M/s Dipka Expansion Project South Eastern Coal Fields Limited Dipka Area,30-AUG-2026 22:25,30-AUG-2026 16:55,17.98,19.12,33.49,,0.56,site_5664,Thermo Fisher Scientific India Private Limited
South Eastern Coalfields Limited,Dipka Area,M/s Dipka Expansion Project South Eastern Coal Fields Limited Dipka Area,30-AUG-2026 22:24,30-AUG-2026 16:54,17.73,19.01,38.04,,0.51,site_5664,Thermo Fisher Scientific India Private Limited
South Eastern Coalfields Limited,Dipka Area,M/s Dipka Expansion Project South Eastern Coal Fields Limited Dipka Area,30-AUG-2026 22:24,30-AUG-2026 16:54,17.66,18.96,33.56,,0.50,site_5664,Thermo Fisher Scientific India Private Limited
South Eastern Coalfields Limited,Dipka Area,M/s Dipka Expansion Project South Eastern Coal Fields Limited Dipka Area,30-AUG-2026 22:23,30-AUG-2026 16:53,17.55,19.03,33.84,,0.47,site_5664,Thermo Fisher Scientific India Private Limited
South Eastern Coalfields Limited,Dipka Area,M/s Dipka Expansion Project South Eastern Coal Fields Limited Dipka Area,30-AUG-2026 22:23,30-AUG-2026 16:53,17.40,19.20,33.08,,0.29,site_5664,Thermo Fisher Scientific India Private Limited
South Eastern Coalfields Limited,Dipka Area,M/s Dipka Expansion Project South Eastern Coal Fields Limited Dipka Area,30-AUG-2026 22:22,30-AUG-2026 16:52,17.40,19.41,34.91,,0.24,site_5664,Thermo Fisher Scientific India Private Limited
South Eastern Coalfields Limited,Dipka Area,M/s Dipka Expansion Project South Eastern Coal Fields Limited Dipka Area,30-AUG-2026 22:22,30-AUG-2026 16:52,17.51,19.55,42.51,,0.18,site_5664,Thermo Fisher Scientific India Private Limited
South Eastern Coalfields Limited,Dipka Area,M/s Dipka Expansion Project South Eastern Coal Fields Limited Dipka Area,30-AUG-2026 22:21,30-AUG-2026 16:51,17.58,19.84,32.77,,0.00,site_5664,Thermo Fisher Scientific India Private Limited
South Eastern Coalfields Limited,Dipka Area,M/s Dipka Expansion Project South Eastern Coal Fields Limited Dipka Area,30-AUG-2026 22:21,30-AUG-2026 16:51,17.60,20.09,33.09,,0.00,site_5664,Thermo Fisher Scientific India Private Limited
South Eastern Coalfields Limited,Dipka Area,M/s Dipka Expansion Project South Eastern Coal Fields Limited Dipka Area,30-AUG-2026 22:20,30-AUG-2026 16:50,17.67,20.29,29.64,,0.00,site_5664,Thermo Fisher Scientific India Private Limited
South Eastern Coalfields Limited,Dipka Area,M/s Dipka Expansion Project South Eastern Coal Fields Limited Dipka Area,30-AUG-2026 22:20,30-AUG-2026 16:50,17.81,20.43,35.97,,0.00,site_5664,Thermo Fisher Scientific India Private Limited
South Eastern Coalfields Limited,Dipka Area,M/s Dipka Expansion Project South Eastern Coal Fields Limited Dipka Area,30-AUG-2026 22:19,30-AUG-2026 16:49,17.89,20.63,39.47,,0.00,site_5664,Thermo Fisher Scientific India Private Limited
South Eastern Coalfields Limited,Dipka Area,M/s Dipka Expansion Project South Eastern Coal Fields Limited Dipka Area,30-AUG-2026 22:19,30-AUG-2026 16:49,17.91,20.99,29.12,,0.00,site_5664,Thermo Fisher Scientific India Private Limited
South Eastern Coalfields Limited,Dipka Area,M/s Dipka Expansion Project South Eastern Coal Fields Limited Dipka Area,30-AUG-2026 22:18,30-AUG-2026 16:48,17.80,21.49,28.80,,0.01,site_5664,Thermo Fisher Scientific India Private Limited
South Eastern Coalfields Limited,Dipka Area,M/s Dipka Expansion Project South Eastern Coal Fields Limited Dipka Area,30-AUG-2026 22:18,30-AUG-2026 16:48,17.64,21.89,32.96,,0.13,site_5664,Thermo Fisher Scientific India Private Limited
South Eastern Coalfields Limited,Dipka Area,M/s Dipka Expansion Project South Eastern Coal Fields Limited Dipka Area,30-AUG-2026 22:17,30-AUG-2026 16:47,17.48,22.44,34.18,,0.06,site_5664,Thermo Fisher Scientific India Private Limited
South Eastern Coalfields Limited,Dipka Area,M/s Dipka Expansion Project South Eastern Coal Fields Limited Dipka Area,30-AUG-2026 22:17,30-AUG-2026 16:47,17.37,22.87,36.39,,0.03,site_5664,Thermo Fisher Scientific India Private Limited
South Eastern Coalfields Limited,Dipka Area,M/s Dipka Expansion Project South Eastern Coal Fields Limited Dipka Area,30-AUG-2026 22:16,30-AUG-2026 16:46,17.37,23.25,28.93,,0.22,site_5664,Thermo Fisher Scientific India Private Limited
South Eastern Coalfields Limited,Dipka Area,M/s Dipka Expansion Project South Eastern Coal Fields Limited Dipka Area,30-AUG-2026 22:16,30-AUG-2026 16:46,17.42,23.38,31.15,,0.25,site_5664,Thermo Fisher Scientific India Private Limited
South Eastern Coalfields Limited,Dipka Area,M/s Dipka Expansion Project South Eastern Coal Fields Limited Dipka Area,30-AUG-2026 22:15,30-AUG-2026 16:45,17.66,23.38,33.66,,0.30,site_5664,Thermo Fisher Scientific India Private Limited
South Eastern Coalfields Limited,"Bilaspur, CHHATTISGARHr",South Eastern Coalfields  Limited - AQMS_H_Q,30-AUG-2026 22:15,30-AUG-2026 16:44,3.69,,18.39,0.00,0.00,site_5592,Swan Environ
South Eastern Coalfields Limited,Dipka Area,M/s Dipka Expansion Project South Eastern Coal Fields Limited Dipka Area,30-AUG-2026 22:15,30-AUG-2026 16:45,17.98,23.42,33.34,,0.48,site_5664,Thermo Fisher Scientific India Private Limited
South Eastern Coalfields Limited,Dipka Area,M/s Dipka Expansion Project South Eastern Coal Fields Limited Dipka Area,30-AUG-2026 22:14,30-AUG-2026 16:44,18.41,23.35,33.56,,0.47,site_5664,Thermo Fisher Scientific India Private Limited
South Eastern Coalfields Limited,Dipka Area,M/s Dipka Expansion Project South Eastern Coal Fields Limited Dipka Area,30-AUG-2026 22:14,30-AUG-2026 16:44,18.88,23.29,32.36,,0.47,site_5664,Thermo Fisher Scientific India Private Limited
South Eastern Coalfields Limited,Dipka Area,M/s Dipka Expansion Project South Eastern Coal Fields Limited Dipka Area,30-AUG-2026 22:13,30-AUG-2026 16:43,19.12,23.20,29.29,,0.45,site_5664,Thermo Fisher Scientific India Private Limited
South Eastern Coalfields Limited,Dipka Area,M/s Dipka Expansion Project South Eastern Coal Fields Limited Dipka Area,30-AUG-2026 22:13,30-AUG-2026 16:43,19.26,23.00,34.74,,0.38,site_5664,Thermo Fisher Scientific India Private Limited
South Eastern Coalfields Limited,Dipka Area,M/s Dipka Expansion Project South Eastern Coal Fields Limited Dipka Area,30-AUG-2026 22:12,30-AUG-2026 16:42,19.57,22.69,31.84,,0.59,site_5664,Thermo Fisher Scientific India Private Limited
South Eastern Coalfields Limited,Dipka Area,M/s Dipka Expansion Project South Eastern Coal Fields Limited Dipka Area,30-AUG-2026 22:12,30-AUG-2026 16:42,19.89,22.31,32.25,,0.56,site_5664,Thermo Fisher Scientific India Private Limited
South Eastern Coalfields Limited,Dipka Area,M/s Dipka Expansion Project South Eastern Coal Fields Limited Dipka Area,30-AUG-2026 22:11,30-AUG-2026 16:41,20.27,21.75,30.33,,0.57,site_5664,Thermo Fisher Scientific India Private Limited
South Eastern Coalfields Limited,Dipka Area,M/s Dipka Expansion Project South Eastern Coal Fields Limited Dipka Area,30-AUG-2026 22:11,30-AUG-2026 16:41,20.44,21.25,32.73,,0.52,site_5664,Thermo Fisher Scientific India Private Limited
South Eastern Coalfields Limited,Dipka Area,M/s Dipka Expansion Project South Eastern Coal Fields Limited Dipka Area,30-AUG-2026 22:10,30-AUG-2026 16:40,20.71,20.62,32.41,,0.50,site_5664,Thermo Fisher Scientific India Private Limited
South Eastern Coalfields Limited,"Gevra , Chattisgarh",SECL GEVRA,30-AUG-2026 22:10,30-AUG-2026 22:00,32.30,58.45,13.26,8.46,0.65,site_,Envea India Pvt Ltd
South Eastern Coalfields Limited,"Gevra , Chattisgarh",SECL GEVRA,30-AUG-2026 22:10,30-AUG-2026 22:00,32.30,58.45,13.26,8.46,0.65,site_,Envea India Pvt Ltd
South Eastern Coalfields Limited,"Gevra , Chattisgarh",SECL GEVRA,30-AUG-2026 22:10,30-AUG-2026 22:00,32.30,58.45,13.26,8.46,0.65,site_,Envea India Pvt Ltd
South Eastern Coalfields Limited,Dipka Area,M/s Dipka Expansion Project South Eastern Coal Fields Limited Dipka Area,30-AUG-2026 22:10,30-AUG-2026 16:40,20.74,20.17,33.80,,0.29,site_5664,Thermo Fisher Scientific India Private Limited
South Eastern Coalfields Limited,Dipka Area,M/s Dipka Expansion Project South Eastern Coal Fields Limited Dipka Area,30-AUG-2026 22:09,30-AUG-2026 16:39,20.60,19.74,36.85,,0.29,site_5664,Thermo Fisher Scientific India Private Limited
South Eastern Coalfields Limited,Dipka Area,M/s Dipka Expansion Project South Eastern Coal Fields Limited Dipka Area,30-AUG-2026 22:09,30-AUG-2026 16:39,20.22,19.57,35.81,,0.37,site_5664,Thermo Fisher Scientific India Private Limited
South Eastern Coalfields Limited,Dipka Area,M/s Dipka Expansion Project South Eastern Coal Fields Limited Dipka Area,30-AUG-2026 22:08,30-AUG-2026 16:38,19.54,19.38,43.97,,0.35,site_5664,Thermo Fisher Scientific India Private Limited
South Eastern Coalfields Limited,Dipka Area,M/s Dipka Expansion Project South Eastern Coal Fields Limited Dipka Area,30-AUG-2026 22:08,30-AUG-2026 16:38,18.85,19.19,38.46,,0.40,site_5664,Thermo Fisher Scientific India Private Limited
South Eastern Coalfields Limited,Dipka Area,M/s Dipka Expansion Project South Eastern Coal Fields Limited Dipka Area,30-AUG-2026 22:07,30-AUG-2026 16:37,18.09,18.93,36.09,,0.37,site_5664,Thermo Fisher Scientific India Private Limited
South Eastern Coalfields Limited,Dipka Area,M/s Dipka Expansion Project South Eastern Coal Fields Limited Dipka Area,30-AUG-2026 22:07,30-AUG-2026 16:37,17.50,18.73,28.73,,0.40,site_5664,Thermo Fisher Scientific India Private Limited
South Eastern Coalfields Limited,Dipka Area,M/s Dipka Expansion Project South Eastern Coal Fields Limited Dipka Area,30-AUG-2026 22:06,30-AUG-2026 16:36,16.90,18.45,35.26,,0.41,site_5664,Thermo Fisher Scientific India Private Limited
South Eastern Coalfields Limited,Dipka Area,M/s Dipka Expansion Project South Eastern Coal Fields Limited Dipka Area,30-AUG-2026 22:06,30-AUG-2026 16:36,16.49,18.08,39.04,,0.39,site_5664,Thermo Fisher Scientific India Private Limited
South Eastern Coalfields Limited,Dipka Area,M/s Dipka Expansion Project South Eastern Coal Fields Limited Dipka Area,30-AUG-2026 22:05,30-AUG-2026 16:35,16.14,17.52,39.41,,0.50,site_5664,Thermo Fisher Scientific India Private Limited
South Eastern Coalfields Limited,Dipka Area,M/s Dipka Expansion Project South Eastern Coal Fields Limited Dipka Area,30-AUG-2026 22:05,30-AUG-2026 16:35,15.90,16.97,31.59,,0.75,site_5664,Thermo Fisher Scientific India Private Limited
South Eastern Coalfields Limited,Dipka Area,M/s Dipka Expansion Project South Eastern Coal Fields Limited Dipka Area,30-AUG-2026 22:04,30-AUG-2026 16:34,15.64,16.41,34.94,,0.61,site_5664,Thermo Fisher Scientific India Private Limited
South Eastern Coalfields Limited,Dipka Area,M/s Dipka Expansion Project South Eastern Coal Fields Limited Dipka Area,30-AUG-2026 22:04,30-AUG-2026 16:34,15.43,16.04,33.18,,0.40,site_5664,Thermo Fisher Scientific India Private Limited
South Eastern Coalfields Limited,Dipka Area,M/s Dipka Expansion Project South Eastern Coal Fields Limited Dipka Area,30-AUG-2026 22:03,30-AUG-2026 16:33,15.16,15.61,41.59,,0.39,site_5664,Thermo Fisher Scientific India Private Limited
South Eastern Coalfields Limited,Dipka Area,M/s Dipka Expansion Project South Eastern Coal Fields Limited Dipka Area,30-AUG-2026 22:03,30-AUG-2026 16:33,14.90,15.18,37.28,,0.38,site_5664,Thermo Fisher Scientific India Private Limited
South Eastern Coalfields Limited,Dipka Area,M/s Dipka Expansion Project South Eastern Coal Fields Limited Dipka Area,30-AUG-2026 22:02,30-AUG-2026 16:32,14.61,14.88,37.24,,0.24,site_5664,Thermo Fisher Scientific India Private Limited
South Eastern Coalfields Limited,Dipka Area,M/s Dipka Expansion Project South Eastern Coal Fields Limited Dipka Area,30-AUG-2026 22:02,30-AUG-2026 16:32,14.38,14.70,32.14,,0.31,site_5664,Thermo Fisher Scientific India Private Limited
South Eastern Coalfields Limited,Dipka Area,M/s Dipka Expansion Project South Eastern Coal Fields Limited Dipka Area,30-AUG-2026 22:01,30-AUG-2026 16:31,14.11,14.61,37.37,,0.25,site_5664,Thermo Fisher Scientific India Private Limited
South Eastern Coalfields Limited,Dipka Area,M/s Dipka Expansion Project South Eastern Coal Fields Limited Dipka Area,30-AUG-2026 22:01,30-AUG-2026 16:31,14.04,14.44,31.17,,0.33,site_5664,Thermo Fisher Scientific India Private Limited
South Eastern Coalfields Limited,"Bilaspur, CHHATTISGARHr",South Eastern Coalfields  Limited - AQMS_H_Q,30-AUG-2026 22:00,30-AUG-2026 16:29,3.82,,19.25,255.52,0.24,site_5592,Swan Environ
South Eastern Coalfields Limited,Dipka Area,M/s Dipka Expansion Project South Eastern Coal Fields Limited Dipka Area,30-AUG-2026 22:00,30-AUG-2026 16:30,13.94,14.09,36.81,,0.23,site_5664,Thermo Fisher Scientific India Private Limited
South Eastern Coalfields Limited,Dipka Area,M/s Dipka Expansion Project South Eastern Coal Fields Limited Dipka Area,30-AUG-2026 21:59,30-AUG-2026 16:29,13.71,13.54,37.34,,0.17,site_5664,Thermo Fisher Scientific India Private Limited
South Eastern Coalfields Limited,Dipka Area,M/s Dipka Expansion Project South Eastern Coal Fields Limited Dipka Area,30-AUG-2026 21:59,30-AUG-2026 16:29,13.49,13.43,36.71,,0.36,site_5664,Thermo Fisher Scientific India Private Limited
South Eastern Coalfields Limited,Dipka Area,M/s Dipka Expansion Project South Eastern Coal Fields Limited Dipka Area,30-AUG-2026 21:58,30-AUG-2026 16:28,13.32,13.30,32.71,,0.39,site_5664,Thermo Fisher Scientific India Private Limited
South Eastern Coalfields Limited,Dipka Area,M/s Dipka Expansion Project South Eastern Coal Fields Limited Dipka Area,30-AUG-2026 21:58,30-AUG-2026 16:28,13.00,13.24,37.28,,0.44,site_5664,Thermo Fisher Scientific India Private Limited
South Eastern Coalfields Limited,Dipka Area,M/s Dipka Expansion Project South Eastern Coal Fields Limited Dipka Area,30-AUG-2026 21:57,30-AUG-2026 16:27,12.53,13.38,35.80,,0.57,site_5664,Thermo Fisher Scientific India Private Limited
South Eastern Coalfields Limited,Dipka Area,M/s Dipka Expansion Project South Eastern Coal Fields Limited Dipka Area,30-AUG-2026 21:57,30-AUG-2026 16:27,12.08,13.53,39.26,,0.57,site_5664,Thermo Fisher Scientific India Private Limited
South Eastern Coalfields Limited,Dipka Area,M/s Dipka Expansion Project South Eastern Coal Fields Limited Dipka Area,30-AUG-2026 21:56,30-AUG-2026 16:26,11.64,13.79,31.86,,0.60,site_5664,Thermo Fisher Scientific India Private Limited
South Eastern Coalfields Limited,Dipka Area,M/s Dipka Expansion Project South Eastern Coal Fields Limited Dipka Area,30-AUG-2026 21:56,30-AUG-2026 16:26,11.20,13.99,35.50,,0.58,site_5664,Thermo Fisher Scientific India Private Limited
South Eastern Coalfields Limited,Dipka Area,M/s Dipka Expansion Project South Eastern Coal Fields Limited Dipka Area,30-AUG-2026 21:55,30-AUG-2026 16:25,10.63,14.23,36.09,,0.60,site_5664,Thermo Fisher Scientific India Private Limited
South Eastern Coalfields Limited,"Gevra , Chattisgarh",SECL GEVRA,30-AUG-2026 21:55,30-AUG-2026 21:45,45.70,81.73,14.00,10.44,0.97,site_,Envea India Pvt Ltd
South Eastern Coalfields Limited,"Gevra , Chattisgarh",SECL GEVRA,30-AUG-2026 21:55,30-AUG-2026 21:45,45.70,81.73,14.00,10.44,0.97,site_,Envea India Pvt Ltd
South Eastern Coalfields Limited,"Gevra , Chattisgarh",SECL GEVRA,30-AUG-2026 21:55,30-AUG-2026 21:45,45.70,81.73,14.00,10.44,0.97,site_,Envea India Pvt Ltd
South Eastern Coalfields Limited,"Gevra , Chattisgarh",SECL GEVRA,30-AUG-2026 21:55,30-AUG-2026 21:45,45.70,81.73,14.00,10.44,0.97,site_,Envea India Pvt Ltd
South Eastern Coalfields Limited,Dipka Area,M/s Dipka Expansion Project South Eastern Coal Fields Limited Dipka Area,30-AUG-2026 21:55,30-AUG-2026 16:25,10.33,14.41,34.55,,0.72,site_5664,Thermo Fisher Scientific India Private Limited
South Eastern Coalfields Limited,Dipka Area,M/s Dipka Expansion Project South Eastern Coal Fields Limited Dipka Area,30-AUG-2026 21:54,30-AUG-2026 16:24,10.21,14.68,33.52,,0.61,site_5664,Thermo Fisher Scientific India Private Limited
South Eastern Coalfields Limited,Dipka Area,M/s Dipka Expansion Project South Eastern Coal Fields Limited Dipka Area,30-AUG-2026 21:54,30-AUG-2026 16:24,10.22,15.14,30.00,,0.41,site_5664,Thermo Fisher Scientific India Private Limited
South Eastern Coalfields Limited,Dipka Area,M/s Dipka Expansion Project South Eastern Coal Fields Limited Dipka Area,30-AUG-2026 21:53,30-AUG-2026 16:23,10.24,15.43,37.67,,0.49,site_5664,Thermo Fisher Scientific India Private Limited
South Eastern Coalfields Limited,Dipka Area,M/s Dipka Expansion Project South Eastern Coal Fields Limited Dipka Area,30-AUG-2026 21:53,30-AUG-2026 16:23,10.24,15.52,38.62,,0.56,site_5664,Thermo Fisher Scientific India Private Limited
South Eastern Coalfields Limited,Dipka Area,M/s Dipka Expansion Project South Eastern Coal Fields Limited Dipka Area,30-AUG-2026 21:52,30-AUG-2026 16:22,10.40,15.55,32.65,,0.51,site_5664,Thermo Fisher Scientific India Private Limited
South Eastern Coalfields Limited,Dipka Area,M/s Dipka Expansion Project South Eastern Coal Fields Limited Dipka Area,30-AUG-2026 21:52,30-AUG-2026 16:22,10.73,15.64,32.21,,0.59,site_5664,Thermo Fisher Scientific India Private Limited
South Eastern Coalfields Limited,Dipka Area,M/s Dipka Expansion Project South Eastern Coal Fields Limited Dipka Area,30-AUG-2026 21:51,30-AUG-2026 16:21,11.15,15.69,35.07,,0.50,site_5664,Thermo Fisher Scientific India Private Limited
South Eastern Coalfields Limited,Dipka Area,M/s Dipka Expansion Project South Eastern Coal Fields Limited Dipka Area,30-AUG-2026 21:51,30-AUG-2026 16:21,11.50,15.43,34.59,,0.61,site_5664,Thermo Fisher Scientific India Private Limited
South Eastern Coalfields Limited,Dipka Area,M/s Dipka Expansion Project South Eastern Coal Fields Limited Dipka Area,30-AUG-2026 21:50,30-AUG-2026 16:20,11.78,15.17,38.45,,0.65,site_5664,Thermo Fisher Scientific India Private Limited
South Eastern Coalfields Limited,Dipka Area,M/s Dipka Expansion Project South Eastern Coal Fields Limited Dipka Area,30-AUG-2026 21:50,30-AUG-2026 16:20,12.05,15.09,35.31,,0.58,site_5664,Thermo Fisher Scientific India Private Limited
South Eastern Coalfields Limited,Dipka Area,M/s Dipka Expansion Project South Eastern Coal Fields Limited Dipka Area,30-AUG-2026 21:49,30-AUG-2026 16:19,12.25,15.08,34.02,,0.52,site_5664,Thermo Fisher Scientific India Private Limited
South Eastern Coalfields Limited,Dipka Area,M/s Dipka Expansion Project South Eastern Coal Fields Limited Dipka Area,30-AUG-2026 21:49,30-AUG-2026 16:19,12.35,15.06,30.90,,0.60,site_5664,Thermo Fisher Scientific India Private Limited
South Eastern Coalfields Limited,Dipka Area,M/s Dipka Expansion Project South Eastern Coal Fields Limited Dipka Area,30-AUG-2026 21:48,30-AUG-2026 16:18,12.23,14.96,37.09,,0.38,site_5664,Thermo Fisher Scientific India Private Limited
South Eastern Coalfields Limited,Dipka Area,M/s Dipka Expansion Project South Eastern Coal Fields Limited Dipka Area,30-AUG-2026 21:48,30-AUG-2026 16:18,12.09,14.98,38.07,,0.30,site_5664,Thermo Fisher Scientific India Private Limited
South Eastern Coalfields Limited,Dipka Area,M/s Dipka Expansion Project South Eastern Coal Fields Limited Dipka Area,30-AUG-2026 21:47,30-AUG-2026 16:17,12.07,14.99,33.98,,0.40,site_5664,Thermo Fisher Scientific India Private Limited
South Eastern Coalfields Limited,Dipka Area,M/s Dipka Expansion Project South Eastern Coal Fields Limited Dipka Area,30-AUG-2026 21:47,30-AUG-2026 16:17,12.13,15.01,32.04,,0.36,site_5664,Thermo Fisher Scientific India Private Limited
South Eastern Coalfields Limited,Dipka Area,M/s Dipka Expansion Project South Eastern Coal Fields Limited Dipka Area,30-AUG-2026 21:46,30-AUG-2026 16:16,12.19,15.07,34.64,,0.44,site_5664,Thermo Fisher Scientific India Private Limited
South Eastern Coalfields Limited,Dipka Area,M/s Dipka Expansion Project South Eastern Coal Fields Limited Dipka Area,30-AUG-2026 21:46,30-AUG-2026 16:16,12.33,15.08,34.27,,0.32,site_5664,Thermo Fisher Scientific India Private Limited
South Eastern Coalfields Limited,"Bilaspur, CHHATTISGARHr",South Eastern Coalfields  Limited - AQMS_H_Q,30-AUG-2026 21:45,30-AUG-2026 16:14,3.95,,20.04,0.00,0.00,site_5592,Swan Environ
South Eastern Coalfields Limited,Dipka Area,M/s Dipka Expansion Project South Eastern Coal Fields Limited Dipka Area,30-AUG-2026 21:45,30-AUG-2026 16:15,12.54,15.25,36.97,,0.24,site_5664,Thermo Fisher Scientific India Private Limited
South Eastern Coalfields Limited,Dipka Area,M/s Dipka Expansion Project South Eastern Coal Fields Limited Dipka Area,30-AUG-2026 21:45,30-AUG-2026 16:15,12.97,15.37,36.09,,0.19,site_5664,Thermo Fisher Scientific India Private Limited
South Eastern Coalfields Limited,Dipka Area,M/s Dipka Expansion Project South Eastern Coal Fields Limited Dipka Area,30-AUG-2026 21:44,30-AUG-2026 16:14,13.39,15.52,32.04,,0.35,site_5664,Thermo Fisher Scientific India Private Limited
South Eastern Coalfields Limited,Dipka Area,M/s Dipka Expansion Project South Eastern Coal Fields Limited Dipka Area,30-AUG-2026 21:44,30-AUG-2026 16:14,13.88,15.61,35.50,,0.31,site_5664,Thermo Fisher Scientific India Private Limited
South Eastern Coalfields Limited,Dipka Area,M/s Dipka Expansion Project South Eastern Coal Fields Limited Dipka Area,30-AUG-2026 21:43,30-AUG-2026 16:13,14.46,15.58,28.14,,0.32,site_5664,Thermo Fisher Scientific India Private Limited
South Eastern Coalfields Limited,Dipka Area,M/s Dipka Expansion Project South Eastern Coal Fields Limited Dipka Area,30-AUG-2026 21:43,30-AUG-2026 16:13,14.74,15.47,34.09,,0.28,site_5664,Thermo Fisher Scientific India Private Limited
South Eastern Coalfields Limited,Dipka Area,M/s Dipka Expansion Project South Eastern Coal Fields Limited Dipka Area,30-AUG-2026 21:42,30-AUG-2026 16:12,15.17,15.39,30.36,,0.22,site_5664,Thermo Fisher Scientific India Private Limited
South Eastern Coalfields Limited,Dipka Area,M/s Dipka Expansion Project South Eastern Coal Fields Limited Dipka Area,30-AUG-2026 21:42,30-AUG-2026 16:12,15.30,15.34,31.01,,0.08,site_5664,Thermo Fisher Scientific India Private Limited
South Eastern Coalfields Limited,Dipka Area,M/s Dipka Expansion Project South Eastern Coal Fields Limited Dipka Area,30-AUG-2026 21:41,30-AUG-2026 16:11,15.45,15.33,38.32,,0.03,site_5664,Thermo Fisher Scientific India Private Limited
South Eastern Coalfields Limited,Dipka Area,M/s Dipka Expansion Project South Eastern Coal Fields Limited Dipka Area,30-AUG-2026 21:41,30-AUG-2026 16:11,15.62,15.30,38.84,,0.14,site_5664,Thermo Fisher Scientific India Private Limited
South Eastern Coalfields Limited,Dipka Area,M/s Dipka Expansion Project South Eastern Coal Fields Limited Dipka Area,30-AUG-2026 21:40,30-AUG-2026 16:10,15.92,15.35,35.01,,0.11,site_5664,Thermo Fisher Scientific India Private Limited
South Eastern Coalfields Limited,"Gevra , Chattisgarh",SECL GEVRA,30-AUG-2026 21:40,30-AUG-2026 21:30,35.00,63.23,13.41,8.86,0.71,site_,Envea India Pvt Ltd
South Eastern Coalfields Limited,"Gevra , Chattisgarh",SECL GEVRA,30-AUG-2026 21:40,30-AUG-2026 21:30,35.00,63.23,13.41,8.86,0.71,site_,Envea India Pvt Ltd
South Eastern Coalfields Limited,"Gevra , Chattisgarh",SECL GEVRA,30-AUG-2026 21:40,30-AUG-2026 21:30,35.00,63.23,13.41,8.86,0.71,site_,Envea India Pvt Ltd
South Eastern Coalfields Limited,Dipka Area,M/s Dipka Expansion Project South Eastern Coal Fields Limited Dipka Area,30-AUG-2026 21:40,30-AUG-2026 16:10,16.33,15.44,36.76,,0.23,site_5664,Thermo Fisher Scientific India Private Limited
South Eastern Coalfields Limited,Dipka Area,M/s Dipka Expansion Project South Eastern Coal Fields Limited Dipka Area,30-AUG-2026 21:39,30-AUG-2026 16:09,16.80,15.47,32.15,,0.19,site_5664,Thermo Fisher Scientific India Private Limited
South Eastern Coalfields Limited,Dipka Area,M/s Dipka Expansion Project South Eastern Coal Fields Limited Dipka Area,30-AUG-2026 21:39,30-AUG-2026 16:09,17.14,15.57,34.39,,0.25,site_5664,Thermo Fisher Scientific India Private Limited
South Eastern Coalfields Limited,Dipka Area,M/s Dipka Expansion Project South Eastern Coal Fields Limited Dipka Area,30-AUG-2026 21:38,30-AUG-2026 16:08,17.46,15.69,34.07,,0.33,site_5664,Thermo Fisher Scientific India Private Limited
South Eastern Coalfields Limited,Dipka Area,M/s Dipka Expansion Project South Eastern Coal Fields Limited Dipka Area,30-AUG-2026 21:38,30-AUG-2026 16:08,17.52,15.94,34.20,,0.28,site_5664,Thermo Fisher Scientific India Private Limited
South Eastern Coalfields Limited,Dipka Area,M/s Dipka Expansion Project South Eastern Coal Fields Limited Dipka Area,30-AUG-2026 21:37,30-AUG-2026 16:07,17.57,16.25,34.49,,0.26,site_5664,Thermo Fisher Scientific India Private Limited
South Eastern Coalfields Limited,Dipka Area,M/s Dipka Expansion Project South Eastern Coal Fields Limited Dipka Area,30-AUG-2026 21:37,30-AUG-2026 16:07,17.47,16.56,36.95,,0.49,site_5664,Thermo Fisher Scientific India Private Limited
South Eastern Coalfields Limited,Dipka Area,M/s Dipka Expansion Project South Eastern Coal Fields Limited Dipka Area,30-AUG-2026 21:36,30-AUG-2026 16:06,17.10,16.81,30.53,,0.54,site_5664,Thermo Fisher Scientific India Private Limited
South Eastern Coalfields Limited,Dipka Area,M/s Dipka Expansion Project South Eastern Coal Fields Limited Dipka Area,30-AUG-2026 21:36,30-AUG-2026 16:06,16.88,16.94,34.28,,0.43,site_5664,Thermo Fisher Scientific India Private Limited
South Eastern Coalfields Limited,Dipka Area,M/s Dipka Expansion Project South Eastern Coal Fields Limited Dipka Area,30-AUG-2026 21:35,30-AUG-2026 16:05,16.58,17.10,37.18,,0.50,site_5664,Thermo Fisher Scientific India Private Limited
South Eastern Coalfields Limited,Dipka Area,M/s Dipka Expansion Project South Eastern Coal Fields Limited Dipka Area,30-AUG-2026 21:35,30-AUG-2026 16:05,16.52,17.17,39.92,,0.54,site_5664,Thermo Fisher Scientific India Private Limited
South Eastern Coalfields Limited,Dipka Area,M/s Dipka Expansion Project South Eastern Coal Fields Limited Dipka Area,30-AUG-2026 21:34,30-AUG-2026 16:04,16.33,17.10,31.43,,0.42,site_5664,Thermo Fisher Scientific India Private Limited
South Eastern Coalfields Limited,Dipka Area,M/s Dipka Expansion Project South Eastern Coal Fields Limited Dipka Area,30-AUG-2026 21:34,30-AUG-2026 16:04,16.23,17.03,35.78,,0.35,site_5664,Thermo Fisher Scientific India Private Limited
South Eastern Coalfields Limited,Dipka Area,M/s Dipka Expansion Project South Eastern Coal Fields Limited Dipka Area,30-AUG-2026 21:33,30-AUG-2026 16:03,16.26,17.01,32.97,,0.30,site_5664,Thermo Fisher Scientific India Private Limited
South Eastern Coalfields Limited,Dipka Area,M/s Dipka Expansion Project South Eastern Coal Fields Limited Dipka Area,30-AUG-2026 21:33,30-AUG-2026 16:03,16.22,16.98,38.02,,0.40,site_5664,Thermo Fisher Scientific India Private Limited
South Eastern Coalfields Limited,Dipka Area,M/s Dipka Expansion Project South Eastern Coal Fields Limited Dipka Area,30-AUG-2026 21:32,30-AUG-2026 16:02,16.38,16.88,37.28,,0.22,site_5664,Thermo Fisher Scientific India Private Limited
South Eastern Coalfields Limited,Dipka Area,M/s Dipka Expansion Project South Eastern Coal Fields Limited Dipka Area,30-AUG-2026 21:32,30-AUG-2026 16:02,16.29,16.81,33.67,,0.09,site_5664,Thermo Fisher Scientific India Private Limited
South Eastern Coalfields Limited,Dipka Area,M/s Dipka Expansion Project South Eastern Coal Fields Limited Dipka Area,30-AUG-2026 21:31,30-AUG-2026 16:01,16.25,16.79,31.44,,0.13,site_5664,Thermo Fisher Scientific India Private Limited
South Eastern Coalfields Limited,Dipka Area,M/s Dipka Expansion Project South Eastern Coal Fields Limited Dipka Area,30-AUG-2026 21:31,30-AUG-2026 16:01,16.06,16.76,39.40,,0.24,site_5664,Thermo Fisher Scientific India Private Limited
South Eastern Coalfields Limited,Dipka Area,M/s Dipka Expansion Project South Eastern Coal Fields Limited Dipka Area,30-AUG-2026 21:30,30-AUG-2026 16:00,15.81,16.57,35.65,,0.17,site_5664,Thermo Fisher Scientific India Private Limited
South Eastern Coalfields Limited,Dipka Area,M/s Dipka Expansion Project South Eastern Coal Fields Limited Dipka Area,30-AUG-2026 21:30,30-AUG-2026 16:00,15.49,16.35,35.04,,0.09,site_5664,Thermo Fisher Scientific India Private Limited
South Eastern Coalfields Limited,"Bilaspur, CHHATTISGARHr",South Eastern Coalfields  Limited - AQMS_H_Q,30-AUG-2026 21:30,30-AUG-2026 15:59,3.89,,19.25,270.00,0.17,site_5592,Swan Environ
South Eastern Coalfields Limited,Dipka Area,M/s Dipka Expansion Project South Eastern Coal Fields Limited Dipka Area,30-AUG-2026 21:29,30-AUG-2026 15:59,15.00,16.05,31.91,,0.40,site_5664,Thermo Fisher Scientific India Private Limited
South Eastern Coalfields Limited,Dipka Area,M/s Dipka Expansion Project South Eastern Coal Fields Limited Dipka Area,30-AUG-2026 21:29,30-AUG-2026 15:59,14.72,15.71,31.40,,0.52,site_5664,Thermo Fisher Scientific India Private Limited
South Eastern Coalfields Limited,Dipka Area,M/s Dipka Expansion Project South Eastern Coal Fields Limited Dipka Area,30-AUG-2026 21:28,30-AUG-2026 15:58,14.31,15.28,38.68,,0.47,site_5664,Thermo Fisher Scientific India Private Limited
South Eastern Coalfields Limited,Dipka Area,M/s Dipka Expansion Project South Eastern Coal Fields Limited Dipka Area,30-AUG-2026 21:28,30-AUG-2026 15:58,14.09,14.96,44.50,,0.42,site_5664,Thermo Fisher Scientific India Private Limited
South Eastern Coalfields Limited,Dipka Area,M/s Dipka Expansion Project South Eastern Coal Fields Limited Dipka Area,30-AUG-2026 21:27,30-AUG-2026 15:57,13.77,14.75,32.48,,0.51,site_5664,Thermo Fisher Scientific India Private Limited
South Eastern Coalfields Limited,Dipka Area,M/s Dipka Expansion Project South Eastern Coal Fields Limited Dipka Area,30-AUG-2026 21:27,30-AUG-2026 15:57,13.64,14.69,27.35,,0.53,site_5664,Thermo Fisher Scientific India Private Limited
South Eastern Coalfields Limited,Dipka Area,M/s Dipka Expansion Project South Eastern Coal Fields Limited Dipka Area,30-AUG-2026 21:26,30-AUG-2026 15:56,13.39,14.76,36.08,,0.44,site_5664,Thermo Fisher Scientific India Private Limited
South Eastern Coalfields Limited,Dipka Area,M/s Dipka Expansion Project South Eastern Coal Fields Limited Dipka Area,30-AUG-2026 21:26,30-AUG-2026 15:56,13.06,14.84,43.20,,0.34,site_5664,Thermo Fisher Scientific India Private Limited
South Eastern Coalfields Limited,Dipka Area,M/s Dipka Expansion Project South Eastern Coal Fields Limited Dipka Area,30-AUG-2026 21:25,30-AUG-2026 15:55,12.70,15.07,31.71,,0.40,site_5664,Thermo Fisher Scientific India Private Limited
South Eastern Coalfields Limited,"Gevra , Chattisgarh",SECL GEVRA,30-AUG-2026 21:25,30-AUG-2026 21:15,41.20,73.94,13.75,9.77,0.86,site_,Envea India Pvt Ltd
South Eastern Coalfields Limited,"Gevra , Chattisgarh",SECL GEVRA,30-AUG-2026 21:25,30-AUG-2026 21:15,41.20,73.94,13.75,9.77,0.86,site_,Envea India Pvt Ltd
South Eastern Coalfields Limited,Dipka Area,M/s Dipka Expansion Project South Eastern Coal Fields Limited Dipka Area,30-AUG-2026 21:25,30-AUG-2026 15:55,12.48,15.27,35.02,,0.47,site_5664,Thermo Fisher Scientific India Private Limited
South Eastern Coalfields Limited,Dipka Area,M/s Dipka Expansion Project South Eastern Coal Fields Limited Dipka Area,30-AUG-2026 21:24,30-AUG-2026 15:54,12.46,15.35,34.98,,0.23,site_5664,Thermo Fisher Scientific India Private Limited
South Eastern Coalfields Limited,Dipka Area,M/s Dipka Expansion Project South Eastern Coal Fields Limited Dipka Area,30-AUG-2026 21:24,30-AUG-2026 15:54,12.48,15.41,39.68,,0.16,site_5664,Thermo Fisher Scientific India Private Limited
South Eastern Coalfields Limited,Dipka Area,M/s Dipka Expansion Project South Eastern Coal Fields Limited Dipka Area,30-AUG-2026 21:23,30-AUG-2026 15:53,12.81,15.52,33.80,,0.34,site_5664,Thermo Fisher Scientific India Private Limited
South Eastern Coalfields Limited,Dipka Area,M/s Dipka Expansion Project South Eastern Coal Fields Limited Dipka Area,30-AUG-2026 21:23,30-AUG-2026 15:53,13.38,15.62,37.15,,0.32,site_5664,Thermo Fisher Scientific India Private Limited
South Eastern Coalfields Limited,Dipka Area,M/s Dipka Expansion Project South Eastern Coal Fields Limited Dipka Area,30-AUG-2026 21:22,30-AUG-2026 15:52,14.14,15.75,33.79,,0.33,site_5664,Thermo Fisher Scientific India Private Limited
South Eastern Coalfields Limited,Dipka Area,M/s Dipka Expansion Project South Eastern Coal Fields Limited Dipka Area,30-AUG-2026 21:22,30-AUG-2026 15:52,14.77,15.86,36.17,,0.25,site_5664,Thermo Fisher Scientific India Private Limited
South Eastern Coalfields Limited,Dipka Area,M/s Dipka Expansion Project South Eastern Coal Fields Limited Dipka Area,30-AUG-2026 21:21,30-AUG-2026 15:51,15.44,16.20,37.89,,0.41,site_5664,Thermo Fisher Scientific India Private Limited
South Eastern Coalfields Limited,Dipka Area,M/s Dipka Expansion Project South Eastern Coal Fields Limited Dipka Area,30-AUG-2026 21:21,30-AUG-2026 15:51,15.97,16.58,39.17,,0.52,site_5664,Thermo Fisher Scientific India Private Limited
South Eastern Coalfields Limited,Dipka Area,M/s Dipka Expansion Project South Eastern Coal Fields Limited Dipka Area,30-AUG-2026 21:20,30-AUG-2026 15:50,16.38,16.96,37.91,,0.34,site_5664,Thermo Fisher Scientific India Private Limited
South Eastern Coalfields Limited,Dipka Area,M/s Dipka Expansion Project South Eastern Coal Fields Limited Dipka Area,30-AUG-2026 21:20,30-AUG-2026 15:50,16.53,17.29,37.08,,0.36,site_5664,Thermo Fisher Scientific India Private Limited
South Eastern Coalfields Limited,Dipka Area,M/s Dipka Expansion Project South Eastern Coal Fields Limited Dipka Area,30-AUG-2026 21:19,30-AUG-2026 15:49,16.71,17.72,34.68,,0.48,site_5664,Thermo Fisher Scientific India Private Limited
South Eastern Coalfields Limited,Dipka Area,M/s Dipka Expansion Project South Eastern Coal Fields Limited Dipka Area,30-AUG-2026 21:19,30-AUG-2026 15:49,16.77,18.20,34.48,,0.59,site_5664,Thermo Fisher Scientific India Private Limited
South Eastern Coalfields Limited,Dipka Area,M/s Dipka Expansion Project South Eastern Coal Fields Limited Dipka Area,30-AUG-2026 21:18,30-AUG-2026 15:48,16.85,18.71,36.12,,0.46,site_5664,Thermo Fisher Scientific India Private Limited
South Eastern Coalfields Limited,Dipka Area,M/s Dipka Expansion Project South Eastern Coal Fields Limited Dipka Area,30-AUG-2026 21:18,30-AUG-2026 15:48,17.04,19.18,36.59,,0.50,site_5664,Thermo Fisher Scientific India Private Limited
South Eastern Coalfields Limited,Dipka Area,M/s Dipka Expansion Project South Eastern Coal Fields Limited Dipka Area,30-AUG-2026 21:17,30-AUG-2026 15:47,17.39,19.83,34.38,,0.71,site_5664,Thermo Fisher Scientific India Private Limited
South Eastern Coalfields Limited,Dipka Area,M/s Dipka Expansion Project South Eastern Coal Fields Limited Dipka Area,30-AUG-2026 21:17,30-AUG-2026 15:47,17.73,20.48,36.12,,0.83,site_5664,Thermo Fisher Scientific India Private Limited
South Eastern Coalfields Limited,Dipka Area,M/s Dipka Expansion Project South Eastern Coal Fields Limited Dipka Area,30-AUG-2026 21:16,30-AUG-2026 15:46,18.11,21.17,36.54,,0.71,site_5664,Thermo Fisher Scientific India Private Limited
South Eastern Coalfields Limited,Dipka Area,M/s Dipka Expansion Project South Eastern Coal Fields Limited Dipka Area,30-AUG-2026 21:16,30-AUG-2026 15:46,18.33,21.72,31.15,,0.62,site_5664,Thermo Fisher Scientific India Private Limited
South Eastern Coalfields Limited,Dipka Area,M/s Dipka Expansion Project South Eastern Coal Fields Limited Dipka Area,30-AUG-2026 21:15,30-AUG-2026 15:45,18.40,22.24,36.42,,0.80,site_5664,Thermo Fisher Scientific India Private Limited
South Eastern Coalfields Limited,"Bilaspur, CHHATTISGARHr",South Eastern Coalfields  Limited - AQMS_H_Q,30-AUG-2026 21:15,30-AUG-2026 15:44,3.64,,19.97,0.00,0.00,site_5592,Swan Environ
South Eastern Coalfields Limited,Dipka Area,M/s Dipka Expansion Project South Eastern Coal Fields Limited Dipka Area,30-AUG-2026 21:15,30-AUG-2026 15:45,18.52,22.63,36.29,,0.79,site_5664,Thermo Fisher Scientific India Private Limited
South Eastern Coalfields Limited,Dipka Area,M/s Dipka Expansion Project South Eastern Coal Fields Limited Dipka Area,30-AUG-2026 21:14,30-AUG-2026 15:44,18.75,23.05,37.72,,0.65,site_5664,Thermo Fisher Scientific India Private Limited
South Eastern Coalfields Limited,Dipka Area,M/s Dipka Expansion Project South Eastern Coal Fields Limited Dipka Area,30-AUG-2026 21:14,30-AUG-2026 15:44,18.82,23.52,34.14,,0.53,site_5664,Thermo Fisher Scientific India Private Limited
South Eastern Coalfields Limited,Dipka Area,M/s Dipka Expansion Project South Eastern Coal Fields Limited Dipka Area,30-AUG-2026 21:13,30-AUG-2026 15:43,18.66,24.03,34.51,,0.65,site_5664,Thermo Fisher Scientific India Private Limited
South Eastern Coalfields Limited,Dipka Area,M/s Dipka Expansion Project South Eastern Coal Fields Limited Dipka Area,30-AUG-2026 21:13,30-AUG-2026 15:43,18.60,24.60,33.15,,0.65,site_5664,Thermo Fisher Scientific India Private Limited
South Eastern Coalfields Limited,Dipka Area,M/s Dipka Expansion Project South Eastern Coal Fields Limited Dipka Area,30-AUG-2026 21:12,30-AUG-2026 15:42,18.77,25.18,34.68,,0.39,site_5664,Thermo Fisher Scientific India Private Limited
South Eastern Coalfields Limited,Dipka Area,M/s Dipka Expansion Project South Eastern Coal Fields Limited Dipka Area,30-AUG-2026 21:12,30-AUG-2026 15:42,18.75,25.70,33.72,,0.32,site_5664,Thermo Fisher Scientific India Private Limited
South Eastern Coalfields Limited,Dipka Area,M/s Dipka Expansion Project South Eastern Coal Fields Limited Dipka Area,30-AUG-2026 21:11,30-AUG-2026 15:41,18.48,26.29,33.81,,0.34,site_5664,Thermo Fisher Scientific India Private Limited
South Eastern Coalfields Limited,Dipka Area,M/s Dipka Expansion Project South Eastern Coal Fields Limited Dipka Area,30-AUG-2026 21:11,30-AUG-2026 15:41,18.29,26.73,35.03,,0.34,site_5664,Thermo Fisher Scientific India Private Limited
South Eastern Coalfields Limited,Dipka Area,M/s Dipka Expansion Project South Eastern Coal Fields Limited Dipka Area,30-AUG-2026 21:10,30-AUG-2026 15:40,18.21,27.22,33.93,,0.35,site_5664,Thermo Fisher Scientific India Private Limited
South Eastern Coalfields Limited,"Gevra , Chattisgarh",SECL GEVRA,30-AUG-2026 21:10,30-AUG-2026 21:00,48.60,86.88,14.17,10.88,1.04,site_,Envea India Pvt Ltd
South Eastern Coalfields Limited,"Gevra , Chattisgarh",SECL GEVRA,30-AUG-2026 21:10,30-AUG-2026 21:00,48.60,86.88,14.17,10.88,1.04,site_,Envea India Pvt Ltd
South Eastern Coalfields Limited,Dipka Area,M/s Dipka Expansion Project South Eastern Coal Fields Limited Dipka Area,30-AUG-2026 21:10,30-AUG-2026 15:40,17.90,27.47,37.67,,0.24,site_5664,Thermo Fisher Scientific India Private Limited
South Eastern Coalfields Limited,Dipka Area,M/s Dipka Expansion Project South Eastern Coal Fields Limited Dipka Area,30-AUG-2026 21:09,30-AUG-2026 15:39,17.24,27.80,38.09,,0.36,site_5664,Thermo Fisher Scientific India Private Limited
South Eastern Coalfields Limited,Dipka Area,M/s Dipka Expansion Project South Eastern Coal Fields Limited Dipka Area,30-AUG-2026 21:09,30-AUG-2026 15:39,16.62,28.08,32.24,,0.37,site_5664,Thermo Fisher Scientific India Private Limited
South Eastern Coalfields Limited,Dipka Area,M/s Dipka Expansion Project South Eastern Coal Fields Limited Dipka Area,30-AUG-2026 21:08,30-AUG-2026 15:38,15.99,28.29,33.59,,0.27,site_5664,Thermo Fisher Scientific India Private Limited
South Eastern Coalfields Limited,Dipka Area,M/s Dipka Expansion Project South Eastern Coal Fields Limited Dipka Area,30-AUG-2026 21:08,30-AUG-2026 15:38,15.40,28.40,37.99,,0.25,site_5664,Thermo Fisher Scientific India Private Limited
South Eastern Coalfields Limited,Dipka Area,M/s Dipka Expansion Project South Eastern Coal Fields Limited Dipka Area,30-AUG-2026 21:07,30-AUG-2026 15:37,14.77,28.42,36.28,,0.44,site_5664,Thermo Fisher Scientific India Private Limited
South Eastern Coalfields Limited,Dipka Area,M/s Dipka Expansion Project South Eastern Coal Fields Limited Dipka Area,30-AUG-2026 21:07,30-AUG-2026 15:37,14.32,28.37,32.91,,0.50,site_5664,Thermo Fisher Scientific India Private Limited
South Eastern Coalfields Limited,Dipka Area,M/s Dipka Expansion Project South Eastern Coal Fields Limited Dipka Area,30-AUG-2026 21:06,30-AUG-2026 15:36,13.89,28.16,33.25,,0.49,site_5664,Thermo Fisher Scientific India Private Limited
South Eastern Coalfields Limited,Dipka Area,M/s Dipka Expansion Project South Eastern Coal Fields Limited Dipka Area,30-AUG-2026 21:06,30-AUG-2026 15:36,13.64,27.86,34.78,,0.48,site_5664,Thermo Fisher Scientific India Private Limited
South Eastern Coalfields Limited,Dipka Area,M/s Dipka Expansion Project South Eastern Coal Fields Limited Dipka Area,30-AUG-2026 21:05,30-AUG-2026 15:35,13.38,27.34,35.76,,0.42,site_5664,Thermo Fisher Scientific India Private Limited
South Eastern Coalfields Limited,Dipka Area,M/s Dipka Expansion Project South Eastern Coal Fields Limited Dipka Area,30-AUG-2026 21:05,30-AUG-2026 15:35,13.27,26.68,39.56,,0.51,site_5664,Thermo Fisher Scientific India Private Limited
South Eastern Coalfields Limited,Dipka Area,M/s Dipka Expansion Project South Eastern Coal Fields Limited Dipka Area,30-AUG-2026 21:04,30-AUG-2026 15:34,13.36,25.76,37.98,,0.37,site_5664,Thermo Fisher Scientific India Private Limited
South Eastern Coalfields Limited,Dipka Area,M/s Dipka Expansion Project South Eastern Coal Fields Limited Dipka Area,30-AUG-2026 21:04,30-AUG-2026 15:34,13.41,24.98,35.31,,0.38,site_5664,Thermo Fisher Scientific India Private Limited
South Eastern Coalfields Limited,Dipka Area,M/s Dipka Expansion Project South Eastern Coal Fields Limited Dipka Area,30-AUG-2026 21:03,30-AUG-2026 15:33,13.48,24.15,32.17,,0.34,site_5664,Thermo Fisher Scientific India Private Limited
South Eastern Coalfields Limited,Dipka Area,M/s Dipka Expansion Project South Eastern Coal Fields Limited Dipka Area,30-AUG-2026 21:03,30-AUG-2026 15:33,13.48,23.45,32.64,,0.32,site_5664,Thermo Fisher Scientific India Private Limited
South Eastern Coalfields Limited,Dipka Area,M/s Dipka Expansion Project South Eastern Coal Fields Limited Dipka Area,30-AUG-2026 21:02,30-AUG-2026 15:32,13.46,22.62,40.71,,0.16,site_5664,Thermo Fisher Scientific India Private Limited
South Eastern Coalfields Limited,Dipka Area,M/s Dipka Expansion Project South Eastern Coal Fields Limited Dipka Area,30-AUG-2026 21:02,30-AUG-2026 15:32,13.33,22.04,35.66,,0.14,site_5664,Thermo Fisher Scientific India Private Limited
South Eastern Coalfields Limited,Dipka Area,M/s Dipka Expansion Project South Eastern Coal Fields Limited Dipka Area,30-AUG-2026 21:01,30-AUG-2026 15:31,13.05,21.46,29.14,,0.09,site_5664,Thermo Fisher Scientific India Private Limited
South Eastern Coalfields Limited,Dipka Area,M/s Dipka Expansion Project South Eastern Coal Fields Limited Dipka Area,30-AUG-2026 21:01,30-AUG-2026 15:31,12.94,20.97,35.54,,0.12,site_5664,Thermo Fisher Scientific India Private Limited
South Eastern Coalfields Limited,Dipka Area,M/s Dipka Expansion Project South Eastern Coal Fields Limited Dipka Area,30-AUG-2026 21:00,30-AUG-2026 15:30,12.69,20.49,37.07,,0.09,site_5664,Thermo Fisher Scientific India Private Limited
South Eastern Coalfields Limited,"Bilaspur, CHHATTISGARHr",South Eastern Coalfields  Limited - AQMS_H_Q,30-AUG-2026 21:00,30-AUG-2026 15:29,3.67,,19.20,0.00,0.00,site_5592,Swan Environ
South Eastern Coalfields Limited,Dipka Area,M/s Dipka Expansion Project South Eastern Coal Fields Limited Dipka Area,30-AUG-2026 20:59,30-AUG-2026 15:29,12.27,19.36,32.51,,0.22,site_5664,Thermo Fisher Scientific India Private Limited
South Eastern Coalfields Limited,Dipka Area,M/s Dipka Expansion Project South Eastern Coal Fields Limited Dipka Area,30-AUG-2026 20:59,30-AUG-2026 15:29,12.23,18.67,40.34,,0.19,site_5664,Thermo Fisher Scientific India Private Limited
South Eastern Coalfields Limited,Dipka Area,M/s Dipka Expansion Project South Eastern Coal Fields Limited Dipka Area,30-AUG-2026 20:58,30-AUG-2026 15:28,12.26,17.82,37.84,,0.24,site_5664,Thermo Fisher Scientific India Private Limited
South Eastern Coalfields Limited,Dipka Area,M/s Dipka Expansion Project South Eastern Coal Fields Limited Dipka Area,30-AUG-2026 20:58,30-AUG-2026 15:28,12.37,17.04,41.75,,0.26,site_5664,Thermo Fisher Scientific India Private Limited
South Eastern Coalfields Limited,Dipka Area,M/s Dipka Expansion Project South Eastern Coal Fields Limited Dipka Area,30-AUG-2026 20:57,30-AUG-2026 15:27,12.78,15.87,29.67,,0.30,site_5664,Thermo Fisher Scientific India Private Limited
South Eastern Coalfields Limited,Dipka Area,M/s Dipka Expansion Project South Eastern Coal Fields Limited Dipka Area,30-AUG-2026 20:57,30-AUG-2026 15:27,13.11,14.70,34.68,,0.25,site_5664,Thermo Fisher Scientific India Private Limited
South Eastern Coalfields Limited,Dipka Area,M/s Dipka Expansion Project South Eastern Coal Fields Limited Dipka Area,30-AUG-2026 20:56,30-AUG-2026 15:26,13.47,13.39,36.81,,0.44,site_5664,Thermo Fisher Scientific India Private Limited
South Eastern Coalfields Limited,Dipka Area,M/s Dipka Expansion Project South Eastern Coal Fields Limited Dipka Area,30-AUG-2026 20:56,30-AUG-2026 15:26,13.61,12.37,39.93,,0.50,site_5664,Thermo Fisher Scientific India Private Limited
South Eastern Coalfields Limited,Dipka Area,M/s Dipka Expansion Project South Eastern Coal Fields Limited Dipka Area,30-AUG-2026 20:55,30-AUG-2026 15:25,13.74,11.39,34.52,,0.56,site_5664,Thermo Fisher Scientific India Private Limited
South Eastern Coalfields Limited,"Gevra , Chattisgarh",SECL GEVRA,30-AUG-2026 20:55,30-AUG-2026 20:45,36.80,66.38,13.51,9.13,0.76,site_,Envea India Pvt Ltd
South Eastern Coalfields Limited,"Gevra , Chattisgarh",SECL GEVRA,30-AUG-2026 20:55,30-AUG-2026 20:45,36.80,66.38,13.51,9.13,0.76,site_,Envea India Pvt Ltd
South Eastern Coalfields Limited,"Gevra , Chattisgarh",SECL GEVRA,30-AUG-2026 20:55,30-AUG-2026 20:45,36.80,66.38,13.51,9.13,0.76,site_,Envea India Pvt Ltd
South Eastern Coalfields Limited,Dipka Area,M/s Dipka Expansion Project South Eastern Coal Fields Limited Dipka Area,30-AUG-2026 20:55,30-AUG-2026 15:25,13.72,10.68,32.85,,0.51,site_5664,Thermo Fisher Scientific India Private Limited
South Eastern Coalfields Limited,Dipka Area,M/s Dipka Expansion Project South Eastern Coal Fields Limited Dipka Area,30-AUG-2026 20:54,30-AUG-2026 15:24,13.57,10.05,40.37,,0.47,site_5664,Thermo Fisher Scientific India Private Limited
South Eastern Coalfields Limited,Dipka Area,M/s Dipka Expansion Project South Eastern Coal Fields Limited Dipka Area,30-AUG-2026 20:54,30-AUG-2026 15:24,13.54,9.69,36.76,,0.42,site_5664,Thermo Fisher Scientific India Private Limited
South Eastern Coalfields Limited,Dipka Area,M/s Dipka Expansion Project South Eastern Coal Fields Limited Dipka Area,30-AUG-2026 20:53,30-AUG-2026 15:23,13.54,9.46,39.94,,0.45,site_5664,Thermo Fisher Scientific India Private Limited
South Eastern Coalfields Limited,Dipka Area,M/s Dipka Expansion Project South Eastern Coal Fields Limited Dipka Area,30-AUG-2026 20:53,30-AUG-2026 15:23,13.66,9.43,35.36,,0.54,site_5664,Thermo Fisher Scientific India Private Limited
South Eastern Coalfields Limited,Dipka Area,M/s Dipka Expansion Project South Eastern Coal Fields Limited Dipka Area,30-AUG-2026 20:52,30-AUG-2026 15:22,13.80,9.44,37.19,,0.58,site_5664,Thermo Fisher Scientific India Private Limited
South Eastern Coalfields Limited,Dipka Area,M/s Dipka Expansion Project South Eastern Coal Fields Limited Dipka Area,30-AUG-2026 20:52,30-AUG-2026 15:22,13.95,9.52,30.73,,0.47,site_5664,Thermo Fisher Scientific India Private Limited
South Eastern Coalfields Limited,Dipka Area,M/s Dipka Expansion Project South Eastern Coal Fields Limited Dipka Area,30-AUG-2026 20:51,30-AUG-2026 15:21,14.18,9.61,36.08,,0.42,site_5664,Thermo Fisher Scientific India Private Limited
South Eastern Coalfields Limited,Dipka Area,M/s Dipka Expansion Project South Eastern Coal Fields Limited Dipka Area,30-AUG-2026 20:51,30-AUG-2026 15:21,14.42,9.74,35.09,,0.38,site_5664,Thermo Fisher Scientific India Private Limited
South Eastern Coalfields Limited,Dipka Area,M/s Dipka Expansion Project South Eastern Coal Fields Limited Dipka Area,30-AUG-2026 20:50,30-AUG-2026 15:20,14.76,9.81,35.76,,0.57,site_5664,Thermo Fisher Scientific India Private Limited
South Eastern Coalfields Limited,Dipka Area,M/s Dipka Expansion Project South Eastern Coal Fields Limited Dipka Area,30-AUG-2026 20:50,30-AUG-2026 15:20,15.07,9.76,31.31,,0.55,site_5664,Thermo Fisher Scientific India Private Limited
South Eastern Coalfields Limited,Dipka Area,M/s Dipka Expansion Project South Eastern Coal Fields Limited Dipka Area,30-AUG-2026 20:49,30-AUG-2026 15:19,15.54,9.70,33.98,,0.47,site_5664,Thermo Fisher Scientific India Private Limited
South Eastern Coalfields Limited,Dipka Area,M/s Dipka Expansion Project South Eastern Coal Fields Limited Dipka Area,30-AUG-2026 20:49,30-AUG-2026 15:19,16.10,9.59,35.26,,0.50,site_5664,Thermo Fisher Scientific India Private Limited
South Eastern Coalfields Limited,Dipka Area,M/s Dipka Expansion Project South Eastern Coal Fields Limited Dipka Area,30-AUG-2026 20:48,30-AUG-2026 15:18,16.64,9.33,39.22,,0.52,site_5664,Thermo Fisher Scientific India Private Limited
South Eastern Coalfields Limited,Dipka Area,M/s Dipka Expansion Project South Eastern Coal Fields Limited Dipka Area,30-AUG-2026 20:48,30-AUG-2026 15:18,17.06,9.13,32.07,,0.38,site_5664,Thermo Fisher Scientific India Private Limited
South Eastern Coalfields Limited,Dipka Area,M/s Dipka Expansion Project South Eastern Coal Fields Limited Dipka Area,30-AUG-2026 20:47,30-AUG-2026 15:17,17.67,9.00,33.49,,0.36,site_5664,Thermo Fisher Scientific India Private Limited
South Eastern Coalfields Limited,Dipka Area,M/s Dipka Expansion Project South Eastern Coal Fields Limited Dipka Area,30-AUG-2026 20:47,30-AUG-2026 15:17,18.24,8.89,34.55,,0.40,site_5664,Thermo Fisher Scientific India Private Limited
South Eastern Coalfields Limited,Dipka Area,M/s Dipka Expansion Project South Eastern Coal Fields Limited Dipka Area,30-AUG-2026 20:46,30-AUG-2026 15:16,18.80,8.66,32.87,,0.26,site_5664,Thermo Fisher Scientific India Private Limited
South Eastern Coalfields Limited,Dipka Area,M/s Dipka Expansion Project South Eastern Coal Fields Limited Dipka Area,30-AUG-2026 20:46,30-AUG-2026 15:16,19.14,8.32,35.22,,0.28,site_5664,Thermo Fisher Scientific India Private Limited
South Eastern Coalfields Limited,Dipka Area,M/s Dipka Expansion Project South Eastern Coal Fields Limited Dipka Area,30-AUG-2026 20:45,30-AUG-2026 15:15,19.76,8.14,26.21,,0.07,site_5664,Thermo Fisher Scientific India Private Limited
South Eastern Coalfields Limited,"Bilaspur, CHHATTISGARHr",South Eastern Coalfields  Limited - AQMS_H_Q,30-AUG-2026 20:45,30-AUG-2026 15:15,3.61,,17.16,0.00,0.00,site_5592,Swan Environ
South Eastern Coalfields Limited,Dipka Area,M/s Dipka Expansion Project South Eastern Coal Fields Limited Dipka Area,30-AUG-2026 20:45,30-AUG-2026 15:15,20.41,8.12,35.91,,0.09,site_5664,Thermo Fisher Scientific India Private Limited
South Eastern Coalfields Limited,Dipka Area,M/s Dipka Expansion Project South Eastern Coal Fields Limited Dipka Area,30-AUG-2026 20:44,30-AUG-2026 15:14,21.12,8.11,35.60,,0.13,site_5664,Thermo Fisher Scientific India Private Limited
South Eastern Coalfields Limited,Dipka Area,M/s Dipka Expansion Project South Eastern Coal Fields Limited Dipka Area,30-AUG-2026 20:44,30-AUG-2026 15:14,21.78,8.13,34.13,,0.28,site_5664,Thermo Fisher Scientific India Private Limited
South Eastern Coalfields Limited,Dipka Area,M/s Dipka Expansion Project South Eastern Coal Fields Limited Dipka Area,30-AUG-2026 20:43,30-AUG-2026 15:13,22.52,8.15,36.86,,0.24,site_5664,Thermo Fisher Scientific India Private Limited
South Eastern Coalfields Limited,Dipka Area,M/s Dipka Expansion Project South Eastern Coal Fields Limited Dipka Area,30-AUG-2026 20:43,30-AUG-2026 15:13,23.18,8.20,31.53,,0.30,site_5664,Thermo Fisher Scientific India Private Limited
South Eastern Coalfields Limited,Dipka Area,M/s Dipka Expansion Project South Eastern Coal Fields Limited Dipka Area,30-AUG-2026 20:42,30-AUG-2026 15:12,23.63,8.26,36.27,,0.33,site_5664,Thermo Fisher Scientific India Private Limited
South Eastern Coalfields Limited,Dipka Area,M/s Dipka Expansion Project South Eastern Coal Fields Limited Dipka Area,30-AUG-2026 20:42,30-AUG-2026 15:12,23.92,8.39,39.69,,0.37,site_5664,Thermo Fisher Scientific India Private Limited
South Eastern Coalfields Limited,Dipka Area,M/s Dipka Expansion Project South Eastern Coal Fields Limited Dipka Area,30-AUG-2026 20:41,30-AUG-2026 15:11,23.95,8.49,33.99,,0.40,site_5664,Thermo Fisher Scientific India Private Limited
South Eastern Coalfields Limited,Dipka Area,M/s Dipka Expansion Project South Eastern Coal Fields Limited Dipka Area,30-AUG-2026 20:41,30-AUG-2026 15:11,23.76,8.54,32.03,,0.38,site_5664,Thermo Fisher Scientific India Private Limited
South Eastern Coalfields Limited,Dipka Area,M/s Dipka Expansion Project South Eastern Coal Fields Limited Dipka Area,30-AUG-2026 20:40,30-AUG-2026 15:10,23.34,8.74,40.47,,0.38,site_5664,Thermo Fisher Scientific India Private Limited
South Eastern Coalfields Limited,"Gevra , Chattisgarh",SECL GEVRA,30-AUG-2026 20:40,30-AUG-2026 20:30,47.80,85.49,14.12,10.76,1.02,site_,Envea India Pvt Ltd
South Eastern Coalfields Limited,"Gevra , Chattisgarh",SECL GEVRA,30-AUG-2026 20:40,30-AUG-2026 20:30,47.80,85.49,14.12,10.76,1.02,site_,Envea India Pvt Ltd
South Eastern Coalfields Limited,"Gevra , Chattisgarh",SECL GEVRA,30-AUG-2026 20:40,30-AUG-2026 20:30,47.80,85.49,14.12,10.76,1.02,site_,Envea India Pvt Ltd
South Eastern Coalfields Limited,Dipka Area,M/s Dipka Expansion Project South Eastern Coal Fields Limited Dipka Area,30-AUG-2026 20:40,30-AUG-2026 15:10,23.07,9.18,35.66,,0.32,site_5664,Thermo Fisher Scientific India Private Limited
South Eastern Coalfields Limited,Dipka Area,M/s Dipka Expansion Project South Eastern Coal Fields Limited Dipka Area,30-AUG-2026 20:39,30-AUG-2026 15:09,22.88,9.81,39.71,,0.44,site_5664,Thermo Fisher Scientific India Private Limited
South Eastern Coalfields Limited,Dipka Area,M/s Dipka Expansion Project South Eastern Coal Fields Limited Dipka Area,30-AUG-2026 20:39,30-AUG-2026 15:09,22.47,10.27,32.79,,0.39,site_5664,Thermo Fisher Scientific India Private Limited
South Eastern Coalfields Limited,Dipka Area,M/s Dipka Expansion Project South Eastern Coal Fields Limited Dipka Area,30-AUG-2026 20:38,30-AUG-2026 15:08,21.89,10.72,32.06,,0.41,site_5664,Thermo Fisher Scientific India Private Limited
South Eastern Coalfields Limited,Dipka Area,M/s Dipka Expansion Project South Eastern Coal Fields Limited Dipka Area,30-AUG-2026 20:38,30-AUG-2026 15:08,21.33,11.13,36.65,,0.46,site_5664,Thermo Fisher Scientific India Private Limited
South Eastern Coalfields Limited,Dipka Area,M/s Dipka Expansion Project South Eastern Coal Fields Limited Dipka Area,30-AUG-2026 20:37,30-AUG-2026 15:07,20.81,11.74,35.09,,0.30,site_5664,Thermo Fisher Scientific India Private Limited
South Eastern Coalfields Limited,Dipka Area,M/s Dipka Expansion Project South Eastern Coal Fields Limited Dipka Area,30-AUG-2026 20:37,30-AUG-2026 15:07,20.40,12.10,37.45,,0.35,site_5664,Thermo Fisher Scientific India Private Limited
South Eastern Coalfields Limited,Dipka Area,M/s Dipka Expansion Project South Eastern Coal Fields Limited Dipka Area,30-AUG-2026 20:36,30-AUG-2026 15:06,19.85,12.34,39.35,,0.40,site_5664,Thermo Fisher Scientific India Private Limited
South Eastern Coalfields Limited,Dipka Area,M/s Dipka Expansion Project South Eastern Coal Fields Limited Dipka Area,30-AUG-2026 20:36,30-AUG-2026 15:06,19.58,12.52,29.33,,0.40,site_5664,Thermo Fisher Scientific India Private Limited
South Eastern Coalfields Limited,Dipka Area,M/s Dipka Expansion Project South Eastern Coal Fields Limited Dipka Area,30-AUG-2026 20:35,30-AUG-2026 15:05,19.49,12.80,33.46,,0.39,site_5664,Thermo Fisher Scientific India Private Limited
South Eastern Coalfields Limited,Dipka Area,M/s Dipka Expansion Project South Eastern Coal Fields Limited Dipka Area,30-AUG-2026 20:35,30-AUG-2026 15:05,19.60,13.01,33.55,,0.46,site_5664,Thermo Fisher Scientific India Private Limited
South Eastern Coalfields Limited,Dipka Area,M/s Dipka Expansion Project South Eastern Coal Fields Limited Dipka Area,30-AUG-2026 20:34,30-AUG-2026 15:04,19.86,13.25,36.83,,0.41,site_5664,Thermo Fisher Scientific India Private Limited
South Eastern Coalfields Limited,Dipka Area,M/s Dipka Expansion Project South Eastern Coal Fields Limited Dipka Area,30-AUG-2026 20:34,30-AUG-2026 15:04,19.97,13.39,35.17,,0.41,site_5664,Thermo Fisher Scientific India Private Limited
South Eastern Coalfields Limited,Dipka Area,M/s Dipka Expansion Project South Eastern Coal Fields Limited Dipka Area,30-AUG-2026 20:33,30-AUG-2026 15:03,19.92,13.36,36.54,,0.32,site_5664,Thermo Fisher Scientific India Private Limited
South Eastern Coalfields Limited,Dipka Area,M/s Dipka Expansion Project South Eastern Coal Fields Limited Dipka Area,30-AUG-2026 20:33,30-AUG-2026 15:03,19.77,13.29,37.05,,0.35,site_5664,Thermo Fisher Scientific India Private Limited
South Eastern Coalfields Limited,Dipka Area,M/s Dipka Expansion Project South Eastern Coal Fields Limited Dipka Area,30-AUG-2026 20:32,30-AUG-2026 15:02,19.57,13.19,36.87,,0.52,site_5664,Thermo Fisher Scientific India Private Limited
South Eastern Coalfields Limited,Dipka Area,M/s Dipka Expansion Project South Eastern Coal Fields Limited Dipka Area,30-AUG-2026 20:32,30-AUG-2026 15:02,19.32,13.15,34.10,,0.45,site_5664,Thermo Fisher Scientific India Private Limited
South Eastern Coalfields Limited,Dipka Area,M/s Dipka Expansion Project South Eastern Coal Fields Limited Dipka Area,30-AUG-2026 20:31,30-AUG-2026 15:01,18.84,13.02,36.64,,0.55,site_5664,Thermo Fisher Scientific India Private Limited
South Eastern Coalfields Limited,Dipka Area,M/s Dipka Expansion Project South Eastern Coal Fields Limited Dipka Area,30-AUG-2026 20:31,30-AUG-2026 15:01,18.41,12.90,37.39,,0.52,site_5664,Thermo Fisher Scientific India Private Limited
South Eastern Coalfields Limited,"Bilaspur, CHHATTISGARHr",South Eastern Coalfields  Limited - AQMS_H_Q,30-AUG-2026 20:30,30-AUG-2026 15:00,2.98,,14.29,267.02,0.19,site_5592,Swan Environ
South Eastern Coalfields Limited,Dipka Area,M/s Dipka Expansion Project South Eastern Coal Fields Limited Dipka Area,30-AUG-2026 20:30,30-AUG-2026 15:00,18.09,12.95,37.23,,0.72,site_5664,Thermo Fisher Scientific India Private Limited
South Eastern Coalfields Limited,Dipka Area,M/s Dipka Expansion Project South Eastern Coal Fields Limited Dipka Area,30-AUG-2026 20:30,30-AUG-2026 15:00,17.73,12.92,37.41,,0.63,site_5664,Thermo Fisher Scientific India Private Limited
South Eastern Coalfields Limited,Dipka Area,M/s Dipka Expansion Project South Eastern Coal Fields Limited Dipka Area,30-AUG-2026 20:29,30-AUG-2026 14:59,17.29,12.86,34.68,,0.74,site_5664,Thermo Fisher Scientific India Private Limited
South Eastern Coalfields Limited,Dipka Area,M/s Dipka Expansion Project South Eastern Coal Fields Limited Dipka Area,30-AUG-2026 20:29,30-AUG-2026 14:59,16.92,12.76,36.06,,0.75,site_5664,Thermo Fisher Scientific India Private Limited
South Eastern Coalfields Limited,Dipka Area,M/s Dipka Expansion Project South Eastern Coal Fields Limited Dipka Area,30-AUG-2026 20:28,30-AUG-2026 14:58,16.35,12.63,36.90,,0.78,site_5664,Thermo Fisher Scientific India Private Limited
South Eastern Coalfields Limited,Dipka Area,M/s Dipka Expansion Project South Eastern Coal Fields Limited Dipka Area,30-AUG-2026 20:28,30-AUG-2026 14:58,15.91,12.53,34.72,,0.76,site_5664,Thermo Fisher Scientific India Private Limited
South Eastern Coalfields Limited,Dipka Area,M/s Dipka Expansion Project South Eastern Coal Fields Limited Dipka Area,30-AUG-2026 20:27,30-AUG-2026 14:57,15.42,12.32,38.38,,0.58,site_5664,Thermo Fisher Scientific India Private Limited
South Eastern Coalfields Limited,Dipka Area,M/s Dipka Expansion Project South Eastern Coal Fields Limited Dipka Area,30-AUG-2026 20:27,30-AUG-2026 14:57,15.06,12.05,38.45,,0.57,site_5664,Thermo Fisher Scientific India Private Limited
South Eastern Coalfields Limited,Dipka Area,M/s Dipka Expansion Project South Eastern Coal Fields Limited Dipka Area,30-AUG-2026 20:26,30-AUG-2026 14:56,14.71,11.72,38.13,,0.44,site_5664,Thermo Fisher Scientific India Private Limited
South Eastern Coalfields Limited,Dipka Area,M/s Dipka Expansion Project South Eastern Coal Fields Limited Dipka Area,30-AUG-2026 20:26,30-AUG-2026 14:56,14.32,11.44,31.60,,0.53,site_5664,Thermo Fisher Scientific India Private Limited
South Eastern Coalfields Limited,Dipka Area,M/s Dipka Expansion Project South Eastern Coal Fields Limited Dipka Area,30-AUG-2026 20:25,30-AUG-2026 14:55,14.00,11.08,38.98,,0.35,site_5664,Thermo Fisher Scientific India Private Limited
South Eastern Coalfields Limited,"Gevra , Chattisgarh",SECL GEVRA,30-AUG-2026 20:25,30-AUG-2026 20:15,26.60,48.65,12.94,7.62,0.51,site_,Envea India Pvt Ltd
South Eastern Coalfields Limited,"Gevra , Chattisgarh",SECL GEVRA,30-AUG-2026 20:25,30-AUG-2026 20:15,26.60,48.65,12.94,7.62,0.51,site_,Envea India Pvt Ltd
South Eastern Coalfields Limited,"Gevra , Chattisgarh",SECL GEVRA,30-AUG-2026 20:25,30-AUG-2026 20:15,26.60,48.65,12.94,7.62,0.51,site_,Envea India Pvt Ltd
South Eastern Coalfields Limited,Dipka Area,M/s Dipka Expansion Project South Eastern Coal Fields Limited Dipka Area,30-AUG-2026 20:25,30-AUG-2026 14:55,13.60,10.75,42.49,,0.39,site_5664,Thermo Fisher Scientific India Private Limited
South Eastern Coalfields Limited,Dipka Area,M/s Dipka Expansion Project South Eastern Coal Fields Limited Dipka Area,30-AUG-2026 20:24,30-AUG-2026 14:54,13.09,10.54,38.08,,0.18,site_5664,Thermo Fisher Scientific India Private Limited
South Eastern Coalfields Limited,Dipka Area,M/s Dipka Expansion Project South Eastern Coal Fields Limited Dipka Area,30-AUG-2026 20:24,30-AUG-2026 14:54,12.67,10.52,37.10,,0.33,site_5664,Thermo Fisher Scientific India Private Limited
South Eastern Coalfields Limited,Dipka Area,M/s Dipka Expansion Project South Eastern Coal Fields Limited Dipka Area,30-AUG-2026 20:23,30-AUG-2026 14:53,12.14,10.66,34.83,,0.38,site_5664,Thermo Fisher Scientific India Private Limited
South Eastern Coalfields Limited,Dipka Area,M/s Dipka Expansion Project South Eastern Coal Fields Limited Dipka Area,30-AUG-2026 20:23,30-AUG-2026 14:53,11.64,10.67,39.24,,0.24,site_5664,Thermo Fisher Scientific India Private Limited
South Eastern Coalfields Limited,Dipka Area,M/s Dipka Expansion Project South Eastern Coal Fields Limited Dipka Area,30-AUG-2026 20:22,30-AUG-2026 14:52,10.97,10.73,35.02,,0.29,site_5664,Thermo Fisher Scientific India Private Limited
South Eastern Coalfields Limited,Dipka Area,M/s Dipka Expansion Project South Eastern Coal Fields Limited Dipka Area,30-AUG-2026 20:22,30-AUG-2026 14:52,10.43,10.76,36.04,,0.36,site_5664,Thermo Fisher Scientific India Private Limited
South Eastern Coalfields Limited,Dipka Area,M/s Dipka Expansion Project South Eastern Coal Fields Limited Dipka Area,30-AUG-2026 20:21,30-AUG-2026 14:51,9.72,10.74,32.80,,0.37,site_5664,Thermo Fisher Scientific India Private Limited
South Eastern Coalfields Limited,Dipka Area,M/s Dipka Expansion Project South Eastern Coal Fields Limited Dipka Area,30-AUG-2026 20:21,30-AUG-2026 14:51,9.14,10.80,34.69,,0.30,site_5664,Thermo Fisher Scientific India Private Limited
South Eastern Coalfields Limited,Dipka Area,M/s Dipka Expansion Project South Eastern Coal Fields Limited Dipka Area,30-AUG-2026 20:20,30-AUG-2026 14:50,8.48,10.80,41.72,,0.23,site_5664,Thermo Fisher Scientific India Private Limited
South Eastern Coalfields Limited,Dipka Area,M/s Dipka Expansion Project South Eastern Coal Fields Limited Dipka Area,30-AUG-2026 20:20,30-AUG-2026 14:50,7.92,10.90,33.81,,0.30,site_5664,Thermo Fisher Scientific India Private Limited
South Eastern Coalfields Limited,Dipka Area,M/s Dipka Expansion Project South Eastern Coal Fields Limited Dipka Area,30-AUG-2026 20:19,30-AUG-2026 14:49,7.43,11.03,36.15,,0.35,site_5664,Thermo Fisher Scientific India Private Limited
South Eastern Coalfields Limited,Dipka Area,M/s Dipka Expansion Project South Eastern Coal Fields Limited Dipka Area,30-AUG-2026 20:19,30-AUG-2026 14:49,7.09,11.24,33.62,,0.17,site_5664,Thermo Fisher Scientific India Private Limited
South Eastern Coalfields Limited,Dipka Area,M/s Dipka Expansion Project South Eastern Coal Fields Limited Dipka Area,30-AUG-2026 20:18,30-AUG-2026 14:48,6.70,11.42,36.62,,0.20,site_5664,Thermo Fisher Scientific India Private Limited
South Eastern Coalfields Limited,Dipka Area,M/s Dipka Expansion Project South Eastern Coal Fields Limited Dipka Area,30-AUG-2026 20:18,30-AUG-2026 14:48,6.42,11.53,35.96,,0.29,site_5664,Thermo Fisher Scientific India Private Limited
South Eastern Coalfields Limited,Dipka Area,M/s Dipka Expansion Project South Eastern Coal Fields Limited Dipka Area,30-AUG-2026 20:17,30-AUG-2026 14:47,6.13,11.69,35.82,,0.39,site_5664,Thermo Fisher Scientific India Private Limited
South Eastern Coalfields Limited,Dipka Area,M/s Dipka Expansion Project South Eastern Coal Fields Limited Dipka Area,30-AUG-2026 20:17,30-AUG-2026 14:47,5.92,11.80,31.75,,0.39,site_5664,Thermo Fisher Scientific India Private Limited
South Eastern Coalfields Limited,Dipka Area,M/s Dipka Expansion Project South Eastern Coal Fields Limited Dipka Area,30-AUG-2026 20:16,30-AUG-2026 14:46,5.78,11.94,35.21,,0.49,site_5664,Thermo Fisher Scientific India Private Limited
South Eastern Coalfields Limited,Dipka Area,M/s Dipka Expansion Project South Eastern Coal Fields Limited Dipka Area,30-AUG-2026 20:16,30-AUG-2026 14:46,5.81,12.05,36.86,,0.56,site_5664,Thermo Fisher Scientific India Private Limited
South Eastern Coalfields Limited,"Bilaspur, CHHATTISGARHr",South Eastern Coalfields  Limited - AQMS_H_Q,30-AUG-2026 20:15,30-AUG-2026 14:45,0.00,,3.06,0.12,13.90,site_5592,Swan Environ
South Eastern Coalfields Limited,Dipka Area,M/s Dipka Expansion Project South Eastern Coal Fields Limited Dipka Area,30-AUG-2026 20:15,30-AUG-2026 14:45,6.12,12.31,40.67,,0.72,site_5664,Thermo Fisher Scientific India Private Limited
South Eastern Coalfields Limited,Dipka Area,M/s Dipka Expansion Project South Eastern Coal Fields Limited Dipka Area,30-AUG-2026 20:15,30-AUG-2026 14:45,6.42,12.53,33.27,,0.65,site_5664,Thermo Fisher Scientific India Private Limited
South Eastern Coalfields Limited,Dipka Area,M/s Dipka Expansion Project South Eastern Coal Fields Limited Dipka Area,30-AUG-2026 20:14,30-AUG-2026 14:44,6.92,12.68,34.38,,0.83,site_5664,Thermo Fisher Scientific India Private Limited
South Eastern Coalfields Limited,Dipka Area,M/s Dipka Expansion Project South Eastern Coal Fields Limited Dipka Area,30-AUG-2026 20:14,30-AUG-2026 14:44,7.50,12.94,35.54,,0.78,site_5664,Thermo Fisher Scientific India Private Limited
South Eastern Coalfields Limited,Dipka Area,M/s Dipka Expansion Project South Eastern Coal Fields Limited Dipka Area,30-AUG-2026 20:13,30-AUG-2026 14:43,8.02,13.19,36.91,,0.72,site_5664,Thermo Fisher Scientific India Private Limited
South Eastern Coalfields Limited,Dipka Area,M/s Dipka Expansion Project South Eastern Coal Fields Limited Dipka Area,30-AUG-2026 20:13,30-AUG-2026 14:43,8.69,13.55,41.59,,0.66,site_5664,Thermo Fisher Scientific India Private Limited
South Eastern Coalfields Limited,Dipka Area,M/s Dipka Expansion Project South Eastern Coal Fields Limited Dipka Area,30-AUG-2026 20:12,30-AUG-2026 14:42,9.34,13.88,34.10,,0.64,site_5664,Thermo Fisher Scientific India Private Limited
South Eastern Coalfields Limited,Dipka Area,M/s Dipka Expansion Project South Eastern Coal Fields Limited Dipka Area,30-AUG-2026 20:12,30-AUG-2026 14:42,9.95,14.31,33.95,,0.76,site_5664,Thermo Fisher Scientific India Private Limited
South Eastern Coalfields Limited,Dipka Area,M/s Dipka Expansion Project South Eastern Coal Fields Limited Dipka Area,30-AUG-2026 20:11,30-AUG-2026 14:41,10.53,14.96,36.55,,0.70,site_5664,Thermo Fisher Scientific India Private Limited
South Eastern Coalfields Limited,Dipka Area,M/s Dipka Expansion Project South Eastern Coal Fields Limited Dipka Area,30-AUG-2026 20:11,30-AUG-2026 14:41,11.09,15.52,34.67,,0.52,site_5664,Thermo Fisher Scientific India Private Limited
South Eastern Coalfields Limited,Dipka Area,M/s Dipka Expansion Project South Eastern Coal Fields Limited Dipka Area,30-AUG-2026 20:10,30-AUG-2026 14:40,11.54,15.94,37.04,,0.39,site_5664,Thermo Fisher Scientific India Private Limited
South Eastern Coalfields Limited,"Gevra , Chattisgarh",SECL GEVRA,30-AUG-2026 20:10,30-AUG-2026 20:00,26.80,49.02,12.95,7.65,0.52,site_,Envea India Pvt Ltd
South Eastern Coalfields Limited,"Gevra , Chattisgarh",SECL GEVRA,30-AUG-2026 20:10,30-AUG-2026 20:00,26.80,49.02,12.95,7.65,0.52,site_,Envea India Pvt Ltd
South Eastern Coalfields Limited,"Gevra , Chattisgarh",SECL GEVRA,30-AUG-2026 20:10,30-AUG-2026 20:00,26.80,49.02,12.95,7.65,0.52,site_,Envea India Pvt Ltd
South Eastern Coalfields Limited,Dipka Area,M/s Dipka Expansion Project South Eastern Coal Fields Limited Dipka Area,30-AUG-2026 20:10,30-AUG-2026 14:40,12.20,16.48,30.69,,0.44,site_5664,Thermo Fisher Scientific India Private Limited
South Eastern Coalfields Limited,Dipka Area,M/s Dipka Expansion Project South Eastern Coal Fields Limited Dipka Area,30-AUG-2026 20:09,30-AUG-2026 14:39,12.64,16.87,30.03,,0.37,site_5664,Thermo Fisher Scientific India Private Limited
South Eastern Coalfields Limited,Dipka Area,M/s Dipka Expansion Project South Eastern Coal Fields Limited Dipka Area,30-AUG-2026 20:09,30-AUG-2026 14:39,13.10,17.13,31.14,,0.34,site_5664,Thermo Fisher Scientific India Private Limited
South Eastern Coalfields Limited,Dipka Area,M/s Dipka Expansion Project South Eastern Coal Fields Limited Dipka Area,30-AUG-2026 20:08,30-AUG-2026 14:38,13.69,17.45,36.61,,0.28,site_5664,Thermo Fisher Scientific India Private Limited
South Eastern Coalfields Limited,Dipka Area,M/s Dipka Expansion Project South Eastern Coal Fields Limited Dipka Area,30-AUG-2026 20:08,30-AUG-2026 14:38,14.05,17.75,35.18,,0.31,site_5664,Thermo Fisher Scientific India Private Limited
South Eastern Coalfields Limited,Dipka Area,M/s Dipka Expansion Project South Eastern Coal Fields Limited Dipka Area,30-AUG-2026 20:07,30-AUG-2026 14:37,14.35,18.24,32.52,,0.42,site_5664,Thermo Fisher Scientific India Private Limited
South Eastern Coalfields Limited,Dipka Area,M/s Dipka Expansion Project South Eastern Coal Fields Limited Dipka Area,30-AUG-2026 20:07,30-AUG-2026 14:37,14.52,18.70,32.26,,0.22,site_5664,Thermo Fisher Scientific India Private Limited
South Eastern Coalfields Limited,Dipka Area,M/s Dipka Expansion Project South Eastern Coal Fields Limited Dipka Area,30-AUG-2026 20:06,30-AUG-2026 14:36,14.74,19.28,35.44,,0.14,site_5664,Thermo Fisher Scientific India Private Limited
South Eastern Coalfields Limited,Dipka Area,M/s Dipka Expansion Project South Eastern Coal Fields Limited Dipka Area,30-AUG-2026 20:06,30-AUG-2026 14:36,14.85,19.75,33.93,,0.25,site_5664,Thermo Fisher Scientific India Private Limited
South Eastern Coalfields Limited,Dipka Area,M/s Dipka Expansion Project South Eastern Coal Fields Limited Dipka Area,30-AUG-2026 20:05,30-AUG-2026 14:35,14.91,20.31,33.89,,0.37,site_5664,Thermo Fisher Scientific India Private Limited
South Eastern Coalfields Limited,Dipka Area,M/s Dipka Expansion Project South Eastern Coal Fields Limited Dipka Area,30-AUG-2026 20:05,30-AUG-2026 14:35,14.96,20.77,35.50,,0.24,site_5664,Thermo Fisher Scientific India Private Limited
South Eastern Coalfields Limited,Dipka Area,M/s Dipka Expansion Project South Eastern Coal Fields Limited Dipka Area,30-AUG-2026 20:04,30-AUG-2026 14:34,15.12,21.18,38.01,,0.19,site_5664,Thermo Fisher Scientific India Private Limited
South Eastern Coalfields Limited,Dipka Area,M/s Dipka Expansion Project South Eastern Coal Fields Limited Dipka Area,30-AUG-2026 20:04,30-AUG-2026 14:34,15.23,21.57,35.34,,0.26,site_5664,Thermo Fisher Scientific India Private Limited
South Eastern Coalfields Limited,Dipka Area,M/s Dipka Expansion Project South Eastern Coal Fields Limited Dipka Area,30-AUG-2026 20:03,30-AUG-2026 14:33,15.39,22.04,39.08,,0.31,site_5664,Thermo Fisher Scientific India Private Limited
South Eastern Coalfields Limited,Dipka Area,M/s Dipka Expansion Project South Eastern Coal Fields Limited Dipka Area,30-AUG-2026 20:03,30-AUG-2026 14:33,15.35,22.47,33.38,,0.38,site_5664,Thermo Fisher Scientific India Private Limited
South Eastern Coalfields Limited,Dipka Area,M/s Dipka Expansion Project South Eastern Coal Fields Limited Dipka Area,30-AUG-2026 20:02,30-AUG-2026 14:32,15.20,22.84,28.49,,0.24,site_5664,Thermo Fisher Scientific India Private Limited
South Eastern Coalfields Limited,Dipka Area,M/s Dipka Expansion Project South Eastern Coal Fields Limited Dipka Area,30-AUG-2026 20:02,30-AUG-2026 14:32,15.09,22.97,40.45,,0.32,site_5664,Thermo Fisher Scientific India Private Limited
South Eastern Coalfields Limited,Dipka Area,M/s Dipka Expansion Project South Eastern Coal Fields Limited Dipka Area,30-AUG-2026 20:01,30-AUG-2026 14:31,14.95,23.13,34.56,,0.38,site_5664,Thermo Fisher Scientific India Private Limited
South Eastern Coalfields Limited,Dipka Area,M/s Dipka Expansion Project South Eastern Coal Fields Limited Dipka Area,30-AUG-2026 20:01,30-AUG-2026 14:31,14.83,23.17,35.34,,0.24,site_5664,Thermo Fisher Scientific India Private Limited
South Eastern Coalfields Limited,Dipka Area,M/s Dipka Expansion Project South Eastern Coal Fields Limited Dipka Area,30-AUG-2026 20:00,30-AUG-2026 14:30,14.69,23.03,35.31,,0.13,site_5664,Thermo Fisher Scientific India Private Limited
South Eastern Coalfields Limited,"Bilaspur, CHHATTISGARHr",South Eastern Coalfields  Limited - AQMS_H_Q,30-AUG-2026 20:00,30-AUG-2026 14:29,3.05,,14.59,270.00,0.48,site_5592,Swan Environ
South Eastern Coalfields Limited,Dipka Area,M/s Dipka Expansion Project South Eastern Coal Fields Limited Dipka Area,30-AUG-2026 19:59,30-AUG-2026 14:29,14.96,22.33,35.70,,0.15,site_5664,Thermo Fisher Scientific India Private Limited
South Eastern Coalfields Limited,Dipka Area,M/s Dipka Expansion Project South Eastern Coal Fields Limited Dipka Area,30-AUG-2026 19:59,30-AUG-2026 14:29,15.10,22.06,38.21,,0.09,site_5664,Thermo Fisher Scientific India Private Limited
South Eastern Coalfields Limited,Dipka Area,M/s Dipka Expansion Project South Eastern Coal Fields Limited Dipka Area,30-AUG-2026 19:58,30-AUG-2026 14:28,15.02,21.73,30.71,,0.00,site_5664,Thermo Fisher Scientific India Private Limited
South Eastern Coalfields Limited,Dipka Area,M/s Dipka Expansion Project South Eastern Coal Fields Limited Dipka Area,30-AUG-2026 19:58,30-AUG-2026 14:28,14.92,21.43,28.60,,0.00,site_5664,Thermo Fisher Scientific India Private Limited
South Eastern Coalfields Limited,Dipka Area,M/s Dipka Expansion Project South Eastern Coal Fields Limited Dipka Area,30-AUG-2026 19:57,30-AUG-2026 14:27,14.92,21.13,31.28,,0.00,site_5664,Thermo Fisher Scientific India Private Limited
South Eastern Coalfields Limited,Dipka Area,M/s Dipka Expansion Project South Eastern Coal Fields Limited Dipka Area,30-AUG-2026 19:57,30-AUG-2026 14:27,14.86,20.93,34.35,,0.00,site_5664,Thermo Fisher Scientific India Private Limited
South Eastern Coalfields Limited,Dipka Area,M/s Dipka Expansion Project South Eastern Coal Fields Limited Dipka Area,30-AUG-2026 19:56,30-AUG-2026 14:26,14.59,20.78,33.80,,0.00,site_5664,Thermo Fisher Scientific India Private Limited
South Eastern Coalfields Limited,Dipka Area,M/s Dipka Expansion Project South Eastern Coal Fields Limited Dipka Area,30-AUG-2026 19:56,30-AUG-2026 14:26,14.40,20.72,33.61,,0.04,site_5664,Thermo Fisher Scientific India Private Limited
South Eastern Coalfields Limited,Dipka Area,M/s Dipka Expansion Project South Eastern Coal Fields Limited Dipka Area,30-AUG-2026 19:55,30-AUG-2026 14:25,14.28,20.70,33.75,,0.04,site_5664,Thermo Fisher Scientific India Private Limited
South Eastern Coalfields Limited,Dipka Area,M/s Dipka Expansion Project South Eastern Coal Fields Limited Dipka Area,30-AUG-2026 19:55,30-AUG-2026 14:25,14.14,20.63,31.96,,0.00,site_5664,Thermo Fisher Scientific India Private Limited
South Eastern Coalfields Limited,"Gevra , Chattisgarh",SECL GEVRA,30-AUG-2026 19:55,30-AUG-2026 19:45,49.00,87.55,14.19,10.93,1.05,site_,Envea India Pvt Ltd
South Eastern Coalfields Limited,"Gevra , Chattisgarh",SECL GEVRA,30-AUG-2026 19:55,30-AUG-2026 19:45,49.00,87.55,14.19,10.93,1.05,site_,Envea India Pvt Ltd
South Eastern Coalfields Limited,"Gevra , Chattisgarh",SECL GEVRA,30-AUG-2026 19:55,30-AUG-2026 19:45,49.00,87.55,14.19,10.93,1.05,site_,Envea India Pvt Ltd
South Eastern Coalfields Limited,Dipka Area,M/s Dipka Expansion Project South Eastern Coal Fields Limited Dipka Area,30-AUG-2026 19:54,30-AUG-2026 14:24,14.03,20.51,39.00,,0.00,site_5664,Thermo Fisher Scientific India Private Limited
South Eastern Coalfields Limited,Dipka Area,M/s Dipka Expansion Project South Eastern Coal Fields Limited Dipka Area,30-AUG-2026 19:54,30-AUG-2026 14:24,13.99,20.49,34.19,,0.11,site_5664,Thermo Fisher Scientific India Private Limited
South Eastern Coalfields Limited,Dipka Area,M/s Dipka Expansion Project South Eastern Coal Fields Limited Dipka Area,30-AUG-2026 19:53,30-AUG-2026 14:23,13.78,20.54,37.62,,0.22,site_5664,Thermo Fisher Scientific India Private Limited
South Eastern Coalfields Limited,Dipka Area,M/s Dipka Expansion Project South Eastern Coal Fields Limited Dipka Area,30-AUG-2026 19:53,30-AUG-2026 14:23,13.60,20.52,42.01,,0.23,site_5664,Thermo Fisher Scientific India Private Limited
South Eastern Coalfields Limited,Dipka Area,M/s Dipka Expansion Project South Eastern Coal Fields Limited Dipka Area,30-AUG-2026 19:52,30-AUG-2026 14:22,13.31,20.50,37.95,,0.37,site_5664,Thermo Fisher Scientific India Private Limited
South Eastern Coalfields Limited,Dipka Area,M/s Dipka Expansion Project South Eastern Coal Fields Limited Dipka Area,30-AUG-2026 19:52,30-AUG-2026 14:22,13.08,20.52,39.86,,0.46,site_5664,Thermo Fisher Scientific India Private Limited
South Eastern Coalfields Limited,Dipka Area,M/s Dipka Expansion Project South Eastern Coal Fields Limited Dipka Area,30-AUG-2026 19:51,30-AUG-2026 14:21,12.74,20.69,33.65,,0.44,site_5664,Thermo Fisher Scientific India Private Limited
South Eastern Coalfields Limited,Dipka Area,M/s Dipka Expansion Project South Eastern Coal Fields Limited Dipka Area,30-AUG-2026 19:51,30-AUG-2026 14:21,12.40,20.83,38.31,,0.60,site_5664,Thermo Fisher Scientific India Private Limited
South Eastern Coalfields Limited,Dipka Area,M/s Dipka Expansion Project South Eastern Coal Fields Limited Dipka Area,30-AUG-2026 19:50,30-AUG-2026 14:20,12.11,21.04,34.81,,0.58,site_5664,Thermo Fisher Scientific India Private Limited
South Eastern Coalfields Limited,Dipka Area,M/s Dipka Expansion Project South Eastern Coal Fields Limited Dipka Area,30-AUG-2026 19:50,30-AUG-2026 14:20,12.09,21.05,36.60,,0.70,site_5664,Thermo Fisher Scientific India Private Limited
South Eastern Coalfields Limited,Dipka Area,M/s Dipka Expansion Project South Eastern Coal Fields Limited Dipka Area,30-AUG-2026 19:49,30-AUG-2026 14:19,12.31,21.06,38.77,,0.66,site_5664,Thermo Fisher Scientific India Private Limited
South Eastern Coalfields Limited,Dipka Area,M/s Dipka Expansion Project South Eastern Coal Fields Limited Dipka Area,30-AUG-2026 19:49,30-AUG-2026 14:19,12.52,20.98,33.10,,0.60,site_5664,Thermo Fisher Scientific India Private Limited
South Eastern Coalfields Limited,Dipka Area,M/s Dipka Expansion Project South Eastern Coal Fields Limited Dipka Area,30-AUG-2026 19:48,30-AUG-2026 14:18,12.68,20.82,32.64,,0.63,site_5664,Thermo Fisher Scientific India Private Limited
South Eastern Coalfields Limited,Dipka Area,M/s Dipka Expansion Project South Eastern Coal Fields Limited Dipka Area,30-AUG-2026 19:48,30-AUG-2026 14:18,12.87,20.56,37.36,,0.64,site_5664,Thermo Fisher Scientific India Private Limited
South Eastern Coalfields Limited,Dipka Area,M/s Dipka Expansion Project South Eastern Coal Fields Limited Dipka Area,30-AUG-2026 19:47,30-AUG-2026 14:17,13.01,20.24,38.10,,0.48,site_5664,Thermo Fisher Scientific India Private Limited
South Eastern Coalfields Limited,Dipka Area,M/s Dipka Expansion Project South Eastern Coal Fields Limited Dipka Area,30-AUG-2026 19:47,30-AUG-2026 14:17,12.96,20.09,35.76,,0.41,site_5664,Thermo Fisher Scientific India Private Limited
South Eastern Coalfields Limited,Dipka Area,M/s Dipka Expansion Project South Eastern Coal Fields Limited Dipka Area,30-AUG-2026 19:46,30-AUG-2026 14:16,12.91,19.89,30.63,,0.40,site_5664,Thermo Fisher Scientific India Private Limited
South Eastern Coalfields Limited,Dipka Area,M/s Dipka Expansion Project South Eastern Coal Fields Limited Dipka Area,30-AUG-2026 19:46,30-AUG-2026 14:16,12.93,19.73,43.92,,0.44,site_5664,Thermo Fisher Scientific India Private Limited
South Eastern Coalfields Limited,Dipka Area,M/s Dipka Expansion Project South Eastern Coal Fields Limited Dipka Area,30-AUG-2026 19:45,30-AUG-2026 14:15,12.97,19.56,38.22,,0.56,site_5664,Thermo Fisher Scientific India Private Limited
South Eastern Coalfields Limited,Dipka Area,M/s Dipka Expansion Project South Eastern Coal Fields Limited Dipka Area,30-AUG-2026 19:45,30-AUG-2026 14:15,13.10,19.40,37.02,,0.54,site_5664,Thermo Fisher Scientific India Private Limited
South Eastern Coalfields Limited,"Bilaspur, CHHATTISGARHr",South Eastern Coalfields  Limited - AQMS_H_Q,30-AUG-2026 19:45,30-AUG-2026 14:14,270.00,,27.03,0.00,91.81,site_5592,Swan Environ
South Eastern Coalfields Limited,Dipka Area,M/s Dipka Expansion Project South Eastern Coal Fields Limited Dipka Area,30-AUG-2026 19:44,30-AUG-2026 14:14,13.54,19.15,33.72,,0.64,site_5664,Thermo Fisher Scientific India Private Limited
South Eastern Coalfields Limited,Dipka Area,M/s Dipka Expansion Project South Eastern Coal Fields Limited Dipka Area,30-AUG-2026 19:44,30-AUG-2026 14:14,14.11,18.95,36.33,,0.63,site_5664,Thermo Fisher Scientific India Private Limited
South Eastern Coalfields Limited,Dipka Area,M/s Dipka Expansion Project South Eastern Coal Fields Limited Dipka Area,30-AUG-2026 19:43,30-AUG-2026 14:13,14.80,18.87,33.83,,0.65,site_5664,Thermo Fisher Scientific India Private Limited
South Eastern Coalfields Limited,Dipka Area,M/s Dipka Expansion Project South Eastern Coal Fields Limited Dipka Area,30-AUG-2026 19:43,30-AUG-2026 14:13,15.46,18.75,31.58,,0.49,site_5664,Thermo Fisher Scientific India Private Limited
South Eastern Coalfields Limited,Dipka Area,M/s Dipka Expansion Project South Eastern Coal Fields Limited Dipka Area,30-AUG-2026 19:42,30-AUG-2026 14:12,16.07,18.61,35.21,,0.44,site_5664,Thermo Fisher Scientific India Private Limited
South Eastern Coalfields Limited,Dipka Area,M/s Dipka Expansion Project South Eastern Coal Fields Limited Dipka Area,30-AUG-2026 19:42,30-AUG-2026 14:12,16.46,18.47,31.17,,0.35,site_5664,Thermo Fisher Scientific India Private Limited
South Eastern Coalfields Limited,Dipka Area,M/s Dipka Expansion Project South Eastern Coal Fields Limited Dipka Area,30-AUG-2026 19:41,30-AUG-2026 14:11,17.00,18.37,32.82,,0.23,site_5664,Thermo Fisher Scientific India Private Limited
South Eastern Coalfields Limited,Dipka Area,M/s Dipka Expansion Project South Eastern Coal Fields Limited Dipka Area,30-AUG-2026 19:41,30-AUG-2026 14:11,17.25,18.22,35.26,,0.07,site_5664,Thermo Fisher Scientific India Private Limited
South Eastern Coalfields Limited,Dipka Area,M/s Dipka Expansion Project South Eastern Coal Fields Limited Dipka Area,30-AUG-2026 19:40,30-AUG-2026 14:10,17.48,17.94,34.98,,0.04,site_5664,Thermo Fisher Scientific India Private Limited
South Eastern Coalfields Limited,"Gevra , Chattisgarh",SECL GEVRA,30-AUG-2026 19:40,30-AUG-2026 19:30,22.50,41.52,12.71,7.01,0.41,site_,Envea India Pvt Ltd
South Eastern Coalfields Limited,"Gevra , Chattisgarh",SECL GEVRA,30-AUG-2026 19:40,30-AUG-2026 19:30,22.50,41.52,12.71,7.01,0.41,site_,Envea India Pvt Ltd
South Eastern Coalfields Limited,"Gevra , Chattisgarh",SECL GEVRA,30-AUG-2026 19:40,30-AUG-2026 19:30,22.50,41.52,12.71,7.01,0.41,site_,Envea India Pvt Ltd
South Eastern Coalfields Limited,Dipka Area,M/s Dipka Expansion Project South Eastern Coal Fields Limited Dipka Area,30-AUG-2026 19:40,30-AUG-2026 14:10,17.74,17.77,41.50,,0.08,site_5664,Thermo Fisher Scientific India Private Limited
South Eastern Coalfields Limited,Dipka Area,M/s Dipka Expansion Project South Eastern Coal Fields Limited Dipka Area,30-AUG-2026 19:39,30-AUG-2026 14:09,18.13,17.53,33.55,,0.01,site_5664,Thermo Fisher Scientific India Private Limited
South Eastern Coalfields Limited,Dipka Area,M/s Dipka Expansion Project South Eastern Coal Fields Limited Dipka Area,30-AUG-2026 19:39,30-AUG-2026 14:09,18.59,17.48,32.30,,0.03,site_5664,Thermo Fisher Scientific India Private Limited
South Eastern Coalfields Limited,Dipka Area,M/s Dipka Expansion Project South Eastern Coal Fields Limited Dipka Area,30-AUG-2026 19:38,30-AUG-2026 14:08,18.96,17.53,34.06,,0.15,site_5664,Thermo Fisher Scientific India Private Limited
South Eastern Coalfields Limited,Dipka Area,M/s Dipka Expansion Project South Eastern Coal Fields Limited Dipka Area,30-AUG-2026 19:38,30-AUG-2026 14:08,19.26,17.68,38.72,,0.32,site_5664,Thermo Fisher Scientific India Private Limited
South Eastern Coalfields Limited,Dipka Area,M/s Dipka Expansion Project South Eastern Coal Fields Limited Dipka Area,30-AUG-2026 19:37,30-AUG-2026 14:07,19.73,17.78,32.51,,0.44,site_5664,Thermo Fisher Scientific India Private Limited
South Eastern Coalfields Limited,Dipka Area,M/s Dipka Expansion Project South Eastern Coal Fields Limited Dipka Area,30-AUG-2026 19:37,30-AUG-2026 14:07,20.11,17.80,32.78,,0.61,site_5664,Thermo Fisher Scientific India Private Limited
South Eastern Coalfields Limited,Dipka Area,M/s Dipka Expansion Project South Eastern Coal Fields Limited Dipka Area,30-AUG-2026 19:36,30-AUG-2026 14:06,20.42,17.91,31.33,,0.70,site_5664,Thermo Fisher Scientific India Private Limited
South Eastern Coalfields Limited,Dipka Area,M/s Dipka Expansion Project South Eastern Coal Fields Limited Dipka Area,30-AUG-2026 19:36,30-AUG-2026 14:06,20.59,17.99,34.97,,0.73,site_5664,Thermo Fisher Scientific India Private Limited
South Eastern Coalfields Limited,Dipka Area,M/s Dipka Expansion Project South Eastern Coal Fields Limited Dipka Area,30-AUG-2026 19:35,30-AUG-2026 14:05,20.71,17.97,34.85,,0.76,site_5664,Thermo Fisher Scientific India Private Limited
South Eastern Coalfields Limited,Dipka Area,M/s Dipka Expansion Project South Eastern Coal Fields Limited Dipka Area,30-AUG-2026 19:35,30-AUG-2026 14:05,20.71,17.87,36.42,,0.73,site_5664,Thermo Fisher Scientific India Private Limited
South Eastern Coalfields Limited,Dipka Area,M/s Dipka Expansion Project South Eastern Coal Fields Limited Dipka Area,30-AUG-2026 19:34,30-AUG-2026 14:04,20.48,17.77,35.88,,0.77,site_5664,Thermo Fisher Scientific India Private Limited
South Eastern Coalfields Limited,Dipka Area,M/s Dipka Expansion Project South Eastern Coal Fields Limited Dipka Area,30-AUG-2026 19:34,30-AUG-2026 14:04,20.04,17.69,31.22,,0.62,site_5664,Thermo Fisher Scientific India Private Limited
South Eastern Coalfields Limited,Dipka Area,M/s Dipka Expansion Project South Eastern Coal Fields Limited Dipka Area,30-AUG-2026 19:33,30-AUG-2026 14:03,19.62,17.49,35.24,,0.43,site_5664,Thermo Fisher Scientific India Private Limited
South Eastern Coalfields Limited,Dipka Area,M/s Dipka Expansion Project South Eastern Coal Fields Limited Dipka Area,30-AUG-2026 19:33,30-AUG-2026 14:03,19.09,17.13,35.86,,0.41,site_5664,Thermo Fisher Scientific India Private Limited
South Eastern Coalfields Limited,Dipka Area,M/s Dipka Expansion Project South Eastern Coal Fields Limited Dipka Area,30-AUG-2026 19:32,30-AUG-2026 14:02,18.41,16.64,39.00,,0.33,site_5664,Thermo Fisher Scientific India Private Limited
South Eastern Coalfields Limited,Dipka Area,M/s Dipka Expansion Project South Eastern Coal Fields Limited Dipka Area,30-AUG-2026 19:32,30-AUG-2026 14:02,17.92,16.22,36.91,,0.23,site_5664,Thermo Fisher Scientific India Private Limited
South Eastern Coalfields Limited,Dipka Area,M/s Dipka Expansion Project South Eastern Coal Fields Limited Dipka Area,30-AUG-2026 19:31,30-AUG-2026 14:01,17.54,15.88,35.32,,0.22,site_5664,Thermo Fisher Scientific India Private Limited
South Eastern Coalfields Limited,Dipka Area,M/s Dipka Expansion Project South Eastern Coal Fields Limited Dipka Area,30-AUG-2026 19:31,30-AUG-2026 14:01,17.12,15.34,34.37,,0.22,site_5664,Thermo Fisher Scientific India Private Limited
South Eastern Coalfields Limited,Dipka Area,M/s Dipka Expansion Project South Eastern Coal Fields Limited Dipka Area,30-AUG-2026 19:30,30-AUG-2026 14:00,16.82,14.98,35.90,,0.25,site_5664,Thermo Fisher Scientific India Private Limited
South Eastern Coalfields Limited,"Bilaspur, CHHATTISGARHr",South Eastern Coalfields  Limited - AQMS_H_Q,30-AUG-2026 19:30,30-AUG-2026 13:59,3.34,,15.17,270.00,0.32,site_5592,Swan Environ
South Eastern Coalfields Limited,Dipka Area,M/s Dipka Expansion Project South Eastern Coal Fields Limited Dipka Area,30-AUG-2026 19:30,30-AUG-2026 14:00,16.59,14.73,32.21,,0.17,site_5664,Thermo Fisher Scientific India Private Limited
South Eastern Coalfields Limited,Dipka Area,M/s Dipka Expansion Project South Eastern Coal Fields Limited Dipka Area,30-AUG-2026 19:29,30-AUG-2026 13:59,16.35,14.50,32.62,,0.23,site_5664,Thermo Fisher Scientific India Private Limited
South Eastern Coalfields Limited,Dipka Area,M/s Dipka Expansion Project South Eastern Coal Fields Limited Dipka Area,30-AUG-2026 19:29,30-AUG-2026 13:59,15.98,14.29,36.70,,0.38,site_5664,Thermo Fisher Scientific India Private Limited
South Eastern Coalfields Limited,Dipka Area,M/s Dipka Expansion Project South Eastern Coal Fields Limited Dipka Area,30-AUG-2026 19:28,30-AUG-2026 13:58,15.34,14.04,34.95,,0.51,site_5664,Thermo Fisher Scientific India Private Limited
South Eastern Coalfields Limited,Dipka Area,M/s Dipka Expansion Project South Eastern Coal Fields Limited Dipka Area,30-AUG-2026 19:28,30-AUG-2026 13:58,14.80,13.90,37.83,,0.41,site_5664,Thermo Fisher Scientific India Private Limited
South Eastern Coalfields Limited,Dipka Area,M/s Dipka Expansion Project South Eastern Coal Fields Limited Dipka Area,30-AUG-2026 19:27,30-AUG-2026 13:57,14.18,13.87,35.00,,0.58,site_5664,Thermo Fisher Scientific India Private Limited
South Eastern Coalfields Limited,Dipka Area,M/s Dipka Expansion Project South Eastern Coal Fields Limited Dipka Area,30-AUG-2026 19:27,30-AUG-2026 13:57,13.63,13.90,31.39,,0.68,site_5664,Thermo Fisher Scientific India Private Limited
South Eastern Coalfields Limited,Dipka Area,M/s Dipka Expansion Project South Eastern Coal Fields Limited Dipka Area,30-AUG-2026 19:26,30-AUG-2026 13:56,13.06,13.95,26.63,,0.64,site_5664,Thermo Fisher Scientific India Private Limited
South Eastern Coalfields Limited,Dipka Area,M/s Dipka Expansion Project South Eastern Coal Fields Limited Dipka Area,30-AUG-2026 19:26,30-AUG-2026 13:56,12.68,13.98,39.28,,0.59,site_5664,Thermo Fisher Scientific India Private Limited
South Eastern Coalfields Limited,Dipka Area,M/s Dipka Expansion Project South Eastern Coal Fields Limited Dipka Area,30-AUG-2026 19:25,30-AUG-2026 13:55,12.46,14.03,35.06,,0.54,site_5664,Thermo Fisher Scientific India Private Limited
South Eastern Coalfields Limited,"Gevra , Chattisgarh",SECL GEVRA,30-AUG-2026 19:25,30-AUG-2026 19:15,54.50,97.20,14.50,11.76,1.18,site_,Envea India Pvt Ltd
South Eastern Coalfields Limited,"Gevra , Chattisgarh",SECL GEVRA,30-AUG-2026 19:25,30-AUG-2026 19:15,54.50,97.20,14.50,11.76,1.18,site_,Envea India Pvt Ltd
South Eastern Coalfields Limited,"Gevra , Chattisgarh",SECL GEVRA,30-AUG-2026 19:25,30-AUG-2026 19:15,54.50,97.20,14.50,11.76,1.18,site_,Envea India Pvt Ltd
South Eastern Coalfields Limited,"Gevra , Chattisgarh",SECL GEVRA,30-AUG-2026 19:25,30-AUG-2026 19:15,54.50,97.20,14.50,11.76,1.18,site_,Envea India Pvt Ltd
South Eastern Coalfields Limited,Dipka Area,M/s Dipka Expansion Project South Eastern Coal Fields Limited Dipka Area,30-AUG-2026 19:25,30-AUG-2026 13:55,12.12,13.91,36.08,,0.75,site_5664,Thermo Fisher Scientific India Private Limited
South Eastern Coalfields Limited,Dipka Area,M/s Dipka Expansion Project South Eastern Coal Fields Limited Dipka Area,30-AUG-2026 19:24,30-AUG-2026 13:54,11.53,13.58,32.68,,0.69,site_5664,Thermo Fisher Scientific India Private Limited
South Eastern Coalfields Limited,Dipka Area,M/s Dipka Expansion Project South Eastern Coal Fields Limited Dipka Area,30-AUG-2026 19:24,30-AUG-2026 13:54,10.93,13.31,33.47,,0.69,site_5664,Thermo Fisher Scientific India Private Limited
South Eastern Coalfields Limited,Dipka Area,M/s Dipka Expansion Project South Eastern Coal Fields Limited Dipka Area,30-AUG-2026 19:23,30-AUG-2026 13:53,10.19,13.04,36.40,,0.61,site_5664,Thermo Fisher Scientific India Private Limited
South Eastern Coalfields Limited,Dipka Area,M/s Dipka Expansion Project South Eastern Coal Fields Limited Dipka Area,30-AUG-2026 19:23,30-AUG-2026 13:53,9.46,12.78,34.08,,0.59,site_5664,Thermo Fisher Scientific India Private Limited
South Eastern Coalfields Limited,Dipka Area,M/s Dipka Expansion Project South Eastern Coal Fields Limited Dipka Area,30-AUG-2026 19:22,30-AUG-2026 13:52,8.47,12.48,37.12,,0.41,site_5664,Thermo Fisher Scientific India Private Limited
South Eastern Coalfields Limited,Dipka Area,M/s Dipka Expansion Project South Eastern Coal Fields Limited Dipka Area,30-AUG-2026 19:22,30-AUG-2026 13:52,7.75,12.28,32.17,,0.43,site_5664,Thermo Fisher Scientific India Private Limited
South Eastern Coalfields Limited,Dipka Area,M/s Dipka Expansion Project South Eastern Coal Fields Limited Dipka Area,30-AUG-2026 19:21,30-AUG-2026 13:51,7.26,12.13,37.26,,0.43,site_5664,Thermo Fisher Scientific India Private Limited
South Eastern Coalfields Limited,Dipka Area,M/s Dipka Expansion Project South Eastern Coal Fields Limited Dipka Area,30-AUG-2026 19:21,30-AUG-2026 13:51,7.01,11.98,37.09,,0.42,site_5664,Thermo Fisher Scientific India Private Limited
South Eastern Coalfields Limited,Dipka Area,M/s Dipka Expansion Project South Eastern Coal Fields Limited Dipka Area,30-AUG-2026 19:20,30-AUG-2026 13:50,6.74,11.71,36.99,,0.38,site_5664,Thermo Fisher Scientific India Private Limited
South Eastern Coalfields Limited,Dipka Area,M/s Dipka Expansion Project South Eastern Coal Fields Limited Dipka Area,30-AUG-2026 19:20,30-AUG-2026 13:50,6.54,11.31,31.80,,0.32,site_5664,Thermo Fisher Scientific India Private Limited
South Eastern Coalfields Limited,Dipka Area,M/s Dipka Expansion Project South Eastern Coal Fields Limited Dipka Area,30-AUG-2026 19:19,30-AUG-2026 13:49,6.12,10.82,32.03,,0.32,site_5664,Thermo Fisher Scientific India Private Limited
South Eastern Coalfields Limited,Dipka Area,M/s Dipka Expansion Project South Eastern Coal Fields Limited Dipka Area,30-AUG-2026 19:19,30-AUG-2026 13:49,5.69,10.50,42.35,,0.23,site_5664,Thermo Fisher Scientific India Private Limited
South Eastern Coalfields Limited,Dipka Area,M/s Dipka Expansion Project South Eastern Coal Fields Limited Dipka Area,30-AUG-2026 19:18,30-AUG-2026 13:48,5.26,10.10,34.75,,0.25,site_5664,Thermo Fisher Scientific India Private Limited
South Eastern Coalfields Limited,Dipka Area,M/s Dipka Expansion Project South Eastern Coal Fields Limited Dipka Area,30-AUG-2026 19:18,30-AUG-2026 13:48,5.00,9.69,34.47,,0.30,site_5664,Thermo Fisher Scientific India Private Limited
South Eastern Coalfields Limited,Dipka Area,M/s Dipka Expansion Project South Eastern Coal Fields Limited Dipka Area,30-AUG-2026 19:17,30-AUG-2026 13:47,4.91,9.36,31.96,,0.33,site_5664,Thermo Fisher Scientific India Private Limited
South Eastern Coalfields Limited,Dipka Area,M/s Dipka Expansion Project South Eastern Coal Fields Limited Dipka Area,30-AUG-2026 19:17,30-AUG-2026 13:47,5.02,9.33,37.01,,0.18,site_5664,Thermo Fisher Scientific India Private Limited
South Eastern Coalfields Limited,Dipka Area,M/s Dipka Expansion Project South Eastern Coal Fields Limited Dipka Area,30-AUG-2026 19:16,30-AUG-2026 13:46,5.38,9.30,32.23,,0.25,site_5664,Thermo Fisher Scientific India Private Limited
South Eastern Coalfields Limited,Dipka Area,M/s Dipka Expansion Project South Eastern Coal Fields Limited Dipka Area,30-AUG-2026 19:16,30-AUG-2026 13:46,5.65,9.17,34.91,,0.23,site_5664,Thermo Fisher Scientific India Private Limited
South Eastern Coalfields Limited,Dipka Area,M/s Dipka Expansion Project South Eastern Coal Fields Limited Dipka Area,30-AUG-2026 19:15,30-AUG-2026 13:45,5.73,9.07,33.04,,0.17,site_5664,Thermo Fisher Scientific India Private Limited
South Eastern Coalfields Limited,"Bilaspur, CHHATTISGARHr",South Eastern Coalfields  Limited - AQMS_H_Q,30-AUG-2026 19:15,30-AUG-2026 13:44,3.26,,14.58,270.00,0.48,site_5592,Swan Environ
South Eastern Coalfields Limited,Dipka Area,M/s Dipka Expansion Project South Eastern Coal Fields Limited Dipka Area,30-AUG-2026 19:15,30-AUG-2026 13:45,5.60,9.03,29.25,,0.14,site_5664,Thermo Fisher Scientific India Private Limited
South Eastern Coalfields Limited,Dipka Area,M/s Dipka Expansion Project South Eastern Coal Fields Limited Dipka Area,30-AUG-2026 19:14,30-AUG-2026 13:44,5.37,8.97,34.29,,0.24,site_5664,Thermo Fisher Scientific India Private Limited
South Eastern Coalfields Limited,Dipka Area,M/s Dipka Expansion Project South Eastern Coal Fields Limited Dipka Area,30-AUG-2026 19:14,30-AUG-2026 13:44,5.12,8.93,37.42,,0.28,site_5664,Thermo Fisher Scientific India Private Limited
South Eastern Coalfields Limited,Dipka Area,M/s Dipka Expansion Project South Eastern Coal Fields Limited Dipka Area,30-AUG-2026 19:13,30-AUG-2026 13:43,5.03,9.00,32.75,,0.10,site_5664,Thermo Fisher Scientific India Private Limited
South Eastern Coalfields Limited,Dipka Area,M/s Dipka Expansion Project South Eastern Coal Fields Limited Dipka Area,30-AUG-2026 19:13,30-AUG-2026 13:43,5.17,9.15,35.04,,0.13,site_5664,Thermo Fisher Scientific India Private Limited
South Eastern Coalfields Limited,Dipka Area,M/s Dipka Expansion Project South Eastern Coal Fields Limited Dipka Area,30-AUG-2026 19:12,30-AUG-2026 13:42,5.53,9.33,32.00,,0.32,site_5664,Thermo Fisher Scientific India Private Limited
South Eastern Coalfields Limited,Dipka Area,M/s Dipka Expansion Project South Eastern Coal Fields Limited Dipka Area,30-AUG-2026 19:12,30-AUG-2026 13:42,5.80,9.49,32.73,,0.45,site_5664,Thermo Fisher Scientific India Private Limited
South Eastern Coalfields Limited,Dipka Area,M/s Dipka Expansion Project South Eastern Coal Fields Limited Dipka Area,30-AUG-2026 19:11,30-AUG-2026 13:41,6.07,9.69,34.78,,0.44,site_5664,Thermo Fisher Scientific India Private Limited
South Eastern Coalfields Limited,Dipka Area,M/s Dipka Expansion Project South Eastern Coal Fields Limited Dipka Area,30-AUG-2026 19:11,30-AUG-2026 13:41,6.24,9.83,37.72,,0.54,site_5664,Thermo Fisher Scientific India Private Limited
South Eastern Coalfields Limited,Dipka Area,M/s Dipka Expansion Project South Eastern Coal Fields Limited Dipka Area,30-AUG-2026 19:10,30-AUG-2026 13:40,6.32,9.80,31.84,,0.57,site_5664,Thermo Fisher Scientific India Private Limited
South Eastern Coalfields Limited,Dipka Area,M/s Dipka Expansion Project South Eastern Coal Fields Limited Dipka Area,30-AUG-2026 19:10,30-AUG-2026 13:40,6.28,9.74,31.33,,0.60,site_5664,Thermo Fisher Scientific India Private Limited
South Eastern Coalfields Limited,"Gevra , Chattisgarh",SECL GEVRA,30-AUG-2026 19:10,30-AUG-2026 19:00,30.40,55.22,13.15,8.18,0.60,site_,Envea India Pvt Ltd
South Eastern Coalfields Limited,"Gevra , Chattisgarh",SECL GEVRA,30-AUG-2026 19:10,30-AUG-2026 19:00,30.40,55.22,13.15,8.18,0.60,site_,Envea India Pvt Ltd
South Eastern Coalfields Limited,Dipka Area,M/s Dipka Expansion Project South Eastern Coal Fields Limited Dipka Area,30-AUG-2026 19:09,30-AUG-2026 13:39,6.26,9.60,33.92,,0.47,site_5664,Thermo Fisher Scientific India Private Limited
South Eastern Coalfields Limited,Dipka Area,M/s Dipka Expansion Project South Eastern Coal Fields Limited Dipka Area,30-AUG-2026 19:09,30-AUG-2026 13:39,6.41,9.47,35.41,,0.43,site_5664,Thermo Fisher Scientific India Private Limited
South Eastern Coalfields Limited,Dipka Area,M/s Dipka Expansion Project South Eastern Coal Fields Limited Dipka Area,30-AUG-2026 19:08,30-AUG-2026 13:38,6.65,9.35,30.01,,0.71,site_5664,Thermo Fisher Scientific India Private Limited
South Eastern Coalfields Limited,Dipka Area,M/s Dipka Expansion Project South Eastern Coal Fields Limited Dipka Area,30-AUG-2026 19:08,30-AUG-2026 13:38,6.77,9.30,29.83,,0.65,site_5664,Thermo Fisher Scientific India Private Limited
South Eastern Coalfields Limited,Dipka Area,M/s Dipka Expansion Project South Eastern Coal Fields Limited Dipka Area,30-AUG-2026 19:07,30-AUG-2026 13:37,7.08,9.41,34.38,,0.53,site_5664,Thermo Fisher Scientific India Private Limited
South Eastern Coalfields Limited,Dipka Area,M/s Dipka Expansion Project South Eastern Coal Fields Limited Dipka Area,30-AUG-2026 19:07,30-AUG-2026 13:37,7.52,9.58,33.87,,0.37,site_5664,Thermo Fisher Scientific India Private Limited
South Eastern Coalfields Limited,Dipka Area,M/s Dipka Expansion Project South Eastern Coal Fields Limited Dipka Area,30-AUG-2026 19:06,30-AUG-2026 13:36,8.03,9.92,32.90,,0.41,site_5664,Thermo Fisher Scientific India Private Limited
South Eastern Coalfields Limited,Dipka Area,M/s Dipka Expansion Project South Eastern Coal Fields Limited Dipka Area,30-AUG-2026 19:06,30-AUG-2026 13:36,8.64,10.23,31.37,,0.28,site_5664,Thermo Fisher Scientific India Private Limited
South Eastern Coalfields Limited,Dipka Area,M/s Dipka Expansion Project South Eastern Coal Fields Limited Dipka Area,30-AUG-2026 19:05,30-AUG-2026 13:35,9.43,10.58,35.49,,0.23,site_5664,Thermo Fisher Scientific India Private Limited
South Eastern Coalfields Limited,Dipka Area,M/s Dipka Expansion Project South Eastern Coal Fields Limited Dipka Area,30-AUG-2026 19:05,30-AUG-2026 13:35,10.32,11.04,35.78,,0.10,site_5664,Thermo Fisher Scientific India Private Limited
South Eastern Coalfields Limited,Dipka Area,M/s Dipka Expansion Project South Eastern Coal Fields Limited Dipka Area,30-AUG-2026 19:04,30-AUG-2026 13:34,11.38,11.63,37.53,,0.21,site_5664,Thermo Fisher Scientific India Private Limited
South Eastern Coalfields Limited,Dipka Area,M/s Dipka Expansion Project South Eastern Coal Fields Limited Dipka Area,30-AUG-2026 19:04,30-AUG-2026 13:34,12.28,12.18,30.90,,0.19,site_5664,Thermo Fisher Scientific India Private Limited
South Eastern Coalfields Limited,Dipka Area,M/s Dipka Expansion Project South Eastern Coal Fields Limited Dipka Area,30-AUG-2026 19:03,30-AUG-2026 13:33,13.27,12.80,33.81,,0.07,site_5664,Thermo Fisher Scientific India Private Limited
South Eastern Coalfields Limited,Dipka Area,M/s Dipka Expansion Project South Eastern Coal Fields Limited Dipka Area,30-AUG-2026 19:03,30-AUG-2026 13:33,14.03,13.35,30.28,,0.19,site_5664,Thermo Fisher Scientific India Private Limited
South Eastern Coalfields Limited,Dipka Area,M/s Dipka Expansion Project South Eastern Coal Fields Limited Dipka Area,30-AUG-2026 19:02,30-AUG-2026 13:32,14.65,13.98,31.44,,0.26,site_5664,Thermo Fisher Scientific India Private Limited
South Eastern Coalfields Limited,Dipka Area,M/s Dipka Expansion Project South Eastern Coal Fields Limited Dipka Area,30-AUG-2026 19:02,30-AUG-2026 13:32,15.15,14.37,31.13,,0.32,site_5664,Thermo Fisher Scientific India Private Limited
South Eastern Coalfields Limited,Dipka Area,M/s Dipka Expansion Project South Eastern Coal Fields Limited Dipka Area,30-AUG-2026 19:01,30-AUG-2026 13:31,15.56,14.62,34.50,,0.22,site_5664,Thermo Fisher Scientific India Private Limited
South Eastern Coalfields Limited,Dipka Area,M/s Dipka Expansion Project South Eastern Coal Fields Limited Dipka Area,30-AUG-2026 19:01,30-AUG-2026 13:31,15.72,14.78,35.61,,0.26,site_5664,Thermo Fisher Scientific India Private Limited
South Eastern Coalfields Limited,"Bilaspur, CHHATTISGARHr",South Eastern Coalfields  Limited - AQMS_H_Q,30-AUG-2026 19:00,30-AUG-2026 13:29,3.11,,13.66,270.00,0.62,site_5592,Swan Environ
South Eastern Coalfields Limited,Dipka Area,M/s Dipka Expansion Project South Eastern Coal Fields Limited Dipka Area,30-AUG-2026 19:00,30-AUG-2026 13:30,15.83,14.72,35.26,,0.28,site_5664,Thermo Fisher Scientific India Private Limited
South Eastern Coalfields Limited,Dipka Area,M/s Dipka Expansion Project South Eastern Coal Fields Limited Dipka Area,30-AUG-2026 18:59,30-AUG-2026 13:29,16.32,14.32,32.79,,0.10,site_5664,Thermo Fisher Scientific India Private Limited
South Eastern Coalfields Limited,Dipka Area,M/s Dipka Expansion Project South Eastern Coal Fields Limited Dipka Area,30-AUG-2026 18:59,30-AUG-2026 13:29,16.64,14.08,29.83,,0.15,site_5664,Thermo Fisher Scientific India Private Limited
South Eastern Coalfields Limited,Dipka Area,M/s Dipka Expansion Project South Eastern Coal Fields Limited Dipka Area,30-AUG-2026 18:58,30-AUG-2026 13:28,17.11,13.86,34.33,,0.12,site_5664,Thermo Fisher Scientific India Private Limited
South Eastern Coalfields Limited,Dipka Area,M/s Dipka Expansion Project South Eastern Coal Fields Limited Dipka Area,30-AUG-2026 18:58,30-AUG-2026 13:28,17.61,13.61,30.07,,0.11,site_5664,Thermo Fisher Scientific India Private Limited
South Eastern Coalfields Limited,Dipka Area,M/s Dipka Expansion Project South Eastern Coal Fields Limited Dipka Area,30-AUG-2026 18:57,30-AUG-2026 13:27,18.02,13.54,35.64,,0.00,site_5664,Thermo Fisher Scientific India Private Limited
South Eastern Coalfields Limited,Dipka Area,M/s Dipka Expansion Project South Eastern Coal Fields Limited Dipka Area,30-AUG-2026 18:57,30-AUG-2026 13:27,18.33,13.57,36.97,,0.00,site_5664,Thermo Fisher Scientific India Private Limited
South Eastern Coalfields Limited,Dipka Area,M/s Dipka Expansion Project South Eastern Coal Fields Limited Dipka Area,30-AUG-2026 18:56,30-AUG-2026 13:26,18.71,13.65,32.58,,0.01,site_5664,Thermo Fisher Scientific India Private Limited
South Eastern Coalfields Limited,Dipka Area,M/s Dipka Expansion Project South Eastern Coal Fields Limited Dipka Area,30-AUG-2026 18:56,30-AUG-2026 13:26,18.86,13.73,31.81,,0.02,site_5664,Thermo Fisher Scientific India Private Limited
South Eastern Coalfields Limited,Dipka Area,M/s Dipka Expansion Project South Eastern Coal Fields Limited Dipka Area,30-AUG-2026 18:55,30-AUG-2026 13:25,18.87,13.83,36.44,,0.10,site_5664,Thermo Fisher Scientific India Private Limited
South Eastern Coalfields Limited,"Gevra , Chattisgarh",SECL GEVRA,30-AUG-2026 18:55,30-AUG-2026 18:45,33.50,60.63,13.33,8.64,0.68,site_,Envea India Pvt Ltd
South Eastern Coalfields Limited,"Gevra , Chattisgarh",SECL GEVRA,30-AUG-2026 18:55,30-AUG-2026 18:45,33.50,60.63,13.33,8.64,0.68,site_,Envea India Pvt Ltd
South Eastern Coalfields Limited,Dipka Area,M/s Dipka Expansion Project South Eastern Coal Fields Limited Dipka Area,30-AUG-2026 18:55,30-AUG-2026 13:25,18.75,14.02,34.26,,0.18,site_5664,Thermo Fisher Scientific India Private Limited
South Eastern Coalfields Limited,Dipka Area,M/s Dipka Expansion Project South Eastern Coal Fields Limited Dipka Area,30-AUG-2026 18:54,30-AUG-2026 13:24,18.82,14.21,34.47,,0.20,site_5664,Thermo Fisher Scientific India Private Limited
South Eastern Coalfields Limited,Dipka Area,M/s Dipka Expansion Project South Eastern Coal Fields Limited Dipka Area,30-AUG-2026 18:54,30-AUG-2026 13:24,18.94,14.39,32.53,,0.32,site_5664,Thermo Fisher Scientific India Private Limited
South Eastern Coalfields Limited,Dipka Area,M/s Dipka Expansion Project South Eastern Coal Fields Limited Dipka Area,30-AUG-2026 18:53,30-AUG-2026 13:23,19.07,14.56,35.00,,0.33,site_5664,Thermo Fisher Scientific India Private Limited
South Eastern Coalfields Limited,Dipka Area,M/s Dipka Expansion Project South Eastern Coal Fields Limited Dipka Area,30-AUG-2026 18:53,30-AUG-2026 13:23,19.41,14.73,31.94,,0.23,site_5664,Thermo Fisher Scientific India Private Limited
South Eastern Coalfields Limited,Dipka Area,M/s Dipka Expansion Project South Eastern Coal Fields Limited Dipka Area,30-AUG-2026 18:52,30-AUG-2026 13:22,19.79,14.73,28.47,,0.24,site_5664,Thermo Fisher Scientific India Private Limited
South Eastern Coalfields Limited,Dipka Area,M/s Dipka Expansion Project South Eastern Coal Fields Limited Dipka Area,30-AUG-2026 18:52,30-AUG-2026 13:22,20.21,14.69,40.16,,0.40,site_5664,Thermo Fisher Scientific India Private Limited
South Eastern Coalfields Limited,Dipka Area,M/s Dipka Expansion Project South Eastern Coal Fields Limited Dipka Area,30-AUG-2026 18:51,30-AUG-2026 13:21,20.45,14.60,36.26,,0.30,site_5664,Thermo Fisher Scientific India Private Limited
South Eastern Coalfields Limited,Dipka Area,M/s Dipka Expansion Project South Eastern Coal Fields Limited Dipka Area,30-AUG-2026 18:51,30-AUG-2026 13:21,20.50,14.52,30.10,,0.25,site_5664,Thermo Fisher Scientific India Private Limited
South Eastern Coalfields Limited,Dipka Area,M/s Dipka Expansion Project South Eastern Coal Fields Limited Dipka Area,30-AUG-2026 18:50,30-AUG-2026 13:20,20.43,14.43,33.23,,0.15,site_5664,Thermo Fisher Scientific India Private Limited
South Eastern Coalfields Limited,Dipka Area,M/s Dipka Expansion Project South Eastern Coal Fields Limited Dipka Area,30-AUG-2026 18:50,30-AUG-2026 13:20,20.12,14.36,35.45,,0.15,site_5664,Thermo Fisher Scientific India Private Limited
South Eastern Coalfields Limited,Dipka Area,M/s Dipka Expansion Project South Eastern Coal Fields Limited Dipka Area,30-AUG-2026 18:49,30-AUG-2026 13:19,19.48,14.38,36.15,,0.19,site_5664,Thermo Fisher Scientific India Private Limited
South Eastern Coalfields Limited,Dipka Area,M/s Dipka Expansion Project South Eastern Coal Fields Limited Dipka Area,30-AUG-2026 18:49,30-AUG-2026 13:19,18.75,14.51,37.29,,0.02,site_5664,Thermo Fisher Scientific India Private Limited
South Eastern Coalfields Limited,Dipka Area,M/s Dipka Expansion Project South Eastern Coal Fields Limited Dipka Area,30-AUG-2026 18:48,30-AUG-2026 13:18,17.93,14.58,31.93,,0.05,site_5664,Thermo Fisher Scientific India Private Limited
South Eastern Coalfields Limited,Dipka Area,M/s Dipka Expansion Project South Eastern Coal Fields Limited Dipka Area,30-AUG-2026 18:48,30-AUG-2026 13:18,17.30,14.50,36.61,,0.10,site_5664,Thermo Fisher Scientific India Private Limited
South Eastern Coalfields Limited,Dipka Area,M/s Dipka Expansion Project South Eastern Coal Fields Limited Dipka Area,30-AUG-2026 18:47,30-AUG-2026 13:17,16.50,14.33,37.63,,0.16,site_5664,Thermo Fisher Scientific India Private Limited
South Eastern Coalfields Limited,Dipka Area,M/s Dipka Expansion Project South Eastern Coal Fields Limited Dipka Area,30-AUG-2026 18:47,30-AUG-2026 13:17,15.96,14.21,35.03,,0.01,site_5664,Thermo Fisher Scientific India Private Limited
South Eastern Coalfields Limited,Dipka Area,M/s Dipka Expansion Project South Eastern Coal Fields Limited Dipka Area,30-AUG-2026 18:46,30-AUG-2026 13:16,15.49,14.07,32.61,,0.12,site_5664,Thermo Fisher Scientific India Private Limited
South Eastern Coalfields Limited,Dipka Area,M/s Dipka Expansion Project South Eastern Coal Fields Limited Dipka Area,30-AUG-2026 18:46,30-AUG-2026 13:16,15.00,13.79,33.18,,0.18,site_5664,Thermo Fisher Scientific India Private Limited
South Eastern Coalfields Limited,"Bilaspur, CHHATTISGARHr",South Eastern Coalfields  Limited - AQMS_H_Q,30-AUG-2026 18:45,30-AUG-2026 13:15,3.58,,14.76,271.77,0.59,site_5592,Swan Environ
South Eastern Coalfields Limited,Dipka Area,M/s Dipka Expansion Project South Eastern Coal Fields Limited Dipka Area,30-AUG-2026 18:45,30-AUG-2026 13:15,14.65,13.56,40.39,,0.14,site_5664,Thermo Fisher Scientific India Private Limited
South Eastern Coalfields Limited,Dipka Area,M/s Dipka Expansion Project South Eastern Coal Fields Limited Dipka Area,30-AUG-2026 18:45,30-AUG-2026 13:15,14.27,13.45,28.61,,0.24,site_5664,Thermo Fisher Scientific India Private Limited
South Eastern Coalfields Limited,Dipka Area,M/s Dipka Expansion Project South Eastern Coal Fields Limited Dipka Area,30-AUG-2026 18:44,30-AUG-2026 13:14,14.14,13.32,34.82,,0.19,site_5664,Thermo Fisher Scientific India Private Limited
South Eastern Coalfields Limited,Dipka Area,M/s Dipka Expansion Project South Eastern Coal Fields Limited Dipka Area,30-AUG-2026 18:44,30-AUG-2026 13:14,14.11,13.07,34.74,,0.37,site_5664,Thermo Fisher Scientific India Private Limited
South Eastern Coalfields Limited,Dipka Area,M/s Dipka Expansion Project South Eastern Coal Fields Limited Dipka Area,30-AUG-2026 18:43,30-AUG-2026 13:13,14.18,12.72,33.96,,0.27,site_5664,Thermo Fisher Scientific India Private Limited
South Eastern Coalfields Limited,Dipka Area,M/s Dipka Expansion Project South Eastern Coal Fields Limited Dipka Area,30-AUG-2026 18:43,30-AUG-2026 13:13,14.20,12.32,30.67,,0.31,site_5664,Thermo Fisher Scientific India Private Limited
South Eastern Coalfields Limited,Dipka Area,M/s Dipka Expansion Project South Eastern Coal Fields Limited Dipka Area,30-AUG-2026 18:42,30-AUG-2026 13:12,14.13,12.01,34.64,,0.24,site_5664,Thermo Fisher Scientific India Private Limited
South Eastern Coalfields Limited,Dipka Area,M/s Dipka Expansion Project South Eastern Coal Fields Limited Dipka Area,30-AUG-2026 18:42,30-AUG-2026 13:12,14.17,11.79,30.60,,0.26,site_5664,Thermo Fisher Scientific India Private Limited
South Eastern Coalfields Limited,Dipka Area,M/s Dipka Expansion Project South Eastern Coal Fields Limited Dipka Area,30-AUG-2026 18:41,30-AUG-2026 13:11,13.91,11.67,37.33,,0.16,site_5664,Thermo Fisher Scientific India Private Limited
South Eastern Coalfields Limited,Dipka Area,M/s Dipka Expansion Project South Eastern Coal Fields Limited Dipka Area,30-AUG-2026 18:41,30-AUG-2026 13:11,13.42,11.77,34.14,,0.13,site_5664,Thermo Fisher Scientific India Private Limited
South Eastern Coalfields Limited,Dipka Area,M/s Dipka Expansion Project South Eastern Coal Fields Limited Dipka Area,30-AUG-2026 18:40,30-AUG-2026 13:10,13.02,11.94,40.70,,0.24,site_5664,Thermo Fisher Scientific India Private Limited
South Eastern Coalfields Limited,"Gevra , Chattisgarh",SECL GEVRA,30-AUG-2026 18:40,30-AUG-2026 18:30,17.60,33.03,12.44,6.29,0.30,site_,Envea India Pvt Ltd
South Eastern Coalfields Limited,"Gevra , Chattisgarh",SECL GEVRA,30-AUG-2026 18:40,30-AUG-2026 18:30,17.60,33.03,12.44,6.29,0.30,site_,Envea India Pvt Ltd
South Eastern Coalfields Limited,Dipka Area,M/s Dipka Expansion Project South Eastern Coal Fields Limited Dipka Area,30-AUG-2026 18:40,30-AUG-2026 13:10,12.79,12.17,31.67,,0.20,site_5664,Thermo Fisher Scientific India Private Limited
South Eastern Coalfields Limited,"Gevra , Chattisgarh",SECL GEVRA,30-AUG-2026 18:40,30-AUG-2026 18:30,17.60,33.03,12.44,6.29,0.30,site_,Envea India Pvt Ltd
South Eastern Coalfields Limited,Dipka Area,M/s Dipka Expansion Project South Eastern Coal Fields Limited Dipka Area,30-AUG-2026 18:39,30-AUG-2026 13:09,12.56,12.40,31.28,,0.19,site_5664,Thermo Fisher Scientific India Private Limited
South Eastern Coalfields Limited,Dipka Area,M/s Dipka Expansion Project South Eastern Coal Fields Limited Dipka Area,30-AUG-2026 18:39,30-AUG-2026 13:09,12.28,12.56,32.27,,0.07,site_5664,Thermo Fisher Scientific India Private Limited
South Eastern Coalfields Limited,Dipka Area,M/s Dipka Expansion Project South Eastern Coal Fields Limited Dipka Area,30-AUG-2026 18:38,30-AUG-2026 13:08,12.19,12.66,32.59,,0.12,site_5664,Thermo Fisher Scientific India Private Limited
South Eastern Coalfields Limited,Dipka Area,M/s Dipka Expansion Project South Eastern Coal Fields Limited Dipka Area,30-AUG-2026 18:38,30-AUG-2026 13:08,12.14,12.55,35.59,,0.02,site_5664,Thermo Fisher Scientific India Private Limited
South Eastern Coalfields Limited,Dipka Area,M/s Dipka Expansion Project South Eastern Coal Fields Limited Dipka Area,30-AUG-2026 18:37,30-AUG-2026 13:07,11.85,12.50,33.93,,0.19,site_5664,Thermo Fisher Scientific India Private Limited
South Eastern Coalfields Limited,Dipka Area,M/s Dipka Expansion Project South Eastern Coal Fields Limited Dipka Area,30-AUG-2026 18:37,30-AUG-2026 13:07,11.51,12.48,35.36,,0.13,site_5664,Thermo Fisher Scientific India Private Limited
South Eastern Coalfields Limited,Dipka Area,M/s Dipka Expansion Project South Eastern Coal Fields Limited Dipka Area,30-AUG-2026 18:36,30-AUG-2026 13:06,11.01,12.36,33.85,,0.23,site_5664,Thermo Fisher Scientific India Private Limited
South Eastern Coalfields Limited,Dipka Area,M/s Dipka Expansion Project South Eastern Coal Fields Limited Dipka Area,30-AUG-2026 18:36,30-AUG-2026 13:06,10.50,12.25,33.38,,0.22,site_5664,Thermo Fisher Scientific India Private Limited
South Eastern Coalfields Limited,Dipka Area,M/s Dipka Expansion Project South Eastern Coal Fields Limited Dipka Area,30-AUG-2026 18:35,30-AUG-2026 13:05,9.60,12.29,30.75,,0.22,site_5664,Thermo Fisher Scientific India Private Limited
South Eastern Coalfields Limited,Dipka Area,M/s Dipka Expansion Project South Eastern Coal Fields Limited Dipka Area,30-AUG-2026 18:35,30-AUG-2026 13:05,8.96,12.43,34.36,,0.22,site_5664,Thermo Fisher Scientific India Private Limited
South Eastern Coalfields Limited,Dipka Area,M/s Dipka Expansion Project South Eastern Coal Fields Limited Dipka Area,30-AUG-2026 18:34,30-AUG-2026 13:04,8.52,12.62,31.57,,0.26,site_5664,Thermo Fisher Scientific India Private Limited
South Eastern Coalfields Limited,Dipka Area,M/s Dipka Expansion Project South Eastern Coal Fields Limited Dipka Area,30-AUG-2026 18:34,30-AUG-2026 13:04,8.22,12.84,36.14,,0.36,site_5664,Thermo Fisher Scientific India Private Limited
South Eastern Coalfields Limited,Dipka Area,M/s Dipka Expansion Project South Eastern Coal Fields Limited Dipka Area,30-AUG-2026 18:33,30-AUG-2026 13:03,8.11,13.15,31.31,,0.34,site_5664,Thermo Fisher Scientific India Private Limited
South Eastern Coalfields Limited,Dipka Area,M/s Dipka Expansion Project South Eastern Coal Fields Limited Dipka Area,30-AUG-2026 18:33,30-AUG-2026 13:03,8.12,13.57,30.40,,0.30,site_5664,Thermo Fisher Scientific India Private Limited
South Eastern Coalfields Limited,Dipka Area,M/s Dipka Expansion Project South Eastern Coal Fields Limited Dipka Area,30-AUG-2026 18:32,30-AUG-2026 13:02,8.44,13.95,34.40,,0.17,site_5664,Thermo Fisher Scientific India Private Limited
South Eastern Coalfields Limited,Dipka Area,M/s Dipka Expansion Project South Eastern Coal Fields Limited Dipka Area,30-AUG-2026 18:32,30-AUG-2026 13:02,8.85,14.13,35.96,,0.24,site_5664,Thermo Fisher Scientific India Private Limited
South Eastern Coalfields Limited,Dipka Area,M/s Dipka Expansion Project South Eastern Coal Fields Limited Dipka Area,30-AUG-2026 18:31,30-AUG-2026 13:01,9.22,14.36,34.94,,0.18,site_5664,Thermo Fisher Scientific India Private Limited
South Eastern Coalfields Limited,Dipka Area,M/s Dipka Expansion Project South Eastern Coal Fields Limited Dipka Area,30-AUG-2026 18:31,30-AUG-2026 13:01,9.48,14.54,34.19,,0.11,site_5664,Thermo Fisher Scientific India Private Limited
South Eastern Coalfields Limited,Dipka Area,M/s Dipka Expansion Project South Eastern Coal Fields Limited Dipka Area,30-AUG-2026 18:30,30-AUG-2026 13:00,9.72,14.62,30.53,,0.10,site_5664,Thermo Fisher Scientific India Private Limited
South Eastern Coalfields Limited,Dipka Area,M/s Dipka Expansion Project South Eastern Coal Fields Limited Dipka Area,30-AUG-2026 18:30,30-AUG-2026 13:00,9.88,14.66,32.73,,0.06,site_5664,Thermo Fisher Scientific India Private Limited
South Eastern Coalfields Limited,"Bilaspur, CHHATTISGARHr",South Eastern Coalfields  Limited - AQMS_H_Q,30-AUG-2026 18:30,30-AUG-2026 12:59,3.94,,16.02,240.56,0.55,site_5592,Swan Environ
South Eastern Coalfields Limited,Dipka Area,M/s Dipka Expansion Project South Eastern Coal Fields Limited Dipka Area,30-AUG-2026 18:29,30-AUG-2026 12:59,10.03,14.88,35.03,,0.10,site_5664,Thermo Fisher Scientific India Private Limited
South Eastern Coalfields Limited,Dipka Area,M/s Dipka Expansion Project South Eastern Coal Fields Limited Dipka Area,30-AUG-2026 18:29,30-AUG-2026 12:59,10.15,15.08,28.97,,0.00,site_5664,Thermo Fisher Scientific India Private Limited
South Eastern Coalfields Limited,Dipka Area,M/s Dipka Expansion Project South Eastern Coal Fields Limited Dipka Area,30-AUG-2026 18:28,30-AUG-2026 12:58,10.43,15.32,36.64,,0.00,site_5664,Thermo Fisher Scientific India Private Limited
South Eastern Coalfields Limited,Dipka Area,M/s Dipka Expansion Project South Eastern Coal Fields Limited Dipka Area,30-AUG-2026 18:28,30-AUG-2026 12:58,10.76,15.53,27.36,,0.09,site_5664,Thermo Fisher Scientific India Private Limited
South Eastern Coalfields Limited,Dipka Area,M/s Dipka Expansion Project South Eastern Coal Fields Limited Dipka Area,30-AUG-2026 18:27,30-AUG-2026 12:57,11.29,15.90,26.71,,0.04,site_5664,Thermo Fisher Scientific India Private Limited
South Eastern Coalfields Limited,Dipka Area,M/s Dipka Expansion Project South Eastern Coal Fields Limited Dipka Area,30-AUG-2026 18:27,30-AUG-2026 12:57,11.82,16.26,35.93,,0.00,site_5664,Thermo Fisher Scientific India Private Limited
South Eastern Coalfields Limited,Dipka Area,M/s Dipka Expansion Project South Eastern Coal Fields Limited Dipka Area,30-AUG-2026 18:26,30-AUG-2026 12:56,12.35,16.53,35.66,,0.00,site_5664,Thermo Fisher Scientific India Private Limited
South Eastern Coalfields Limited,Dipka Area,M/s Dipka Expansion Project South Eastern Coal Fields Limited Dipka Area,30-AUG-2026 18:26,30-AUG-2026 12:56,12.88,16.79,28.81,,0.02,site_5664,Thermo Fisher Scientific India Private Limited
South Eastern Coalfields Limited,Dipka Area,M/s Dipka Expansion Project South Eastern Coal Fields Limited Dipka Area,30-AUG-2026 18:25,30-AUG-2026 12:55,13.43,17.10,34.72,,0.00,site_5664,Thermo Fisher Scientific India Private Limited
South Eastern Coalfields Limited,"Gevra , Chattisgarh",SECL GEVRA,30-AUG-2026 18:25,30-AUG-2026 18:15,36.30,65.47,13.48,9.05,0.74,site_,Envea India Pvt Ltd
South Eastern Coalfields Limited,"Gevra , Chattisgarh",SECL GEVRA,30-AUG-2026 18:25,30-AUG-2026 18:15,36.30,65.47,13.48,9.05,0.74,site_,Envea India Pvt Ltd
South Eastern Coalfields Limited,Dipka Area,M/s Dipka Expansion Project South Eastern Coal Fields Limited Dipka Area,30-AUG-2026 18:25,30-AUG-2026 12:55,13.99,17.37,32.88,,0.00,site_5664,Thermo Fisher Scientific India Private Limited
South Eastern Coalfields Limited,Dipka Area,M/s Dipka Expansion Project South Eastern Coal Fields Limited Dipka Area,30-AUG-2026 18:24,30-AUG-2026 12:54,14.57,17.59,32.42,,0.00,site_5664,Thermo Fisher Scientific India Private Limited
South Eastern Coalfields Limited,Dipka Area,M/s Dipka Expansion Project South Eastern Coal Fields Limited Dipka Area,30-AUG-2026 18:24,30-AUG-2026 12:54,15.31,17.74,30.41,,0.00,site_5664,Thermo Fisher Scientific India Private Limited
South Eastern Coalfields Limited,Dipka Area,M/s Dipka Expansion Project South Eastern Coal Fields Limited Dipka Area,30-AUG-2026 18:23,30-AUG-2026 12:53,16.15,17.94,34.03,,0.25,site_5664,Thermo Fisher Scientific India Private Limited
South Eastern Coalfields Limited,Dipka Area,M/s Dipka Expansion Project South Eastern Coal Fields Limited Dipka Area,30-AUG-2026 18:23,30-AUG-2026 12:53,16.82,18.06,39.58,,0.14,site_5664,Thermo Fisher Scientific India Private Limited
South Eastern Coalfields Limited,Dipka Area,M/s Dipka Expansion Project South Eastern Coal Fields Limited Dipka Area,30-AUG-2026 18:22,30-AUG-2026 12:52,17.80,18.14,30.29,,0.29,site_5664,Thermo Fisher Scientific India Private Limited
South Eastern Coalfields Limited,Dipka Area,M/s Dipka Expansion Project South Eastern Coal Fields Limited Dipka Area,30-AUG-2026 18:22,30-AUG-2026 12:52,18.77,18.20,28.18,,0.39,site_5664,Thermo Fisher Scientific India Private Limited
South Eastern Coalfields Limited,Dipka Area,M/s Dipka Expansion Project South Eastern Coal Fields Limited Dipka Area,30-AUG-2026 18:21,30-AUG-2026 12:51,19.93,18.25,33.91,,0.38,site_5664,Thermo Fisher Scientific India Private Limited
South Eastern Coalfields Limited,Dipka Area,M/s Dipka Expansion Project South Eastern Coal Fields Limited Dipka Area,30-AUG-2026 18:21,30-AUG-2026 12:51,20.99,18.29,30.22,,0.36,site_5664,Thermo Fisher Scientific India Private Limited
South Eastern Coalfields Limited,Dipka Area,M/s Dipka Expansion Project South Eastern Coal Fields Limited Dipka Area,30-AUG-2026 18:20,30-AUG-2026 12:50,22.42,18.34,37.25,,0.44,site_5664,Thermo Fisher Scientific India Private Limited
South Eastern Coalfields Limited,Dipka Area,M/s Dipka Expansion Project South Eastern Coal Fields Limited Dipka Area,30-AUG-2026 18:20,30-AUG-2026 12:50,23.61,18.45,31.39,,0.48,site_5664,Thermo Fisher Scientific India Private Limited
South Eastern Coalfields Limited,Dipka Area,M/s Dipka Expansion Project South Eastern Coal Fields Limited Dipka Area,30-AUG-2026 18:19,30-AUG-2026 12:49,24.63,18.63,29.46,,0.42,site_5664,Thermo Fisher Scientific India Private Limited
South Eastern Coalfields Limited,Dipka Area,M/s Dipka Expansion Project South Eastern Coal Fields Limited Dipka Area,30-AUG-2026 18:19,30-AUG-2026 12:49,25.32,18.79,29.33,,0.46,site_5664,Thermo Fisher Scientific India Private Limited
South Eastern Coalfields Limited,Dipka Area,M/s Dipka Expansion Project South Eastern Coal Fields Limited Dipka Area,30-AUG-2026 18:18,30-AUG-2026 12:48,25.91,19.00,37.01,,0.29,site_5664,Thermo Fisher Scientific India Private Limited
South Eastern Coalfields Limited,Dipka Area,M/s Dipka Expansion Project South Eastern Coal Fields Limited Dipka Area,30-AUG-2026 18:18,30-AUG-2026 12:48,26.18,19.18,33.41,,0.43,site_5664,Thermo Fisher Scientific India Private Limited
South Eastern Coalfields Limited,Dipka Area,M/s Dipka Expansion Project South Eastern Coal Fields Limited Dipka Area,30-AUG-2026 18:17,30-AUG-2026 12:47,26.11,19.27,36.52,,0.29,site_5664,Thermo Fisher Scientific India Private Limited
South Eastern Coalfields Limited,Dipka Area,M/s Dipka Expansion Project South Eastern Coal Fields Limited Dipka Area,30-AUG-2026 18:17,30-AUG-2026 12:47,25.98,19.36,34.30,,0.32,site_5664,Thermo Fisher Scientific India Private Limited
South Eastern Coalfields Limited,Dipka Area,M/s Dipka Expansion Project South Eastern Coal Fields Limited Dipka Area,30-AUG-2026 18:16,30-AUG-2026 12:46,25.69,19.63,36.59,,0.37,site_5664,Thermo Fisher Scientific India Private Limited
South Eastern Coalfields Limited,Dipka Area,M/s Dipka Expansion Project South Eastern Coal Fields Limited Dipka Area,30-AUG-2026 18:16,30-AUG-2026 12:46,25.40,19.90,31.21,,0.27,site_5664,Thermo Fisher Scientific India Private Limited
South Eastern Coalfields Limited,Dipka Area,M/s Dipka Expansion Project South Eastern Coal Fields Limited Dipka Area,30-AUG-2026 18:15,30-AUG-2026 12:45,24.99,20.31,33.35,,0.19,site_5664,Thermo Fisher Scientific India Private Limited
South Eastern Coalfields Limited,Dipka Area,M/s Dipka Expansion Project South Eastern Coal Fields Limited Dipka Area,30-AUG-2026 18:15,30-AUG-2026 12:45,24.51,20.70,38.09,,0.29,site_5664,Thermo Fisher Scientific India Private Limited
South Eastern Coalfields Limited,"Bilaspur, CHHATTISGARHr",South Eastern Coalfields  Limited - AQMS_H_Q,30-AUG-2026 18:15,30-AUG-2026 12:44,3.84,,16.14,185.75,0.30,site_5592,Swan Environ
South Eastern Coalfields Limited,Dipka Area,M/s Dipka Expansion Project South Eastern Coal Fields Limited Dipka Area,30-AUG-2026 18:14,30-AUG-2026 12:44,24.07,21.25,33.55,,0.25,site_5664,Thermo Fisher Scientific India Private Limited
South Eastern Coalfields Limited,Dipka Area,M/s Dipka Expansion Project South Eastern Coal Fields Limited Dipka Area,30-AUG-2026 18:14,30-AUG-2026 12:44,23.67,21.65,37.18,,0.17,site_5664,Thermo Fisher Scientific India Private Limited
South Eastern Coalfields Limited,Dipka Area,M/s Dipka Expansion Project South Eastern Coal Fields Limited Dipka Area,30-AUG-2026 18:13,30-AUG-2026 12:43,23.28,21.94,33.78,,0.06,site_5664,Thermo Fisher Scientific India Private Limited
South Eastern Coalfields Limited,Dipka Area,M/s Dipka Expansion Project South Eastern Coal Fields Limited Dipka Area,30-AUG-2026 18:13,30-AUG-2026 12:43,22.94,22.09,37.22,,0.04,site_5664,Thermo Fisher Scientific India Private Limited
South Eastern Coalfields Limited,Dipka Area,M/s Dipka Expansion Project South Eastern Coal Fields Limited Dipka Area,30-AUG-2026 18:12,30-AUG-2026 12:42,22.54,22.23,36.81,,0.00,site_5664,Thermo Fisher Scientific India Private Limited
South Eastern Coalfields Limited,Dipka Area,M/s Dipka Expansion Project South Eastern Coal Fields Limited Dipka Area,30-AUG-2026 18:12,30-AUG-2026 12:42,22.11,22.43,35.24,,0.00,site_5664,Thermo Fisher Scientific India Private Limited
South Eastern Coalfields Limited,Dipka Area,M/s Dipka Expansion Project South Eastern Coal Fields Limited Dipka Area,30-AUG-2026 18:11,30-AUG-2026 12:41,21.51,22.66,30.87,,0.00,site_5664,Thermo Fisher Scientific India Private Limited
South Eastern Coalfields Limited,Dipka Area,M/s Dipka Expansion Project South Eastern Coal Fields Limited Dipka Area,30-AUG-2026 18:11,30-AUG-2026 12:41,21.04,22.88,35.04,,0.10,site_5664,Thermo Fisher Scientific India Private Limited
South Eastern Coalfields Limited,Dipka Area,M/s Dipka Expansion Project South Eastern Coal Fields Limited Dipka Area,30-AUG-2026 18:10,30-AUG-2026 12:40,20.49,23.13,31.89,,0.14,site_5664,Thermo Fisher Scientific India Private Limited
South Eastern Coalfields Limited,"Gevra , Chattisgarh",SECL GEVRA,30-AUG-2026 18:10,30-AUG-2026 18:00,32.60,59.09,13.28,8.51,0.66,site_,Envea India Pvt Ltd
South Eastern Coalfields Limited,"Gevra , Chattisgarh",SECL GEVRA,30-AUG-2026 18:10,30-AUG-2026 18:00,32.60,59.09,13.28,8.51,0.66,site_,Envea India Pvt Ltd
South Eastern Coalfields Limited,"Gevra , Chattisgarh",SECL GEVRA,30-AUG-2026 18:10,30-AUG-2026 18:00,32.60,59.09,13.28,8.51,0.66,site_,Envea India Pvt Ltd
South Eastern Coalfields Limited,Dipka Area,M/s Dipka Expansion Project South Eastern Coal Fields Limited Dipka Area,30-AUG-2026 18:10,30-AUG-2026 12:40,20.02,23.49,39.17,,0.03,site_5664,Thermo Fisher Scientific India Private Limited
South Eastern Coalfields Limited,Dipka Area,M/s Dipka Expansion Project South Eastern Coal Fields Limited Dipka Area,30-AUG-2026 18:09,30-AUG-2026 12:39,19.54,23.95,33.07,,0.20,site_5664,Thermo Fisher Scientific India Private Limited
South Eastern Coalfields Limited,Dipka Area,M/s Dipka Expansion Project South Eastern Coal Fields Limited Dipka Area,30-AUG-2026 18:09,30-AUG-2026 12:39,19.23,24.28,31.78,,0.18,site_5664,Thermo Fisher Scientific India Private Limited
South Eastern Coalfields Limited,Dipka Area,M/s Dipka Expansion Project South Eastern Coal Fields Limited Dipka Area,30-AUG-2026 18:08,30-AUG-2026 12:38,18.96,24.70,31.42,,0.25,site_5664,Thermo Fisher Scientific India Private Limited
South Eastern Coalfields Limited,Dipka Area,M/s Dipka Expansion Project South Eastern Coal Fields Limited Dipka Area,30-AUG-2026 18:08,30-AUG-2026 12:38,18.72,25.09,34.22,,0.14,site_5664,Thermo Fisher Scientific India Private Limited
South Eastern Coalfields Limited,Dipka Area,M/s Dipka Expansion Project South Eastern Coal Fields Limited Dipka Area,30-AUG-2026 18:07,30-AUG-2026 12:37,18.50,25.41,34.86,,0.20,site_5664,Thermo Fisher Scientific India Private Limited
South Eastern Coalfields Limited,Dipka Area,M/s Dipka Expansion Project South Eastern Coal Fields Limited Dipka Area,30-AUG-2026 18:07,30-AUG-2026 12:37,18.30,25.68,33.54,,0.33,site_5664,Thermo Fisher Scientific India Private Limited
South Eastern Coalfields Limited,Dipka Area,M/s Dipka Expansion Project South Eastern Coal Fields Limited Dipka Area,30-AUG-2026 18:06,30-AUG-2026 12:36,18.18,25.99,37.67,,0.19,site_5664,Thermo Fisher Scientific India Private Limited
South Eastern Coalfields Limited,Dipka Area,M/s Dipka Expansion Project South Eastern Coal Fields Limited Dipka Area,30-AUG-2026 18:06,30-AUG-2026 12:36,18.14,26.14,35.54,,0.15,site_5664,Thermo Fisher Scientific India Private Limited
South Eastern Coalfields Limited,Dipka Area,M/s Dipka Expansion Project South Eastern Coal Fields Limited Dipka Area,30-AUG-2026 18:05,30-AUG-2026 12:35,18.05,26.02,35.13,,0.10,site_5664,Thermo Fisher Scientific India Private Limited
South Eastern Coalfields Limited,Dipka Area,M/s Dipka Expansion Project South Eastern Coal Fields Limited Dipka Area,30-AUG-2026 18:05,30-AUG-2026 12:35,17.95,25.90,37.91,,0.10,site_5664,Thermo Fisher Scientific India Private Limited
South Eastern Coalfields Limited,Dipka Area,M/s Dipka Expansion Project South Eastern Coal Fields Limited Dipka Area,30-AUG-2026 18:04,30-AUG-2026 12:34,17.80,25.79,31.93,,0.00,site_5664,Thermo Fisher Scientific India Private Limited
South Eastern Coalfields Limited,Dipka Area,M/s Dipka Expansion Project South Eastern Coal Fields Limited Dipka Area,30-AUG-2026 18:04,30-AUG-2026 12:34,17.69,25.59,42.00,,0.03,site_5664,Thermo Fisher Scientific India Private Limited
South Eastern Coalfields Limited,Dipka Area,M/s Dipka Expansion Project South Eastern Coal Fields Limited Dipka Area,30-AUG-2026 18:03,30-AUG-2026 12:33,17.41,25.08,38.29,,0.00,site_5664,Thermo Fisher Scientific India Private Limited
South Eastern Coalfields Limited,Dipka Area,M/s Dipka Expansion Project South Eastern Coal Fields Limited Dipka Area,30-AUG-2026 18:03,30-AUG-2026 12:33,17.04,24.71,38.46,,0.00,site_5664,Thermo Fisher Scientific India Private Limited
South Eastern Coalfields Limited,Dipka Area,M/s Dipka Expansion Project South Eastern Coal Fields Limited Dipka Area,30-AUG-2026 18:02,30-AUG-2026 12:32,16.68,24.47,35.34,,0.02,site_5664,Thermo Fisher Scientific India Private Limited
South Eastern Coalfields Limited,Dipka Area,M/s Dipka Expansion Project South Eastern Coal Fields Limited Dipka Area,30-AUG-2026 18:02,30-AUG-2026 12:32,16.42,24.21,30.95,,0.00,site_5664,Thermo Fisher Scientific India Private Limited
South Eastern Coalfields Limited,Dipka Area,M/s Dipka Expansion Project South Eastern Coal Fields Limited Dipka Area,30-AUG-2026 18:01,30-AUG-2026 12:31,16.09,23.91,35.75,,0.13,site_5664,Thermo Fisher Scientific India Private Limited
South Eastern Coalfields Limited,Dipka Area,M/s Dipka Expansion Project South Eastern Coal Fields Limited Dipka Area,30-AUG-2026 18:01,30-AUG-2026 12:31,15.72,23.76,38.16,,0.11,site_5664,Thermo Fisher Scientific India Private Limited
South Eastern Coalfields Limited,Dipka Area,M/s Dipka Expansion Project South Eastern Coal Fields Limited Dipka Area,30-AUG-2026 18:00,30-AUG-2026 12:30,15.41,23.64,34.76,,0.21,site_5664,Thermo Fisher Scientific India Private Limited
South Eastern Coalfields Limited,"Bilaspur, CHHATTISGARHr",South Eastern Coalfields  Limited - AQMS_H_Q,30-AUG-2026 18:00,30-AUG-2026 12:29,4.08,,17.61,271.81,1.07,site_5592,Swan Environ
South Eastern Coalfields Limited,Dipka Area,M/s Dipka Expansion Project South Eastern Coal Fields Limited Dipka Area,30-AUG-2026 17:59,30-AUG-2026 12:29,15.13,23.39,34.93,,0.18,site_5664,Thermo Fisher Scientific India Private Limited
South Eastern Coalfields Limited,Dipka Area,M/s Dipka Expansion Project South Eastern Coal Fields Limited Dipka Area,30-AUG-2026 17:59,30-AUG-2026 12:29,15.01,23.36,34.98,,0.24,site_5664,Thermo Fisher Scientific India Private Limited
South Eastern Coalfields Limited,Dipka Area,M/s Dipka Expansion Project South Eastern Coal Fields Limited Dipka Area,30-AUG-2026 17:58,30-AUG-2026 12:28,14.93,23.39,36.06,,0.43,site_5664,Thermo Fisher Scientific India Private Limited
South Eastern Coalfields Limited,Dipka Area,M/s Dipka Expansion Project South Eastern Coal Fields Limited Dipka Area,30-AUG-2026 17:58,30-AUG-2026 12:28,15.06,23.32,31.25,,0.51,site_5664,Thermo Fisher Scientific India Private Limited
South Eastern Coalfields Limited,Dipka Area,M/s Dipka Expansion Project South Eastern Coal Fields Limited Dipka Area,30-AUG-2026 17:57,30-AUG-2026 12:27,15.19,23.30,39.80,,0.51,site_5664,Thermo Fisher Scientific India Private Limited
South Eastern Coalfields Limited,Dipka Area,M/s Dipka Expansion Project South Eastern Coal Fields Limited Dipka Area,30-AUG-2026 17:57,30-AUG-2026 12:27,15.32,23.43,37.02,,0.58,site_5664,Thermo Fisher Scientific India Private Limited
South Eastern Coalfields Limited,Dipka Area,M/s Dipka Expansion Project South Eastern Coal Fields Limited Dipka Area,30-AUG-2026 17:56,30-AUG-2026 12:26,15.72,23.55,33.87,,0.58,site_5664,Thermo Fisher Scientific India Private Limited
South Eastern Coalfields Limited,Dipka Area,M/s Dipka Expansion Project South Eastern Coal Fields Limited Dipka Area,30-AUG-2026 17:56,30-AUG-2026 12:26,16.23,23.59,33.61,,0.66,site_5664,Thermo Fisher Scientific India Private Limited
South Eastern Coalfields Limited,Dipka Area,M/s Dipka Expansion Project South Eastern Coal Fields Limited Dipka Area,30-AUG-2026 17:55,30-AUG-2026 12:25,16.83,23.61,38.09,,0.67,site_5664,Thermo Fisher Scientific India Private Limited
South Eastern Coalfields Limited,"Gevra , Chattisgarh",SECL GEVRA,30-AUG-2026 17:55,30-AUG-2026 17:45,46.30,82.92,14.04,10.54,0.98,site_,Envea India Pvt Ltd
South Eastern Coalfields Limited,"Gevra , Chattisgarh",SECL GEVRA,30-AUG-2026 17:55,30-AUG-2026 17:45,46.30,82.92,14.04,10.54,0.98,site_,Envea India Pvt Ltd
South Eastern Coalfields Limited,"Gevra , Chattisgarh",SECL GEVRA,30-AUG-2026 17:55,30-AUG-2026 17:45,46.30,82.92,14.04,10.54,0.98,site_,Envea India Pvt Ltd
South Eastern Coalfields Limited,"Gevra , Chattisgarh",SECL GEVRA,30-AUG-2026 17:55,30-AUG-2026 17:45,46.30,82.92,14.04,10.54,0.98,site_,Envea India Pvt Ltd
South Eastern Coalfields Limited,Dipka Area,M/s Dipka Expansion Project South Eastern Coal Fields Limited Dipka Area,30-AUG-2026 17:55,30-AUG-2026 12:25,17.31,23.69,31.25,,0.71,site_5664,Thermo Fisher Scientific India Private Limited
South Eastern Coalfields Limited,Dipka Area,M/s Dipka Expansion Project South Eastern Coal Fields Limited Dipka Area,30-AUG-2026 17:54,30-AUG-2026 12:24,18.15,23.77,37.14,,0.86,site_5664,Thermo Fisher Scientific India Private Limited
South Eastern Coalfields Limited,Dipka Area,M/s Dipka Expansion Project South Eastern Coal Fields Limited Dipka Area,30-AUG-2026 17:54,30-AUG-2026 12:24,18.98,23.82,40.67,,0.98,site_5664,Thermo Fisher Scientific India Private Limited
South Eastern Coalfields Limited,Dipka Area,M/s Dipka Expansion Project South Eastern Coal Fields Limited Dipka Area,30-AUG-2026 17:53,30-AUG-2026 12:23,19.69,23.82,28.35,,0.87,site_5664,Thermo Fisher Scientific India Private Limited
South Eastern Coalfields Limited,Dipka Area,M/s Dipka Expansion Project South Eastern Coal Fields Limited Dipka Area,30-AUG-2026 17:53,30-AUG-2026 12:23,20.24,23.87,30.52,,0.81,site_5664,Thermo Fisher Scientific India Private Limited
South Eastern Coalfields Limited,Dipka Area,M/s Dipka Expansion Project South Eastern Coal Fields Limited Dipka Area,30-AUG-2026 17:52,30-AUG-2026 12:22,20.96,24.12,36.28,,0.83,site_5664,Thermo Fisher Scientific India Private Limited
South Eastern Coalfields Limited,Dipka Area,M/s Dipka Expansion Project South Eastern Coal Fields Limited Dipka Area,30-AUG-2026 17:52,30-AUG-2026 12:22,21.58,24.23,35.90,,0.81,site_5664,Thermo Fisher Scientific India Private Limited
South Eastern Coalfields Limited,Dipka Area,M/s Dipka Expansion Project South Eastern Coal Fields Limited Dipka Area,30-AUG-2026 17:51,30-AUG-2026 12:21,22.10,24.27,29.49,,0.59,site_5664,Thermo Fisher Scientific India Private Limited
South Eastern Coalfields Limited,Dipka Area,M/s Dipka Expansion Project South Eastern Coal Fields Limited Dipka Area,30-AUG-2026 17:51,30-AUG-2026 12:21,22.48,24.16,31.38,,0.56,site_5664,Thermo Fisher Scientific India Private Limited
South Eastern Coalfields Limited,Dipka Area,M/s Dipka Expansion Project South Eastern Coal Fields Limited Dipka Area,30-AUG-2026 17:50,30-AUG-2026 12:20,22.88,23.99,31.86,,0.54,site_5664,Thermo Fisher Scientific India Private Limited
South Eastern Coalfields Limited,Dipka Area,M/s Dipka Expansion Project South Eastern Coal Fields Limited Dipka Area,30-AUG-2026 17:50,30-AUG-2026 12:20,23.21,23.95,31.85,,0.59,site_5664,Thermo Fisher Scientific India Private Limited
South Eastern Coalfields Limited,Dipka Area,M/s Dipka Expansion Project South Eastern Coal Fields Limited Dipka Area,30-AUG-2026 17:49,30-AUG-2026 12:19,23.45,23.86,32.70,,0.39,site_5664,Thermo Fisher Scientific India Private Limited
South Eastern Coalfields Limited,Dipka Area,M/s Dipka Expansion Project South Eastern Coal Fields Limited Dipka Area,30-AUG-2026 17:49,30-AUG-2026 12:19,23.60,23.84,35.93,,0.19,site_5664,Thermo Fisher Scientific India Private Limited
South Eastern Coalfields Limited,Dipka Area,M/s Dipka Expansion Project South Eastern Coal Fields Limited Dipka Area,30-AUG-2026 17:48,30-AUG-2026 12:18,23.80,23.94,27.40,,0.22,site_5664,Thermo Fisher Scientific India Private Limited
South Eastern Coalfields Limited,Dipka Area,M/s Dipka Expansion Project South Eastern Coal Fields Limited Dipka Area,30-AUG-2026 17:48,30-AUG-2026 12:18,23.94,24.13,33.32,,0.22,site_5664,Thermo Fisher Scientific India Private Limited
South Eastern Coalfields Limited,Dipka Area,M/s Dipka Expansion Project South Eastern Coal Fields Limited Dipka Area,30-AUG-2026 17:47,30-AUG-2026 12:17,24.16,24.29,30.61,,0.21,site_5664,Thermo Fisher Scientific India Private Limited
South Eastern Coalfields Limited,Dipka Area,M/s Dipka Expansion Project South Eastern Coal Fields Limited Dipka Area,30-AUG-2026 17:47,30-AUG-2026 12:17,24.42,24.42,34.54,,0.15,site_5664,Thermo Fisher Scientific India Private Limited
South Eastern Coalfields Limited,Dipka Area,M/s Dipka Expansion Project South Eastern Coal Fields Limited Dipka Area,30-AUG-2026 17:46,30-AUG-2026 12:16,24.76,24.46,35.01,,0.26,site_5664,Thermo Fisher Scientific India Private Limited
South Eastern Coalfields Limited,Dipka Area,M/s Dipka Expansion Project South Eastern Coal Fields Limited Dipka Area,30-AUG-2026 17:46,30-AUG-2026 12:16,25.09,24.45,32.11,,0.31,site_5664,Thermo Fisher Scientific India Private Limited
South Eastern Coalfields Limited,"Bilaspur, CHHATTISGARHr",South Eastern Coalfields  Limited - AQMS_H_Q,30-AUG-2026 17:45,30-AUG-2026 12:14,3.67,,15.43,265.75,0.63,site_5592,Swan Environ
South Eastern Coalfields Limited,Dipka Area,M/s Dipka Expansion Project South Eastern Coal Fields Limited Dipka Area,30-AUG-2026 17:45,30-AUG-2026 12:15,25.20,24.41,34.72,,0.25,site_5664,Thermo Fisher Scientific India Private Limited
South Eastern Coalfields Limited,Dipka Area,M/s Dipka Expansion Project South Eastern Coal Fields Limited Dipka Area,30-AUG-2026 17:45,30-AUG-2026 12:15,25.25,24.38,35.00,,0.30,site_5664,Thermo Fisher Scientific India Private Limited
South Eastern Coalfields Limited,Dipka Area,M/s Dipka Expansion Project South Eastern Coal Fields Limited Dipka Area,30-AUG-2026 17:44,30-AUG-2026 12:14,25.37,24.36,29.63,,0.40,site_5664,Thermo Fisher Scientific India Private Limited
South Eastern Coalfields Limited,Dipka Area,M/s Dipka Expansion Project South Eastern Coal Fields Limited Dipka Area,30-AUG-2026 17:44,30-AUG-2026 12:14,25.23,24.38,30.51,,0.31,site_5664,Thermo Fisher Scientific India Private Limited
South Eastern Coalfields Limited,Dipka Area,M/s Dipka Expansion Project South Eastern Coal Fields Limited Dipka Area,30-AUG-2026 17:43,30-AUG-2026 12:13,24.90,24.48,29.79,,0.32,site_5664,Thermo Fisher Scientific India Private Limited
South Eastern Coalfields Limited,Dipka Area,M/s Dipka Expansion Project South Eastern Coal Fields Limited Dipka Area,30-AUG-2026 17:43,30-AUG-2026 12:13,24.41,24.63,32.85,,0.24,site_5664,Thermo Fisher Scientific India Private Limited
South Eastern Coalfields Limited,Dipka Area,M/s Dipka Expansion Project South Eastern Coal Fields Limited Dipka Area,30-AUG-2026 17:42,30-AUG-2026 12:12,23.90,24.79,31.46,,0.22,site_5664,Thermo Fisher Scientific India Private Limited
South Eastern Coalfields Limited,Dipka Area,M/s Dipka Expansion Project South Eastern Coal Fields Limited Dipka Area,30-AUG-2026 17:42,30-AUG-2026 12:12,23.57,24.82,30.08,,0.27,site_5664,Thermo Fisher Scientific India Private Limited
South Eastern Coalfields Limited,Dipka Area,M/s Dipka Expansion Project South Eastern Coal Fields Limited Dipka Area,30-AUG-2026 17:41,30-AUG-2026 12:11,22.96,24.92,33.56,,0.15,site_5664,Thermo Fisher Scientific India Private Limited
South Eastern Coalfields Limited,Dipka Area,M/s Dipka Expansion Project South Eastern Coal Fields Limited Dipka Area,30-AUG-2026 17:41,30-AUG-2026 12:11,22.47,24.93,34.69,,0.08,site_5664,Thermo Fisher Scientific India Private Limited
South Eastern Coalfields Limited,Dipka Area,M/s Dipka Expansion Project South Eastern Coal Fields Limited Dipka Area,30-AUG-2026 17:40,30-AUG-2026 12:10,22.08,24.91,32.61,,0.10,site_5664,Thermo Fisher Scientific India Private Limited
South Eastern Coalfields Limited,"Gevra , Chattisgarh",SECL GEVRA,30-AUG-2026 17:40,30-AUG-2026 17:30,44.80,80.22,13.95,10.31,0.95,site_,Envea India Pvt Ltd
South Eastern Coalfields Limited,"Gevra , Chattisgarh",SECL GEVRA,30-AUG-2026 17:40,30-AUG-2026 17:30,44.80,80.22,13.95,10.31,0.95,site_,Envea India Pvt Ltd
South Eastern Coalfields Limited,"Gevra , Chattisgarh",SECL GEVRA,30-AUG-2026 17:40,30-AUG-2026 17:30,44.80,80.22,13.95,10.31,0.95,site_,Envea India Pvt Ltd
South Eastern Coalfields Limited,Dipka Area,M/s Dipka Expansion Project South Eastern Coal Fields Limited Dipka Area,30-AUG-2026 17:40,30-AUG-2026 12:10,21.86,25.04,36.54,,0.04,site_5664,Thermo Fisher Scientific India Private Limited
South Eastern Coalfields Limited,Dipka Area,M/s Dipka Expansion Project South Eastern Coal Fields Limited Dipka Area,30-AUG-2026 17:39,30-AUG-2026 12:09,21.72,25.02,35.25,,0.08,site_5664,Thermo Fisher Scientific India Private Limited
South Eastern Coalfields Limited,Dipka Area,M/s Dipka Expansion Project South Eastern Coal Fields Limited Dipka Area,30-AUG-2026 17:39,30-AUG-2026 12:09,21.57,25.03,30.91,,0.13,site_5664,Thermo Fisher Scientific India Private Limited
South Eastern Coalfields Limited,Dipka Area,M/s Dipka Expansion Project South Eastern Coal Fields Limited Dipka Area,30-AUG-2026 17:38,30-AUG-2026 12:08,21.61,25.02,32.18,,0.00,site_5664,Thermo Fisher Scientific India Private Limited
South Eastern Coalfields Limited,Dipka Area,M/s Dipka Expansion Project South Eastern Coal Fields Limited Dipka Area,30-AUG-2026 17:38,30-AUG-2026 12:08,21.69,25.03,35.42,,0.23,site_5664,Thermo Fisher Scientific India Private Limited
South Eastern Coalfields Limited,Dipka Area,M/s Dipka Expansion Project South Eastern Coal Fields Limited Dipka Area,30-AUG-2026 17:37,30-AUG-2026 12:07,21.72,25.02,31.52,,0.25,site_5664,Thermo Fisher Scientific India Private Limited
South Eastern Coalfields Limited,Dipka Area,M/s Dipka Expansion Project South Eastern Coal Fields Limited Dipka Area,30-AUG-2026 17:37,30-AUG-2026 12:07,21.64,24.92,37.52,,0.17,site_5664,Thermo Fisher Scientific India Private Limited
South Eastern Coalfields Limited,Dipka Area,M/s Dipka Expansion Project South Eastern Coal Fields Limited Dipka Area,30-AUG-2026 17:36,30-AUG-2026 12:06,21.56,24.92,32.14,,0.26,site_5664,Thermo Fisher Scientific India Private Limited
South Eastern Coalfields Limited,Dipka Area,M/s Dipka Expansion Project South Eastern Coal Fields Limited Dipka Area,30-AUG-2026 17:36,30-AUG-2026 12:06,21.27,24.90,35.30,,0.18,site_5664,Thermo Fisher Scientific India Private Limited
South Eastern Coalfields Limited,Dipka Area,M/s Dipka Expansion Project South Eastern Coal Fields Limited Dipka Area,30-AUG-2026 17:35,30-AUG-2026 12:05,20.52,24.75,32.83,,0.15,site_5664,Thermo Fisher Scientific India Private Limited
South Eastern Coalfields Limited,Dipka Area,M/s Dipka Expansion Project South Eastern Coal Fields Limited Dipka Area,30-AUG-2026 17:35,30-AUG-2026 12:05,19.79,24.51,30.14,,0.22,site_5664,Thermo Fisher Scientific India Private Limited
South Eastern Coalfields Limited,Dipka Area,M/s Dipka Expansion Project South Eastern Coal Fields Limited Dipka Area,30-AUG-2026 17:34,30-AUG-2026 12:04,19.10,24.13,34.14,,0.29,site_5664,Thermo Fisher Scientific India Private Limited
South Eastern Coalfields Limited,Dipka Area,M/s Dipka Expansion Project South Eastern Coal Fields Limited Dipka Area,30-AUG-2026 17:34,30-AUG-2026 12:04,18.60,23.78,33.35,,0.35,site_5664,Thermo Fisher Scientific India Private Limited
South Eastern Coalfields Limited,Dipka Area,M/s Dipka Expansion Project South Eastern Coal Fields Limited Dipka Area,30-AUG-2026 17:33,30-AUG-2026 12:03,17.85,23.26,34.42,,0.40,site_5664,Thermo Fisher Scientific India Private Limited
South Eastern Coalfields Limited,Dipka Area,M/s Dipka Expansion Project South Eastern Coal Fields Limited Dipka Area,30-AUG-2026 17:33,30-AUG-2026 12:03,17.22,22.79,31.54,,0.31,site_5664,Thermo Fisher Scientific India Private Limited
South Eastern Coalfields Limited,Dipka Area,M/s Dipka Expansion Project South Eastern Coal Fields Limited Dipka Area,30-AUG-2026 17:32,30-AUG-2026 12:02,17.02,22.38,33.71,,0.29,site_5664,Thermo Fisher Scientific India Private Limited
South Eastern Coalfields Limited,Dipka Area,M/s Dipka Expansion Project South Eastern Coal Fields Limited Dipka Area,30-AUG-2026 17:32,30-AUG-2026 12:02,16.96,21.95,31.53,,0.30,site_5664,Thermo Fisher Scientific India Private Limited
South Eastern Coalfields Limited,Dipka Area,M/s Dipka Expansion Project South Eastern Coal Fields Limited Dipka Area,30-AUG-2026 17:31,30-AUG-2026 12:01,16.72,21.60,30.51,,0.28,site_5664,Thermo Fisher Scientific India Private Limited
South Eastern Coalfields Limited,Dipka Area,M/s Dipka Expansion Project South Eastern Coal Fields Limited Dipka Area,30-AUG-2026 17:31,30-AUG-2026 12:01,16.41,21.39,37.19,,0.45,site_5664,Thermo Fisher Scientific India Private Limited
South Eastern Coalfields Limited,"Bilaspur, CHHATTISGARHr",South Eastern Coalfields  Limited - AQMS_H_Q,30-AUG-2026 17:30,30-AUG-2026 11:59,3.70,,14.18,270.00,0.29,site_5592,Swan Environ
South Eastern Coalfields Limited,Dipka Area,M/s Dipka Expansion Project South Eastern Coal Fields Limited Dipka Area,30-AUG-2026 17:30,30-AUG-2026 12:00,15.93,21.30,30.92,,0.47,site_5664,Thermo Fisher Scientific India Private Limited
South Eastern Coalfields Limited,Dipka Area,M/s Dipka Expansion Project South Eastern Coal Fields Limited Dipka Area,30-AUG-2026 17:30,30-AUG-2026 12:00,15.52,21.30,32.13,,0.36,site_5664,Thermo Fisher Scientific India Private Limited
South Eastern Coalfields Limited,Dipka Area,M/s Dipka Expansion Project South Eastern Coal Fields Limited Dipka Area,30-AUG-2026 17:29,30-AUG-2026 11:59,14.65,21.32,25.32,,0.27,site_5664,Thermo Fisher Scientific India Private Limited
South Eastern Coalfields Limited,Dipka Area,M/s Dipka Expansion Project South Eastern Coal Fields Limited Dipka Area,30-AUG-2026 17:29,30-AUG-2026 11:59,13.80,21.39,39.36,,0.24,site_5664,Thermo Fisher Scientific India Private Limited
South Eastern Coalfields Limited,Dipka Area,M/s Dipka Expansion Project South Eastern Coal Fields Limited Dipka Area,30-AUG-2026 17:28,30-AUG-2026 11:58,12.83,21.33,35.92,,0.26,site_5664,Thermo Fisher Scientific India Private Limited
South Eastern Coalfields Limited,Dipka Area,M/s Dipka Expansion Project South Eastern Coal Fields Limited Dipka Area,30-AUG-2026 17:28,30-AUG-2026 11:58,12.04,21.13,28.83,,0.21,site_5664,Thermo Fisher Scientific India Private Limited
South Eastern Coalfields Limited,Dipka Area,M/s Dipka Expansion Project South Eastern Coal Fields Limited Dipka Area,30-AUG-2026 17:27,30-AUG-2026 11:57,11.39,20.73,26.78,,0.24,site_5664,Thermo Fisher Scientific India Private Limited
South Eastern Coalfields Limited,Dipka Area,M/s Dipka Expansion Project South Eastern Coal Fields Limited Dipka Area,30-AUG-2026 17:27,30-AUG-2026 11:57,10.95,20.23,32.03,,0.30,site_5664,Thermo Fisher Scientific India Private Limited
South Eastern Coalfields Limited,Dipka Area,M/s Dipka Expansion Project South Eastern Coal Fields Limited Dipka Area,30-AUG-2026 17:26,30-AUG-2026 11:56,10.47,19.59,37.50,,0.27,site_5664,Thermo Fisher Scientific India Private Limited
South Eastern Coalfields Limited,Dipka Area,M/s Dipka Expansion Project South Eastern Coal Fields Limited Dipka Area,30-AUG-2026 17:26,30-AUG-2026 11:56,10.01,19.01,34.95,,0.16,site_5664,Thermo Fisher Scientific India Private Limited
South Eastern Coalfields Limited,Dipka Area,M/s Dipka Expansion Project South Eastern Coal Fields Limited Dipka Area,30-AUG-2026 17:25,30-AUG-2026 11:55,9.74,18.36,34.66,,0.27,site_5664,Thermo Fisher Scientific India Private Limited
South Eastern Coalfields Limited,"Gevra , Chattisgarh",SECL GEVRA,30-AUG-2026 17:25,30-AUG-2026 17:15,31.10,56.51,13.19,8.29,0.62,site_,Envea India Pvt Ltd
South Eastern Coalfields Limited,"Gevra , Chattisgarh",SECL GEVRA,30-AUG-2026 17:25,30-AUG-2026 17:15,31.10,56.51,13.19,8.29,0.62,site_,Envea India Pvt Ltd
South Eastern Coalfields Limited,"Gevra , Chattisgarh",SECL GEVRA,30-AUG-2026 17:25,30-AUG-2026 17:15,31.10,56.51,13.19,8.29,0.62,site_,Envea India Pvt Ltd
South Eastern Coalfields Limited,"Gevra , Chattisgarh",SECL GEVRA,30-AUG-2026 17:25,30-AUG-2026 17:15,31.10,56.51,13.19,8.29,0.62,site_,Envea India Pvt Ltd
South Eastern Coalfields Limited,Dipka Area,M/s Dipka Expansion Project South Eastern Coal Fields Limited Dipka Area,30-AUG-2026 17:25,30-AUG-2026 11:55,9.58,17.84,34.15,,0.26,site_5664,Thermo Fisher Scientific India Private Limited
South Eastern Coalfields Limited,Dipka Area,M/s Dipka Expansion Project South Eastern Coal Fields Limited Dipka Area,30-AUG-2026 17:24,30-AUG-2026 11:54,9.51,17.38,38.28,,0.16,site_5664,Thermo Fisher Scientific India Private Limited
South Eastern Coalfields Limited,Dipka Area,M/s Dipka Expansion Project South Eastern Coal Fields Limited Dipka Area,30-AUG-2026 17:24,30-AUG-2026 11:54,9.57,17.21,35.04,,0.20,site_5664,Thermo Fisher Scientific India Private Limited
South Eastern Coalfields Limited,Dipka Area,M/s Dipka Expansion Project South Eastern Coal Fields Limited Dipka Area,30-AUG-2026 17:23,30-AUG-2026 11:53,9.89,17.21,37.21,,0.21,site_5664,Thermo Fisher Scientific India Private Limited
South Eastern Coalfields Limited,Dipka Area,M/s Dipka Expansion Project South Eastern Coal Fields Limited Dipka Area,30-AUG-2026 17:23,30-AUG-2026 11:53,10.22,17.28,34.65,,0.23,site_5664,Thermo Fisher Scientific India Private Limited
South Eastern Coalfields Limited,Dipka Area,M/s Dipka Expansion Project South Eastern Coal Fields Limited Dipka Area,30-AUG-2026 17:22,30-AUG-2026 11:52,10.35,17.58,34.33,,0.10,site_5664,Thermo Fisher Scientific India Private Limited
South Eastern Coalfields Limited,Dipka Area,M/s Dipka Expansion Project South Eastern Coal Fields Limited Dipka Area,30-AUG-2026 17:22,30-AUG-2026 11:52,10.60,17.94,33.07,,0.09,site_5664,Thermo Fisher Scientific India Private Limited
South Eastern Coalfields Limited,Dipka Area,M/s Dipka Expansion Project South Eastern Coal Fields Limited Dipka Area,30-AUG-2026 17:21,30-AUG-2026 11:51,10.70,18.27,32.56,,0.23,site_5664,Thermo Fisher Scientific India Private Limited
South Eastern Coalfields Limited,Dipka Area,M/s Dipka Expansion Project South Eastern Coal Fields Limited Dipka Area,30-AUG-2026 17:21,30-AUG-2026 11:51,10.74,18.48,31.62,,0.30,site_5664,Thermo Fisher Scientific India Private Limited
South Eastern Coalfields Limited,Dipka Area,M/s Dipka Expansion Project South Eastern Coal Fields Limited Dipka Area,30-AUG-2026 17:20,30-AUG-2026 11:50,10.69,18.58,38.92,,0.18,site_5664,Thermo Fisher Scientific India Private Limited
South Eastern Coalfields Limited,Dipka Area,M/s Dipka Expansion Project South Eastern Coal Fields Limited Dipka Area,30-AUG-2026 17:20,30-AUG-2026 11:50,10.68,18.64,31.10,,0.20,site_5664,Thermo Fisher Scientific India Private Limited
South Eastern Coalfields Limited,Dipka Area,M/s Dipka Expansion Project South Eastern Coal Fields Limited Dipka Area,30-AUG-2026 17:19,30-AUG-2026 11:49,10.79,18.62,35.96,,0.38,site_5664,Thermo Fisher Scientific India Private Limited
South Eastern Coalfields Limited,Dipka Area,M/s Dipka Expansion Project South Eastern Coal Fields Limited Dipka Area,30-AUG-2026 17:19,30-AUG-2026 11:49,10.78,18.54,32.19,,0.34,site_5664,Thermo Fisher Scientific India Private Limited
South Eastern Coalfields Limited,Dipka Area,M/s Dipka Expansion Project South Eastern Coal Fields Limited Dipka Area,30-AUG-2026 17:18,30-AUG-2026 11:48,10.85,18.53,31.94,,0.37,site_5664,Thermo Fisher Scientific India Private Limited
South Eastern Coalfields Limited,Dipka Area,M/s Dipka Expansion Project South Eastern Coal Fields Limited Dipka Area,30-AUG-2026 17:18,30-AUG-2026 11:48,10.92,18.60,30.93,,0.43,site_5664,Thermo Fisher Scientific India Private Limited
South Eastern Coalfields Limited,Dipka Area,M/s Dipka Expansion Project South Eastern Coal Fields Limited Dipka Area,30-AUG-2026 17:17,30-AUG-2026 11:47,10.97,18.73,38.20,,0.51,site_5664,Thermo Fisher Scientific India Private Limited
South Eastern Coalfields Limited,Dipka Area,M/s Dipka Expansion Project South Eastern Coal Fields Limited Dipka Area,30-AUG-2026 17:17,30-AUG-2026 11:47,10.80,18.91,32.39,,0.52,site_5664,Thermo Fisher Scientific India Private Limited
South Eastern Coalfields Limited,Dipka Area,M/s Dipka Expansion Project South Eastern Coal Fields Limited Dipka Area,30-AUG-2026 17:16,30-AUG-2026 11:46,10.63,19.07,34.78,,0.44,site_5664,Thermo Fisher Scientific India Private Limited
South Eastern Coalfields Limited,Dipka Area,M/s Dipka Expansion Project South Eastern Coal Fields Limited Dipka Area,30-AUG-2026 17:16,30-AUG-2026 11:46,10.60,19.27,29.04,,0.42,site_5664,Thermo Fisher Scientific India Private Limited
South Eastern Coalfields Limited,"Bilaspur, CHHATTISGARHr",South Eastern Coalfields  Limited - AQMS_H_Q,30-AUG-2026 17:15,30-AUG-2026 11:45,3.77,,15.47,274.48,1.53,site_5592,Swan Environ
South Eastern Coalfields Limited,Dipka Area,M/s Dipka Expansion Project South Eastern Coal Fields Limited Dipka Area,30-AUG-2026 17:15,30-AUG-2026 11:45,10.55,19.51,31.75,,0.40,site_5664,Thermo Fisher Scientific India Private Limited
South Eastern Coalfields Limited,Dipka Area,M/s Dipka Expansion Project South Eastern Coal Fields Limited Dipka Area,30-AUG-2026 17:15,30-AUG-2026 11:45,10.41,19.73,33.33,,0.48,site_5664,Thermo Fisher Scientific India Private Limited
South Eastern Coalfields Limited,Dipka Area,M/s Dipka Expansion Project South Eastern Coal Fields Limited Dipka Area,30-AUG-2026 17:14,30-AUG-2026 11:44,10.23,19.97,32.95,,0.42,site_5664,Thermo Fisher Scientific India Private Limited
South Eastern Coalfields Limited,Dipka Area,M/s Dipka Expansion Project South Eastern Coal Fields Limited Dipka Area,30-AUG-2026 17:14,30-AUG-2026 11:44,10.49,20.17,32.28,,0.51,site_5664,Thermo Fisher Scientific India Private Limited
South Eastern Coalfields Limited,Dipka Area,M/s Dipka Expansion Project South Eastern Coal Fields Limited Dipka Area,30-AUG-2026 17:13,30-AUG-2026 11:43,10.81,20.53,33.76,,0.50,site_5664,Thermo Fisher Scientific India Private Limited
South Eastern Coalfields Limited,Dipka Area,M/s Dipka Expansion Project South Eastern Coal Fields Limited Dipka Area,30-AUG-2026 17:13,30-AUG-2026 11:43,10.98,20.83,33.70,,0.45,site_5664,Thermo Fisher Scientific India Private Limited
South Eastern Coalfields Limited,Dipka Area,M/s Dipka Expansion Project South Eastern Coal Fields Limited Dipka Area,30-AUG-2026 17:12,30-AUG-2026 11:42,11.26,21.12,33.80,,0.50,site_5664,Thermo Fisher Scientific India Private Limited
South Eastern Coalfields Limited,Dipka Area,M/s Dipka Expansion Project South Eastern Coal Fields Limited Dipka Area,30-AUG-2026 17:12,30-AUG-2026 11:42,11.68,21.29,32.37,,0.51,site_5664,Thermo Fisher Scientific India Private Limited
South Eastern Coalfields Limited,Dipka Area,M/s Dipka Expansion Project South Eastern Coal Fields Limited Dipka Area,30-AUG-2026 17:11,30-AUG-2026 11:41,12.19,21.43,30.35,,0.53,site_5664,Thermo Fisher Scientific India Private Limited
South Eastern Coalfields Limited,Dipka Area,M/s Dipka Expansion Project South Eastern Coal Fields Limited Dipka Area,30-AUG-2026 17:11,30-AUG-2026 11:41,12.34,21.46,35.21,,0.54,site_5664,Thermo Fisher Scientific India Private Limited
South Eastern Coalfields Limited,Dipka Area,M/s Dipka Expansion Project South Eastern Coal Fields Limited Dipka Area,30-AUG-2026 17:10,30-AUG-2026 11:40,12.41,21.47,33.60,,0.45,site_5664,Thermo Fisher Scientific India Private Limited
South Eastern Coalfields Limited,"Gevra , Chattisgarh",SECL GEVRA,30-AUG-2026 17:10,30-AUG-2026 17:00,44.00,78.82,13.91,10.19,0.93,site_,Envea India Pvt Ltd
South Eastern Coalfields Limited,"Gevra , Chattisgarh",SECL GEVRA,30-AUG-2026 17:10,30-AUG-2026 17:00,44.00,78.82,13.91,10.19,0.93,site_,Envea India Pvt Ltd
South Eastern Coalfields Limited,"Gevra , Chattisgarh",SECL GEVRA,30-AUG-2026 17:10,30-AUG-2026 17:00,44.00,78.82,13.91,10.19,0.93,site_,Envea India Pvt Ltd
South Eastern Coalfields Limited,"Gevra , Chattisgarh",SECL GEVRA,30-AUG-2026 17:10,30-AUG-2026 17:00,44.00,78.82,13.91,10.19,0.93,site_,Envea India Pvt Ltd
South Eastern Coalfields Limited,Dipka Area,M/s Dipka Expansion Project South Eastern Coal Fields Limited Dipka Area,30-AUG-2026 17:10,30-AUG-2026 11:40,12.53,21.48,33.76,,0.41,site_5664,Thermo Fisher Scientific India Private Limited
South Eastern Coalfields Limited,Dipka Area,M/s Dipka Expansion Project South Eastern Coal Fields Limited Dipka Area,30-AUG-2026 17:09,30-AUG-2026 11:39,12.58,21.48,37.92,,0.30,site_5664,Thermo Fisher Scientific India Private Limited
South Eastern Coalfields Limited,Dipka Area,M/s Dipka Expansion Project South Eastern Coal Fields Limited Dipka Area,30-AUG-2026 17:09,30-AUG-2026 11:39,12.33,21.57,28.63,,0.17,site_5664,Thermo Fisher Scientific India Private Limited
South Eastern Coalfields Limited,Dipka Area,M/s Dipka Expansion Project South Eastern Coal Fields Limited Dipka Area,30-AUG-2026 17:08,30-AUG-2026 11:38,12.11,21.74,32.39,,0.18,site_5664,Thermo Fisher Scientific India Private Limited
South Eastern Coalfields Limited,Dipka Area,M/s Dipka Expansion Project South Eastern Coal Fields Limited Dipka Area,30-AUG-2026 17:08,30-AUG-2026 11:38,11.90,21.98,31.66,,0.21,site_5664,Thermo Fisher Scientific India Private Limited
South Eastern Coalfields Limited,Dipka Area,M/s Dipka Expansion Project South Eastern Coal Fields Limited Dipka Area,30-AUG-2026 17:07,30-AUG-2026 11:37,11.51,22.19,37.73,,0.12,site_5664,Thermo Fisher Scientific India Private Limited
South Eastern Coalfields Limited,Dipka Area,M/s Dipka Expansion Project South Eastern Coal Fields Limited Dipka Area,30-AUG-2026 17:07,30-AUG-2026 11:37,11.08,22.49,35.94,,0.09,site_5664,Thermo Fisher Scientific India Private Limited
South Eastern Coalfields Limited,Dipka Area,M/s Dipka Expansion Project South Eastern Coal Fields Limited Dipka Area,30-AUG-2026 17:06,30-AUG-2026 11:36,10.45,22.82,30.52,,0.12,site_5664,Thermo Fisher Scientific India Private Limited
South Eastern Coalfields Limited,Dipka Area,M/s Dipka Expansion Project South Eastern Coal Fields Limited Dipka Area,30-AUG-2026 17:06,30-AUG-2026 11:36,9.94,22.94,33.22,,0.17,site_5664,Thermo Fisher Scientific India Private Limited
South Eastern Coalfields Limited,Dipka Area,M/s Dipka Expansion Project South Eastern Coal Fields Limited Dipka Area,30-AUG-2026 17:05,30-AUG-2026 11:35,9.12,22.86,33.50,,0.31,site_5664,Thermo Fisher Scientific India Private Limited
South Eastern Coalfields Limited,Dipka Area,M/s Dipka Expansion Project South Eastern Coal Fields Limited Dipka Area,30-AUG-2026 17:05,30-AUG-2026 11:35,8.40,22.68,33.18,,0.34,site_5664,Thermo Fisher Scientific India Private Limited
South Eastern Coalfields Limited,Dipka Area,M/s Dipka Expansion Project South Eastern Coal Fields Limited Dipka Area,30-AUG-2026 17:04,30-AUG-2026 11:34,7.90,22.37,39.12,,0.36,site_5664,Thermo Fisher Scientific India Private Limited
South Eastern Coalfields Limited,Dipka Area,M/s Dipka Expansion Project South Eastern Coal Fields Limited Dipka Area,30-AUG-2026 17:04,30-AUG-2026 11:34,7.62,21.85,30.09,,0.40,site_5664,Thermo Fisher Scientific India Private Limited
South Eastern Coalfields Limited,Dipka Area,M/s Dipka Expansion Project South Eastern Coal Fields Limited Dipka Area,30-AUG-2026 17:03,30-AUG-2026 11:33,7.48,21.12,31.36,,0.32,site_5664,Thermo Fisher Scientific India Private Limited
South Eastern Coalfields Limited,Dipka Area,M/s Dipka Expansion Project South Eastern Coal Fields Limited Dipka Area,30-AUG-2026 17:03,30-AUG-2026 11:33,7.47,20.63,32.88,,0.39,site_5664,Thermo Fisher Scientific India Private Limited
South Eastern Coalfields Limited,Dipka Area,M/s Dipka Expansion Project South Eastern Coal Fields Limited Dipka Area,30-AUG-2026 17:02,30-AUG-2026 11:32,7.65,20.16,34.88,,0.34,site_5664,Thermo Fisher Scientific India Private Limited
South Eastern Coalfields Limited,Dipka Area,M/s Dipka Expansion Project South Eastern Coal Fields Limited Dipka Area,30-AUG-2026 17:02,30-AUG-2026 11:32,7.92,19.83,32.80,,0.26,site_5664,Thermo Fisher Scientific India Private Limited
South Eastern Coalfields Limited,Dipka Area,M/s Dipka Expansion Project South Eastern Coal Fields Limited Dipka Area,30-AUG-2026 17:01,30-AUG-2026 11:31,8.00,19.65,32.96,,0.20,site_5664,Thermo Fisher Scientific India Private Limited
South Eastern Coalfields Limited,Dipka Area,M/s Dipka Expansion Project South Eastern Coal Fields Limited Dipka Area,30-AUG-2026 17:01,30-AUG-2026 11:31,7.83,19.61,38.62,,0.23,site_5664,Thermo Fisher Scientific India Private Limited
South Eastern Coalfields Limited,Dipka Area,M/s Dipka Expansion Project South Eastern Coal Fields Limited Dipka Area,30-AUG-2026 17:00,30-AUG-2026 11:30,7.45,19.64,35.10,,0.19,site_5664,Thermo Fisher Scientific India Private Limited
South Eastern Coalfields Limited,"Bilaspur, CHHATTISGARHr",South Eastern Coalfields  Limited - AQMS_H_Q,30-AUG-2026 17:00,30-AUG-2026 11:29,3.77,,14.61,254.27,0.31,site_5592,Swan Environ
South Eastern Coalfields Limited,Dipka Area,M/s Dipka Expansion Project South Eastern Coal Fields Limited Dipka Area,30-AUG-2026 16:59,30-AUG-2026 11:29,6.91,19.64,34.95,,0.17,site_5664,Thermo Fisher Scientific India Private Limited
South Eastern Coalfields Limited,Dipka Area,M/s Dipka Expansion Project South Eastern Coal Fields Limited Dipka Area,30-AUG-2026 16:59,30-AUG-2026 11:29,6.60,19.72,32.60,,0.12,site_5664,Thermo Fisher Scientific India Private Limited
South Eastern Coalfields Limited,Dipka Area,M/s Dipka Expansion Project South Eastern Coal Fields Limited Dipka Area,30-AUG-2026 16:58,30-AUG-2026 11:28,6.20,19.83,34.70,,0.12,site_5664,Thermo Fisher Scientific India Private Limited
South Eastern Coalfields Limited,Dipka Area,M/s Dipka Expansion Project South Eastern Coal Fields Limited Dipka Area,30-AUG-2026 16:58,30-AUG-2026 11:28,6.00,19.98,36.77,,0.09,site_5664,Thermo Fisher Scientific India Private Limited
South Eastern Coalfields Limited,Dipka Area,M/s Dipka Expansion Project South Eastern Coal Fields Limited Dipka Area,30-AUG-2026 16:57,30-AUG-2026 11:27,6.00,20.08,30.63,,0.12,site_5664,Thermo Fisher Scientific India Private Limited
South Eastern Coalfields Limited,Dipka Area,M/s Dipka Expansion Project South Eastern Coal Fields Limited Dipka Area,30-AUG-2026 16:57,30-AUG-2026 11:27,6.01,20.17,33.63,,0.17,site_5664,Thermo Fisher Scientific India Private Limited
South Eastern Coalfields Limited,Dipka Area,M/s Dipka Expansion Project South Eastern Coal Fields Limited Dipka Area,30-AUG-2026 16:56,30-AUG-2026 11:26,6.02,20.33,34.68,,0.17,site_5664,Thermo Fisher Scientific India Private Limited
South Eastern Coalfields Limited,Dipka Area,M/s Dipka Expansion Project South Eastern Coal Fields Limited Dipka Area,30-AUG-2026 16:56,30-AUG-2026 11:26,6.08,20.57,35.00,,0.00,site_5664,Thermo Fisher Scientific India Private Limited
South Eastern Coalfields Limited,Dipka Area,M/s Dipka Expansion Project South Eastern Coal Fields Limited Dipka Area,30-AUG-2026 16:55,30-AUG-2026 11:25,6.42,20.71,25.67,,0.00,site_5664,Thermo Fisher Scientific India Private Limited
South Eastern Coalfields Limited,"Gevra , Chattisgarh",SECL GEVRA,30-AUG-2026 16:55,30-AUG-2026 16:45,49.50,88.35,14.22,11.00,1.06,site_,Envea India Pvt Ltd
South Eastern Coalfields Limited,"Gevra , Chattisgarh",SECL GEVRA,30-AUG-2026 16:55,30-AUG-2026 16:45,49.50,88.35,14.22,11.00,1.06,site_,Envea India Pvt Ltd
South Eastern Coalfields Limited,"Gevra , Chattisgarh",SECL GEVRA,30-AUG-2026 16:55,30-AUG-2026 16:45,49.50,88.35,14.22,11.00,1.06,site_,Envea India Pvt Ltd
South Eastern Coalfields Limited,Dipka Area,M/s Dipka Expansion Project South Eastern Coal Fields Limited Dipka Area,30-AUG-2026 16:55,30-AUG-2026 11:25,6.74,20.83,32.08,,0.00,site_5664,Thermo Fisher Scientific India Private Limited
South Eastern Coalfields Limited,Dipka Area,M/s Dipka Expansion Project South Eastern Coal Fields Limited Dipka Area,30-AUG-2026 16:54,30-AUG-2026 11:24,6.90,20.97,35.67,,0.00,site_5664,Thermo Fisher Scientific India Private Limited
South Eastern Coalfields Limited,Dipka Area,M/s Dipka Expansion Project South Eastern Coal Fields Limited Dipka Area,30-AUG-2026 16:54,30-AUG-2026 11:24,6.92,21.03,32.38,,0.08,site_5664,Thermo Fisher Scientific India Private Limited
South Eastern Coalfields Limited,Dipka Area,M/s Dipka Expansion Project South Eastern Coal Fields Limited Dipka Area,30-AUG-2026 16:53,30-AUG-2026 11:23,6.94,21.02,33.30,,0.09,site_5664,Thermo Fisher Scientific India Private Limited
South Eastern Coalfields Limited,Dipka Area,M/s Dipka Expansion Project South Eastern Coal Fields Limited Dipka Area,30-AUG-2026 16:53,30-AUG-2026 11:23,6.88,20.89,27.72,,0.00,site_5664,Thermo Fisher Scientific India Private Limited
South Eastern Coalfields Limited,Dipka Area,M/s Dipka Expansion Project South Eastern Coal Fields Limited Dipka Area,30-AUG-2026 16:52,30-AUG-2026 11:22,6.66,20.72,31.39,,0.09,site_5664,Thermo Fisher Scientific India Private Limited
South Eastern Coalfields Limited,Dipka Area,M/s Dipka Expansion Project South Eastern Coal Fields Limited Dipka Area,30-AUG-2026 16:52,30-AUG-2026 11:22,6.53,20.53,33.52,,0.14,site_5664,Thermo Fisher Scientific India Private Limited
South Eastern Coalfields Limited,Dipka Area,M/s Dipka Expansion Project South Eastern Coal Fields Limited Dipka Area,30-AUG-2026 16:51,30-AUG-2026 11:21,6.57,20.35,40.07,,0.16,site_5664,Thermo Fisher Scientific India Private Limited
South Eastern Coalfields Limited,Dipka Area,M/s Dipka Expansion Project South Eastern Coal Fields Limited Dipka Area,30-AUG-2026 16:51,30-AUG-2026 11:21,6.65,20.19,42.65,,0.30,site_5664,Thermo Fisher Scientific India Private Limited
South Eastern Coalfields Limited,Dipka Area,M/s Dipka Expansion Project South Eastern Coal Fields Limited Dipka Area,30-AUG-2026 16:50,30-AUG-2026 11:20,7.01,19.88,35.75,,0.36,site_5664,Thermo Fisher Scientific India Private Limited
South Eastern Coalfields Limited,Dipka Area,M/s Dipka Expansion Project South Eastern Coal Fields Limited Dipka Area,30-AUG-2026 16:50,30-AUG-2026 11:20,7.43,19.71,34.41,,0.34,site_5664,Thermo Fisher Scientific India Private Limited
South Eastern Coalfields Limited,Dipka Area,M/s Dipka Expansion Project South Eastern Coal Fields Limited Dipka Area,30-AUG-2026 16:49,30-AUG-2026 11:19,8.15,19.60,36.42,,0.28,site_5664,Thermo Fisher Scientific India Private Limited
South Eastern Coalfields Limited,Dipka Area,M/s Dipka Expansion Project South Eastern Coal Fields Limited Dipka Area,30-AUG-2026 16:49,30-AUG-2026 11:19,8.88,19.49,35.87,,0.20,site_5664,Thermo Fisher Scientific India Private Limited
South Eastern Coalfields Limited,Dipka Area,M/s Dipka Expansion Project South Eastern Coal Fields Limited Dipka Area,30-AUG-2026 16:48,30-AUG-2026 11:18,9.65,19.52,35.87,,0.19,site_5664,Thermo Fisher Scientific India Private Limited
South Eastern Coalfields Limited,Dipka Area,M/s Dipka Expansion Project South Eastern Coal Fields Limited Dipka Area,30-AUG-2026 16:48,30-AUG-2026 11:18,10.45,19.62,31.06,,0.28,site_5664,Thermo Fisher Scientific India Private Limited
South Eastern Coalfields Limited,Dipka Area,M/s Dipka Expansion Project South Eastern Coal Fields Limited Dipka Area,30-AUG-2026 16:47,30-AUG-2026 11:17,11.23,19.87,29.48,,0.09,site_5664,Thermo Fisher Scientific India Private Limited
South Eastern Coalfields Limited,Dipka Area,M/s Dipka Expansion Project South Eastern Coal Fields Limited Dipka Area,30-AUG-2026 16:47,30-AUG-2026 11:17,11.93,19.89,29.65,,0.01,site_5664,Thermo Fisher Scientific India Private Limited
South Eastern Coalfields Limited,Dipka Area,M/s Dipka Expansion Project South Eastern Coal Fields Limited Dipka Area,30-AUG-2026 16:46,30-AUG-2026 11:16,12.56,19.86,35.65,,0.19,site_5664,Thermo Fisher Scientific India Private Limited
South Eastern Coalfields Limited,Dipka Area,M/s Dipka Expansion Project South Eastern Coal Fields Limited Dipka Area,30-AUG-2026 16:46,30-AUG-2026 11:16,12.80,19.96,34.02,,0.17,site_5664,Thermo Fisher Scientific India Private Limited
South Eastern Coalfields Limited,Dipka Area,M/s Dipka Expansion Project South Eastern Coal Fields Limited Dipka Area,30-AUG-2026 16:45,30-AUG-2026 11:15,13.05,20.03,30.66,,0.08,site_5664,Thermo Fisher Scientific India Private Limited
South Eastern Coalfields Limited,"Bilaspur, CHHATTISGARHr",South Eastern Coalfields  Limited - AQMS_H_Q,30-AUG-2026 16:45,30-AUG-2026 11:14,3.97,,15.14,253.84,0.79,site_5592,Swan Environ
South Eastern Coalfields Limited,Dipka Area,M/s Dipka Expansion Project South Eastern Coal Fields Limited Dipka Area,30-AUG-2026 16:45,30-AUG-2026 11:15,13.33,20.13,39.06,,0.18,site_5664,Thermo Fisher Scientific India Private Limited
South Eastern Coalfields Limited,Dipka Area,M/s Dipka Expansion Project South Eastern Coal Fields Limited Dipka Area,30-AUG-2026 16:44,30-AUG-2026 11:14,13.63,20.12,33.25,,0.20,site_5664,Thermo Fisher Scientific India Private Limited
South Eastern Coalfields Limited,Dipka Area,M/s Dipka Expansion Project South Eastern Coal Fields Limited Dipka Area,30-AUG-2026 16:44,30-AUG-2026 11:14,13.73,20.15,35.24,,0.04,site_5664,Thermo Fisher Scientific India Private Limited
South Eastern Coalfields Limited,Dipka Area,M/s Dipka Expansion Project South Eastern Coal Fields Limited Dipka Area,30-AUG-2026 16:43,30-AUG-2026 11:13,13.82,20.29,27.68,,0.03,site_5664,Thermo Fisher Scientific India Private Limited
South Eastern Coalfields Limited,Dipka Area,M/s Dipka Expansion Project South Eastern Coal Fields Limited Dipka Area,30-AUG-2026 16:43,30-AUG-2026 11:13,14.05,20.44,37.16,,0.14,site_5664,Thermo Fisher Scientific India Private Limited
South Eastern Coalfields Limited,Dipka Area,M/s Dipka Expansion Project South Eastern Coal Fields Limited Dipka Area,30-AUG-2026 16:42,30-AUG-2026 11:12,14.48,20.66,39.24,,0.25,site_5664,Thermo Fisher Scientific India Private Limited
South Eastern Coalfields Limited,Dipka Area,M/s Dipka Expansion Project South Eastern Coal Fields Limited Dipka Area,30-AUG-2026 16:42,30-AUG-2026 11:12,14.90,20.90,31.85,,0.16,site_5664,Thermo Fisher Scientific India Private Limited
South Eastern Coalfields Limited,Dipka Area,M/s Dipka Expansion Project South Eastern Coal Fields Limited Dipka Area,30-AUG-2026 16:41,30-AUG-2026 11:11,15.39,21.34,31.17,,0.00,site_5664,Thermo Fisher Scientific India Private Limited
South Eastern Coalfields Limited,Dipka Area,M/s Dipka Expansion Project South Eastern Coal Fields Limited Dipka Area,30-AUG-2026 16:41,30-AUG-2026 11:11,15.86,21.84,25.99,,0.07,site_5664,Thermo Fisher Scientific India Private Limited
South Eastern Coalfields Limited,Dipka Area,M/s Dipka Expansion Project South Eastern Coal Fields Limited Dipka Area,30-AUG-2026 16:40,30-AUG-2026 11:10,16.54,22.31,32.62,,0.06,site_5664,Thermo Fisher Scientific India Private Limited
South Eastern Coalfields Limited,"Gevra , Chattisgarh",SECL GEVRA,30-AUG-2026 16:40,30-AUG-2026 16:30,33.10,59.86,13.30,8.58,0.67,site_,Envea India Pvt Ltd
South Eastern Coalfields Limited,"Gevra , Chattisgarh",SECL GEVRA,30-AUG-2026 16:40,30-AUG-2026 16:30,33.10,59.86,13.30,8.58,0.67,site_,Envea India Pvt Ltd
South Eastern Coalfields Limited,"Gevra , Chattisgarh",SECL GEVRA,30-AUG-2026 16:40,30-AUG-2026 16:30,33.10,59.86,13.30,8.58,0.67,site_,Envea India Pvt Ltd
South Eastern Coalfields Limited,"Gevra , Chattisgarh",SECL GEVRA,30-AUG-2026 16:40,30-AUG-2026 16:30,33.10,59.86,13.30,8.58,0.67,site_,Envea India Pvt Ltd
South Eastern Coalfields Limited,Dipka Area,M/s Dipka Expansion Project South Eastern Coal Fields Limited Dipka Area,30-AUG-2026 16:40,30-AUG-2026 11:10,17.06,22.62,33.69,,0.00,site_5664,Thermo Fisher Scientific India Private Limited
South Eastern Coalfields Limited,Dipka Area,M/s Dipka Expansion Project South Eastern Coal Fields Limited Dipka Area,30-AUG-2026 16:39,30-AUG-2026 11:09,17.60,22.98,33.05,,0.00,site_5664,Thermo Fisher Scientific India Private Limited
South Eastern Coalfields Limited,Dipka Area,M/s Dipka Expansion Project South Eastern Coal Fields Limited Dipka Area,30-AUG-2026 16:39,30-AUG-2026 11:09,17.88,23.18,32.12,,0.00,site_5664,Thermo Fisher Scientific India Private Limited
South Eastern Coalfields Limited,Dipka Area,M/s Dipka Expansion Project South Eastern Coal Fields Limited Dipka Area,30-AUG-2026 16:38,30-AUG-2026 11:08,18.48,23.36,30.15,,0.00,site_5664,Thermo Fisher Scientific India Private Limited
South Eastern Coalfields Limited,Dipka Area,M/s Dipka Expansion Project South Eastern Coal Fields Limited Dipka Area,30-AUG-2026 16:38,30-AUG-2026 11:08,19.15,23.49,35.02,,0.00,site_5664,Thermo Fisher Scientific India Private Limited
South Eastern Coalfields Limited,Dipka Area,M/s Dipka Expansion Project South Eastern Coal Fields Limited Dipka Area,30-AUG-2026 16:37,30-AUG-2026 11:07,19.80,23.71,32.94,,0.00,site_5664,Thermo Fisher Scientific India Private Limited
South Eastern Coalfields Limited,Dipka Area,M/s Dipka Expansion Project South Eastern Coal Fields Limited Dipka Area,30-AUG-2026 16:37,30-AUG-2026 11:07,20.36,23.94,32.90,,0.00,site_5664,Thermo Fisher Scientific India Private Limited
South Eastern Coalfields Limited,Dipka Area,M/s Dipka Expansion Project South Eastern Coal Fields Limited Dipka Area,30-AUG-2026 16:36,30-AUG-2026 11:06,21.03,24.33,31.52,,0.00,site_5664,Thermo Fisher Scientific India Private Limited
South Eastern Coalfields Limited,Dipka Area,M/s Dipka Expansion Project South Eastern Coal Fields Limited Dipka Area,30-AUG-2026 16:36,30-AUG-2026 11:06,21.51,24.73,34.41,,0.00,site_5664,Thermo Fisher Scientific India Private Limited
South Eastern Coalfields Limited,Dipka Area,M/s Dipka Expansion Project South Eastern Coal Fields Limited Dipka Area,30-AUG-2026 16:35,30-AUG-2026 11:05,21.84,25.18,32.00,,0.00,site_5664,Thermo Fisher Scientific India Private Limited
South Eastern Coalfields Limited,Dipka Area,M/s Dipka Expansion Project South Eastern Coal Fields Limited Dipka Area,30-AUG-2026 16:35,30-AUG-2026 11:05,22.11,25.57,33.40,,0.04,site_5664,Thermo Fisher Scientific India Private Limited
South Eastern Coalfields Limited,Dipka Area,M/s Dipka Expansion Project South Eastern Coal Fields Limited Dipka Area,30-AUG-2026 16:34,30-AUG-2026 11:04,22.31,26.04,30.42,,0.06,site_5664,Thermo Fisher Scientific India Private Limited
South Eastern Coalfields Limited,Dipka Area,M/s Dipka Expansion Project South Eastern Coal Fields Limited Dipka Area,30-AUG-2026 16:34,30-AUG-2026 11:04,22.45,26.36,26.31,,0.19,site_5664,Thermo Fisher Scientific India Private Limited
South Eastern Coalfields Limited,Dipka Area,M/s Dipka Expansion Project South Eastern Coal Fields Limited Dipka Area,30-AUG-2026 16:33,30-AUG-2026 11:03,22.46,26.48,34.49,,0.18,site_5664,Thermo Fisher Scientific India Private Limited
South Eastern Coalfields Limited,Dipka Area,M/s Dipka Expansion Project South Eastern Coal Fields Limited Dipka Area,30-AUG-2026 16:33,30-AUG-2026 11:03,22.60,26.49,33.34,,0.12,site_5664,Thermo Fisher Scientific India Private Limited
South Eastern Coalfields Limited,Dipka Area,M/s Dipka Expansion Project South Eastern Coal Fields Limited Dipka Area,30-AUG-2026 16:32,30-AUG-2026 11:02,22.90,26.52,29.06,,0.00,site_5664,Thermo Fisher Scientific India Private Limited
South Eastern Coalfields Limited,Dipka Area,M/s Dipka Expansion Project South Eastern Coal Fields Limited Dipka Area,30-AUG-2026 16:32,30-AUG-2026 11:02,23.15,26.58,32.23,,0.00,site_5664,Thermo Fisher Scientific India Private Limited
South Eastern Coalfields Limited,Dipka Area,M/s Dipka Expansion Project South Eastern Coal Fields Limited Dipka Area,30-AUG-2026 16:31,30-AUG-2026 11:01,23.41,26.63,35.87,,0.00,site_5664,Thermo Fisher Scientific India Private Limited
South Eastern Coalfields Limited,Dipka Area,M/s Dipka Expansion Project South Eastern Coal Fields Limited Dipka Area,30-AUG-2026 16:31,30-AUG-2026 11:01,23.52,26.67,35.69,,0.00,site_5664,Thermo Fisher Scientific India Private Limited
South Eastern Coalfields Limited,Dipka Area,M/s Dipka Expansion Project South Eastern Coal Fields Limited Dipka Area,30-AUG-2026 16:30,30-AUG-2026 11:00,23.51,26.83,29.22,,0.00,site_5664,Thermo Fisher Scientific India Private Limited
South Eastern Coalfields Limited,"Bilaspur, CHHATTISGARHr",South Eastern Coalfields  Limited - AQMS_H_Q,30-AUG-2026 16:30,30-AUG-2026 10:59,3.75,,14.10,299.12,0.94,site_5592,Swan Environ
South Eastern Coalfields Limited,Dipka Area,M/s Dipka Expansion Project South Eastern Coal Fields Limited Dipka Area,30-AUG-2026 16:30,30-AUG-2026 11:00,23.47,27.00,30.29,,0.00,site_5664,Thermo Fisher Scientific India Private Limited
South Eastern Coalfields Limited,Dipka Area,M/s Dipka Expansion Project South Eastern Coal Fields Limited Dipka Area,30-AUG-2026 16:29,30-AUG-2026 10:59,23.17,27.17,30.71,,0.00,site_5664,Thermo Fisher Scientific India Private Limited
South Eastern Coalfields Limited,Dipka Area,M/s Dipka Expansion Project South Eastern Coal Fields Limited Dipka Area,30-AUG-2026 16:29,30-AUG-2026 10:59,22.65,27.36,37.00,,0.00,site_5664,Thermo Fisher Scientific India Private Limited
South Eastern Coalfields Limited,Dipka Area,M/s Dipka Expansion Project South Eastern Coal Fields Limited Dipka Area,30-AUG-2026 16:28,30-AUG-2026 10:58,22.14,27.48,32.57,,0.00,site_5664,Thermo Fisher Scientific India Private Limited
South Eastern Coalfields Limited,Dipka Area,M/s Dipka Expansion Project South Eastern Coal Fields Limited Dipka Area,30-AUG-2026 16:28,30-AUG-2026 10:58,21.56,27.75,35.60,,0.02,site_5664,Thermo Fisher Scientific India Private Limited
South Eastern Coalfields Limited,Dipka Area,M/s Dipka Expansion Project South Eastern Coal Fields Limited Dipka Area,30-AUG-2026 16:27,30-AUG-2026 10:57,21.13,28.04,33.96,,0.10,site_5664,Thermo Fisher Scientific India Private Limited
South Eastern Coalfields Limited,Dipka Area,M/s Dipka Expansion Project South Eastern Coal Fields Limited Dipka Area,30-AUG-2026 16:27,30-AUG-2026 10:57,20.69,28.34,36.89,,0.09,site_5664,Thermo Fisher Scientific India Private Limited
South Eastern Coalfields Limited,Dipka Area,M/s Dipka Expansion Project South Eastern Coal Fields Limited Dipka Area,30-AUG-2026 16:26,30-AUG-2026 10:56,20.19,28.54,30.52,,0.19,site_5664,Thermo Fisher Scientific India Private Limited
South Eastern Coalfields Limited,Dipka Area,M/s Dipka Expansion Project South Eastern Coal Fields Limited Dipka Area,30-AUG-2026 16:26,30-AUG-2026 10:56,19.87,28.69,32.61,,0.17,site_5664,Thermo Fisher Scientific India Private Limited
South Eastern Coalfields Limited,Dipka Area,M/s Dipka Expansion Project South Eastern Coal Fields Limited Dipka Area,30-AUG-2026 16:25,30-AUG-2026 10:55,19.74,28.76,36.94,,0.27,site_5664,Thermo Fisher Scientific India Private Limited
South Eastern Coalfields Limited,"Gevra , Chattisgarh",SECL GEVRA,30-AUG-2026 16:25,30-AUG-2026 16:15,47.70,85.23,14.12,10.74,1.02,site_,Envea India Pvt Ltd
South Eastern Coalfields Limited,"Gevra , Chattisgarh",SECL GEVRA,30-AUG-2026 16:25,30-AUG-2026 16:15,47.70,85.23,14.12,10.74,1.02,site_,Envea India Pvt Ltd
South Eastern Coalfields Limited,"Gevra , Chattisgarh",SECL GEVRA,30-AUG-2026 16:25,30-AUG-2026 16:15,47.70,85.23,14.12,10.74,1.02,site_,Envea India Pvt Ltd
South Eastern Coalfields Limited,Dipka Area,M/s Dipka Expansion Project South Eastern Coal Fields Limited Dipka Area,30-AUG-2026 16:25,30-AUG-2026 10:55,19.73,28.67,37.36,,0.12,site_5664,Thermo Fisher Scientific India Private Limited
South Eastern Coalfields Limited,Dipka Area,M/s Dipka Expansion Project South Eastern Coal Fields Limited Dipka Area,30-AUG-2026 16:24,30-AUG-2026 10:54,19.63,28.42,29.82,,0.01,site_5664,Thermo Fisher Scientific India Private Limited
South Eastern Coalfields Limited,Dipka Area,M/s Dipka Expansion Project South Eastern Coal Fields Limited Dipka Area,30-AUG-2026 16:24,30-AUG-2026 10:54,19.57,28.04,37.45,,0.01,site_5664,Thermo Fisher Scientific India Private Limited
South Eastern Coalfields Limited,Dipka Area,M/s Dipka Expansion Project South Eastern Coal Fields Limited Dipka Area,30-AUG-2026 16:23,30-AUG-2026 10:53,19.50,27.56,34.28,,0.07,site_5664,Thermo Fisher Scientific India Private Limited
South Eastern Coalfields Limited,Dipka Area,M/s Dipka Expansion Project South Eastern Coal Fields Limited Dipka Area,30-AUG-2026 16:23,30-AUG-2026 10:53,19.49,27.04,35.78,,0.04,site_5664,Thermo Fisher Scientific India Private Limited
South Eastern Coalfields Limited,Dipka Area,M/s Dipka Expansion Project South Eastern Coal Fields Limited Dipka Area,30-AUG-2026 16:22,30-AUG-2026 10:52,19.57,26.46,35.81,,0.02,site_5664,Thermo Fisher Scientific India Private Limited
South Eastern Coalfields Limited,Dipka Area,M/s Dipka Expansion Project South Eastern Coal Fields Limited Dipka Area,30-AUG-2026 16:22,30-AUG-2026 10:52,19.72,25.94,30.01,,0.05,site_5664,Thermo Fisher Scientific India Private Limited
South Eastern Coalfields Limited,Dipka Area,M/s Dipka Expansion Project South Eastern Coal Fields Limited Dipka Area,30-AUG-2026 16:21,30-AUG-2026 10:51,20.04,25.27,30.15,,0.08,site_5664,Thermo Fisher Scientific India Private Limited
South Eastern Coalfields Limited,Dipka Area,M/s Dipka Expansion Project South Eastern Coal Fields Limited Dipka Area,30-AUG-2026 16:21,30-AUG-2026 10:51,20.25,24.70,29.82,,0.15,site_5664,Thermo Fisher Scientific India Private Limited
South Eastern Coalfields Limited,Dipka Area,M/s Dipka Expansion Project South Eastern Coal Fields Limited Dipka Area,30-AUG-2026 16:20,30-AUG-2026 10:50,20.52,24.15,31.74,,0.10,site_5664,Thermo Fisher Scientific India Private Limited
South Eastern Coalfields Limited,Dipka Area,M/s Dipka Expansion Project South Eastern Coal Fields Limited Dipka Area,30-AUG-2026 16:20,30-AUG-2026 10:50,20.76,23.61,34.45,,0.30,site_5664,Thermo Fisher Scientific India Private Limited
South Eastern Coalfields Limited,Dipka Area,M/s Dipka Expansion Project South Eastern Coal Fields Limited Dipka Area,30-AUG-2026 16:19,30-AUG-2026 10:49,20.84,23.05,31.07,,0.44,site_5664,Thermo Fisher Scientific India Private Limited
South Eastern Coalfields Limited,Dipka Area,M/s Dipka Expansion Project South Eastern Coal Fields Limited Dipka Area,30-AUG-2026 16:19,30-AUG-2026 10:49,20.77,22.50,38.32,,0.40,site_5664,Thermo Fisher Scientific India Private Limited
South Eastern Coalfields Limited,Dipka Area,M/s Dipka Expansion Project South Eastern Coal Fields Limited Dipka Area,30-AUG-2026 16:18,30-AUG-2026 10:48,20.71,22.01,34.60,,0.40,site_5664,Thermo Fisher Scientific India Private Limited
South Eastern Coalfields Limited,Dipka Area,M/s Dipka Expansion Project South Eastern Coal Fields Limited Dipka Area,30-AUG-2026 16:18,30-AUG-2026 10:48,20.78,21.64,30.05,,0.48,site_5664,Thermo Fisher Scientific India Private Limited
South Eastern Coalfields Limited,Dipka Area,M/s Dipka Expansion Project South Eastern Coal Fields Limited Dipka Area,30-AUG-2026 16:17,30-AUG-2026 10:47,20.94,21.18,36.53,,0.32,site_5664,Thermo Fisher Scientific India Private Limited
South Eastern Coalfields Limited,Dipka Area,M/s Dipka Expansion Project South Eastern Coal Fields Limited Dipka Area,30-AUG-2026 16:17,30-AUG-2026 10:47,20.91,20.79,34.19,,0.41,site_5664,Thermo Fisher Scientific India Private Limited
South Eastern Coalfields Limited,Dipka Area,M/s Dipka Expansion Project South Eastern Coal Fields Limited Dipka Area,30-AUG-2026 16:16,30-AUG-2026 10:46,20.78,20.19,35.15,,0.29,site_5664,Thermo Fisher Scientific India Private Limited
South Eastern Coalfields Limited,Dipka Area,M/s Dipka Expansion Project South Eastern Coal Fields Limited Dipka Area,30-AUG-2026 16:16,30-AUG-2026 10:46,20.63,19.59,30.78,,0.16,site_5664,Thermo Fisher Scientific India Private Limited
South Eastern Coalfields Limited,"Bilaspur, CHHATTISGARHr",South Eastern Coalfields  Limited - AQMS_H_Q,30-AUG-2026 16:15,30-AUG-2026 10:44,3.98,,15.12,230.14,0.32,site_5592,Swan Environ
South Eastern Coalfields Limited,Dipka Area,M/s Dipka Expansion Project South Eastern Coal Fields Limited Dipka Area,30-AUG-2026 16:15,30-AUG-2026 10:45,20.23,18.81,32.65,,0.04,site_5664,Thermo Fisher Scientific India Private Limited
South Eastern Coalfields Limited,Dipka Area,M/s Dipka Expansion Project South Eastern Coal Fields Limited Dipka Area,30-AUG-2026 16:15,30-AUG-2026 10:45,19.92,17.99,33.58,,0.00,site_5664,Thermo Fisher Scientific India Private Limited
South Eastern Coalfields Limited,Dipka Area,M/s Dipka Expansion Project South Eastern Coal Fields Limited Dipka Area,30-AUG-2026 16:14,30-AUG-2026 10:44,19.47,17.02,32.97,,0.00,site_5664,Thermo Fisher Scientific India Private Limited
South Eastern Coalfields Limited,Dipka Area,M/s Dipka Expansion Project South Eastern Coal Fields Limited Dipka Area,30-AUG-2026 16:14,30-AUG-2026 10:44,19.27,16.13,26.09,,0.00,site_5664,Thermo Fisher Scientific India Private Limited
South Eastern Coalfields Limited,Dipka Area,M/s Dipka Expansion Project South Eastern Coal Fields Limited Dipka Area,30-AUG-2026 16:13,30-AUG-2026 10:43,19.20,15.25,33.02,,0.00,site_5664,Thermo Fisher Scientific India Private Limited
South Eastern Coalfields Limited,Dipka Area,M/s Dipka Expansion Project South Eastern Coal Fields Limited Dipka Area,30-AUG-2026 16:13,30-AUG-2026 10:43,19.17,14.62,30.79,,0.00,site_5664,Thermo Fisher Scientific India Private Limited
South Eastern Coalfields Limited,Dipka Area,M/s Dipka Expansion Project South Eastern Coal Fields Limited Dipka Area,30-AUG-2026 16:12,30-AUG-2026 10:42,18.94,13.76,33.47,,0.00,site_5664,Thermo Fisher Scientific India Private Limited
South Eastern Coalfields Limited,Dipka Area,M/s Dipka Expansion Project South Eastern Coal Fields Limited Dipka Area,30-AUG-2026 16:12,30-AUG-2026 10:42,18.44,13.27,28.04,,0.00,site_5664,Thermo Fisher Scientific India Private Limited
South Eastern Coalfields Limited,Dipka Area,M/s Dipka Expansion Project South Eastern Coal Fields Limited Dipka Area,30-AUG-2026 16:11,30-AUG-2026 10:41,17.71,12.88,33.01,,0.00,site_5664,Thermo Fisher Scientific India Private Limited
South Eastern Coalfields Limited,Dipka Area,M/s Dipka Expansion Project South Eastern Coal Fields Limited Dipka Area,30-AUG-2026 16:11,30-AUG-2026 10:41,17.02,12.66,36.17,,0.00,site_5664,Thermo Fisher Scientific India Private Limited
South Eastern Coalfields Limited,Dipka Area,M/s Dipka Expansion Project South Eastern Coal Fields Limited Dipka Area,30-AUG-2026 16:10,30-AUG-2026 10:40,15.44,12.38,31.57,,0.00,site_5664,Thermo Fisher Scientific India Private Limited
South Eastern Coalfields Limited,"Gevra , Chattisgarh",SECL GEVRA,30-AUG-2026 16:10,30-AUG-2026 16:00,35.70,64.44,13.45,8.97,0.73,site_,Envea India Pvt Ltd
South Eastern Coalfields Limited,"Gevra , Chattisgarh",SECL GEVRA,30-AUG-2026 16:10,30-AUG-2026 16:00,35.70,64.44,13.45,8.97,0.73,site_,Envea India Pvt Ltd
South Eastern Coalfields Limited,"Gevra , Chattisgarh",SECL GEVRA,30-AUG-2026 16:10,30-AUG-2026 16:00,35.70,64.44,13.45,8.97,0.73,site_,Envea India Pvt Ltd
South Eastern Coalfields Limited,"Gevra , Chattisgarh",SECL GEVRA,30-AUG-2026 16:10,30-AUG-2026 16:00,35.70,64.44,13.45,8.97,0.73,site_,Envea India Pvt Ltd
South Eastern Coalfields Limited,Dipka Area,M/s Dipka Expansion Project South Eastern Coal Fields Limited Dipka Area,30-AUG-2026 16:10,30-AUG-2026 10:40,14.08,12.35,37.05,,0.00,site_5664,Thermo Fisher Scientific India Private Limited
South Eastern Coalfields Limited,Dipka Area,M/s Dipka Expansion Project South Eastern Coal Fields Limited Dipka Area,30-AUG-2026 16:09,30-AUG-2026 10:39,12.69,12.19,37.90,,0.00,site_5664,Thermo Fisher Scientific India Private Limited
South Eastern Coalfields Limited,Dipka Area,M/s Dipka Expansion Project South Eastern Coal Fields Limited Dipka Area,30-AUG-2026 16:09,30-AUG-2026 10:39,11.56,11.99,36.45,,0.00,site_5664,Thermo Fisher Scientific India Private Limited
South Eastern Coalfields Limited,Dipka Area,M/s Dipka Expansion Project South Eastern Coal Fields Limited Dipka Area,30-AUG-2026 16:08,30-AUG-2026 10:38,10.56,11.78,34.46,,0.00,site_5664,Thermo Fisher Scientific India Private Limited
South Eastern Coalfields Limited,Dipka Area,M/s Dipka Expansion Project South Eastern Coal Fields Limited Dipka Area,30-AUG-2026 16:08,30-AUG-2026 10:38,9.99,11.54,37.84,,0.00,site_5664,Thermo Fisher Scientific India Private Limited
South Eastern Coalfields Limited,Dipka Area,M/s Dipka Expansion Project South Eastern Coal Fields Limited Dipka Area,30-AUG-2026 16:07,30-AUG-2026 10:37,9.68,11.14,32.69,,0.05,site_5664,Thermo Fisher Scientific India Private Limited
South Eastern Coalfields Limited,Dipka Area,M/s Dipka Expansion Project South Eastern Coal Fields Limited Dipka Area,30-AUG-2026 16:07,30-AUG-2026 10:37,9.57,10.73,33.25,,0.05,site_5664,Thermo Fisher Scientific India Private Limited
South Eastern Coalfields Limited,Dipka Area,M/s Dipka Expansion Project South Eastern Coal Fields Limited Dipka Area,30-AUG-2026 16:06,30-AUG-2026 10:36,9.62,10.39,36.18,,0.09,site_5664,Thermo Fisher Scientific India Private Limited
South Eastern Coalfields Limited,Dipka Area,M/s Dipka Expansion Project South Eastern Coal Fields Limited Dipka Area,30-AUG-2026 16:06,30-AUG-2026 10:36,9.72,10.26,31.10,,0.13,site_5664,Thermo Fisher Scientific India Private Limited
South Eastern Coalfields Limited,Dipka Area,M/s Dipka Expansion Project South Eastern Coal Fields Limited Dipka Area,30-AUG-2026 16:05,30-AUG-2026 10:35,9.73,10.00,33.52,,0.11,site_5664,Thermo Fisher Scientific India Private Limited
South Eastern Coalfields Limited,Dipka Area,M/s Dipka Expansion Project South Eastern Coal Fields Limited Dipka Area,30-AUG-2026 16:05,30-AUG-2026 10:35,9.59,9.76,38.64,,0.18,site_5664,Thermo Fisher Scientific India Private Limited
South Eastern Coalfields Limited,Dipka Area,M/s Dipka Expansion Project South Eastern Coal Fields Limited Dipka Area,30-AUG-2026 16:04,30-AUG-2026 10:34,9.27,9.59,37.75,,0.08,site_5664,Thermo Fisher Scientific India Private Limited
South Eastern Coalfields Limited,Dipka Area,M/s Dipka Expansion Project South Eastern Coal Fields Limited Dipka Area,30-AUG-2026 16:04,30-AUG-2026 10:34,8.88,9.57,34.03,,0.13,site_5664,Thermo Fisher Scientific India Private Limited
South Eastern Coalfields Limited,Dipka Area,M/s Dipka Expansion Project South Eastern Coal Fields Limited Dipka Area,30-AUG-2026 16:03,30-AUG-2026 10:33,8.15,9.47,29.71,,0.16,site_5664,Thermo Fisher Scientific India Private Limited
South Eastern Coalfields Limited,Dipka Area,M/s Dipka Expansion Project South Eastern Coal Fields Limited Dipka Area,30-AUG-2026 16:03,30-AUG-2026 10:33,7.46,9.31,32.10,,0.14,site_5664,Thermo Fisher Scientific India Private Limited
South Eastern Coalfields Limited,Dipka Area,M/s Dipka Expansion Project South Eastern Coal Fields Limited Dipka Area,30-AUG-2026 16:02,30-AUG-2026 10:32,6.72,9.22,35.29,,0.07,site_5664,Thermo Fisher Scientific India Private Limited
South Eastern Coalfields Limited,Dipka Area,M/s Dipka Expansion Project South Eastern Coal Fields Limited Dipka Area,30-AUG-2026 16:02,30-AUG-2026 10:32,5.76,9.16,32.45,,0.12,site_5664,Thermo Fisher Scientific India Private Limited
South Eastern Coalfields Limited,Dipka Area,M/s Dipka Expansion Project South Eastern Coal Fields Limited Dipka Area,30-AUG-2026 16:01,30-AUG-2026 10:31,4.79,9.11,36.02,,0.28,site_5664,Thermo Fisher Scientific India Private Limited
South Eastern Coalfields Limited,Dipka Area,M/s Dipka Expansion Project South Eastern Coal Fields Limited Dipka Area,30-AUG-2026 16:01,30-AUG-2026 10:31,4.00,9.07,36.34,,0.30,site_5664,Thermo Fisher Scientific India Private Limited
South Eastern Coalfields Limited,"Bilaspur, CHHATTISGARHr",South Eastern Coalfields  Limited - AQMS_H_Q,30-AUG-2026 16:00,30-AUG-2026 10:30,3.91,,13.89,271.78,0.77,site_5592,Swan Environ
South Eastern Coalfields Limited,Dipka Area,M/s Dipka Expansion Project South Eastern Coal Fields Limited Dipka Area,30-AUG-2026 16:00,30-AUG-2026 10:30,3.28,9.09,37.36,,0.29,site_5664,Thermo Fisher Scientific India Private Limited
South Eastern Coalfields Limited,Dipka Area,M/s Dipka Expansion Project South Eastern Coal Fields Limited Dipka Area,30-AUG-2026 15:59,30-AUG-2026 10:29,2.15,9.13,34.23,,0.41,site_5664,Thermo Fisher Scientific India Private Limited
South Eastern Coalfields Limited,Dipka Area,M/s Dipka Expansion Project South Eastern Coal Fields Limited Dipka Area,30-AUG-2026 15:59,30-AUG-2026 10:29,1.66,9.16,36.97,,0.34,site_5664,Thermo Fisher Scientific India Private Limited
South Eastern Coalfields Limited,Dipka Area,M/s Dipka Expansion Project South Eastern Coal Fields Limited Dipka Area,30-AUG-2026 15:58,30-AUG-2026 10:28,1.13,9.16,32.55,,0.39,site_5664,Thermo Fisher Scientific India Private Limited
South Eastern Coalfields Limited,Dipka Area,M/s Dipka Expansion Project South Eastern Coal Fields Limited Dipka Area,30-AUG-2026 15:58,30-AUG-2026 10:28,0.66,9.17,33.52,,0.35,site_5664,Thermo Fisher Scientific India Private Limited
South Eastern Coalfields Limited,Dipka Area,M/s Dipka Expansion Project South Eastern Coal Fields Limited Dipka Area,30-AUG-2026 15:57,30-AUG-2026 10:27,0.31,9.16,37.16,,0.35,site_5664,Thermo Fisher Scientific India Private Limited
South Eastern Coalfields Limited,Dipka Area,M/s Dipka Expansion Project South Eastern Coal Fields Limited Dipka Area,30-AUG-2026 15:57,30-AUG-2026 10:27,0.10,9.11,35.87,,0.31,site_5664,Thermo Fisher Scientific India Private Limited
South Eastern Coalfields Limited,Dipka Area,M/s Dipka Expansion Project South Eastern Coal Fields Limited Dipka Area,30-AUG-2026 15:56,30-AUG-2026 10:26,0.06,9.02,29.28,,0.14,site_5664,Thermo Fisher Scientific India Private Limited
South Eastern Coalfields Limited,Dipka Area,M/s Dipka Expansion Project South Eastern Coal Fields Limited Dipka Area,30-AUG-2026 15:56,30-AUG-2026 10:26,0.07,8.86,39.89,,0.12,site_5664,Thermo Fisher Scientific India Private Limited
South Eastern Coalfields Limited,Dipka Area,M/s Dipka Expansion Project South Eastern Coal Fields Limited Dipka Area,30-AUG-2026 15:55,30-AUG-2026 10:25,0.35,8.74,34.35,,0.26,site_5664,Thermo Fisher Scientific India Private Limited
South Eastern Coalfields Limited,"Gevra , Chattisgarh",SECL GEVRA,30-AUG-2026 15:55,30-AUG-2026 15:45,38.20,68.81,13.59,9.34,0.79,site_,Envea India Pvt Ltd
South Eastern Coalfields Limited,"Gevra , Chattisgarh",SECL GEVRA,30-AUG-2026 15:55,30-AUG-2026 15:45,38.20,68.81,13.59,9.34,0.79,site_,Envea India Pvt Ltd
South Eastern Coalfields Limited,"Gevra , Chattisgarh",SECL GEVRA,30-AUG-2026 15:55,30-AUG-2026 15:45,38.20,68.81,13.59,9.34,0.79,site_,Envea India Pvt Ltd
South Eastern Coalfields Limited,"Gevra , Chattisgarh",SECL GEVRA,30-AUG-2026 15:55,30-AUG-2026 15:45,38.20,68.81,13.59,9.34,0.79,site_,Envea India Pvt Ltd
South Eastern Coalfields Limited,Dipka Area,M/s Dipka Expansion Project South Eastern Coal Fields Limited Dipka Area,30-AUG-2026 15:55,30-AUG-2026 10:25,0.75,8.53,33.29,,0.25,site_5664,Thermo Fisher Scientific India Private Limited
South Eastern Coalfields Limited,Dipka Area,M/s Dipka Expansion Project South Eastern Coal Fields Limited Dipka Area,30-AUG-2026 15:54,30-AUG-2026 10:24,1.10,8.29,32.91,,0.25,site_5664,Thermo Fisher Scientific India Private Limited
South Eastern Coalfields Limited,Dipka Area,M/s Dipka Expansion Project South Eastern Coal Fields Limited Dipka Area,30-AUG-2026 15:54,30-AUG-2026 10:24,1.53,8.19,33.73,,0.39,site_5664,Thermo Fisher Scientific India Private Limited
South Eastern Coalfields Limited,Dipka Area,M/s Dipka Expansion Project South Eastern Coal Fields Limited Dipka Area,30-AUG-2026 15:53,30-AUG-2026 10:23,2.00,8.16,38.68,,0.30,site_5664,Thermo Fisher Scientific India Private Limited
South Eastern Coalfields Limited,Dipka Area,M/s Dipka Expansion Project South Eastern Coal Fields Limited Dipka Area,30-AUG-2026 15:53,30-AUG-2026 10:23,2.46,8.19,38.11,,0.34,site_5664,Thermo Fisher Scientific India Private Limited
South Eastern Coalfields Limited,Dipka Area,M/s Dipka Expansion Project South Eastern Coal Fields Limited Dipka Area,30-AUG-2026 15:52,30-AUG-2026 10:22,2.97,8.26,33.73,,0.45,site_5664,Thermo Fisher Scientific India Private Limited
South Eastern Coalfields Limited,Dipka Area,M/s Dipka Expansion Project South Eastern Coal Fields Limited Dipka Area,30-AUG-2026 15:52,30-AUG-2026 10:22,3.35,8.38,31.48,,0.48,site_5664,Thermo Fisher Scientific India Private Limited
South Eastern Coalfields Limited,Dipka Area,M/s Dipka Expansion Project South Eastern Coal Fields Limited Dipka Area,30-AUG-2026 15:51,30-AUG-2026 10:21,3.85,8.45,34.75,,0.51,site_5664,Thermo Fisher Scientific India Private Limited
South Eastern Coalfields Limited,Dipka Area,M/s Dipka Expansion Project South Eastern Coal Fields Limited Dipka Area,30-AUG-2026 15:51,30-AUG-2026 10:21,4.26,8.45,30.26,,0.46,site_5664,Thermo Fisher Scientific India Private Limited
South Eastern Coalfields Limited,Dipka Area,M/s Dipka Expansion Project South Eastern Coal Fields Limited Dipka Area,30-AUG-2026 15:50,30-AUG-2026 10:20,4.83,8.47,33.31,,0.51,site_5664,Thermo Fisher Scientific India Private Limited
South Eastern Coalfields Limited,Dipka Area,M/s Dipka Expansion Project South Eastern Coal Fields Limited Dipka Area,30-AUG-2026 15:50,30-AUG-2026 10:20,5.36,8.48,34.61,,0.45,site_5664,Thermo Fisher Scientific India Private Limited
South Eastern Coalfields Limited,Dipka Area,M/s Dipka Expansion Project South Eastern Coal Fields Limited Dipka Area,30-AUG-2026 15:49,30-AUG-2026 10:19,5.83,8.48,29.71,,0.33,site_5664,Thermo Fisher Scientific India Private Limited
South Eastern Coalfields Limited,Dipka Area,M/s Dipka Expansion Project South Eastern Coal Fields Limited Dipka Area,30-AUG-2026 15:49,30-AUG-2026 10:19,6.00,8.48,27.59,,0.24,site_5664,Thermo Fisher Scientific India Private Limited
South Eastern Coalfields Limited,Dipka Area,M/s Dipka Expansion Project South Eastern Coal Fields Limited Dipka Area,30-AUG-2026 15:48,30-AUG-2026 10:18,6.17,8.45,34.20,,0.34,site_5664,Thermo Fisher Scientific India Private Limited
South Eastern Coalfields Limited,Dipka Area,M/s Dipka Expansion Project South Eastern Coal Fields Limited Dipka Area,30-AUG-2026 15:48,30-AUG-2026 10:18,6.24,8.35,30.60,,0.32,site_5664,Thermo Fisher Scientific India Private Limited
South Eastern Coalfields Limited,Dipka Area,M/s Dipka Expansion Project South Eastern Coal Fields Limited Dipka Area,30-AUG-2026 15:47,30-AUG-2026 10:17,6.27,8.12,27.34,,0.25,site_5664,Thermo Fisher Scientific India Private Limited
South Eastern Coalfields Limited,Dipka Area,M/s Dipka Expansion Project South Eastern Coal Fields Limited Dipka Area,30-AUG-2026 15:47,30-AUG-2026 10:17,6.25,7.97,33.27,,0.11,site_5664,Thermo Fisher Scientific India Private Limited
South Eastern Coalfields Limited,Dipka Area,M/s Dipka Expansion Project South Eastern Coal Fields Limited Dipka Area,30-AUG-2026 15:46,30-AUG-2026 10:16,6.15,7.85,34.91,,0.08,site_5664,Thermo Fisher Scientific India Private Limited
South Eastern Coalfields Limited,Dipka Area,M/s Dipka Expansion Project South Eastern Coal Fields Limited Dipka Area,30-AUG-2026 15:46,30-AUG-2026 10:16,6.32,7.78,28.50,,0.01,site_5664,Thermo Fisher Scientific India Private Limited
South Eastern Coalfields Limited,Dipka Area,M/s Dipka Expansion Project South Eastern Coal Fields Limited Dipka Area,30-AUG-2026 15:45,30-AUG-2026 10:15,6.57,7.85,29.44,,0.00,site_5664,Thermo Fisher Scientific India Private Limited
South Eastern Coalfields Limited,Dipka Area,M/s Dipka Expansion Project South Eastern Coal Fields Limited Dipka Area,30-AUG-2026 15:45,30-AUG-2026 10:15,6.77,7.99,31.48,,0.00,site_5664,Thermo Fisher Scientific India Private Limited
South Eastern Coalfields Limited,"Bilaspur, CHHATTISGARHr",South Eastern Coalfields  Limited - AQMS_H_Q,30-AUG-2026 15:45,30-AUG-2026 10:14,3.80,,13.47,0.00,0.00,site_5592,Swan Environ
South Eastern Coalfields Limited,Dipka Area,M/s Dipka Expansion Project South Eastern Coal Fields Limited Dipka Area,30-AUG-2026 15:44,30-AUG-2026 10:14,6.68,8.27,31.82,,0.00,site_5664,Thermo Fisher Scientific India Private Limited
South Eastern Coalfields Limited,Dipka Area,M/s Dipka Expansion Project South Eastern Coal Fields Limited Dipka Area,30-AUG-2026 15:44,30-AUG-2026 10:14,6.50,8.57,30.57,,0.00,site_5664,Thermo Fisher Scientific India Private Limited
South Eastern Coalfields Limited,Dipka Area,M/s Dipka Expansion Project South Eastern Coal Fields Limited Dipka Area,30-AUG-2026 15:43,30-AUG-2026 10:13,6.15,9.01,29.55,,0.00,site_5664,Thermo Fisher Scientific India Private Limited
South Eastern Coalfields Limited,Dipka Area,M/s Dipka Expansion Project South Eastern Coal Fields Limited Dipka Area,30-AUG-2026 15:43,30-AUG-2026 10:13,5.95,9.35,37.53,,0.00,site_5664,Thermo Fisher Scientific India Private Limited
South Eastern Coalfields Limited,Dipka Area,M/s Dipka Expansion Project South Eastern Coal Fields Limited Dipka Area,30-AUG-2026 15:42,30-AUG-2026 10:12,5.56,9.74,31.47,,0.00,site_5664,Thermo Fisher Scientific India Private Limited
South Eastern Coalfields Limited,Dipka Area,M/s Dipka Expansion Project South Eastern Coal Fields Limited Dipka Area,30-AUG-2026 15:42,30-AUG-2026 10:12,5.10,10.14,32.95,,0.00,site_5664,Thermo Fisher Scientific India Private Limited
South Eastern Coalfields Limited,Dipka Area,M/s Dipka Expansion Project South Eastern Coal Fields Limited Dipka Area,30-AUG-2026 15:41,30-AUG-2026 10:11,4.91,10.58,31.79,,0.00,site_5664,Thermo Fisher Scientific India Private Limited
South Eastern Coalfields Limited,Dipka Area,M/s Dipka Expansion Project South Eastern Coal Fields Limited Dipka Area,30-AUG-2026 15:41,30-AUG-2026 10:11,4.96,10.92,28.98,,0.00,site_5664,Thermo Fisher Scientific India Private Limited
South Eastern Coalfields Limited,Dipka Area,M/s Dipka Expansion Project South Eastern Coal Fields Limited Dipka Area,30-AUG-2026 15:40,30-AUG-2026 10:10,5.12,11.27,33.86,,0.00,site_5664,Thermo Fisher Scientific India Private Limited
South Eastern Coalfields Limited,"Gevra , Chattisgarh",SECL GEVRA,30-AUG-2026 15:40,30-AUG-2026 15:30,37.90,68.26,13.57,9.29,0.78,site_,Envea India Pvt Ltd
South Eastern Coalfields Limited,"Gevra , Chattisgarh",SECL GEVRA,30-AUG-2026 15:40,30-AUG-2026 15:30,37.90,68.26,13.57,9.29,0.78,site_,Envea India Pvt Ltd
South Eastern Coalfields Limited,Dipka Area,M/s Dipka Expansion Project South Eastern Coal Fields Limited Dipka Area,30-AUG-2026 15:40,30-AUG-2026 10:10,5.18,11.58,30.75,,0.00,site_5664,Thermo Fisher Scientific India Private Limited
South Eastern Coalfields Limited,Dipka Area,M/s Dipka Expansion Project South Eastern Coal Fields Limited Dipka Area,30-AUG-2026 15:39,30-AUG-2026 10:09,5.25,11.84,30.71,,0.07,site_5664,Thermo Fisher Scientific India Private Limited
South Eastern Coalfields Limited,Dipka Area,M/s Dipka Expansion Project South Eastern Coal Fields Limited Dipka Area,30-AUG-2026 15:39,30-AUG-2026 10:09,5.37,11.95,29.65,,0.07,site_5664,Thermo Fisher Scientific India Private Limited
South Eastern Coalfields Limited,Dipka Area,M/s Dipka Expansion Project South Eastern Coal Fields Limited Dipka Area,30-AUG-2026 15:38,30-AUG-2026 10:08,5.50,12.05,35.65,,0.05,site_5664,Thermo Fisher Scientific India Private Limited
South Eastern Coalfields Limited,Dipka Area,M/s Dipka Expansion Project South Eastern Coal Fields Limited Dipka Area,30-AUG-2026 15:38,30-AUG-2026 10:08,5.46,12.17,35.71,,0.11,site_5664,Thermo Fisher Scientific India Private Limited
South Eastern Coalfields Limited,Dipka Area,M/s Dipka Expansion Project South Eastern Coal Fields Limited Dipka Area,30-AUG-2026 15:37,30-AUG-2026 10:07,5.59,12.32,28.50,,0.11,site_5664,Thermo Fisher Scientific India Private Limited
South Eastern Coalfields Limited,Dipka Area,M/s Dipka Expansion Project South Eastern Coal Fields Limited Dipka Area,30-AUG-2026 15:37,30-AUG-2026 10:07,5.64,12.51,31.73,,0.12,site_5664,Thermo Fisher Scientific India Private Limited
South Eastern Coalfields Limited,Dipka Area,M/s Dipka Expansion Project South Eastern Coal Fields Limited Dipka Area,30-AUG-2026 15:36,30-AUG-2026 10:06,5.74,12.82,31.27,,0.08,site_5664,Thermo Fisher Scientific India Private Limited
South Eastern Coalfields Limited,Dipka Area,M/s Dipka Expansion Project South Eastern Coal Fields Limited Dipka Area,30-AUG-2026 15:36,30-AUG-2026 10:06,5.82,13.05,33.33,,0.13,site_5664,Thermo Fisher Scientific India Private Limited
South Eastern Coalfields Limited,Dipka Area,M/s Dipka Expansion Project South Eastern Coal Fields Limited Dipka Area,30-AUG-2026 15:35,30-AUG-2026 10:05,5.77,13.38,33.43,,0.19,site_5664,Thermo Fisher Scientific India Private Limited
South Eastern Coalfields Limited,Dipka Area,M/s Dipka Expansion Project South Eastern Coal Fields Limited Dipka Area,30-AUG-2026 15:35,30-AUG-2026 10:05,5.70,13.54,30.17,,0.14,site_5664,Thermo Fisher Scientific India Private Limited
South Eastern Coalfields Limited,Dipka Area,M/s Dipka Expansion Project South Eastern Coal Fields Limited Dipka Area,30-AUG-2026 15:34,30-AUG-2026 10:04,5.45,13.71,31.09,,0.00,site_5664,Thermo Fisher Scientific India Private Limited
South Eastern Coalfields Limited,Dipka Area,M/s Dipka Expansion Project South Eastern Coal Fields Limited Dipka Area,30-AUG-2026 15:34,30-AUG-2026 10:04,5.30,13.76,31.79,,0.00,site_5664,Thermo Fisher Scientific India Private Limited
South Eastern Coalfields Limited,Dipka Area,M/s Dipka Expansion Project South Eastern Coal Fields Limited Dipka Area,30-AUG-2026 15:33,30-AUG-2026 10:03,5.14,13.79,34.53,,0.08,site_5664,Thermo Fisher Scientific India Private Limited
South Eastern Coalfields Limited,Dipka Area,M/s Dipka Expansion Project South Eastern Coal Fields Limited Dipka Area,30-AUG-2026 15:33,30-AUG-2026 10:03,5.04,13.77,38.19,,0.00,site_5664,Thermo Fisher Scientific India Private Limited
South Eastern Coalfields Limited,Dipka Area,M/s Dipka Expansion Project South Eastern Coal Fields Limited Dipka Area,30-AUG-2026 15:32,30-AUG-2026 10:02,5.03,13.80,32.48,,0.00,site_5664,Thermo Fisher Scientific India Private Limited
South Eastern Coalfields Limited,Dipka Area,M/s Dipka Expansion Project South Eastern Coal Fields Limited Dipka Area,30-AUG-2026 15:32,30-AUG-2026 10:02,5.09,13.76,37.60,,0.00,site_5664,Thermo Fisher Scientific India Private Limited
South Eastern Coalfields Limited,Dipka Area,M/s Dipka Expansion Project South Eastern Coal Fields Limited Dipka Area,30-AUG-2026 15:31,30-AUG-2026 10:01,5.32,13.65,32.99,,0.00,site_5664,Thermo Fisher Scientific India Private Limited
South Eastern Coalfields Limited,Dipka Area,M/s Dipka Expansion Project South Eastern Coal Fields Limited Dipka Area,30-AUG-2026 15:31,30-AUG-2026 10:01,5.44,13.54,32.00,,0.00,site_5664,Thermo Fisher Scientific India Private Limited
South Eastern Coalfields Limited,Dipka Area,M/s Dipka Expansion Project South Eastern Coal Fields Limited Dipka Area,30-AUG-2026 15:30,30-AUG-2026 10:00,5.46,13.38,30.48,,0.00,site_5664,Thermo Fisher Scientific India Private Limited
South Eastern Coalfields Limited,"Bilaspur, CHHATTISGARHr",South Eastern Coalfields  Limited - AQMS_H_Q,30-AUG-2026 15:30,30-AUG-2026 09:59,3.66,,13.87,271.09,0.69,site_5592,Swan Environ
South Eastern Coalfields Limited,Dipka Area,M/s Dipka Expansion Project South Eastern Coal Fields Limited Dipka Area,30-AUG-2026 15:30,30-AUG-2026 10:00,5.29,13.33,38.27,,0.00,site_5664,Thermo Fisher Scientific India Private Limited
South Eastern Coalfields Limited,Dipka Area,M/s Dipka Expansion Project South Eastern Coal Fields Limited Dipka Area,30-AUG-2026 15:29,30-AUG-2026 09:59,4.89,13.30,28.62,,0.00,site_5664,Thermo Fisher Scientific India Private Limited
South Eastern Coalfields Limited,Dipka Area,M/s Dipka Expansion Project South Eastern Coal Fields Limited Dipka Area,30-AUG-2026 15:29,30-AUG-2026 09:59,4.68,13.31,36.80,,0.00,site_5664,Thermo Fisher Scientific India Private Limited
South Eastern Coalfields Limited,Dipka Area,M/s Dipka Expansion Project South Eastern Coal Fields Limited Dipka Area,30-AUG-2026 15:28,30-AUG-2026 09:58,3.94,13.46,37.62,,0.00,site_5664,Thermo Fisher Scientific India Private Limited
South Eastern Coalfields Limited,Dipka Area,M/s Dipka Expansion Project South Eastern Coal Fields Limited Dipka Area,30-AUG-2026 15:28,30-AUG-2026 09:58,3.50,13.69,37.86,,0.00,site_5664,Thermo Fisher Scientific India Private Limited
South Eastern Coalfields Limited,Dipka Area,M/s Dipka Expansion Project South Eastern Coal Fields Limited Dipka Area,30-AUG-2026 15:27,30-AUG-2026 09:57,3.18,14.03,38.09,,0.00,site_5664,Thermo Fisher Scientific India Private Limited
South Eastern Coalfields Limited,Dipka Area,M/s Dipka Expansion Project South Eastern Coal Fields Limited Dipka Area,30-AUG-2026 15:27,30-AUG-2026 09:57,2.95,14.34,37.69,,0.00,site_5664,Thermo Fisher Scientific India Private Limited
South Eastern Coalfields Limited,Dipka Area,M/s Dipka Expansion Project South Eastern Coal Fields Limited Dipka Area,30-AUG-2026 15:26,30-AUG-2026 09:56,2.70,14.73,34.99,,0.05,site_5664,Thermo Fisher Scientific India Private Limited
South Eastern Coalfields Limited,Dipka Area,M/s Dipka Expansion Project South Eastern Coal Fields Limited Dipka Area,30-AUG-2026 15:26,30-AUG-2026 09:56,2.63,15.18,38.78,,0.02,site_5664,Thermo Fisher Scientific India Private Limited
South Eastern Coalfields Limited,Dipka Area,M/s Dipka Expansion Project South Eastern Coal Fields Limited Dipka Area,30-AUG-2026 15:25,30-AUG-2026 09:55,2.80,15.48,32.04,,0.12,site_5664,Thermo Fisher Scientific India Private Limited
South Eastern Coalfields Limited,"Gevra , Chattisgarh",SECL GEVRA,30-AUG-2026 15:25,30-AUG-2026 15:15,48.90,87.31,14.18,10.91,1.04,site_,Envea India Pvt Ltd
South Eastern Coalfields Limited,"Gevra , Chattisgarh",SECL GEVRA,30-AUG-2026 15:25,30-AUG-2026 15:15,48.90,87.31,14.18,10.91,1.04,site_,Envea India Pvt Ltd
South Eastern Coalfields Limited,"Gevra , Chattisgarh",SECL GEVRA,30-AUG-2026 15:25,30-AUG-2026 15:15,48.90,87.31,14.18,10.91,1.04,site_,Envea India Pvt Ltd
South Eastern Coalfields Limited,"Gevra , Chattisgarh",SECL GEVRA,30-AUG-2026 15:25,30-AUG-2026 15:15,48.90,87.31,14.18,10.91,1.04,site_,Envea India Pvt Ltd
South Eastern Coalfields Limited,Dipka Area,M/s Dipka Expansion Project South Eastern Coal Fields Limited Dipka Area,30-AUG-2026 15:25,30-AUG-2026 09:55,2.95,15.60,33.72,,0.16,site_5664,Thermo Fisher Scientific India Private Limited
South Eastern Coalfields Limited,Dipka Area,M/s Dipka Expansion Project South Eastern Coal Fields Limited Dipka Area,30-AUG-2026 15:24,30-AUG-2026 09:54,3.16,15.42,30.61,,0.19,site_5664,Thermo Fisher Scientific India Private Limited
South Eastern Coalfields Limited,Dipka Area,M/s Dipka Expansion Project South Eastern Coal Fields Limited Dipka Area,30-AUG-2026 15:24,30-AUG-2026 09:54,3.44,15.17,35.49,,0.21,site_5664,Thermo Fisher Scientific India Private Limited
South Eastern Coalfields Limited,Dipka Area,M/s Dipka Expansion Project South Eastern Coal Fields Limited Dipka Area,30-AUG-2026 15:23,30-AUG-2026 09:53,3.82,14.77,33.21,,0.29,site_5664,Thermo Fisher Scientific India Private Limited
South Eastern Coalfields Limited,Dipka Area,M/s Dipka Expansion Project South Eastern Coal Fields Limited Dipka Area,30-AUG-2026 15:23,30-AUG-2026 09:53,3.95,14.40,36.04,,0.26,site_5664,Thermo Fisher Scientific India Private Limited
South Eastern Coalfields Limited,Dipka Area,M/s Dipka Expansion Project South Eastern Coal Fields Limited Dipka Area,30-AUG-2026 15:22,30-AUG-2026 09:52,3.96,14.07,35.73,,0.18,site_5664,Thermo Fisher Scientific India Private Limited
South Eastern Coalfields Limited,Dipka Area,M/s Dipka Expansion Project South Eastern Coal Fields Limited Dipka Area,30-AUG-2026 15:22,30-AUG-2026 09:52,4.03,13.87,39.48,,0.14,site_5664,Thermo Fisher Scientific India Private Limited
South Eastern Coalfields Limited,Dipka Area,M/s Dipka Expansion Project South Eastern Coal Fields Limited Dipka Area,30-AUG-2026 15:21,30-AUG-2026 09:51,4.21,13.64,33.58,,0.04,site_5664,Thermo Fisher Scientific India Private Limited
South Eastern Coalfields Limited,Dipka Area,M/s Dipka Expansion Project South Eastern Coal Fields Limited Dipka Area,30-AUG-2026 15:21,30-AUG-2026 09:51,4.16,13.59,36.09,,0.07,site_5664,Thermo Fisher Scientific India Private Limited
South Eastern Coalfields Limited,Dipka Area,M/s Dipka Expansion Project South Eastern Coal Fields Limited Dipka Area,30-AUG-2026 15:20,30-AUG-2026 09:50,4.03,13.62,29.08,,0.00,site_5664,Thermo Fisher Scientific India Private Limited
South Eastern Coalfields Limited,Dipka Area,M/s Dipka Expansion Project South Eastern Coal Fields Limited Dipka Area,30-AUG-2026 15:20,30-AUG-2026 09:50,3.97,13.69,40.15,,0.00,site_5664,Thermo Fisher Scientific India Private Limited
South Eastern Coalfields Limited,Dipka Area,M/s Dipka Expansion Project South Eastern Coal Fields Limited Dipka Area,30-AUG-2026 15:19,30-AUG-2026 09:49,3.93,13.75,35.60,,0.00,site_5664,Thermo Fisher Scientific India Private Limited
South Eastern Coalfields Limited,Dipka Area,M/s Dipka Expansion Project South Eastern Coal Fields Limited Dipka Area,30-AUG-2026 15:19,30-AUG-2026 09:49,3.87,13.75,40.32,,0.00,site_5664,Thermo Fisher Scientific India Private Limited
South Eastern Coalfields Limited,Dipka Area,M/s Dipka Expansion Project South Eastern Coal Fields Limited Dipka Area,30-AUG-2026 15:18,30-AUG-2026 09:48,3.71,13.82,33.45,,0.00,site_5664,Thermo Fisher Scientific India Private Limited
South Eastern Coalfields Limited,Dipka Area,M/s Dipka Expansion Project South Eastern Coal Fields Limited Dipka Area,30-AUG-2026 15:18,30-AUG-2026 09:48,3.90,13.84,38.70,,0.00,site_5664,Thermo Fisher Scientific India Private Limited
South Eastern Coalfields Limited,Dipka Area,M/s Dipka Expansion Project South Eastern Coal Fields Limited Dipka Area,30-AUG-2026 15:17,30-AUG-2026 09:47,4.39,13.74,37.45,,0.00,site_5664,Thermo Fisher Scientific India Private Limited
South Eastern Coalfields Limited,Dipka Area,M/s Dipka Expansion Project South Eastern Coal Fields Limited Dipka Area,30-AUG-2026 15:17,30-AUG-2026 09:47,4.83,13.65,38.19,,0.00,site_5664,Thermo Fisher Scientific India Private Limited
South Eastern Coalfields Limited,Dipka Area,M/s Dipka Expansion Project South Eastern Coal Fields Limited Dipka Area,30-AUG-2026 15:16,30-AUG-2026 09:46,5.24,13.71,31.87,,0.00,site_5664,Thermo Fisher Scientific India Private Limited
South Eastern Coalfields Limited,Dipka Area,M/s Dipka Expansion Project South Eastern Coal Fields Limited Dipka Area,30-AUG-2026 15:16,30-AUG-2026 09:46,5.42,13.89,31.81,,0.00,site_5664,Thermo Fisher Scientific India Private Limited
South Eastern Coalfields Limited,Dipka Area,M/s Dipka Expansion Project South Eastern Coal Fields Limited Dipka Area,30-AUG-2026 15:15,30-AUG-2026 09:45,5.51,14.24,34.51,,0.02,site_5664,Thermo Fisher Scientific India Private Limited
South Eastern Coalfields Limited,"Bilaspur, CHHATTISGARHr",South Eastern Coalfields  Limited - AQMS_H_Q,30-AUG-2026 15:15,30-AUG-2026 09:44,3.64,,14.86,268.67,0.76,site_5592,Swan Environ
South Eastern Coalfields Limited,Dipka Area,M/s Dipka Expansion Project South Eastern Coal Fields Limited Dipka Area,30-AUG-2026 15:15,30-AUG-2026 09:45,5.49,14.56,36.28,,0.05,site_5664,Thermo Fisher Scientific India Private Limited
South Eastern Coalfields Limited,Dipka Area,M/s Dipka Expansion Project South Eastern Coal Fields Limited Dipka Area,30-AUG-2026 15:14,30-AUG-2026 09:44,5.36,14.91,35.57,,0.12,site_5664,Thermo Fisher Scientific India Private Limited
South Eastern Coalfields Limited,Dipka Area,M/s Dipka Expansion Project South Eastern Coal Fields Limited Dipka Area,30-AUG-2026 15:14,30-AUG-2026 09:44,5.29,15.27,34.46,,0.02,site_5664,Thermo Fisher Scientific India Private Limited
South Eastern Coalfields Limited,Dipka Area,M/s Dipka Expansion Project South Eastern Coal Fields Limited Dipka Area,30-AUG-2026 15:13,30-AUG-2026 09:43,5.11,15.52,35.39,,0.06,site_5664,Thermo Fisher Scientific India Private Limited
South Eastern Coalfields Limited,Dipka Area,M/s Dipka Expansion Project South Eastern Coal Fields Limited Dipka Area,30-AUG-2026 15:13,30-AUG-2026 09:43,5.15,15.68,34.51,,0.05,site_5664,Thermo Fisher Scientific India Private Limited
South Eastern Coalfields Limited,Dipka Area,M/s Dipka Expansion Project South Eastern Coal Fields Limited Dipka Area,30-AUG-2026 15:12,30-AUG-2026 09:42,5.32,15.73,37.11,,0.07,site_5664,Thermo Fisher Scientific India Private Limited
South Eastern Coalfields Limited,Dipka Area,M/s Dipka Expansion Project South Eastern Coal Fields Limited Dipka Area,30-AUG-2026 15:12,30-AUG-2026 09:42,5.39,15.84,32.32,,0.03,site_5664,Thermo Fisher Scientific India Private Limited
South Eastern Coalfields Limited,Dipka Area,M/s Dipka Expansion Project South Eastern Coal Fields Limited Dipka Area,30-AUG-2026 15:11,30-AUG-2026 09:41,5.57,15.95,33.20,,0.11,site_5664,Thermo Fisher Scientific India Private Limited
South Eastern Coalfields Limited,Dipka Area,M/s Dipka Expansion Project South Eastern Coal Fields Limited Dipka Area,30-AUG-2026 15:11,30-AUG-2026 09:41,5.62,15.95,41.10,,0.10,site_5664,Thermo Fisher Scientific India Private Limited
South Eastern Coalfields Limited,Dipka Area,M/s Dipka Expansion Project South Eastern Coal Fields Limited Dipka Area,30-AUG-2026 15:10,30-AUG-2026 09:40,5.86,15.99,31.44,,0.07,site_5664,Thermo Fisher Scientific India Private Limited
South Eastern Coalfields Limited,"Gevra , Chattisgarh",SECL GEVRA,30-AUG-2026 15:10,30-AUG-2026 15:00,26.40,48.27,12.93,7.59,0.51,site_,Envea India Pvt Ltd
South Eastern Coalfields Limited,"Gevra , Chattisgarh",SECL GEVRA,30-AUG-2026 15:10,30-AUG-2026 15:00,26.40,48.27,12.93,7.59,0.51,site_,Envea India Pvt Ltd
South Eastern Coalfields Limited,Dipka Area,M/s Dipka Expansion Project South Eastern Coal Fields Limited Dipka Area,30-AUG-2026 15:10,30-AUG-2026 09:40,6.23,15.98,41.46,,0.06,site_5664,Thermo Fisher Scientific India Private Limited
South Eastern Coalfields Limited,Dipka Area,M/s Dipka Expansion Project South Eastern Coal Fields Limited Dipka Area,30-AUG-2026 15:09,30-AUG-2026 09:39,6.61,15.94,35.80,,0.00,site_5664,Thermo Fisher Scientific India Private Limited
South Eastern Coalfields Limited,Dipka Area,M/s Dipka Expansion Project South Eastern Coal Fields Limited Dipka Area,30-AUG-2026 15:09,30-AUG-2026 09:39,7.02,15.88,34.23,,0.12,site_5664,Thermo Fisher Scientific India Private Limited
South Eastern Coalfields Limited,Dipka Area,M/s Dipka Expansion Project South Eastern Coal Fields Limited Dipka Area,30-AUG-2026 15:08,30-AUG-2026 09:38,7.38,15.97,34.46,,0.05,site_5664,Thermo Fisher Scientific India Private Limited
South Eastern Coalfields Limited,Dipka Area,M/s Dipka Expansion Project South Eastern Coal Fields Limited Dipka Area,30-AUG-2026 15:08,30-AUG-2026 09:38,7.69,16.09,35.72,,0.03,site_5664,Thermo Fisher Scientific India Private Limited
South Eastern Coalfields Limited,Dipka Area,M/s Dipka Expansion Project South Eastern Coal Fields Limited Dipka Area,30-AUG-2026 15:07,30-AUG-2026 09:37,7.80,16.19,30.18,,0.14,site_5664,Thermo Fisher Scientific India Private Limited
South Eastern Coalfields Limited,Dipka Area,M/s Dipka Expansion Project South Eastern Coal Fields Limited Dipka Area,30-AUG-2026 15:07,30-AUG-2026 09:37,7.71,16.29,35.16,,0.15,site_5664,Thermo Fisher Scientific India Private Limited
South Eastern Coalfields Limited,Dipka Area,M/s Dipka Expansion Project South Eastern Coal Fields Limited Dipka Area,30-AUG-2026 15:06,30-AUG-2026 09:36,7.74,16.36,37.34,,0.21,site_5664,Thermo Fisher Scientific India Private Limited
South Eastern Coalfields Limited,Dipka Area,M/s Dipka Expansion Project South Eastern Coal Fields Limited Dipka Area,30-AUG-2026 15:06,30-AUG-2026 09:36,7.71,16.42,40.08,,0.19,site_5664,Thermo Fisher Scientific India Private Limited
South Eastern Coalfields Limited,Dipka Area,M/s Dipka Expansion Project South Eastern Coal Fields Limited Dipka Area,30-AUG-2026 15:05,30-AUG-2026 09:35,7.73,16.42,38.88,,0.17,site_5664,Thermo Fisher Scientific India Private Limited
South Eastern Coalfields Limited,Dipka Area,M/s Dipka Expansion Project South Eastern Coal Fields Limited Dipka Area,30-AUG-2026 15:05,30-AUG-2026 09:35,7.90,16.43,32.47,,0.11,site_5664,Thermo Fisher Scientific India Private Limited
South Eastern Coalfields Limited,Dipka Area,M/s Dipka Expansion Project South Eastern Coal Fields Limited Dipka Area,30-AUG-2026 15:04,30-AUG-2026 09:34,8.16,16.41,38.19,,0.15,site_5664,Thermo Fisher Scientific India Private Limited
South Eastern Coalfields Limited,Dipka Area,M/s Dipka Expansion Project South Eastern Coal Fields Limited Dipka Area,30-AUG-2026 15:04,30-AUG-2026 09:34,8.31,16.41,36.75,,0.13,site_5664,Thermo Fisher Scientific India Private Limited
South Eastern Coalfields Limited,Dipka Area,M/s Dipka Expansion Project South Eastern Coal Fields Limited Dipka Area,30-AUG-2026 15:03,30-AUG-2026 09:33,8.33,16.54,38.75,,0.11,site_5664,Thermo Fisher Scientific India Private Limited
South Eastern Coalfields Limited,Dipka Area,M/s Dipka Expansion Project South Eastern Coal Fields Limited Dipka Area,30-AUG-2026 15:03,30-AUG-2026 09:33,8.35,16.66,36.38,,0.19,site_5664,Thermo Fisher Scientific India Private Limited
South Eastern Coalfields Limited,Dipka Area,M/s Dipka Expansion Project South Eastern Coal Fields Limited Dipka Area,30-AUG-2026 15:02,30-AUG-2026 09:32,8.27,16.73,32.88,,0.16,site_5664,Thermo Fisher Scientific India Private Limited
South Eastern Coalfields Limited,Dipka Area,M/s Dipka Expansion Project South Eastern Coal Fields Limited Dipka Area,30-AUG-2026 15:02,30-AUG-2026 09:32,8.21,16.70,33.59,,0.14,site_5664,Thermo Fisher Scientific India Private Limited
South Eastern Coalfields Limited,Dipka Area,M/s Dipka Expansion Project South Eastern Coal Fields Limited Dipka Area,30-AUG-2026 15:01,30-AUG-2026 09:31,8.30,16.57,29.55,,0.04,site_5664,Thermo Fisher Scientific India Private Limited
South Eastern Coalfields Limited,Dipka Area,M/s Dipka Expansion Project South Eastern Coal Fields Limited Dipka Area,30-AUG-2026 15:01,30-AUG-2026 09:31,8.41,16.43,40.33,,0.05,site_5664,Thermo Fisher Scientific India Private Limited
South Eastern Coalfields Limited,Dipka Area,M/s Dipka Expansion Project South Eastern Coal Fields Limited Dipka Area,30-AUG-2026 15:00,30-AUG-2026 09:30,8.53,16.26,37.99,,0.08,site_5664,Thermo Fisher Scientific India Private Limited
South Eastern Coalfields Limited,"Bilaspur, CHHATTISGARHr",South Eastern Coalfields  Limited - AQMS_H_Q,30-AUG-2026 15:00,30-AUG-2026 09:29,3.60,,15.26,274.92,1.33,site_5592,Swan Environ
South Eastern Coalfields Limited,Dipka Area,M/s Dipka Expansion Project South Eastern Coal Fields Limited Dipka Area,30-AUG-2026 14:59,30-AUG-2026 09:29,8.91,16.02,26.85,,0.13,site_5664,Thermo Fisher Scientific India Private Limited
South Eastern Coalfields Limited,Dipka Area,M/s Dipka Expansion Project South Eastern Coal Fields Limited Dipka Area,30-AUG-2026 14:59,30-AUG-2026 09:29,9.12,15.82,33.08,,0.07,site_5664,Thermo Fisher Scientific India Private Limited
South Eastern Coalfields Limited,Dipka Area,M/s Dipka Expansion Project South Eastern Coal Fields Limited Dipka Area,30-AUG-2026 14:58,30-AUG-2026 09:28,8.98,15.75,31.26,,0.01,site_5664,Thermo Fisher Scientific India Private Limited
South Eastern Coalfields Limited,Dipka Area,M/s Dipka Expansion Project South Eastern Coal Fields Limited Dipka Area,30-AUG-2026 14:58,30-AUG-2026 09:28,8.89,15.72,29.76,,0.06,site_5664,Thermo Fisher Scientific India Private Limited
South Eastern Coalfields Limited,Dipka Area,M/s Dipka Expansion Project South Eastern Coal Fields Limited Dipka Area,30-AUG-2026 14:57,30-AUG-2026 09:27,8.97,15.69,32.88,,0.19,site_5664,Thermo Fisher Scientific India Private Limited
South Eastern Coalfields Limited,Dipka Area,M/s Dipka Expansion Project South Eastern Coal Fields Limited Dipka Area,30-AUG-2026 14:57,30-AUG-2026 09:27,9.01,15.65,36.78,,0.14,site_5664,Thermo Fisher Scientific India Private Limited
South Eastern Coalfields Limited,Dipka Area,M/s Dipka Expansion Project South Eastern Coal Fields Limited Dipka Area,30-AUG-2026 14:57,30-AUG-2026 09:27,8.92,15.53,42.03,,0.10,site_5664,Thermo Fisher Scientific India Private Limited
South Eastern Coalfields Limited,Dipka Area,M/s Dipka Expansion Project South Eastern Coal Fields Limited Dipka Area,30-AUG-2026 14:56,30-AUG-2026 09:26,8.82,15.48,32.79,,0.16,site_5664,Thermo Fisher Scientific India Private Limited
South Eastern Coalfields Limited,Dipka Area,M/s Dipka Expansion Project South Eastern Coal Fields Limited Dipka Area,30-AUG-2026 14:55,30-AUG-2026 09:25,8.89,15.38,28.69,,0.25,site_5664,Thermo Fisher Scientific India Private Limited
South Eastern Coalfields Limited,Dipka Area,M/s Dipka Expansion Project South Eastern Coal Fields Limited Dipka Area,30-AUG-2026 14:55,30-AUG-2026 09:25,8.99,15.30,34.66,,0.26,site_5664,Thermo Fisher Scientific India Private Limited
South Eastern Coalfields Limited,"Gevra , Chattisgarh",SECL GEVRA,30-AUG-2026 14:55,30-AUG-2026 14:45,46.40,83.02,14.04,10.55,0.99,site_,Envea India Pvt Ltd
South Eastern Coalfields Limited,"Gevra , Chattisgarh",SECL GEVRA,30-AUG-2026 14:55,30-AUG-2026 14:45,46.40,83.02,14.04,10.55,0.99,site_,Envea India Pvt Ltd
South Eastern Coalfields Limited,"Gevra , Chattisgarh",SECL GEVRA,30-AUG-2026 14:55,30-AUG-2026 14:45,46.40,83.02,14.04,10.55,0.99,site_,Envea India Pvt Ltd
South Eastern Coalfields Limited,Dipka Area,M/s Dipka Expansion Project South Eastern Coal Fields Limited Dipka Area,30-AUG-2026 14:54,30-AUG-2026 09:24,8.93,15.18,40.69,,0.26,site_5664,Thermo Fisher Scientific India Private Limited
South Eastern Coalfields Limited,Dipka Area,M/s Dipka Expansion Project South Eastern Coal Fields Limited Dipka Area,30-AUG-2026 14:54,30-AUG-2026 09:24,8.93,14.99,37.48,,0.25,site_5664,Thermo Fisher Scientific India Private Limited
South Eastern Coalfields Limited,Dipka Area,M/s Dipka Expansion Project South Eastern Coal Fields Limited Dipka Area,30-AUG-2026 14:53,30-AUG-2026 09:23,9.02,14.92,32.64,,0.27,site_5664,Thermo Fisher Scientific India Private Limited
South Eastern Coalfields Limited,Dipka Area,M/s Dipka Expansion Project South Eastern Coal Fields Limited Dipka Area,30-AUG-2026 14:53,30-AUG-2026 09:23,9.12,14.83,37.53,,0.36,site_5664,Thermo Fisher Scientific India Private Limited
South Eastern Coalfields Limited,Dipka Area,M/s Dipka Expansion Project South Eastern Coal Fields Limited Dipka Area,30-AUG-2026 14:52,30-AUG-2026 09:22,9.27,14.71,37.44,,0.28,site_5664,Thermo Fisher Scientific India Private Limited
South Eastern Coalfields Limited,Dipka Area,M/s Dipka Expansion Project South Eastern Coal Fields Limited Dipka Area,30-AUG-2026 14:52,30-AUG-2026 09:22,9.43,14.60,39.72,,0.30,site_5664,Thermo Fisher Scientific India Private Limited
South Eastern Coalfields Limited,Dipka Area,M/s Dipka Expansion Project South Eastern Coal Fields Limited Dipka Area,30-AUG-2026 14:51,30-AUG-2026 09:21,9.66,14.45,38.32,,0.31,site_5664,Thermo Fisher Scientific India Private Limited
South Eastern Coalfields Limited,Dipka Area,M/s Dipka Expansion Project South Eastern Coal Fields Limited Dipka Area,30-AUG-2026 14:51,30-AUG-2026 09:21,9.77,14.40,34.87,,0.29,site_5664,Thermo Fisher Scientific India Private Limited
South Eastern Coalfields Limited,Dipka Area,M/s Dipka Expansion Project South Eastern Coal Fields Limited Dipka Area,30-AUG-2026 14:50,30-AUG-2026 09:20,9.80,14.37,32.56,,0.19,site_5664,Thermo Fisher Scientific India Private Limited
South Eastern Coalfields Limited,Dipka Area,M/s Dipka Expansion Project South Eastern Coal Fields Limited Dipka Area,30-AUG-2026 14:50,30-AUG-2026 09:20,9.84,14.31,40.46,,0.13,site_5664,Thermo Fisher Scientific India Private Limited
South Eastern Coalfields Limited,Dipka Area,M/s Dipka Expansion Project South Eastern Coal Fields Limited Dipka Area,30-AUG-2026 14:49,30-AUG-2026 09:19,9.88,14.20,36.41,,0.26,site_5664,Thermo Fisher Scientific India Private Limited
South Eastern Coalfields Limited,Dipka Area,M/s Dipka Expansion Project South Eastern Coal Fields Limited Dipka Area,30-AUG-2026 14:49,30-AUG-2026 09:19,9.95,14.19,33.95,,0.33,site_5664,Thermo Fisher Scientific India Private Limited
South Eastern Coalfields Limited,Dipka Area,M/s Dipka Expansion Project South Eastern Coal Fields Limited Dipka Area,30-AUG-2026 14:48,30-AUG-2026 09:18,10.04,14.25,33.96,,0.33,site_5664,Thermo Fisher Scientific India Private Limited
South Eastern Coalfields Limited,Dipka Area,M/s Dipka Expansion Project South Eastern Coal Fields Limited Dipka Area,30-AUG-2026 14:48,30-AUG-2026 09:18,10.11,14.28,34.37,,0.20,site_5664,Thermo Fisher Scientific India Private Limited
South Eastern Coalfields Limited,Dipka Area,M/s Dipka Expansion Project South Eastern Coal Fields Limited Dipka Area,30-AUG-2026 14:47,30-AUG-2026 09:17,10.23,14.26,31.77,,0.14,site_5664,Thermo Fisher Scientific India Private Limited
South Eastern Coalfields Limited,Dipka Area,M/s Dipka Expansion Project South Eastern Coal Fields Limited Dipka Area,30-AUG-2026 14:47,30-AUG-2026 09:17,10.38,14.23,35.40,,0.14,site_5664,Thermo Fisher Scientific India Private Limited
South Eastern Coalfields Limited,Dipka Area,M/s Dipka Expansion Project South Eastern Coal Fields Limited Dipka Area,30-AUG-2026 14:46,30-AUG-2026 09:16,10.49,14.30,32.09,,0.18,site_5664,Thermo Fisher Scientific India Private Limited
South Eastern Coalfields Limited,Dipka Area,M/s Dipka Expansion Project South Eastern Coal Fields Limited Dipka Area,30-AUG-2026 14:46,30-AUG-2026 09:16,10.59,14.13,32.18,,0.08,site_5664,Thermo Fisher Scientific India Private Limited
South Eastern Coalfields Limited,Dipka Area,M/s Dipka Expansion Project South Eastern Coal Fields Limited Dipka Area,30-AUG-2026 14:45,30-AUG-2026 09:15,10.71,13.98,38.46,,0.10,site_5664,Thermo Fisher Scientific India Private Limited
South Eastern Coalfields Limited,"Bilaspur, CHHATTISGARHr",South Eastern Coalfields  Limited - AQMS_H_Q,30-AUG-2026 14:45,30-AUG-2026 09:14,3.63,,14.73,280.97,0.76,site_5592,Swan Environ
South Eastern Coalfields Limited,Dipka Area,M/s Dipka Expansion Project South Eastern Coal Fields Limited Dipka Area,30-AUG-2026 14:45,30-AUG-2026 09:15,10.92,13.89,35.95,,0.08,site_5664,Thermo Fisher Scientific India Private Limited
South Eastern Coalfields Limited,Dipka Area,M/s Dipka Expansion Project South Eastern Coal Fields Limited Dipka Area,30-AUG-2026 14:44,30-AUG-2026 09:14,11.09,13.84,36.22,,0.00,site_5664,Thermo Fisher Scientific India Private Limited
South Eastern Coalfields Limited,Dipka Area,M/s Dipka Expansion Project South Eastern Coal Fields Limited Dipka Area,30-AUG-2026 14:44,30-AUG-2026 09:14,11.14,13.78,34.04,,0.00,site_5664,Thermo Fisher Scientific India Private Limited
South Eastern Coalfields Limited,Dipka Area,M/s Dipka Expansion Project South Eastern Coal Fields Limited Dipka Area,30-AUG-2026 14:43,30-AUG-2026 09:13,11.40,13.71,34.87,,0.00,site_5664,Thermo Fisher Scientific India Private Limited
South Eastern Coalfields Limited,Dipka Area,M/s Dipka Expansion Project South Eastern Coal Fields Limited Dipka Area,30-AUG-2026 14:43,30-AUG-2026 09:13,11.52,13.84,39.44,,0.00,site_5664,Thermo Fisher Scientific India Private Limited
South Eastern Coalfields Limited,Dipka Area,M/s Dipka Expansion Project South Eastern Coal Fields Limited Dipka Area,30-AUG-2026 14:42,30-AUG-2026 09:12,11.50,13.89,37.51,,0.02,site_5664,Thermo Fisher Scientific India Private Limited
South Eastern Coalfields Limited,Dipka Area,M/s Dipka Expansion Project South Eastern Coal Fields Limited Dipka Area,30-AUG-2026 14:42,30-AUG-2026 09:12,11.35,14.03,35.80,,0.00,site_5664,Thermo Fisher Scientific India Private Limited
South Eastern Coalfields Limited,Dipka Area,M/s Dipka Expansion Project South Eastern Coal Fields Limited Dipka Area,30-AUG-2026 14:41,30-AUG-2026 09:11,10.93,14.25,29.48,,0.00,site_5664,Thermo Fisher Scientific India Private Limited
South Eastern Coalfields Limited,Dipka Area,M/s Dipka Expansion Project South Eastern Coal Fields Limited Dipka Area,30-AUG-2026 14:41,30-AUG-2026 09:11,10.39,14.57,36.91,,0.00,site_5664,Thermo Fisher Scientific India Private Limited
South Eastern Coalfields Limited,Dipka Area,M/s Dipka Expansion Project South Eastern Coal Fields Limited Dipka Area,30-AUG-2026 14:40,30-AUG-2026 09:10,9.65,14.93,39.94,,0.00,site_5664,Thermo Fisher Scientific India Private Limited
South Eastern Coalfields Limited,Dipka Area,M/s Dipka Expansion Project South Eastern Coal Fields Limited Dipka Area,30-AUG-2026 14:40,30-AUG-2026 09:10,8.87,15.20,29.75,,0.00,site_5664,Thermo Fisher Scientific India Private Limited
South Eastern Coalfields Limited,"Gevra , Chattisgarh",SECL GEVRA,30-AUG-2026 14:40,30-AUG-2026 14:30,42.30,75.96,13.82,9.95,0.89,site_,Envea India Pvt Ltd
South Eastern Coalfields Limited,"Gevra , Chattisgarh",SECL GEVRA,30-AUG-2026 14:40,30-AUG-2026 14:30,42.30,75.96,13.82,9.95,0.89,site_,Envea India Pvt Ltd
South Eastern Coalfields Limited,Dipka Area,M/s Dipka Expansion Project South Eastern Coal Fields Limited Dipka Area,30-AUG-2026 14:39,30-AUG-2026 09:09,7.98,15.64,37.84,,0.00,site_5664,Thermo Fisher Scientific India Private Limited
South Eastern Coalfields Limited,Dipka Area,M/s Dipka Expansion Project South Eastern Coal Fields Limited Dipka Area,30-AUG-2026 14:39,30-AUG-2026 09:09,7.19,15.98,36.72,,0.00,site_5664,Thermo Fisher Scientific India Private Limited
South Eastern Coalfields Limited,Dipka Area,M/s Dipka Expansion Project South Eastern Coal Fields Limited Dipka Area,30-AUG-2026 14:38,30-AUG-2026 09:08,6.64,16.39,37.19,,0.00,site_5664,Thermo Fisher Scientific India Private Limited
South Eastern Coalfields Limited,Dipka Area,M/s Dipka Expansion Project South Eastern Coal Fields Limited Dipka Area,30-AUG-2026 14:38,30-AUG-2026 09:08,6.35,16.65,40.49,,0.00,site_5664,Thermo Fisher Scientific India Private Limited
South Eastern Coalfields Limited,Dipka Area,M/s Dipka Expansion Project South Eastern Coal Fields Limited Dipka Area,30-AUG-2026 14:37,30-AUG-2026 09:07,6.08,16.89,34.31,,0.00,site_5664,Thermo Fisher Scientific India Private Limited
South Eastern Coalfields Limited,Dipka Area,M/s Dipka Expansion Project South Eastern Coal Fields Limited Dipka Area,30-AUG-2026 14:37,30-AUG-2026 09:07,5.86,17.08,39.75,,0.05,site_5664,Thermo Fisher Scientific India Private Limited
South Eastern Coalfields Limited,Dipka Area,M/s Dipka Expansion Project South Eastern Coal Fields Limited Dipka Area,30-AUG-2026 14:36,30-AUG-2026 09:06,5.82,17.24,35.57,,0.08,site_5664,Thermo Fisher Scientific India Private Limited
South Eastern Coalfields Limited,Dipka Area,M/s Dipka Expansion Project South Eastern Coal Fields Limited Dipka Area,30-AUG-2026 14:36,30-AUG-2026 09:06,5.97,17.38,35.69,,0.02,site_5664,Thermo Fisher Scientific India Private Limited
South Eastern Coalfields Limited,Dipka Area,M/s Dipka Expansion Project South Eastern Coal Fields Limited Dipka Area,30-AUG-2026 14:35,30-AUG-2026 09:05,6.20,17.45,39.65,,0.00,site_5664,Thermo Fisher Scientific India Private Limited
South Eastern Coalfields Limited,Dipka Area,M/s Dipka Expansion Project South Eastern Coal Fields Limited Dipka Area,30-AUG-2026 14:35,30-AUG-2026 09:05,6.53,17.47,36.67,,0.00,site_5664,Thermo Fisher Scientific India Private Limited
South Eastern Coalfields Limited,Dipka Area,M/s Dipka Expansion Project South Eastern Coal Fields Limited Dipka Area,30-AUG-2026 14:34,30-AUG-2026 09:04,6.81,17.59,40.95,,0.00,site_5664,Thermo Fisher Scientific India Private Limited
South Eastern Coalfields Limited,Dipka Area,M/s Dipka Expansion Project South Eastern Coal Fields Limited Dipka Area,30-AUG-2026 14:34,30-AUG-2026 09:04,7.23,17.82,37.13,,0.00,site_5664,Thermo Fisher Scientific India Private Limited
South Eastern Coalfields Limited,Dipka Area,M/s Dipka Expansion Project South Eastern Coal Fields Limited Dipka Area,30-AUG-2026 14:33,30-AUG-2026 09:03,7.69,18.03,32.91,,0.00,site_5664,Thermo Fisher Scientific India Private Limited
South Eastern Coalfields Limited,Dipka Area,M/s Dipka Expansion Project South Eastern Coal Fields Limited Dipka Area,30-AUG-2026 14:33,30-AUG-2026 09:03,7.92,18.25,37.74,,0.00,site_5664,Thermo Fisher Scientific India Private Limited
South Eastern Coalfields Limited,Dipka Area,M/s Dipka Expansion Project South Eastern Coal Fields Limited Dipka Area,30-AUG-2026 14:32,30-AUG-2026 09:02,8.09,18.59,33.79,,0.00,site_5664,Thermo Fisher Scientific India Private Limited
South Eastern Coalfields Limited,Dipka Area,M/s Dipka Expansion Project South Eastern Coal Fields Limited Dipka Area,30-AUG-2026 14:32,30-AUG-2026 09:02,7.94,18.85,40.60,,0.00,site_5664,Thermo Fisher Scientific India Private Limited
South Eastern Coalfields Limited,Dipka Area,M/s Dipka Expansion Project South Eastern Coal Fields Limited Dipka Area,30-AUG-2026 14:31,30-AUG-2026 09:01,7.81,19.23,36.62,,0.00,site_5664,Thermo Fisher Scientific India Private Limited
South Eastern Coalfields Limited,Dipka Area,M/s Dipka Expansion Project South Eastern Coal Fields Limited Dipka Area,30-AUG-2026 14:31,30-AUG-2026 09:01,7.81,19.53,35.08,,0.00,site_5664,Thermo Fisher Scientific India Private Limited
South Eastern Coalfields Limited,Dipka Area,M/s Dipka Expansion Project South Eastern Coal Fields Limited Dipka Area,30-AUG-2026 14:30,30-AUG-2026 09:00,7.96,19.86,37.26,,0.00,site_5664,Thermo Fisher Scientific India Private Limited
South Eastern Coalfields Limited,"Bilaspur, CHHATTISGARHr",South Eastern Coalfields  Limited - AQMS_H_Q,30-AUG-2026 14:30,30-AUG-2026 09:00,290.84,,27.59,0.00,91.00,site_5592,Swan Environ
South Eastern Coalfields Limited,Dipka Area,M/s Dipka Expansion Project South Eastern Coal Fields Limited Dipka Area,30-AUG-2026 14:30,30-AUG-2026 09:00,8.29,20.22,31.31,,0.04,site_5664,Thermo Fisher Scientific India Private Limited
South Eastern Coalfields Limited,Dipka Area,M/s Dipka Expansion Project South Eastern Coal Fields Limited Dipka Area,30-AUG-2026 14:29,30-AUG-2026 08:59,8.62,20.53,38.09,,0.12,site_5664,Thermo Fisher Scientific India Private Limited
South Eastern Coalfields Limited,Dipka Area,M/s Dipka Expansion Project South Eastern Coal Fields Limited Dipka Area,30-AUG-2026 14:29,30-AUG-2026 08:59,9.21,20.78,35.88,,0.24,site_5664,Thermo Fisher Scientific India Private Limited
South Eastern Coalfields Limited,Dipka Area,M/s Dipka Expansion Project South Eastern Coal Fields Limited Dipka Area,30-AUG-2026 14:28,30-AUG-2026 08:58,9.96,21.07,37.26,,0.44,site_5664,Thermo Fisher Scientific India Private Limited
South Eastern Coalfields Limited,Dipka Area,M/s Dipka Expansion Project South Eastern Coal Fields Limited Dipka Area,30-AUG-2026 14:28,30-AUG-2026 08:58,10.36,21.28,30.24,,0.41,site_5664,Thermo Fisher Scientific India Private Limited
South Eastern Coalfields Limited,Dipka Area,M/s Dipka Expansion Project South Eastern Coal Fields Limited Dipka Area,30-AUG-2026 14:27,30-AUG-2026 08:57,10.51,21.62,33.12,,0.44,site_5664,Thermo Fisher Scientific India Private Limited
South Eastern Coalfields Limited,Dipka Area,M/s Dipka Expansion Project South Eastern Coal Fields Limited Dipka Area,30-AUG-2026 14:27,30-AUG-2026 08:57,10.47,21.93,31.65,,0.40,site_5664,Thermo Fisher Scientific India Private Limited
South Eastern Coalfields Limited,Dipka Area,M/s Dipka Expansion Project South Eastern Coal Fields Limited Dipka Area,30-AUG-2026 14:26,30-AUG-2026 08:56,10.36,22.31,32.11,,0.36,site_5664,Thermo Fisher Scientific India Private Limited
South Eastern Coalfields Limited,Dipka Area,M/s Dipka Expansion Project South Eastern Coal Fields Limited Dipka Area,30-AUG-2026 14:26,30-AUG-2026 08:56,10.19,22.72,37.59,,0.40,site_5664,Thermo Fisher Scientific India Private Limited
South Eastern Coalfields Limited,Dipka Area,M/s Dipka Expansion Project South Eastern Coal Fields Limited Dipka Area,30-AUG-2026 14:25,30-AUG-2026 08:55,9.84,23.20,36.09,,0.57,site_5664,Thermo Fisher Scientific India Private Limited
South Eastern Coalfields Limited,Dipka Area,M/s Dipka Expansion Project South Eastern Coal Fields Limited Dipka Area,30-AUG-2026 14:25,30-AUG-2026 08:55,9.47,23.65,35.37,,0.54,site_5664,Thermo Fisher Scientific India Private Limited
South Eastern Coalfields Limited,"Gevra , Chattisgarh",SECL GEVRA,30-AUG-2026 14:25,30-AUG-2026 14:15,38.70,69.63,13.62,9.41,0.80,site_,Envea India Pvt Ltd
South Eastern Coalfields Limited,"Gevra , Chattisgarh",SECL GEVRA,30-AUG-2026 14:25,30-AUG-2026 14:15,38.70,69.63,13.62,9.41,0.80,site_,Envea India Pvt Ltd
South Eastern Coalfields Limited,"Gevra , Chattisgarh",SECL GEVRA,30-AUG-2026 14:25,30-AUG-2026 14:15,38.70,69.63,13.62,9.41,0.80,site_,Envea India Pvt Ltd
South Eastern Coalfields Limited,Dipka Area,M/s Dipka Expansion Project South Eastern Coal Fields Limited Dipka Area,30-AUG-2026 14:24,30-AUG-2026 08:54,9.00,24.16,37.73,,0.52,site_5664,Thermo Fisher Scientific India Private Limited
South Eastern Coalfields Limited,Dipka Area,M/s Dipka Expansion Project South Eastern Coal Fields Limited Dipka Area,30-AUG-2026 14:24,30-AUG-2026 08:54,8.71,24.52,38.33,,0.44,site_5664,Thermo Fisher Scientific India Private Limited
South Eastern Coalfields Limited,Dipka Area,M/s Dipka Expansion Project South Eastern Coal Fields Limited Dipka Area,30-AUG-2026 14:23,30-AUG-2026 08:53,8.37,24.98,33.77,,0.29,site_5664,Thermo Fisher Scientific India Private Limited
South Eastern Coalfields Limited,Dipka Area,M/s Dipka Expansion Project South Eastern Coal Fields Limited Dipka Area,30-AUG-2026 14:23,30-AUG-2026 08:53,8.04,25.46,35.25,,0.26,site_5664,Thermo Fisher Scientific India Private Limited
South Eastern Coalfields Limited,Dipka Area,M/s Dipka Expansion Project South Eastern Coal Fields Limited Dipka Area,30-AUG-2026 14:22,30-AUG-2026 08:52,7.73,26.02,37.17,,0.35,site_5664,Thermo Fisher Scientific India Private Limited
South Eastern Coalfields Limited,Dipka Area,M/s Dipka Expansion Project South Eastern Coal Fields Limited Dipka Area,30-AUG-2026 14:22,30-AUG-2026 08:52,7.60,26.56,39.31,,0.28,site_5664,Thermo Fisher Scientific India Private Limited
South Eastern Coalfields Limited,Dipka Area,M/s Dipka Expansion Project South Eastern Coal Fields Limited Dipka Area,30-AUG-2026 14:21,30-AUG-2026 08:51,7.70,26.95,38.79,,0.25,site_5664,Thermo Fisher Scientific India Private Limited
South Eastern Coalfields Limited,Dipka Area,M/s Dipka Expansion Project South Eastern Coal Fields Limited Dipka Area,30-AUG-2026 14:21,30-AUG-2026 08:51,7.70,27.07,32.57,,0.25,site_5664,Thermo Fisher Scientific India Private Limited
South Eastern Coalfields Limited,Dipka Area,M/s Dipka Expansion Project South Eastern Coal Fields Limited Dipka Area,30-AUG-2026 14:20,30-AUG-2026 08:50,7.65,27.36,38.33,,0.09,site_5664,Thermo Fisher Scientific India Private Limited
South Eastern Coalfields Limited,Dipka Area,M/s Dipka Expansion Project South Eastern Coal Fields Limited Dipka Area,30-AUG-2026 14:20,30-AUG-2026 08:50,7.61,27.54,39.96,,0.01,site_5664,Thermo Fisher Scientific India Private Limited
South Eastern Coalfields Limited,Dipka Area,M/s Dipka Expansion Project South Eastern Coal Fields Limited Dipka Area,30-AUG-2026 14:19,30-AUG-2026 08:49,7.73,27.59,33.49,,0.02,site_5664,Thermo Fisher Scientific India Private Limited
South Eastern Coalfields Limited,Dipka Area,M/s Dipka Expansion Project South Eastern Coal Fields Limited Dipka Area,30-AUG-2026 14:19,30-AUG-2026 08:49,7.80,27.58,36.29,,0.00,site_5664,Thermo Fisher Scientific India Private Limited
South Eastern Coalfields Limited,Dipka Area,M/s Dipka Expansion Project South Eastern Coal Fields Limited Dipka Area,30-AUG-2026 14:18,30-AUG-2026 08:48,7.89,27.90,32.95,,0.02,site_5664,Thermo Fisher Scientific India Private Limited
South Eastern Coalfields Limited,Dipka Area,M/s Dipka Expansion Project South Eastern Coal Fields Limited Dipka Area,30-AUG-2026 14:18,30-AUG-2026 08:48,8.01,28.37,39.40,,0.14,site_5664,Thermo Fisher Scientific India Private Limited
South Eastern Coalfields Limited,Dipka Area,M/s Dipka Expansion Project South Eastern Coal Fields Limited Dipka Area,30-AUG-2026 14:17,30-AUG-2026 08:47,8.36,28.88,36.29,,0.14,site_5664,Thermo Fisher Scientific India Private Limited
South Eastern Coalfields Limited,Dipka Area,M/s Dipka Expansion Project South Eastern Coal Fields Limited Dipka Area,30-AUG-2026 14:17,30-AUG-2026 08:47,8.49,29.13,38.55,,0.26,site_5664,Thermo Fisher Scientific India Private Limited
South Eastern Coalfields Limited,Dipka Area,M/s Dipka Expansion Project South Eastern Coal Fields Limited Dipka Area,30-AUG-2026 14:16,30-AUG-2026 08:46,8.71,29.53,32.85,,0.22,site_5664,Thermo Fisher Scientific India Private Limited
South Eastern Coalfields Limited,Dipka Area,M/s Dipka Expansion Project South Eastern Coal Fields Limited Dipka Area,30-AUG-2026 14:16,30-AUG-2026 08:46,8.99,29.90,40.33,,0.08,site_5664,Thermo Fisher Scientific India Private Limited
South Eastern Coalfields Limited,Dipka Area,M/s Dipka Expansion Project South Eastern Coal Fields Limited Dipka Area,30-AUG-2026 14:15,30-AUG-2026 08:45,9.16,30.11,38.09,,0.04,site_5664,Thermo Fisher Scientific India Private Limited
South Eastern Coalfields Limited,Dipka Area,M/s Dipka Expansion Project South Eastern Coal Fields Limited Dipka Area,30-AUG-2026 14:15,30-AUG-2026 08:45,9.20,30.15,35.34,,0.00,site_5664,Thermo Fisher Scientific India Private Limited
South Eastern Coalfields Limited,"Bilaspur, CHHATTISGARHr",South Eastern Coalfields  Limited - AQMS_H_Q,30-AUG-2026 14:15,30-AUG-2026 08:44,3.49,,14.75,290.78,0.65,site_5592,Swan Environ
South Eastern Coalfields Limited,Dipka Area,M/s Dipka Expansion Project South Eastern Coal Fields Limited Dipka Area,30-AUG-2026 14:14,30-AUG-2026 08:44,9.15,30.34,34.42,,0.00,site_5664,Thermo Fisher Scientific India Private Limited
South Eastern Coalfields Limited,Dipka Area,M/s Dipka Expansion Project South Eastern Coal Fields Limited Dipka Area,30-AUG-2026 14:14,30-AUG-2026 08:44,9.41,30.64,32.05,,0.00,site_5664,Thermo Fisher Scientific India Private Limited
South Eastern Coalfields Limited,Dipka Area,M/s Dipka Expansion Project South Eastern Coal Fields Limited Dipka Area,30-AUG-2026 14:13,30-AUG-2026 08:43,9.61,30.92,33.45,,0.02,site_5664,Thermo Fisher Scientific India Private Limited
South Eastern Coalfields Limited,Dipka Area,M/s Dipka Expansion Project South Eastern Coal Fields Limited Dipka Area,30-AUG-2026 14:13,30-AUG-2026 08:43,9.71,31.20,35.26,,0.00,site_5664,Thermo Fisher Scientific India Private Limited
South Eastern Coalfields Limited,Dipka Area,M/s Dipka Expansion Project South Eastern Coal Fields Limited Dipka Area,30-AUG-2026 14:12,30-AUG-2026 08:42,9.84,31.66,37.99,,0.00,site_5664,Thermo Fisher Scientific India Private Limited
South Eastern Coalfields Limited,Dipka Area,M/s Dipka Expansion Project South Eastern Coal Fields Limited Dipka Area,30-AUG-2026 14:12,30-AUG-2026 08:42,9.89,31.99,36.92,,0.00,site_5664,Thermo Fisher Scientific India Private Limited
South Eastern Coalfields Limited,Dipka Area,M/s Dipka Expansion Project South Eastern Coal Fields Limited Dipka Area,30-AUG-2026 14:11,30-AUG-2026 08:41,10.08,32.59,35.99,,0.00,site_5664,Thermo Fisher Scientific India Private Limited
South Eastern Coalfields Limited,Dipka Area,M/s Dipka Expansion Project South Eastern Coal Fields Limited Dipka Area,30-AUG-2026 14:11,30-AUG-2026 08:41,10.09,32.82,37.29,,0.10,site_5664,Thermo Fisher Scientific India Private Limited
South Eastern Coalfields Limited,Dipka Area,M/s Dipka Expansion Project South Eastern Coal Fields Limited Dipka Area,30-AUG-2026 14:10,30-AUG-2026 08:40,9.82,33.04,33.07,,0.10,site_5664,Thermo Fisher Scientific India Private Limited
South Eastern Coalfields Limited,Dipka Area,M/s Dipka Expansion Project South Eastern Coal Fields Limited Dipka Area,30-AUG-2026 14:10,30-AUG-2026 08:40,9.62,33.16,35.25,,0.21,site_5664,Thermo Fisher Scientific India Private Limited
South Eastern Coalfields Limited,"Gevra , Chattisgarh",SECL GEVRA,30-AUG-2026 14:10,30-AUG-2026 14:00,46.40,82.96,14.04,10.54,0.98,site_,Envea India Pvt Ltd
South Eastern Coalfields Limited,"Gevra , Chattisgarh",SECL GEVRA,30-AUG-2026 14:10,30-AUG-2026 14:00,46.40,82.96,14.04,10.54,0.98,site_,Envea India Pvt Ltd
South Eastern Coalfields Limited,Dipka Area,M/s Dipka Expansion Project South Eastern Coal Fields Limited Dipka Area,30-AUG-2026 14:09,30-AUG-2026 08:39,8.94,33.38,37.16,,0.24,site_5664,Thermo Fisher Scientific India Private Limited
South Eastern Coalfields Limited,Dipka Area,M/s Dipka Expansion Project South Eastern Coal Fields Limited Dipka Area,30-AUG-2026 14:09,30-AUG-2026 08:39,8.50,33.34,37.16,,0.29,site_5664,Thermo Fisher Scientific India Private Limited
South Eastern Coalfields Limited,Dipka Area,M/s Dipka Expansion Project South Eastern Coal Fields Limited Dipka Area,30-AUG-2026 14:08,30-AUG-2026 08:38,7.97,33.24,35.16,,0.11,site_5664,Thermo Fisher Scientific India Private Limited
South Eastern Coalfields Limited,Dipka Area,M/s Dipka Expansion Project South Eastern Coal Fields Limited Dipka Area,30-AUG-2026 14:08,30-AUG-2026 08:38,7.57,33.11,36.96,,0.13,site_5664,Thermo Fisher Scientific India Private Limited
South Eastern Coalfields Limited,Dipka Area,M/s Dipka Expansion Project South Eastern Coal Fields Limited Dipka Area,30-AUG-2026 14:07,30-AUG-2026 08:37,7.23,32.88,36.27,,0.22,site_5664,Thermo Fisher Scientific India Private Limited
South Eastern Coalfields Limited,Dipka Area,M/s Dipka Expansion Project South Eastern Coal Fields Limited Dipka Area,30-AUG-2026 14:07,30-AUG-2026 08:37,7.05,32.56,35.25,,0.19,site_5664,Thermo Fisher Scientific India Private Limited
South Eastern Coalfields Limited,Dipka Area,M/s Dipka Expansion Project South Eastern Coal Fields Limited Dipka Area,30-AUG-2026 14:06,30-AUG-2026 08:36,6.96,31.98,35.94,,0.24,site_5664,Thermo Fisher Scientific India Private Limited
South Eastern Coalfields Limited,Dipka Area,M/s Dipka Expansion Project South Eastern Coal Fields Limited Dipka Area,30-AUG-2026 14:06,30-AUG-2026 08:36,7.03,31.52,40.17,,0.24,site_5664,Thermo Fisher Scientific India Private Limited
South Eastern Coalfields Limited,Dipka Area,M/s Dipka Expansion Project South Eastern Coal Fields Limited Dipka Area,30-AUG-2026 14:05,30-AUG-2026 08:35,7.07,30.84,32.75,,0.26,site_5664,Thermo Fisher Scientific India Private Limited
South Eastern Coalfields Limited,Dipka Area,M/s Dipka Expansion Project South Eastern Coal Fields Limited Dipka Area,30-AUG-2026 14:05,30-AUG-2026 08:35,7.10,30.23,37.34,,0.28,site_5664,Thermo Fisher Scientific India Private Limited
South Eastern Coalfields Limited,Dipka Area,M/s Dipka Expansion Project South Eastern Coal Fields Limited Dipka Area,30-AUG-2026 14:04,30-AUG-2026 08:34,7.21,29.60,38.84,,0.15,site_5664,Thermo Fisher Scientific India Private Limited
South Eastern Coalfields Limited,Dipka Area,M/s Dipka Expansion Project South Eastern Coal Fields Limited Dipka Area,30-AUG-2026 14:04,30-AUG-2026 08:34,7.33,28.92,35.20,,0.09,site_5664,Thermo Fisher Scientific India Private Limited
South Eastern Coalfields Limited,Dipka Area,M/s Dipka Expansion Project South Eastern Coal Fields Limited Dipka Area,30-AUG-2026 14:03,30-AUG-2026 08:33,7.41,28.08,36.41,,0.22,site_5664,Thermo Fisher Scientific India Private Limited
South Eastern Coalfields Limited,Dipka Area,M/s Dipka Expansion Project South Eastern Coal Fields Limited Dipka Area,30-AUG-2026 14:03,30-AUG-2026 08:33,7.47,27.22,34.36,,0.14,site_5664,Thermo Fisher Scientific India Private Limited
South Eastern Coalfields Limited,Dipka Area,M/s Dipka Expansion Project South Eastern Coal Fields Limited Dipka Area,30-AUG-2026 14:02,30-AUG-2026 08:32,7.57,26.35,34.15,,0.14,site_5664,Thermo Fisher Scientific India Private Limited
South Eastern Coalfields Limited,Dipka Area,M/s Dipka Expansion Project South Eastern Coal Fields Limited Dipka Area,30-AUG-2026 14:02,30-AUG-2026 08:32,7.67,25.59,35.15,,0.06,site_5664,Thermo Fisher Scientific India Private Limited
South Eastern Coalfields Limited,Dipka Area,M/s Dipka Expansion Project South Eastern Coal Fields Limited Dipka Area,30-AUG-2026 14:01,30-AUG-2026 08:31,7.78,24.53,31.03,,0.05,site_5664,Thermo Fisher Scientific India Private Limited
South Eastern Coalfields Limited,Dipka Area,M/s Dipka Expansion Project South Eastern Coal Fields Limited Dipka Area,30-AUG-2026 14:01,30-AUG-2026 08:31,7.81,23.60,37.63,,0.04,site_5664,Thermo Fisher Scientific India Private Limited
South Eastern Coalfields Limited,Dipka Area,M/s Dipka Expansion Project South Eastern Coal Fields Limited Dipka Area,30-AUG-2026 14:00,30-AUG-2026 08:30,7.93,22.74,37.26,,0.04,site_5664,Thermo Fisher Scientific India Private Limited
South Eastern Coalfields Limited,"Bilaspur, CHHATTISGARHr",South Eastern Coalfields  Limited - AQMS_H_Q,30-AUG-2026 14:00,30-AUG-2026 08:29,3.76,,15.75,266.95,0.49,site_5592,Swan Environ
South Eastern Coalfields Limited,Dipka Area,M/s Dipka Expansion Project South Eastern Coal Fields Limited Dipka Area,30-AUG-2026 13:59,30-AUG-2026 08:29,8.30,20.63,37.10,,0.11,site_5664,Thermo Fisher Scientific India Private Limited
South Eastern Coalfields Limited,Dipka Area,M/s Dipka Expansion Project South Eastern Coal Fields Limited Dipka Area,30-AUG-2026 13:59,30-AUG-2026 08:29,8.65,19.71,32.65,,0.18,site_5664,Thermo Fisher Scientific India Private Limited
South Eastern Coalfields Limited,Dipka Area,M/s Dipka Expansion Project South Eastern Coal Fields Limited Dipka Area,30-AUG-2026 13:58,30-AUG-2026 08:28,9.01,18.73,34.64,,0.21,site_5664,Thermo Fisher Scientific India Private Limited
South Eastern Coalfields Limited,Dipka Area,M/s Dipka Expansion Project South Eastern Coal Fields Limited Dipka Area,30-AUG-2026 13:58,30-AUG-2026 08:28,9.21,17.83,32.42,,0.14,site_5664,Thermo Fisher Scientific India Private Limited
South Eastern Coalfields Limited,Dipka Area,M/s Dipka Expansion Project South Eastern Coal Fields Limited Dipka Area,30-AUG-2026 13:57,30-AUG-2026 08:27,9.46,16.75,37.05,,0.00,site_5664,Thermo Fisher Scientific India Private Limited
South Eastern Coalfields Limited,Dipka Area,M/s Dipka Expansion Project South Eastern Coal Fields Limited Dipka Area,30-AUG-2026 13:57,30-AUG-2026 08:27,9.73,15.87,30.52,,0.00,site_5664,Thermo Fisher Scientific India Private Limited
South Eastern Coalfields Limited,Dipka Area,M/s Dipka Expansion Project South Eastern Coal Fields Limited Dipka Area,30-AUG-2026 13:56,30-AUG-2026 08:26,9.86,14.84,33.35,,0.00,site_5664,Thermo Fisher Scientific India Private Limited
South Eastern Coalfields Limited,Dipka Area,M/s Dipka Expansion Project South Eastern Coal Fields Limited Dipka Area,30-AUG-2026 13:56,30-AUG-2026 08:26,9.83,13.93,34.37,,0.00,site_5664,Thermo Fisher Scientific India Private Limited
South Eastern Coalfields Limited,Dipka Area,M/s Dipka Expansion Project South Eastern Coal Fields Limited Dipka Area,30-AUG-2026 13:55,30-AUG-2026 08:25,9.88,13.07,38.46,,0.00,site_5664,Thermo Fisher Scientific India Private Limited
South Eastern Coalfields Limited,"Gevra , Chattisgarh",SECL GEVRA,30-AUG-2026 13:55,30-AUG-2026 13:45,29.10,52.86,13.08,7.98,0.57,site_,Envea India Pvt Ltd
South Eastern Coalfields Limited,"Gevra , Chattisgarh",SECL GEVRA,30-AUG-2026 13:55,30-AUG-2026 13:45,29.10,52.86,13.08,7.98,0.57,site_,Envea India Pvt Ltd
South Eastern Coalfields Limited,"Gevra , Chattisgarh",SECL GEVRA,30-AUG-2026 13:55,30-AUG-2026 13:45,29.10,52.86,13.08,7.98,0.57,site_,Envea India Pvt Ltd
South Eastern Coalfields Limited,"Gevra , Chattisgarh",SECL GEVRA,30-AUG-2026 13:55,30-AUG-2026 13:45,29.10,52.86,13.08,7.98,0.57,site_,Envea India Pvt Ltd
South Eastern Coalfields Limited,Dipka Area,M/s Dipka Expansion Project South Eastern Coal Fields Limited Dipka Area,30-AUG-2026 13:55,30-AUG-2026 08:25,10.04,12.55,33.34,,0.00,site_5664,Thermo Fisher Scientific India Private Limited
South Eastern Coalfields Limited,Dipka Area,M/s Dipka Expansion Project South Eastern Coal Fields Limited Dipka Area,30-AUG-2026 13:54,30-AUG-2026 08:24,10.13,12.18,34.73,,0.00,site_5664,Thermo Fisher Scientific India Private Limited
South Eastern Coalfields Limited,Dipka Area,M/s Dipka Expansion Project South Eastern Coal Fields Limited Dipka Area,30-AUG-2026 13:54,30-AUG-2026 08:24,10.11,12.07,37.71,,0.00,site_5664,Thermo Fisher Scientific India Private Limited
South Eastern Coalfields Limited,Dipka Area,M/s Dipka Expansion Project South Eastern Coal Fields Limited Dipka Area,30-AUG-2026 13:53,30-AUG-2026 08:23,10.15,12.10,34.92,,0.00,site_5664,Thermo Fisher Scientific India Private Limited
South Eastern Coalfields Limited,Dipka Area,M/s Dipka Expansion Project South Eastern Coal Fields Limited Dipka Area,30-AUG-2026 13:53,30-AUG-2026 08:23,10.20,12.22,28.89,,0.00,site_5664,Thermo Fisher Scientific India Private Limited
South Eastern Coalfields Limited,Dipka Area,M/s Dipka Expansion Project South Eastern Coal Fields Limited Dipka Area,30-AUG-2026 13:52,30-AUG-2026 08:22,10.12,12.38,31.12,,0.13,site_5664,Thermo Fisher Scientific India Private Limited
South Eastern Coalfields Limited,Dipka Area,M/s Dipka Expansion Project South Eastern Coal Fields Limited Dipka Area,30-AUG-2026 13:52,30-AUG-2026 08:22,9.91,12.58,34.46,,0.14,site_5664,Thermo Fisher Scientific India Private Limited
South Eastern Coalfields Limited,Dipka Area,M/s Dipka Expansion Project South Eastern Coal Fields Limited Dipka Area,30-AUG-2026 13:51,30-AUG-2026 08:21,9.77,12.89,33.02,,0.11,site_5664,Thermo Fisher Scientific India Private Limited
South Eastern Coalfields Limited,Dipka Area,M/s Dipka Expansion Project South Eastern Coal Fields Limited Dipka Area,30-AUG-2026 13:51,30-AUG-2026 08:21,9.80,13.05,36.59,,0.13,site_5664,Thermo Fisher Scientific India Private Limited
South Eastern Coalfields Limited,Dipka Area,M/s Dipka Expansion Project South Eastern Coal Fields Limited Dipka Area,30-AUG-2026 13:50,30-AUG-2026 08:20,9.75,13.36,32.46,,0.11,site_5664,Thermo Fisher Scientific India Private Limited
South Eastern Coalfields Limited,Dipka Area,M/s Dipka Expansion Project South Eastern Coal Fields Limited Dipka Area,30-AUG-2026 13:50,30-AUG-2026 08:20,9.66,13.66,32.28,,0.10,site_5664,Thermo Fisher Scientific India Private Limited
South Eastern Coalfields Limited,Dipka Area,M/s Dipka Expansion Project South Eastern Coal Fields Limited Dipka Area,30-AUG-2026 13:49,30-AUG-2026 08:19,9.68,14.03,34.69,,0.13,site_5664,Thermo Fisher Scientific India Private Limited
South Eastern Coalfields Limited,Dipka Area,M/s Dipka Expansion Project South Eastern Coal Fields Limited Dipka Area,30-AUG-2026 13:49,30-AUG-2026 08:19,9.90,14.29,35.20,,0.12,site_5664,Thermo Fisher Scientific India Private Limited
South Eastern Coalfields Limited,Dipka Area,M/s Dipka Expansion Project South Eastern Coal Fields Limited Dipka Area,30-AUG-2026 13:48,30-AUG-2026 08:18,10.05,14.45,38.36,,0.10,site_5664,Thermo Fisher Scientific India Private Limited
South Eastern Coalfields Limited,Dipka Area,M/s Dipka Expansion Project South Eastern Coal Fields Limited Dipka Area,30-AUG-2026 13:48,30-AUG-2026 08:18,10.06,14.61,36.04,,0.00,site_5664,Thermo Fisher Scientific India Private Limited
South Eastern Coalfields Limited,Dipka Area,M/s Dipka Expansion Project South Eastern Coal Fields Limited Dipka Area,30-AUG-2026 13:47,30-AUG-2026 08:17,10.09,14.62,31.40,,0.00,site_5664,Thermo Fisher Scientific India Private Limited
South Eastern Coalfields Limited,Dipka Area,M/s Dipka Expansion Project South Eastern Coal Fields Limited Dipka Area,30-AUG-2026 13:47,30-AUG-2026 08:17,10.17,14.62,33.90,,0.08,site_5664,Thermo Fisher Scientific India Private Limited
South Eastern Coalfields Limited,Dipka Area,M/s Dipka Expansion Project South Eastern Coal Fields Limited Dipka Area,30-AUG-2026 13:46,30-AUG-2026 08:16,10.15,14.60,37.06,,0.00,site_5664,Thermo Fisher Scientific India Private Limited
South Eastern Coalfields Limited,Dipka Area,M/s Dipka Expansion Project South Eastern Coal Fields Limited Dipka Area,30-AUG-2026 13:46,30-AUG-2026 08:16,10.07,14.62,35.74,,0.00,site_5664,Thermo Fisher Scientific India Private Limited
South Eastern Coalfields Limited,Dipka Area,M/s Dipka Expansion Project South Eastern Coal Fields Limited Dipka Area,30-AUG-2026 13:45,30-AUG-2026 08:15,9.90,14.62,34.86,,0.00,site_5664,Thermo Fisher Scientific India Private Limited
South Eastern Coalfields Limited,"Bilaspur, CHHATTISGARHr",South Eastern Coalfields  Limited - AQMS_H_Q,30-AUG-2026 13:45,30-AUG-2026 08:14,3.76,,15.98,286.97,0.92,site_5592,Swan Environ
South Eastern Coalfields Limited,Dipka Area,M/s Dipka Expansion Project South Eastern Coal Fields Limited Dipka Area,30-AUG-2026 13:45,30-AUG-2026 08:15,9.80,14.63,33.58,,0.00,site_5664,Thermo Fisher Scientific India Private Limited
South Eastern Coalfields Limited,Dipka Area,M/s Dipka Expansion Project South Eastern Coal Fields Limited Dipka Area,30-AUG-2026 13:44,30-AUG-2026 08:14,9.76,14.70,35.61,,0.00,site_5664,Thermo Fisher Scientific India Private Limited
South Eastern Coalfields Limited,Dipka Area,M/s Dipka Expansion Project South Eastern Coal Fields Limited Dipka Area,30-AUG-2026 13:44,30-AUG-2026 08:14,9.70,14.80,36.13,,0.00,site_5664,Thermo Fisher Scientific India Private Limited
South Eastern Coalfields Limited,Dipka Area,M/s Dipka Expansion Project South Eastern Coal Fields Limited Dipka Area,30-AUG-2026 13:43,30-AUG-2026 08:13,9.46,14.74,39.09,,0.00,site_5664,Thermo Fisher Scientific India Private Limited
South Eastern Coalfields Limited,Dipka Area,M/s Dipka Expansion Project South Eastern Coal Fields Limited Dipka Area,30-AUG-2026 13:43,30-AUG-2026 08:13,9.06,14.55,35.10,,0.00,site_5664,Thermo Fisher Scientific India Private Limited
South Eastern Coalfields Limited,Dipka Area,M/s Dipka Expansion Project South Eastern Coal Fields Limited Dipka Area,30-AUG-2026 13:42,30-AUG-2026 08:12,8.75,14.26,35.01,,0.00,site_5664,Thermo Fisher Scientific India Private Limited
South Eastern Coalfields Limited,Dipka Area,M/s Dipka Expansion Project South Eastern Coal Fields Limited Dipka Area,30-AUG-2026 13:42,30-AUG-2026 08:12,8.39,14.03,39.15,,0.00,site_5664,Thermo Fisher Scientific India Private Limited
South Eastern Coalfields Limited,Dipka Area,M/s Dipka Expansion Project South Eastern Coal Fields Limited Dipka Area,30-AUG-2026 13:41,30-AUG-2026 08:11,7.84,13.66,39.00,,0.00,site_5664,Thermo Fisher Scientific India Private Limited
South Eastern Coalfields Limited,Dipka Area,M/s Dipka Expansion Project South Eastern Coal Fields Limited Dipka Area,30-AUG-2026 13:41,30-AUG-2026 08:11,7.23,13.46,36.99,,0.05,site_5664,Thermo Fisher Scientific India Private Limited
South Eastern Coalfields Limited,Dipka Area,M/s Dipka Expansion Project South Eastern Coal Fields Limited Dipka Area,30-AUG-2026 13:40,30-AUG-2026 08:10,6.79,13.34,36.91,,0.00,site_5664,Thermo Fisher Scientific India Private Limited
South Eastern Coalfields Limited,"Gevra , Chattisgarh",SECL GEVRA,30-AUG-2026 13:40,30-AUG-2026 13:30,43.70,78.28,13.89,10.14,0.92,site_,Envea India Pvt Ltd
South Eastern Coalfields Limited,"Gevra , Chattisgarh",SECL GEVRA,30-AUG-2026 13:40,30-AUG-2026 13:30,43.70,78.28,13.89,10.14,0.92,site_,Envea India Pvt Ltd
South Eastern Coalfields Limited,"Gevra , Chattisgarh",SECL GEVRA,30-AUG-2026 13:40,30-AUG-2026 13:30,43.70,78.28,13.89,10.14,0.92,site_,Envea India Pvt Ltd
South Eastern Coalfields Limited,Dipka Area,M/s Dipka Expansion Project South Eastern Coal Fields Limited Dipka Area,30-AUG-2026 13:40,30-AUG-2026 08:10,6.64,13.22,40.53,,0.00,site_5664,Thermo Fisher Scientific India Private Limited
South Eastern Coalfields Limited,Dipka Area,M/s Dipka Expansion Project South Eastern Coal Fields Limited Dipka Area,30-AUG-2026 13:39,30-AUG-2026 08:09,6.49,13.24,37.05,,0.00,site_5664,Thermo Fisher Scientific India Private Limited
South Eastern Coalfields Limited,Dipka Area,M/s Dipka Expansion Project South Eastern Coal Fields Limited Dipka Area,30-AUG-2026 13:39,30-AUG-2026 08:09,6.47,13.23,36.95,,0.00,site_5664,Thermo Fisher Scientific India Private Limited
South Eastern Coalfields Limited,Dipka Area,M/s Dipka Expansion Project South Eastern Coal Fields Limited Dipka Area,30-AUG-2026 13:38,30-AUG-2026 08:08,6.70,13.25,34.57,,0.00,site_5664,Thermo Fisher Scientific India Private Limited
South Eastern Coalfields Limited,Dipka Area,M/s Dipka Expansion Project South Eastern Coal Fields Limited Dipka Area,30-AUG-2026 13:38,30-AUG-2026 08:08,7.11,13.14,33.52,,0.00,site_5664,Thermo Fisher Scientific India Private Limited
South Eastern Coalfields Limited,Dipka Area,M/s Dipka Expansion Project South Eastern Coal Fields Limited Dipka Area,30-AUG-2026 13:37,30-AUG-2026 08:07,7.54,13.01,38.99,,0.00,site_5664,Thermo Fisher Scientific India Private Limited
South Eastern Coalfields Limited,Dipka Area,M/s Dipka Expansion Project South Eastern Coal Fields Limited Dipka Area,30-AUG-2026 13:37,30-AUG-2026 08:07,7.66,13.00,38.01,,0.00,site_5664,Thermo Fisher Scientific India Private Limited
South Eastern Coalfields Limited,Dipka Area,M/s Dipka Expansion Project South Eastern Coal Fields Limited Dipka Area,30-AUG-2026 13:36,30-AUG-2026 08:06,7.84,12.97,36.01,,0.00,site_5664,Thermo Fisher Scientific India Private Limited
South Eastern Coalfields Limited,Dipka Area,M/s Dipka Expansion Project South Eastern Coal Fields Limited Dipka Area,30-AUG-2026 13:36,30-AUG-2026 08:06,8.13,12.99,35.19,,0.00,site_5664,Thermo Fisher Scientific India Private Limited
South Eastern Coalfields Limited,Dipka Area,M/s Dipka Expansion Project South Eastern Coal Fields Limited Dipka Area,30-AUG-2026 13:35,30-AUG-2026 08:05,8.37,12.98,34.54,,0.00,site_5664,Thermo Fisher Scientific India Private Limited
South Eastern Coalfields Limited,Dipka Area,M/s Dipka Expansion Project South Eastern Coal Fields Limited Dipka Area,30-AUG-2026 13:35,30-AUG-2026 08:05,8.39,12.85,33.42,,0.12,site_5664,Thermo Fisher Scientific India Private Limited
South Eastern Coalfields Limited,Dipka Area,M/s Dipka Expansion Project South Eastern Coal Fields Limited Dipka Area,30-AUG-2026 13:34,30-AUG-2026 08:04,8.39,12.60,33.41,,0.19,site_5664,Thermo Fisher Scientific India Private Limited
South Eastern Coalfields Limited,Dipka Area,M/s Dipka Expansion Project South Eastern Coal Fields Limited Dipka Area,30-AUG-2026 13:34,30-AUG-2026 08:04,8.39,12.35,39.12,,0.11,site_5664,Thermo Fisher Scientific India Private Limited
South Eastern Coalfields Limited,Dipka Area,M/s Dipka Expansion Project South Eastern Coal Fields Limited Dipka Area,30-AUG-2026 13:33,30-AUG-2026 08:03,8.39,11.94,38.61,,0.17,site_5664,Thermo Fisher Scientific India Private Limited
South Eastern Coalfields Limited,Dipka Area,M/s Dipka Expansion Project South Eastern Coal Fields Limited Dipka Area,30-AUG-2026 13:33,30-AUG-2026 08:03,8.39,11.57,34.63,,0.15,site_5664,Thermo Fisher Scientific India Private Limited
South Eastern Coalfields Limited,Dipka Area,M/s Dipka Expansion Project South Eastern Coal Fields Limited Dipka Area,30-AUG-2026 13:32,30-AUG-2026 08:02,8.39,11.23,35.40,,0.15,site_5664,Thermo Fisher Scientific India Private Limited
South Eastern Coalfields Limited,Dipka Area,M/s Dipka Expansion Project South Eastern Coal Fields Limited Dipka Area,30-AUG-2026 13:32,30-AUG-2026 08:02,8.39,11.02,36.97,,0.19,site_5664,Thermo Fisher Scientific India Private Limited
South Eastern Coalfields Limited,Dipka Area,M/s Dipka Expansion Project South Eastern Coal Fields Limited Dipka Area,30-AUG-2026 13:31,30-AUG-2026 08:01,8.39,10.90,35.25,,0.19,site_5664,Thermo Fisher Scientific India Private Limited
South Eastern Coalfields Limited,Dipka Area,M/s Dipka Expansion Project South Eastern Coal Fields Limited Dipka Area,30-AUG-2026 13:31,30-AUG-2026 08:01,8.39,10.88,37.71,,0.23,site_5664,Thermo Fisher Scientific India Private Limited
South Eastern Coalfields Limited,"Bilaspur, CHHATTISGARHr",South Eastern Coalfields  Limited - AQMS_H_Q,30-AUG-2026 13:30,30-AUG-2026 07:59,3.64,,15.08,257.06,0.63,site_5592,Swan Environ
South Eastern Coalfields Limited,Dipka Area,M/s Dipka Expansion Project South Eastern Coal Fields Limited Dipka Area,30-AUG-2026 13:30,30-AUG-2026 08:00,8.39,11.00,38.39,,0.05,site_5664,Thermo Fisher Scientific India Private Limited
South Eastern Coalfields Limited,Dipka Area,M/s Dipka Expansion Project South Eastern Coal Fields Limited Dipka Area,30-AUG-2026 13:30,30-AUG-2026 08:00,8.39,11.18,36.48,,0.03,site_5664,Thermo Fisher Scientific India Private Limited
South Eastern Coalfields Limited,Dipka Area,M/s Dipka Expansion Project South Eastern Coal Fields Limited Dipka Area,30-AUG-2026 13:29,30-AUG-2026 07:59,8.39,11.32,36.57,,0.08,site_5664,Thermo Fisher Scientific India Private Limited
South Eastern Coalfields Limited,Dipka Area,M/s Dipka Expansion Project South Eastern Coal Fields Limited Dipka Area,30-AUG-2026 13:29,30-AUG-2026 07:59,8.39,11.50,34.84,,0.11,site_5664,Thermo Fisher Scientific India Private Limited
South Eastern Coalfields Limited,Dipka Area,M/s Dipka Expansion Project South Eastern Coal Fields Limited Dipka Area,30-AUG-2026 13:28,30-AUG-2026 07:58,8.39,11.73,38.32,,0.08,site_5664,Thermo Fisher Scientific India Private Limited
South Eastern Coalfields Limited,Dipka Area,M/s Dipka Expansion Project South Eastern Coal Fields Limited Dipka Area,30-AUG-2026 13:28,30-AUG-2026 07:58,8.39,11.90,39.46,,0.17,site_5664,Thermo Fisher Scientific India Private Limited
South Eastern Coalfields Limited,Dipka Area,M/s Dipka Expansion Project South Eastern Coal Fields Limited Dipka Area,30-AUG-2026 13:27,30-AUG-2026 07:57,8.39,11.95,40.10,,0.07,site_5664,Thermo Fisher Scientific India Private Limited
South Eastern Coalfields Limited,Dipka Area,M/s Dipka Expansion Project South Eastern Coal Fields Limited Dipka Area,30-AUG-2026 13:27,30-AUG-2026 07:57,8.39,11.99,33.57,,0.00,site_5664,Thermo Fisher Scientific India Private Limited
South Eastern Coalfields Limited,Dipka Area,M/s Dipka Expansion Project South Eastern Coal Fields Limited Dipka Area,30-AUG-2026 13:26,30-AUG-2026 07:56,8.39,12.15,37.45,,0.11,site_5664,Thermo Fisher Scientific India Private Limited
South Eastern Coalfields Limited,Dipka Area,M/s Dipka Expansion Project South Eastern Coal Fields Limited Dipka Area,30-AUG-2026 13:26,30-AUG-2026 07:56,8.39,12.26,34.24,,0.04,site_5664,Thermo Fisher Scientific India Private Limited
South Eastern Coalfields Limited,Dipka Area,M/s Dipka Expansion Project South Eastern Coal Fields Limited Dipka Area,30-AUG-2026 13:25,30-AUG-2026 07:55,8.39,12.39,40.49,,0.00,site_5664,Thermo Fisher Scientific India Private Limited
South Eastern Coalfields Limited,"Gevra , Chattisgarh",SECL GEVRA,30-AUG-2026 13:25,30-AUG-2026 13:15,26.50,48.38,12.93,7.60,0.51,site_,Envea India Pvt Ltd
South Eastern Coalfields Limited,"Gevra , Chattisgarh",SECL GEVRA,30-AUG-2026 13:25,30-AUG-2026 13:15,26.50,48.38,12.93,7.60,0.51,site_,Envea India Pvt Ltd
South Eastern Coalfields Limited,"Gevra , Chattisgarh",SECL GEVRA,30-AUG-2026 13:25,30-AUG-2026 13:15,26.50,48.38,12.93,7.60,0.51,site_,Envea India Pvt Ltd
South Eastern Coalfields Limited,Dipka Area,M/s Dipka Expansion Project South Eastern Coal Fields Limited Dipka Area,30-AUG-2026 13:25,30-AUG-2026 07:55,8.39,12.39,43.52,,0.00,site_5664,Thermo Fisher Scientific India Private Limited
South Eastern Coalfields Limited,Dipka Area,M/s Dipka Expansion Project South Eastern Coal Fields Limited Dipka Area,30-AUG-2026 13:24,30-AUG-2026 07:54,8.39,12.55,35.50,,0.05,site_5664,Thermo Fisher Scientific India Private Limited
South Eastern Coalfields Limited,Dipka Area,M/s Dipka Expansion Project South Eastern Coal Fields Limited Dipka Area,30-AUG-2026 13:24,30-AUG-2026 07:54,8.39,12.68,34.12,,0.04,site_5664,Thermo Fisher Scientific India Private Limited
South Eastern Coalfields Limited,Dipka Area,M/s Dipka Expansion Project South Eastern Coal Fields Limited Dipka Area,30-AUG-2026 13:23,30-AUG-2026 07:53,8.39,12.93,41.87,,0.11,site_5664,Thermo Fisher Scientific India Private Limited
South Eastern Coalfields Limited,Dipka Area,M/s Dipka Expansion Project South Eastern Coal Fields Limited Dipka Area,30-AUG-2026 13:23,30-AUG-2026 07:53,8.39,13.27,42.83,,0.18,site_5664,Thermo Fisher Scientific India Private Limited
South Eastern Coalfields Limited,Dipka Area,M/s Dipka Expansion Project South Eastern Coal Fields Limited Dipka Area,30-AUG-2026 13:22,30-AUG-2026 07:52,8.39,13.73,34.82,,0.32,site_5664,Thermo Fisher Scientific India Private Limited
South Eastern Coalfields Limited,Dipka Area,M/s Dipka Expansion Project South Eastern Coal Fields Limited Dipka Area,30-AUG-2026 13:22,30-AUG-2026 07:52,8.39,14.27,37.26,,0.37,site_5664,Thermo Fisher Scientific India Private Limited
South Eastern Coalfields Limited,Dipka Area,M/s Dipka Expansion Project South Eastern Coal Fields Limited Dipka Area,30-AUG-2026 13:21,30-AUG-2026 07:51,8.39,14.79,35.69,,0.40,site_5664,Thermo Fisher Scientific India Private Limited
South Eastern Coalfields Limited,Dipka Area,M/s Dipka Expansion Project South Eastern Coal Fields Limited Dipka Area,30-AUG-2026 13:21,30-AUG-2026 07:51,8.39,15.36,38.03,,0.51,site_5664,Thermo Fisher Scientific India Private Limited
South Eastern Coalfields Limited,Dipka Area,M/s Dipka Expansion Project South Eastern Coal Fields Limited Dipka Area,30-AUG-2026 13:20,30-AUG-2026 07:50,8.39,15.78,36.41,,0.64,site_5664,Thermo Fisher Scientific India Private Limited
South Eastern Coalfields Limited,Dipka Area,M/s Dipka Expansion Project South Eastern Coal Fields Limited Dipka Area,30-AUG-2026 13:20,30-AUG-2026 07:50,8.49,16.08,34.93,,0.55,site_5664,Thermo Fisher Scientific India Private Limited
South Eastern Coalfields Limited,Dipka Area,M/s Dipka Expansion Project South Eastern Coal Fields Limited Dipka Area,30-AUG-2026 13:19,30-AUG-2026 07:49,8.66,16.37,32.22,,0.34,site_5664,Thermo Fisher Scientific India Private Limited
South Eastern Coalfields Limited,Dipka Area,M/s Dipka Expansion Project South Eastern Coal Fields Limited Dipka Area,30-AUG-2026 13:19,30-AUG-2026 07:49,8.86,16.49,38.49,,0.49,site_5664,Thermo Fisher Scientific India Private Limited
South Eastern Coalfields Limited,Dipka Area,M/s Dipka Expansion Project South Eastern Coal Fields Limited Dipka Area,30-AUG-2026 13:18,30-AUG-2026 07:48,8.89,16.67,34.76,,0.50,site_5664,Thermo Fisher Scientific India Private Limited
South Eastern Coalfields Limited,Dipka Area,M/s Dipka Expansion Project South Eastern Coal Fields Limited Dipka Area,30-AUG-2026 13:18,30-AUG-2026 07:48,8.70,16.67,36.47,,0.43,site_5664,Thermo Fisher Scientific India Private Limited
South Eastern Coalfields Limited,Dipka Area,M/s Dipka Expansion Project South Eastern Coal Fields Limited Dipka Area,30-AUG-2026 13:17,30-AUG-2026 07:47,8.57,16.59,39.25,,0.32,site_5664,Thermo Fisher Scientific India Private Limited
South Eastern Coalfields Limited,Dipka Area,M/s Dipka Expansion Project South Eastern Coal Fields Limited Dipka Area,30-AUG-2026 13:17,30-AUG-2026 07:47,8.47,16.54,34.10,,0.31,site_5664,Thermo Fisher Scientific India Private Limited
South Eastern Coalfields Limited,Dipka Area,M/s Dipka Expansion Project South Eastern Coal Fields Limited Dipka Area,30-AUG-2026 13:16,30-AUG-2026 07:46,8.42,16.42,36.05,,0.30,site_5664,Thermo Fisher Scientific India Private Limited
South Eastern Coalfields Limited,Dipka Area,M/s Dipka Expansion Project South Eastern Coal Fields Limited Dipka Area,30-AUG-2026 13:16,30-AUG-2026 07:46,8.26,16.37,33.41,,0.30,site_5664,Thermo Fisher Scientific India Private Limited
South Eastern Coalfields Limited,"Bilaspur, CHHATTISGARHr",South Eastern Coalfields  Limited - AQMS_H_Q,30-AUG-2026 13:15,30-AUG-2026 07:45,3.81,,14.83,267.61,0.67,site_5592,Swan Environ
South Eastern Coalfields Limited,Dipka Area,M/s Dipka Expansion Project South Eastern Coal Fields Limited Dipka Area,30-AUG-2026 13:15,30-AUG-2026 07:45,7.96,16.35,32.64,,0.27,site_5664,Thermo Fisher Scientific India Private Limited
South Eastern Coalfields Limited,Dipka Area,M/s Dipka Expansion Project South Eastern Coal Fields Limited Dipka Area,30-AUG-2026 13:15,30-AUG-2026 07:45,7.77,16.39,38.64,,0.36,site_5664,Thermo Fisher Scientific India Private Limited
South Eastern Coalfields Limited,Dipka Area,M/s Dipka Expansion Project South Eastern Coal Fields Limited Dipka Area,30-AUG-2026 13:14,30-AUG-2026 07:44,7.31,16.60,36.59,,0.45,site_5664,Thermo Fisher Scientific India Private Limited
South Eastern Coalfields Limited,Dipka Area,M/s Dipka Expansion Project South Eastern Coal Fields Limited Dipka Area,30-AUG-2026 13:14,30-AUG-2026 07:44,6.85,16.78,32.42,,0.41,site_5664,Thermo Fisher Scientific India Private Limited
South Eastern Coalfields Limited,Dipka Area,M/s Dipka Expansion Project South Eastern Coal Fields Limited Dipka Area,30-AUG-2026 13:13,30-AUG-2026 07:43,6.49,16.93,37.75,,0.34,site_5664,Thermo Fisher Scientific India Private Limited
South Eastern Coalfields Limited,Dipka Area,M/s Dipka Expansion Project South Eastern Coal Fields Limited Dipka Area,30-AUG-2026 13:13,30-AUG-2026 07:43,6.42,17.09,40.07,,0.31,site_5664,Thermo Fisher Scientific India Private Limited
South Eastern Coalfields Limited,Dipka Area,M/s Dipka Expansion Project South Eastern Coal Fields Limited Dipka Area,30-AUG-2026 13:12,30-AUG-2026 07:42,6.52,17.29,33.46,,0.32,site_5664,Thermo Fisher Scientific India Private Limited
South Eastern Coalfields Limited,Dipka Area,M/s Dipka Expansion Project South Eastern Coal Fields Limited Dipka Area,30-AUG-2026 13:12,30-AUG-2026 07:42,6.57,17.46,38.84,,0.38,site_5664,Thermo Fisher Scientific India Private Limited
South Eastern Coalfields Limited,Dipka Area,M/s Dipka Expansion Project South Eastern Coal Fields Limited Dipka Area,30-AUG-2026 13:11,30-AUG-2026 07:41,6.76,17.61,33.85,,0.23,site_5664,Thermo Fisher Scientific India Private Limited
South Eastern Coalfields Limited,Dipka Area,M/s Dipka Expansion Project South Eastern Coal Fields Limited Dipka Area,30-AUG-2026 13:11,30-AUG-2026 07:41,7.06,17.59,37.60,,0.15,site_5664,Thermo Fisher Scientific India Private Limited
South Eastern Coalfields Limited,Dipka Area,M/s Dipka Expansion Project South Eastern Coal Fields Limited Dipka Area,30-AUG-2026 13:10,30-AUG-2026 07:40,7.23,17.58,40.26,,0.21,site_5664,Thermo Fisher Scientific India Private Limited
South Eastern Coalfields Limited,"Gevra , Chattisgarh",SECL GEVRA,30-AUG-2026 13:10,30-AUG-2026 13:00,20.40,37.88,12.60,6.70,0.36,site_,Envea India Pvt Ltd
South Eastern Coalfields Limited,"Gevra , Chattisgarh",SECL GEVRA,30-AUG-2026 13:10,30-AUG-2026 13:00,20.40,37.88,12.60,6.70,0.36,site_,Envea India Pvt Ltd
South Eastern Coalfields Limited,"Gevra , Chattisgarh",SECL GEVRA,30-AUG-2026 13:10,30-AUG-2026 13:00,20.40,37.88,12.60,6.70,0.36,site_,Envea India Pvt Ltd
South Eastern Coalfields Limited,Dipka Area,M/s Dipka Expansion Project South Eastern Coal Fields Limited Dipka Area,30-AUG-2026 13:10,30-AUG-2026 07:40,7.42,17.50,40.30,,0.19,site_5664,Thermo Fisher Scientific India Private Limited
South Eastern Coalfields Limited,Dipka Area,M/s Dipka Expansion Project South Eastern Coal Fields Limited Dipka Area,30-AUG-2026 13:09,30-AUG-2026 07:39,7.74,17.32,39.05,,0.22,site_5664,Thermo Fisher Scientific India Private Limited
South Eastern Coalfields Limited,Dipka Area,M/s Dipka Expansion Project South Eastern Coal Fields Limited Dipka Area,30-AUG-2026 13:09,30-AUG-2026 07:39,8.01,17.13,38.35,,0.20,site_5664,Thermo Fisher Scientific India Private Limited
South Eastern Coalfields Limited,Dipka Area,M/s Dipka Expansion Project South Eastern Coal Fields Limited Dipka Area,30-AUG-2026 13:08,30-AUG-2026 07:38,8.22,16.99,39.45,,0.11,site_5664,Thermo Fisher Scientific India Private Limited
South Eastern Coalfields Limited,Dipka Area,M/s Dipka Expansion Project South Eastern Coal Fields Limited Dipka Area,30-AUG-2026 13:08,30-AUG-2026 07:38,8.22,16.91,37.47,,0.21,site_5664,Thermo Fisher Scientific India Private Limited
South Eastern Coalfields Limited,Dipka Area,M/s Dipka Expansion Project South Eastern Coal Fields Limited Dipka Area,30-AUG-2026 13:07,30-AUG-2026 07:37,8.17,16.91,40.24,,0.28,site_5664,Thermo Fisher Scientific India Private Limited
South Eastern Coalfields Limited,Dipka Area,M/s Dipka Expansion Project South Eastern Coal Fields Limited Dipka Area,30-AUG-2026 13:07,30-AUG-2026 07:37,7.96,16.82,39.32,,0.27,site_5664,Thermo Fisher Scientific India Private Limited
South Eastern Coalfields Limited,Dipka Area,M/s Dipka Expansion Project South Eastern Coal Fields Limited Dipka Area,30-AUG-2026 13:06,30-AUG-2026 07:36,7.54,16.68,42.36,,0.31,site_5664,Thermo Fisher Scientific India Private Limited
South Eastern Coalfields Limited,Dipka Area,M/s Dipka Expansion Project South Eastern Coal Fields Limited Dipka Area,30-AUG-2026 13:06,30-AUG-2026 07:36,7.17,16.51,36.98,,0.33,site_5664,Thermo Fisher Scientific India Private Limited
South Eastern Coalfields Limited,Dipka Area,M/s Dipka Expansion Project South Eastern Coal Fields Limited Dipka Area,30-AUG-2026 13:05,30-AUG-2026 07:35,6.62,16.09,39.75,,0.19,site_5664,Thermo Fisher Scientific India Private Limited
South Eastern Coalfields Limited,Dipka Area,M/s Dipka Expansion Project South Eastern Coal Fields Limited Dipka Area,30-AUG-2026 13:05,30-AUG-2026 07:35,6.04,15.65,39.43,,0.09,site_5664,Thermo Fisher Scientific India Private Limited
South Eastern Coalfields Limited,Dipka Area,M/s Dipka Expansion Project South Eastern Coal Fields Limited Dipka Area,30-AUG-2026 13:04,30-AUG-2026 07:34,5.39,15.20,37.95,,0.01,site_5664,Thermo Fisher Scientific India Private Limited
South Eastern Coalfields Limited,Dipka Area,M/s Dipka Expansion Project South Eastern Coal Fields Limited Dipka Area,30-AUG-2026 13:04,30-AUG-2026 07:34,4.79,14.91,34.93,,0.01,site_5664,Thermo Fisher Scientific India Private Limited
South Eastern Coalfields Limited,Dipka Area,M/s Dipka Expansion Project South Eastern Coal Fields Limited Dipka Area,30-AUG-2026 13:03,30-AUG-2026 07:33,4.07,14.67,42.26,,0.06,site_5664,Thermo Fisher Scientific India Private Limited
South Eastern Coalfields Limited,Dipka Area,M/s Dipka Expansion Project South Eastern Coal Fields Limited Dipka Area,30-AUG-2026 13:03,30-AUG-2026 07:33,3.38,14.47,36.78,,0.04,site_5664,Thermo Fisher Scientific India Private Limited
South Eastern Coalfields Limited,Dipka Area,M/s Dipka Expansion Project South Eastern Coal Fields Limited Dipka Area,30-AUG-2026 13:02,30-AUG-2026 07:32,2.68,14.32,34.64,,0.06,site_5664,Thermo Fisher Scientific India Private Limited
South Eastern Coalfields Limited,Dipka Area,M/s Dipka Expansion Project South Eastern Coal Fields Limited Dipka Area,30-AUG-2026 13:02,30-AUG-2026 07:32,2.19,14.24,33.39,,0.00,site_5664,Thermo Fisher Scientific India Private Limited
South Eastern Coalfields Limited,Dipka Area,M/s Dipka Expansion Project South Eastern Coal Fields Limited Dipka Area,30-AUG-2026 13:01,30-AUG-2026 07:31,1.61,14.19,40.10,,0.00,site_5664,Thermo Fisher Scientific India Private Limited
South Eastern Coalfields Limited,Dipka Area,M/s Dipka Expansion Project South Eastern Coal Fields Limited Dipka Area,30-AUG-2026 13:01,30-AUG-2026 07:31,1.17,14.14,39.75,,0.00,site_5664,Thermo Fisher Scientific India Private Limited
South Eastern Coalfields Limited,"Bilaspur, CHHATTISGARHr",South Eastern Coalfields  Limited - AQMS_H_Q,30-AUG-2026 13:00,30-AUG-2026 07:30,3.34,,13.16,0.00,0.00,site_5592,Swan Environ
South Eastern Coalfields Limited,Dipka Area,M/s Dipka Expansion Project South Eastern Coal Fields Limited Dipka Area,30-AUG-2026 13:00,30-AUG-2026 07:30,0.72,14.07,35.11,,0.13,site_5664,Thermo Fisher Scientific India Private Limited
South Eastern Coalfields Limited,Dipka Area,M/s Dipka Expansion Project South Eastern Coal Fields Limited Dipka Area,30-AUG-2026 12:59,30-AUG-2026 07:29,0.33,14.31,31.81,,0.28,site_5664,Thermo Fisher Scientific India Private Limited
South Eastern Coalfields Limited,Dipka Area,M/s Dipka Expansion Project South Eastern Coal Fields Limited Dipka Area,30-AUG-2026 12:59,30-AUG-2026 07:29,0.23,14.63,39.85,,0.24,site_5664,Thermo Fisher Scientific India Private Limited
South Eastern Coalfields Limited,Dipka Area,M/s Dipka Expansion Project South Eastern Coal Fields Limited Dipka Area,30-AUG-2026 12:58,30-AUG-2026 07:28,0.14,14.98,36.46,,0.35,site_5664,Thermo Fisher Scientific India Private Limited
South Eastern Coalfields Limited,Dipka Area,M/s Dipka Expansion Project South Eastern Coal Fields Limited Dipka Area,30-AUG-2026 12:58,30-AUG-2026 07:28,0.06,15.20,35.10,,0.44,site_5664,Thermo Fisher Scientific India Private Limited
South Eastern Coalfields Limited,Dipka Area,M/s Dipka Expansion Project South Eastern Coal Fields Limited Dipka Area,30-AUG-2026 12:57,30-AUG-2026 07:27,0.24,15.50,44.52,,0.32,site_5664,Thermo Fisher Scientific India Private Limited
South Eastern Coalfields Limited,Dipka Area,M/s Dipka Expansion Project South Eastern Coal Fields Limited Dipka Area,30-AUG-2026 12:57,30-AUG-2026 07:27,0.46,15.79,32.28,,0.36,site_5664,Thermo Fisher Scientific India Private Limited
South Eastern Coalfields Limited,Dipka Area,M/s Dipka Expansion Project South Eastern Coal Fields Limited Dipka Area,30-AUG-2026 12:56,30-AUG-2026 07:26,0.93,15.93,40.53,,0.45,site_5664,Thermo Fisher Scientific India Private Limited
South Eastern Coalfields Limited,Dipka Area,M/s Dipka Expansion Project South Eastern Coal Fields Limited Dipka Area,30-AUG-2026 12:56,30-AUG-2026 07:26,1.40,16.03,36.55,,0.43,site_5664,Thermo Fisher Scientific India Private Limited
South Eastern Coalfields Limited,Dipka Area,M/s Dipka Expansion Project South Eastern Coal Fields Limited Dipka Area,30-AUG-2026 12:55,30-AUG-2026 07:25,2.04,16.09,36.08,,0.39,site_5664,Thermo Fisher Scientific India Private Limited
South Eastern Coalfields Limited,"Gevra , Chattisgarh",SECL GEVRA,30-AUG-2026 12:55,30-AUG-2026 12:45,30.60,55.58,13.16,8.21,0.61,site_,Envea India Pvt Ltd
South Eastern Coalfields Limited,"Gevra , Chattisgarh",SECL GEVRA,30-AUG-2026 12:55,30-AUG-2026 12:45,30.60,55.58,13.16,8.21,0.61,site_,Envea India Pvt Ltd
South Eastern Coalfields Limited,Dipka Area,M/s Dipka Expansion Project South Eastern Coal Fields Limited Dipka Area,30-AUG-2026 12:55,30-AUG-2026 07:25,2.86,16.07,40.60,,0.37,site_5664,Thermo Fisher Scientific India Private Limited
South Eastern Coalfields Limited,Dipka Area,M/s Dipka Expansion Project South Eastern Coal Fields Limited Dipka Area,30-AUG-2026 12:54,30-AUG-2026 07:24,3.63,16.05,33.43,,0.27,site_5664,Thermo Fisher Scientific India Private Limited
South Eastern Coalfields Limited,Dipka Area,M/s Dipka Expansion Project South Eastern Coal Fields Limited Dipka Area,30-AUG-2026 12:54,30-AUG-2026 07:24,4.19,15.89,36.65,,0.25,site_5664,Thermo Fisher Scientific India Private Limited
South Eastern Coalfields Limited,Dipka Area,M/s Dipka Expansion Project South Eastern Coal Fields Limited Dipka Area,30-AUG-2026 12:53,30-AUG-2026 07:23,4.97,15.70,33.27,,0.24,site_5664,Thermo Fisher Scientific India Private Limited
South Eastern Coalfields Limited,Dipka Area,M/s Dipka Expansion Project South Eastern Coal Fields Limited Dipka Area,30-AUG-2026 12:53,30-AUG-2026 07:23,5.79,15.47,33.01,,0.09,site_5664,Thermo Fisher Scientific India Private Limited
South Eastern Coalfields Limited,Dipka Area,M/s Dipka Expansion Project South Eastern Coal Fields Limited Dipka Area,30-AUG-2026 12:52,30-AUG-2026 07:22,6.48,15.23,34.84,,0.15,site_5664,Thermo Fisher Scientific India Private Limited
South Eastern Coalfields Limited,Dipka Area,M/s Dipka Expansion Project South Eastern Coal Fields Limited Dipka Area,30-AUG-2026 12:52,30-AUG-2026 07:22,6.80,15.13,40.34,,0.11,site_5664,Thermo Fisher Scientific India Private Limited
South Eastern Coalfields Limited,Dipka Area,M/s Dipka Expansion Project South Eastern Coal Fields Limited Dipka Area,30-AUG-2026 12:51,30-AUG-2026 07:21,7.16,14.99,35.50,,0.08,site_5664,Thermo Fisher Scientific India Private Limited
South Eastern Coalfields Limited,Dipka Area,M/s Dipka Expansion Project South Eastern Coal Fields Limited Dipka Area,30-AUG-2026 12:51,30-AUG-2026 07:21,7.35,14.91,34.08,,0.02,site_5664,Thermo Fisher Scientific India Private Limited
South Eastern Coalfields Limited,Dipka Area,M/s Dipka Expansion Project South Eastern Coal Fields Limited Dipka Area,30-AUG-2026 12:50,30-AUG-2026 07:20,7.29,14.96,35.53,,0.01,site_5664,Thermo Fisher Scientific India Private Limited
South Eastern Coalfields Limited,Dipka Area,M/s Dipka Expansion Project South Eastern Coal Fields Limited Dipka Area,30-AUG-2026 12:50,30-AUG-2026 07:20,7.17,15.07,35.65,,0.03,site_5664,Thermo Fisher Scientific India Private Limited
South Eastern Coalfields Limited,Dipka Area,M/s Dipka Expansion Project South Eastern Coal Fields Limited Dipka Area,30-AUG-2026 12:49,30-AUG-2026 07:19,7.00,15.47,40.53,,0.29,site_5664,Thermo Fisher Scientific India Private Limited
South Eastern Coalfields Limited,Dipka Area,M/s Dipka Expansion Project South Eastern Coal Fields Limited Dipka Area,30-AUG-2026 12:49,30-AUG-2026 07:19,7.07,15.82,41.97,,0.31,site_5664,Thermo Fisher Scientific India Private Limited
South Eastern Coalfields Limited,Dipka Area,M/s Dipka Expansion Project South Eastern Coal Fields Limited Dipka Area,30-AUG-2026 12:48,30-AUG-2026 07:18,7.07,16.26,37.59,,0.26,site_5664,Thermo Fisher Scientific India Private Limited
South Eastern Coalfields Limited,Dipka Area,M/s Dipka Expansion Project South Eastern Coal Fields Limited Dipka Area,30-AUG-2026 12:48,30-AUG-2026 07:18,7.00,16.69,35.05,,0.20,site_5664,Thermo Fisher Scientific India Private Limited
South Eastern Coalfields Limited,Dipka Area,M/s Dipka Expansion Project South Eastern Coal Fields Limited Dipka Area,30-AUG-2026 12:47,30-AUG-2026 07:17,7.03,17.08,36.72,,0.18,site_5664,Thermo Fisher Scientific India Private Limited
South Eastern Coalfields Limited,Dipka Area,M/s Dipka Expansion Project South Eastern Coal Fields Limited Dipka Area,30-AUG-2026 12:47,30-AUG-2026 07:17,7.10,17.41,40.38,,0.19,site_5664,Thermo Fisher Scientific India Private Limited
South Eastern Coalfields Limited,Dipka Area,M/s Dipka Expansion Project South Eastern Coal Fields Limited Dipka Area,30-AUG-2026 12:46,30-AUG-2026 07:16,7.46,17.66,33.31,,0.15,site_5664,Thermo Fisher Scientific India Private Limited
South Eastern Coalfields Limited,Dipka Area,M/s Dipka Expansion Project South Eastern Coal Fields Limited Dipka Area,30-AUG-2026 12:46,30-AUG-2026 07:16,7.89,17.66,34.61,,0.35,site_5664,Thermo Fisher Scientific India Private Limited
South Eastern Coalfields Limited,Dipka Area,M/s Dipka Expansion Project South Eastern Coal Fields Limited Dipka Area,30-AUG-2026 12:45,30-AUG-2026 07:15,8.47,17.62,38.36,,0.27,site_5664,Thermo Fisher Scientific India Private Limited
South Eastern Coalfields Limited,Dipka Area,M/s Dipka Expansion Project South Eastern Coal Fields Limited Dipka Area,30-AUG-2026 12:45,30-AUG-2026 07:15,9.18,17.48,37.17,,0.19,site_5664,Thermo Fisher Scientific India Private Limited
South Eastern Coalfields Limited,"Bilaspur, CHHATTISGARHr",South Eastern Coalfields  Limited - AQMS_H_Q,30-AUG-2026 12:45,30-AUG-2026 07:14,3.11,,13.01,262.69,0.65,site_5592,Swan Environ
South Eastern Coalfields Limited,Dipka Area,M/s Dipka Expansion Project South Eastern Coal Fields Limited Dipka Area,30-AUG-2026 12:44,30-AUG-2026 07:14,9.99,17.29,43.37,,0.14,site_5664,Thermo Fisher Scientific India Private Limited
South Eastern Coalfields Limited,Dipka Area,M/s Dipka Expansion Project South Eastern Coal Fields Limited Dipka Area,30-AUG-2026 12:44,30-AUG-2026 07:14,10.66,17.05,33.99,,0.16,site_5664,Thermo Fisher Scientific India Private Limited
South Eastern Coalfields Limited,Dipka Area,M/s Dipka Expansion Project South Eastern Coal Fields Limited Dipka Area,30-AUG-2026 12:43,30-AUG-2026 07:13,11.19,16.84,34.98,,0.08,site_5664,Thermo Fisher Scientific India Private Limited
South Eastern Coalfields Limited,Dipka Area,M/s Dipka Expansion Project South Eastern Coal Fields Limited Dipka Area,30-AUG-2026 12:43,30-AUG-2026 07:13,11.40,16.70,38.78,,0.17,site_5664,Thermo Fisher Scientific India Private Limited
South Eastern Coalfields Limited,Dipka Area,M/s Dipka Expansion Project South Eastern Coal Fields Limited Dipka Area,30-AUG-2026 12:42,30-AUG-2026 07:12,11.49,16.52,34.89,,0.17,site_5664,Thermo Fisher Scientific India Private Limited
South Eastern Coalfields Limited,Dipka Area,M/s Dipka Expansion Project South Eastern Coal Fields Limited Dipka Area,30-AUG-2026 12:42,30-AUG-2026 07:12,11.42,16.46,38.87,,0.17,site_5664,Thermo Fisher Scientific India Private Limited
South Eastern Coalfields Limited,Dipka Area,M/s Dipka Expansion Project South Eastern Coal Fields Limited Dipka Area,30-AUG-2026 12:41,30-AUG-2026 07:11,11.25,16.40,38.05,,0.27,site_5664,Thermo Fisher Scientific India Private Limited
South Eastern Coalfields Limited,Dipka Area,M/s Dipka Expansion Project South Eastern Coal Fields Limited Dipka Area,30-AUG-2026 12:41,30-AUG-2026 07:11,11.11,16.25,40.56,,0.12,site_5664,Thermo Fisher Scientific India Private Limited
South Eastern Coalfields Limited,Dipka Area,M/s Dipka Expansion Project South Eastern Coal Fields Limited Dipka Area,30-AUG-2026 12:40,30-AUG-2026 07:10,10.96,16.00,35.10,,0.19,site_5664,Thermo Fisher Scientific India Private Limited
South Eastern Coalfields Limited,"Gevra , Chattisgarh",SECL GEVRA,30-AUG-2026 12:40,30-AUG-2026 12:30,17.80,33.33,12.45,6.32,0.30,site_,Envea India Pvt Ltd
South Eastern Coalfields Limited,"Gevra , Chattisgarh",SECL GEVRA,30-AUG-2026 12:40,30-AUG-2026 12:30,17.80,33.33,12.45,6.32,0.30,site_,Envea India Pvt Ltd
South Eastern Coalfields Limited,"Gevra , Chattisgarh",SECL GEVRA,30-AUG-2026 12:40,30-AUG-2026 12:30,17.80,33.33,12.45,6.32,0.30,site_,Envea India Pvt Ltd
South Eastern Coalfields Limited,Dipka Area,M/s Dipka Expansion Project South Eastern Coal Fields Limited Dipka Area,30-AUG-2026 12:40,30-AUG-2026 07:10,10.76,15.78,37.10,,0.29,site_5664,Thermo Fisher Scientific India Private Limited
South Eastern Coalfields Limited,Dipka Area,M/s Dipka Expansion Project South Eastern Coal Fields Limited Dipka Area,30-AUG-2026 12:39,30-AUG-2026 07:09,10.64,15.65,35.19,,0.21,site_5664,Thermo Fisher Scientific India Private Limited
South Eastern Coalfields Limited,Dipka Area,M/s Dipka Expansion Project South Eastern Coal Fields Limited Dipka Area,30-AUG-2026 12:39,30-AUG-2026 07:09,10.60,15.59,39.15,,0.16,site_5664,Thermo Fisher Scientific India Private Limited
South Eastern Coalfields Limited,Dipka Area,M/s Dipka Expansion Project South Eastern Coal Fields Limited Dipka Area,30-AUG-2026 12:38,30-AUG-2026 07:08,10.51,15.46,39.75,,0.23,site_5664,Thermo Fisher Scientific India Private Limited
South Eastern Coalfields Limited,Dipka Area,M/s Dipka Expansion Project South Eastern Coal Fields Limited Dipka Area,30-AUG-2026 12:38,30-AUG-2026 07:08,10.31,15.42,36.30,,0.24,site_5664,Thermo Fisher Scientific India Private Limited
South Eastern Coalfields Limited,Dipka Area,M/s Dipka Expansion Project South Eastern Coal Fields Limited Dipka Area,30-AUG-2026 12:37,30-AUG-2026 07:07,9.99,15.35,37.69,,0.33,site_5664,Thermo Fisher Scientific India Private Limited
South Eastern Coalfields Limited,Dipka Area,M/s Dipka Expansion Project South Eastern Coal Fields Limited Dipka Area,30-AUG-2026 12:37,30-AUG-2026 07:07,9.91,15.26,41.03,,0.29,site_5664,Thermo Fisher Scientific India Private Limited
South Eastern Coalfields Limited,Dipka Area,M/s Dipka Expansion Project South Eastern Coal Fields Limited Dipka Area,30-AUG-2026 12:36,30-AUG-2026 07:06,9.73,15.12,38.02,,0.21,site_5664,Thermo Fisher Scientific India Private Limited
South Eastern Coalfields Limited,Dipka Area,M/s Dipka Expansion Project South Eastern Coal Fields Limited Dipka Area,30-AUG-2026 12:36,30-AUG-2026 07:06,9.47,14.90,35.08,,0.26,site_5664,Thermo Fisher Scientific India Private Limited
South Eastern Coalfields Limited,Dipka Area,M/s Dipka Expansion Project South Eastern Coal Fields Limited Dipka Area,30-AUG-2026 12:35,30-AUG-2026 07:05,9.30,14.72,35.88,,0.34,site_5664,Thermo Fisher Scientific India Private Limited
South Eastern Coalfields Limited,Dipka Area,M/s Dipka Expansion Project South Eastern Coal Fields Limited Dipka Area,30-AUG-2026 12:35,30-AUG-2026 07:05,9.07,14.52,39.30,,0.30,site_5664,Thermo Fisher Scientific India Private Limited
South Eastern Coalfields Limited,Dipka Area,M/s Dipka Expansion Project South Eastern Coal Fields Limited Dipka Area,30-AUG-2026 12:34,30-AUG-2026 07:04,8.90,14.35,39.76,,0.27,site_5664,Thermo Fisher Scientific India Private Limited
South Eastern Coalfields Limited,Dipka Area,M/s Dipka Expansion Project South Eastern Coal Fields Limited Dipka Area,30-AUG-2026 12:34,30-AUG-2026 07:04,8.70,14.18,42.60,,0.28,site_5664,Thermo Fisher Scientific India Private Limited
South Eastern Coalfields Limited,Dipka Area,M/s Dipka Expansion Project South Eastern Coal Fields Limited Dipka Area,30-AUG-2026 12:33,30-AUG-2026 07:03,8.63,13.93,32.84,,0.35,site_5664,Thermo Fisher Scientific India Private Limited
South Eastern Coalfields Limited,Dipka Area,M/s Dipka Expansion Project South Eastern Coal Fields Limited Dipka Area,30-AUG-2026 12:33,30-AUG-2026 07:03,8.64,13.74,41.03,,0.28,site_5664,Thermo Fisher Scientific India Private Limited
South Eastern Coalfields Limited,Dipka Area,M/s Dipka Expansion Project South Eastern Coal Fields Limited Dipka Area,30-AUG-2026 12:32,30-AUG-2026 07:02,8.35,13.32,37.08,,0.27,site_5664,Thermo Fisher Scientific India Private Limited
South Eastern Coalfields Limited,Dipka Area,M/s Dipka Expansion Project South Eastern Coal Fields Limited Dipka Area,30-AUG-2026 12:32,30-AUG-2026 07:02,8.18,12.84,46.20,,0.30,site_5664,Thermo Fisher Scientific India Private Limited
South Eastern Coalfields Limited,Dipka Area,M/s Dipka Expansion Project South Eastern Coal Fields Limited Dipka Area,30-AUG-2026 12:31,30-AUG-2026 07:01,7.91,12.24,42.10,,0.31,site_5664,Thermo Fisher Scientific India Private Limited
South Eastern Coalfields Limited,Dipka Area,M/s Dipka Expansion Project South Eastern Coal Fields Limited Dipka Area,30-AUG-2026 12:31,30-AUG-2026 07:01,7.74,11.73,35.76,,0.17,site_5664,Thermo Fisher Scientific India Private Limited
South Eastern Coalfields Limited,Dipka Area,M/s Dipka Expansion Project South Eastern Coal Fields Limited Dipka Area,30-AUG-2026 12:30,30-AUG-2026 07:00,7.73,11.31,34.91,,0.11,site_5664,Thermo Fisher Scientific India Private Limited
South Eastern Coalfields Limited,"Bilaspur, CHHATTISGARHr",South Eastern Coalfields  Limited - AQMS_H_Q,30-AUG-2026 12:30,30-AUG-2026 06:59,2.96,,13.82,278.28,0.89,site_5592,Swan Environ
South Eastern Coalfields Limited,Dipka Area,M/s Dipka Expansion Project South Eastern Coal Fields Limited Dipka Area,30-AUG-2026 12:30,30-AUG-2026 07:00,7.66,11.07,37.26,,0.19,site_5664,Thermo Fisher Scientific India Private Limited
South Eastern Coalfields Limited,Dipka Area,M/s Dipka Expansion Project South Eastern Coal Fields Limited Dipka Area,30-AUG-2026 12:29,30-AUG-2026 06:59,7.93,11.01,34.82,,0.32,site_5664,Thermo Fisher Scientific India Private Limited
South Eastern Coalfields Limited,Dipka Area,M/s Dipka Expansion Project South Eastern Coal Fields Limited Dipka Area,30-AUG-2026 12:29,30-AUG-2026 06:59,8.34,11.05,35.50,,0.40,site_5664,Thermo Fisher Scientific India Private Limited
South Eastern Coalfields Limited,Dipka Area,M/s Dipka Expansion Project South Eastern Coal Fields Limited Dipka Area,30-AUG-2026 12:28,30-AUG-2026 06:58,8.97,11.17,34.75,,0.38,site_5664,Thermo Fisher Scientific India Private Limited
South Eastern Coalfields Limited,Dipka Area,M/s Dipka Expansion Project South Eastern Coal Fields Limited Dipka Area,30-AUG-2026 12:28,30-AUG-2026 06:58,9.33,11.29,36.96,,0.38,site_5664,Thermo Fisher Scientific India Private Limited
South Eastern Coalfields Limited,Dipka Area,M/s Dipka Expansion Project South Eastern Coal Fields Limited Dipka Area,30-AUG-2026 12:27,30-AUG-2026 06:57,9.48,11.45,39.02,,0.28,site_5664,Thermo Fisher Scientific India Private Limited
South Eastern Coalfields Limited,Dipka Area,M/s Dipka Expansion Project South Eastern Coal Fields Limited Dipka Area,30-AUG-2026 12:27,30-AUG-2026 06:57,9.73,11.56,39.18,,0.28,site_5664,Thermo Fisher Scientific India Private Limited
South Eastern Coalfields Limited,Dipka Area,M/s Dipka Expansion Project South Eastern Coal Fields Limited Dipka Area,30-AUG-2026 12:26,30-AUG-2026 06:56,10.05,11.79,32.58,,0.35,site_5664,Thermo Fisher Scientific India Private Limited
South Eastern Coalfields Limited,Dipka Area,M/s Dipka Expansion Project South Eastern Coal Fields Limited Dipka Area,30-AUG-2026 12:26,30-AUG-2026 06:56,10.33,11.98,34.42,,0.44,site_5664,Thermo Fisher Scientific India Private Limited
South Eastern Coalfields Limited,Dipka Area,M/s Dipka Expansion Project South Eastern Coal Fields Limited Dipka Area,30-AUG-2026 12:25,30-AUG-2026 06:55,10.62,12.22,33.22,,0.33,site_5664,Thermo Fisher Scientific India Private Limited
South Eastern Coalfields Limited,"Gevra , Chattisgarh",SECL GEVRA,30-AUG-2026 12:25,30-AUG-2026 12:15,31.90,57.83,13.24,8.40,0.64,site_,Envea India Pvt Ltd
South Eastern Coalfields Limited,"Gevra , Chattisgarh",SECL GEVRA,30-AUG-2026 12:25,30-AUG-2026 12:15,31.90,57.83,13.24,8.40,0.64,site_,Envea India Pvt Ltd
South Eastern Coalfields Limited,"Gevra , Chattisgarh",SECL GEVRA,30-AUG-2026 12:25,30-AUG-2026 12:15,31.90,57.83,13.24,8.40,0.64,site_,Envea India Pvt Ltd
South Eastern Coalfields Limited,Dipka Area,M/s Dipka Expansion Project South Eastern Coal Fields Limited Dipka Area,30-AUG-2026 12:25,30-AUG-2026 06:55,11.08,12.48,39.62,,0.30,site_5664,Thermo Fisher Scientific India Private Limited
South Eastern Coalfields Limited,Dipka Area,M/s Dipka Expansion Project South Eastern Coal Fields Limited Dipka Area,30-AUG-2026 12:24,30-AUG-2026 06:54,11.81,12.63,41.68,,0.26,site_5664,Thermo Fisher Scientific India Private Limited
South Eastern Coalfields Limited,Dipka Area,M/s Dipka Expansion Project South Eastern Coal Fields Limited Dipka Area,30-AUG-2026 12:24,30-AUG-2026 06:54,12.46,12.75,32.36,,0.18,site_5664,Thermo Fisher Scientific India Private Limited
South Eastern Coalfields Limited,Dipka Area,M/s Dipka Expansion Project South Eastern Coal Fields Limited Dipka Area,30-AUG-2026 12:23,30-AUG-2026 06:53,13.11,12.86,34.66,,0.15,site_5664,Thermo Fisher Scientific India Private Limited
South Eastern Coalfields Limited,Dipka Area,M/s Dipka Expansion Project South Eastern Coal Fields Limited Dipka Area,30-AUG-2026 12:23,30-AUG-2026 06:53,13.55,12.92,41.63,,0.16,site_5664,Thermo Fisher Scientific India Private Limited
South Eastern Coalfields Limited,Dipka Area,M/s Dipka Expansion Project South Eastern Coal Fields Limited Dipka Area,30-AUG-2026 12:22,30-AUG-2026 06:52,13.93,12.93,37.94,,0.11,site_5664,Thermo Fisher Scientific India Private Limited
South Eastern Coalfields Limited,Dipka Area,M/s Dipka Expansion Project South Eastern Coal Fields Limited Dipka Area,30-AUG-2026 12:22,30-AUG-2026 06:52,13.95,12.94,35.38,,0.11,site_5664,Thermo Fisher Scientific India Private Limited
South Eastern Coalfields Limited,Dipka Area,M/s Dipka Expansion Project South Eastern Coal Fields Limited Dipka Area,30-AUG-2026 12:21,30-AUG-2026 06:51,14.08,12.96,33.68,,0.12,site_5664,Thermo Fisher Scientific India Private Limited
South Eastern Coalfields Limited,Dipka Area,M/s Dipka Expansion Project South Eastern Coal Fields Limited Dipka Area,30-AUG-2026 12:21,30-AUG-2026 06:51,14.35,13.00,36.46,,0.16,site_5664,Thermo Fisher Scientific India Private Limited
South Eastern Coalfields Limited,Dipka Area,M/s Dipka Expansion Project South Eastern Coal Fields Limited Dipka Area,30-AUG-2026 12:20,30-AUG-2026 06:50,14.73,13.13,32.55,,0.19,site_5664,Thermo Fisher Scientific India Private Limited
South Eastern Coalfields Limited,Dipka Area,M/s Dipka Expansion Project South Eastern Coal Fields Limited Dipka Area,30-AUG-2026 12:20,30-AUG-2026 06:50,15.22,13.31,33.43,,0.13,site_5664,Thermo Fisher Scientific India Private Limited
South Eastern Coalfields Limited,Dipka Area,M/s Dipka Expansion Project South Eastern Coal Fields Limited Dipka Area,30-AUG-2026 12:19,30-AUG-2026 06:49,15.71,13.51,40.34,,0.09,site_5664,Thermo Fisher Scientific India Private Limited
South Eastern Coalfields Limited,Dipka Area,M/s Dipka Expansion Project South Eastern Coal Fields Limited Dipka Area,30-AUG-2026 12:19,30-AUG-2026 06:49,16.38,13.77,35.52,,0.17,site_5664,Thermo Fisher Scientific India Private Limited
South Eastern Coalfields Limited,Dipka Area,M/s Dipka Expansion Project South Eastern Coal Fields Limited Dipka Area,30-AUG-2026 12:18,30-AUG-2026 06:48,17.04,14.00,37.79,,0.12,site_5664,Thermo Fisher Scientific India Private Limited
South Eastern Coalfields Limited,Dipka Area,M/s Dipka Expansion Project South Eastern Coal Fields Limited Dipka Area,30-AUG-2026 12:18,30-AUG-2026 06:48,17.38,14.07,36.27,,0.12,site_5664,Thermo Fisher Scientific India Private Limited
South Eastern Coalfields Limited,Dipka Area,M/s Dipka Expansion Project South Eastern Coal Fields Limited Dipka Area,30-AUG-2026 12:17,30-AUG-2026 06:47,17.60,13.93,35.95,,0.21,site_5664,Thermo Fisher Scientific India Private Limited
South Eastern Coalfields Limited,Dipka Area,M/s Dipka Expansion Project South Eastern Coal Fields Limited Dipka Area,30-AUG-2026 12:17,30-AUG-2026 06:47,17.60,13.85,33.51,,0.33,site_5664,Thermo Fisher Scientific India Private Limited
South Eastern Coalfields Limited,Dipka Area,M/s Dipka Expansion Project South Eastern Coal Fields Limited Dipka Area,30-AUG-2026 12:16,30-AUG-2026 06:46,17.67,13.84,36.52,,0.13,site_5664,Thermo Fisher Scientific India Private Limited
South Eastern Coalfields Limited,Dipka Area,M/s Dipka Expansion Project South Eastern Coal Fields Limited Dipka Area,30-AUG-2026 12:16,30-AUG-2026 06:46,17.69,13.70,37.91,,0.07,site_5664,Thermo Fisher Scientific India Private Limited
South Eastern Coalfields Limited,Dipka Area,M/s Dipka Expansion Project South Eastern Coal Fields Limited Dipka Area,30-AUG-2026 12:15,30-AUG-2026 06:45,17.51,13.56,38.61,,0.10,site_5664,Thermo Fisher Scientific India Private Limited
South Eastern Coalfields Limited,"Bilaspur, CHHATTISGARHr",South Eastern Coalfields  Limited - AQMS_H_Q,30-AUG-2026 12:15,30-AUG-2026 06:44,3.58,,14.71,192.36,0.43,site_5592,Swan Environ
South Eastern Coalfields Limited,Dipka Area,M/s Dipka Expansion Project South Eastern Coal Fields Limited Dipka Area,30-AUG-2026 12:15,30-AUG-2026 06:45,17.41,13.46,34.41,,0.10,site_5664,Thermo Fisher Scientific India Private Limited
South Eastern Coalfields Limited,Dipka Area,M/s Dipka Expansion Project South Eastern Coal Fields Limited Dipka Area,30-AUG-2026 12:14,30-AUG-2026 06:44,17.25,13.38,33.92,,0.03,site_5664,Thermo Fisher Scientific India Private Limited
South Eastern Coalfields Limited,Dipka Area,M/s Dipka Expansion Project South Eastern Coal Fields Limited Dipka Area,30-AUG-2026 12:14,30-AUG-2026 06:44,17.14,13.28,36.24,,0.04,site_5664,Thermo Fisher Scientific India Private Limited
South Eastern Coalfields Limited,Dipka Area,M/s Dipka Expansion Project South Eastern Coal Fields Limited Dipka Area,30-AUG-2026 12:13,30-AUG-2026 06:43,17.00,13.04,41.14,,0.06,site_5664,Thermo Fisher Scientific India Private Limited
South Eastern Coalfields Limited,Dipka Area,M/s Dipka Expansion Project South Eastern Coal Fields Limited Dipka Area,30-AUG-2026 12:13,30-AUG-2026 06:43,16.82,12.85,39.59,,0.01,site_5664,Thermo Fisher Scientific India Private Limited
South Eastern Coalfields Limited,Dipka Area,M/s Dipka Expansion Project South Eastern Coal Fields Limited Dipka Area,30-AUG-2026 12:12,30-AUG-2026 06:42,16.53,12.67,35.75,,0.06,site_5664,Thermo Fisher Scientific India Private Limited
South Eastern Coalfields Limited,Dipka Area,M/s Dipka Expansion Project South Eastern Coal Fields Limited Dipka Area,30-AUG-2026 12:12,30-AUG-2026 06:42,16.24,12.53,43.58,,0.00,site_5664,Thermo Fisher Scientific India Private Limited
South Eastern Coalfields Limited,Dipka Area,M/s Dipka Expansion Project South Eastern Coal Fields Limited Dipka Area,30-AUG-2026 12:11,30-AUG-2026 06:41,15.97,12.38,37.35,,0.01,site_5664,Thermo Fisher Scientific India Private Limited
South Eastern Coalfields Limited,Dipka Area,M/s Dipka Expansion Project South Eastern Coal Fields Limited Dipka Area,30-AUG-2026 12:11,30-AUG-2026 06:41,15.77,12.23,36.26,,0.00,site_5664,Thermo Fisher Scientific India Private Limited
South Eastern Coalfields Limited,Dipka Area,M/s Dipka Expansion Project South Eastern Coal Fields Limited Dipka Area,30-AUG-2026 12:10,30-AUG-2026 06:40,15.51,12.11,38.09,,0.06,site_5664,Thermo Fisher Scientific India Private Limited
South Eastern Coalfields Limited,"Gevra , Chattisgarh",SECL GEVRA,30-AUG-2026 12:10,30-AUG-2026 12:00,17.60,32.91,12.44,6.28,0.29,site_,Envea India Pvt Ltd
South Eastern Coalfields Limited,"Gevra , Chattisgarh",SECL GEVRA,30-AUG-2026 12:10,30-AUG-2026 12:00,17.60,32.91,12.44,6.28,0.29,site_,Envea India Pvt Ltd
South Eastern Coalfields Limited,Dipka Area,M/s Dipka Expansion Project South Eastern Coal Fields Limited Dipka Area,30-AUG-2026 12:10,30-AUG-2026 06:40,15.32,12.04,31.47,,0.02,site_5664,Thermo Fisher Scientific India Private Limited
South Eastern Coalfields Limited,Dipka Area,M/s Dipka Expansion Project South Eastern Coal Fields Limited Dipka Area,30-AUG-2026 12:09,30-AUG-2026 06:39,15.24,11.89,34.21,,0.16,site_5664,Thermo Fisher Scientific India Private Limited
South Eastern Coalfields Limited,Dipka Area,M/s Dipka Expansion Project South Eastern Coal Fields Limited Dipka Area,30-AUG-2026 12:09,30-AUG-2026 06:39,15.30,11.77,36.72,,0.11,site_5664,Thermo Fisher Scientific India Private Limited
South Eastern Coalfields Limited,Dipka Area,M/s Dipka Expansion Project South Eastern Coal Fields Limited Dipka Area,30-AUG-2026 12:08,30-AUG-2026 06:38,15.31,11.74,38.52,,0.08,site_5664,Thermo Fisher Scientific India Private Limited
South Eastern Coalfields Limited,Dipka Area,M/s Dipka Expansion Project South Eastern Coal Fields Limited Dipka Area,30-AUG-2026 12:08,30-AUG-2026 06:38,15.16,11.71,35.27,,0.16,site_5664,Thermo Fisher Scientific India Private Limited
South Eastern Coalfields Limited,Dipka Area,M/s Dipka Expansion Project South Eastern Coal Fields Limited Dipka Area,30-AUG-2026 12:07,30-AUG-2026 06:37,15.16,11.57,37.98,,0.09,site_5664,Thermo Fisher Scientific India Private Limited
South Eastern Coalfields Limited,Dipka Area,M/s Dipka Expansion Project South Eastern Coal Fields Limited Dipka Area,30-AUG-2026 12:07,30-AUG-2026 06:37,15.10,11.29,40.15,,0.14,site_5664,Thermo Fisher Scientific India Private Limited
South Eastern Coalfields Limited,Dipka Area,M/s Dipka Expansion Project South Eastern Coal Fields Limited Dipka Area,30-AUG-2026 12:06,30-AUG-2026 06:36,14.90,11.01,44.93,,0.16,site_5664,Thermo Fisher Scientific India Private Limited
South Eastern Coalfields Limited,Dipka Area,M/s Dipka Expansion Project South Eastern Coal Fields Limited Dipka Area,30-AUG-2026 12:06,30-AUG-2026 06:36,14.34,10.64,37.65,,0.19,site_5664,Thermo Fisher Scientific India Private Limited
South Eastern Coalfields Limited,Dipka Area,M/s Dipka Expansion Project South Eastern Coal Fields Limited Dipka Area,30-AUG-2026 12:05,30-AUG-2026 06:35,13.74,10.40,42.52,,0.23,site_5664,Thermo Fisher Scientific India Private Limited
South Eastern Coalfields Limited,Dipka Area,M/s Dipka Expansion Project South Eastern Coal Fields Limited Dipka Area,30-AUG-2026 12:05,30-AUG-2026 06:35,13.22,10.07,41.79,,0.27,site_5664,Thermo Fisher Scientific India Private Limited
South Eastern Coalfields Limited,Dipka Area,M/s Dipka Expansion Project South Eastern Coal Fields Limited Dipka Area,30-AUG-2026 12:04,30-AUG-2026 06:34,12.51,9.83,37.41,,0.16,site_5664,Thermo Fisher Scientific India Private Limited
South Eastern Coalfields Limited,Dipka Area,M/s Dipka Expansion Project South Eastern Coal Fields Limited Dipka Area,30-AUG-2026 12:04,30-AUG-2026 06:34,11.87,9.82,35.47,,0.21,site_5664,Thermo Fisher Scientific India Private Limited
South Eastern Coalfields Limited,Dipka Area,M/s Dipka Expansion Project South Eastern Coal Fields Limited Dipka Area,30-AUG-2026 12:03,30-AUG-2026 06:33,11.20,9.79,39.40,,0.24,site_5664,Thermo Fisher Scientific India Private Limited
South Eastern Coalfields Limited,Dipka Area,M/s Dipka Expansion Project South Eastern Coal Fields Limited Dipka Area,30-AUG-2026 12:03,30-AUG-2026 06:33,10.53,9.63,31.62,,0.12,site_5664,Thermo Fisher Scientific India Private Limited
South Eastern Coalfields Limited,Dipka Area,M/s Dipka Expansion Project South Eastern Coal Fields Limited Dipka Area,30-AUG-2026 12:02,30-AUG-2026 06:32,9.83,9.36,38.62,,0.21,site_5664,Thermo Fisher Scientific India Private Limited
South Eastern Coalfields Limited,Dipka Area,M/s Dipka Expansion Project South Eastern Coal Fields Limited Dipka Area,30-AUG-2026 12:02,30-AUG-2026 06:32,9.43,9.15,40.32,,0.27,site_5664,Thermo Fisher Scientific India Private Limited
South Eastern Coalfields Limited,Dipka Area,M/s Dipka Expansion Project South Eastern Coal Fields Limited Dipka Area,30-AUG-2026 12:01,30-AUG-2026 06:31,9.02,8.89,34.82,,0.17,site_5664,Thermo Fisher Scientific India Private Limited
South Eastern Coalfields Limited,Dipka Area,M/s Dipka Expansion Project South Eastern Coal Fields Limited Dipka Area,30-AUG-2026 12:01,30-AUG-2026 06:31,8.58,8.65,39.13,,0.22,site_5664,Thermo Fisher Scientific India Private Limited
South Eastern Coalfields Limited,Dipka Area,M/s Dipka Expansion Project South Eastern Coal Fields Limited Dipka Area,30-AUG-2026 12:00,30-AUG-2026 06:30,8.06,8.52,36.95,,0.12,site_5664,Thermo Fisher Scientific India Private Limited
South Eastern Coalfields Limited,"Bilaspur, CHHATTISGARHr",South Eastern Coalfields  Limited - AQMS_H_Q,30-AUG-2026 12:00,30-AUG-2026 06:29,4.09,,17.44,0.00,0.16,site_5592,Swan Environ
South Eastern Coalfields Limited,Dipka Area,M/s Dipka Expansion Project South Eastern Coal Fields Limited Dipka Area,30-AUG-2026 11:59,30-AUG-2026 06:29,7.60,8.53,36.24,,0.21,site_5664,Thermo Fisher Scientific India Private Limited
South Eastern Coalfields Limited,Dipka Area,M/s Dipka Expansion Project South Eastern Coal Fields Limited Dipka Area,30-AUG-2026 11:59,30-AUG-2026 06:29,7.25,8.56,39.22,,0.00,site_5664,Thermo Fisher Scientific India Private Limited
South Eastern Coalfields Limited,Dipka Area,M/s Dipka Expansion Project South Eastern Coal Fields Limited Dipka Area,30-AUG-2026 11:58,30-AUG-2026 06:28,6.70,8.56,43.18,,0.03,site_5664,Thermo Fisher Scientific India Private Limited
South Eastern Coalfields Limited,Dipka Area,M/s Dipka Expansion Project South Eastern Coal Fields Limited Dipka Area,30-AUG-2026 11:58,30-AUG-2026 06:28,6.39,8.55,38.76,,0.09,site_5664,Thermo Fisher Scientific India Private Limited
South Eastern Coalfields Limited,Dipka Area,M/s Dipka Expansion Project South Eastern Coal Fields Limited Dipka Area,30-AUG-2026 11:57,30-AUG-2026 06:27,6.26,8.43,34.38,,0.03,site_5664,Thermo Fisher Scientific India Private Limited
South Eastern Coalfields Limited,Dipka Area,M/s Dipka Expansion Project South Eastern Coal Fields Limited Dipka Area,30-AUG-2026 11:57,30-AUG-2026 06:27,6.09,8.32,40.82,,0.13,site_5664,Thermo Fisher Scientific India Private Limited
South Eastern Coalfields Limited,Dipka Area,M/s Dipka Expansion Project South Eastern Coal Fields Limited Dipka Area,30-AUG-2026 11:56,30-AUG-2026 06:26,5.93,8.24,39.79,,0.37,site_5664,Thermo Fisher Scientific India Private Limited
South Eastern Coalfields Limited,Dipka Area,M/s Dipka Expansion Project South Eastern Coal Fields Limited Dipka Area,30-AUG-2026 11:56,30-AUG-2026 06:26,5.84,8.15,40.82,,0.35,site_5664,Thermo Fisher Scientific India Private Limited
South Eastern Coalfields Limited,Dipka Area,M/s Dipka Expansion Project South Eastern Coal Fields Limited Dipka Area,30-AUG-2026 11:55,30-AUG-2026 06:25,6.06,8.17,41.17,,0.39,site_5664,Thermo Fisher Scientific India Private Limited
South Eastern Coalfields Limited,"Gevra , Chattisgarh",SECL GEVRA,30-AUG-2026 11:55,30-AUG-2026 11:45,27.00,49.32,12.96,7.68,0.52,site_,Envea India Pvt Ltd
South Eastern Coalfields Limited,"Gevra , Chattisgarh",SECL GEVRA,30-AUG-2026 11:55,30-AUG-2026 11:45,27.00,49.32,12.96,7.68,0.52,site_,Envea India Pvt Ltd
South Eastern Coalfields Limited,Dipka Area,M/s Dipka Expansion Project South Eastern Coal Fields Limited Dipka Area,30-AUG-2026 11:55,30-AUG-2026 06:25,6.36,8.09,36.72,,0.39,site_5664,Thermo Fisher Scientific India Private Limited
South Eastern Coalfields Limited,Dipka Area,M/s Dipka Expansion Project South Eastern Coal Fields Limited Dipka Area,30-AUG-2026 11:54,30-AUG-2026 06:24,6.66,7.95,37.74,,0.46,site_5664,Thermo Fisher Scientific India Private Limited
South Eastern Coalfields Limited,Dipka Area,M/s Dipka Expansion Project South Eastern Coal Fields Limited Dipka Area,30-AUG-2026 11:54,30-AUG-2026 06:24,6.93,7.76,42.64,,0.58,site_5664,Thermo Fisher Scientific India Private Limited
South Eastern Coalfields Limited,Dipka Area,M/s Dipka Expansion Project South Eastern Coal Fields Limited Dipka Area,30-AUG-2026 11:53,30-AUG-2026 06:23,7.09,7.47,43.31,,0.64,site_5664,Thermo Fisher Scientific India Private Limited
South Eastern Coalfields Limited,Dipka Area,M/s Dipka Expansion Project South Eastern Coal Fields Limited Dipka Area,30-AUG-2026 11:53,30-AUG-2026 06:23,7.24,7.26,42.55,,0.80,site_5664,Thermo Fisher Scientific India Private Limited
South Eastern Coalfields Limited,Dipka Area,M/s Dipka Expansion Project South Eastern Coal Fields Limited Dipka Area,30-AUG-2026 11:52,30-AUG-2026 06:22,7.21,6.96,36.21,,0.81,site_5664,Thermo Fisher Scientific India Private Limited
South Eastern Coalfields Limited,Dipka Area,M/s Dipka Expansion Project South Eastern Coal Fields Limited Dipka Area,30-AUG-2026 11:52,30-AUG-2026 06:22,7.04,6.82,45.86,,0.55,site_5664,Thermo Fisher Scientific India Private Limited
South Eastern Coalfields Limited,Dipka Area,M/s Dipka Expansion Project South Eastern Coal Fields Limited Dipka Area,30-AUG-2026 11:51,30-AUG-2026 06:21,6.85,6.66,47.05,,0.49,site_5664,Thermo Fisher Scientific India Private Limited
South Eastern Coalfields Limited,Dipka Area,M/s Dipka Expansion Project South Eastern Coal Fields Limited Dipka Area,30-AUG-2026 11:51,30-AUG-2026 06:21,6.72,6.52,40.39,,0.48,site_5664,Thermo Fisher Scientific India Private Limited
South Eastern Coalfields Limited,Dipka Area,M/s Dipka Expansion Project South Eastern Coal Fields Limited Dipka Area,30-AUG-2026 11:50,30-AUG-2026 06:20,6.72,6.46,38.99,,0.61,site_5664,Thermo Fisher Scientific India Private Limited
South Eastern Coalfields Limited,Dipka Area,M/s Dipka Expansion Project South Eastern Coal Fields Limited Dipka Area,30-AUG-2026 11:50,30-AUG-2026 06:20,6.61,6.38,36.69,,0.42,site_5664,Thermo Fisher Scientific India Private Limited
South Eastern Coalfields Limited,Dipka Area,M/s Dipka Expansion Project South Eastern Coal Fields Limited Dipka Area,30-AUG-2026 11:49,30-AUG-2026 06:19,6.65,6.30,36.31,,0.43,site_5664,Thermo Fisher Scientific India Private Limited
South Eastern Coalfields Limited,Dipka Area,M/s Dipka Expansion Project South Eastern Coal Fields Limited Dipka Area,30-AUG-2026 11:49,30-AUG-2026 06:19,6.67,6.32,40.94,,0.50,site_5664,Thermo Fisher Scientific India Private Limited
South Eastern Coalfields Limited,Dipka Area,M/s Dipka Expansion Project South Eastern Coal Fields Limited Dipka Area,30-AUG-2026 11:48,30-AUG-2026 06:18,6.63,6.45,39.04,,0.47,site_5664,Thermo Fisher Scientific India Private Limited
South Eastern Coalfields Limited,Dipka Area,M/s Dipka Expansion Project South Eastern Coal Fields Limited Dipka Area,30-AUG-2026 11:48,30-AUG-2026 06:18,6.45,6.71,39.13,,0.33,site_5664,Thermo Fisher Scientific India Private Limited
South Eastern Coalfields Limited,Dipka Area,M/s Dipka Expansion Project South Eastern Coal Fields Limited Dipka Area,30-AUG-2026 11:47,30-AUG-2026 06:17,6.42,7.00,44.13,,0.41,site_5664,Thermo Fisher Scientific India Private Limited
South Eastern Coalfields Limited,Dipka Area,M/s Dipka Expansion Project South Eastern Coal Fields Limited Dipka Area,30-AUG-2026 11:47,30-AUG-2026 06:17,6.58,7.27,39.56,,0.58,site_5664,Thermo Fisher Scientific India Private Limited
South Eastern Coalfields Limited,Dipka Area,M/s Dipka Expansion Project South Eastern Coal Fields Limited Dipka Area,30-AUG-2026 11:46,30-AUG-2026 06:16,6.70,7.54,29.87,,0.51,site_5664,Thermo Fisher Scientific India Private Limited
South Eastern Coalfields Limited,Dipka Area,M/s Dipka Expansion Project South Eastern Coal Fields Limited Dipka Area,30-AUG-2026 11:46,30-AUG-2026 06:16,6.81,7.73,37.47,,0.43,site_5664,Thermo Fisher Scientific India Private Limited
South Eastern Coalfields Limited,"Bilaspur, CHHATTISGARHr",South Eastern Coalfields  Limited - AQMS_H_Q,30-AUG-2026 11:45,30-AUG-2026 06:15,3.70,,17.28,269.14,0.43,site_5592,Swan Environ
South Eastern Coalfields Limited,Dipka Area,M/s Dipka Expansion Project South Eastern Coal Fields Limited Dipka Area,30-AUG-2026 11:45,30-AUG-2026 06:15,7.06,7.81,43.12,,0.26,site_5664,Thermo Fisher Scientific India Private Limited
South Eastern Coalfields Limited,Dipka Area,M/s Dipka Expansion Project South Eastern Coal Fields Limited Dipka Area,30-AUG-2026 11:45,30-AUG-2026 06:15,7.57,7.80,41.47,,0.43,site_5664,Thermo Fisher Scientific India Private Limited
South Eastern Coalfields Limited,Dipka Area,M/s Dipka Expansion Project South Eastern Coal Fields Limited Dipka Area,30-AUG-2026 11:44,30-AUG-2026 06:14,7.97,7.81,35.19,,0.34,site_5664,Thermo Fisher Scientific India Private Limited
South Eastern Coalfields Limited,Dipka Area,M/s Dipka Expansion Project South Eastern Coal Fields Limited Dipka Area,30-AUG-2026 11:44,30-AUG-2026 06:14,8.15,7.91,33.59,,0.28,site_5664,Thermo Fisher Scientific India Private Limited
South Eastern Coalfields Limited,Dipka Area,M/s Dipka Expansion Project South Eastern Coal Fields Limited Dipka Area,30-AUG-2026 11:43,30-AUG-2026 06:13,8.30,8.02,35.68,,0.37,site_5664,Thermo Fisher Scientific India Private Limited
South Eastern Coalfields Limited,Dipka Area,M/s Dipka Expansion Project South Eastern Coal Fields Limited Dipka Area,30-AUG-2026 11:43,30-AUG-2026 06:13,8.51,8.06,46.29,,0.39,site_5664,Thermo Fisher Scientific India Private Limited
South Eastern Coalfields Limited,Dipka Area,M/s Dipka Expansion Project South Eastern Coal Fields Limited Dipka Area,30-AUG-2026 11:42,30-AUG-2026 06:12,8.70,8.23,43.12,,0.43,site_5664,Thermo Fisher Scientific India Private Limited
South Eastern Coalfields Limited,Dipka Area,M/s Dipka Expansion Project South Eastern Coal Fields Limited Dipka Area,30-AUG-2026 11:42,30-AUG-2026 06:12,8.82,8.41,37.22,,0.08,site_5664,Thermo Fisher Scientific India Private Limited
South Eastern Coalfields Limited,Dipka Area,M/s Dipka Expansion Project South Eastern Coal Fields Limited Dipka Area,30-AUG-2026 11:41,30-AUG-2026 06:11,9.02,8.55,35.16,,0.03,site_5664,Thermo Fisher Scientific India Private Limited
South Eastern Coalfields Limited,Dipka Area,M/s Dipka Expansion Project South Eastern Coal Fields Limited Dipka Area,30-AUG-2026 11:41,30-AUG-2026 06:11,9.30,8.60,38.96,,0.15,site_5664,Thermo Fisher Scientific India Private Limited
South Eastern Coalfields Limited,Dipka Area,M/s Dipka Expansion Project South Eastern Coal Fields Limited Dipka Area,30-AUG-2026 11:40,30-AUG-2026 06:10,9.58,8.56,41.33,,0.15,site_5664,Thermo Fisher Scientific India Private Limited
South Eastern Coalfields Limited,"Gevra , Chattisgarh",SECL GEVRA,30-AUG-2026 11:40,30-AUG-2026 11:30,46.60,83.33,14.05,10.57,0.99,site_,Envea India Pvt Ltd
South Eastern Coalfields Limited,"Gevra , Chattisgarh",SECL GEVRA,30-AUG-2026 11:40,30-AUG-2026 11:30,46.60,83.33,14.05,10.57,0.99,site_,Envea India Pvt Ltd
South Eastern Coalfields Limited,"Gevra , Chattisgarh",SECL GEVRA,30-AUG-2026 11:40,30-AUG-2026 11:30,46.60,83.33,14.05,10.57,0.99,site_,Envea India Pvt Ltd
South Eastern Coalfields Limited,Dipka Area,M/s Dipka Expansion Project South Eastern Coal Fields Limited Dipka Area,30-AUG-2026 11:40,30-AUG-2026 06:10,9.76,8.43,39.75,,0.14,site_5664,Thermo Fisher Scientific India Private Limited
South Eastern Coalfields Limited,Dipka Area,M/s Dipka Expansion Project South Eastern Coal Fields Limited Dipka Area,30-AUG-2026 11:39,30-AUG-2026 06:09,9.75,8.16,36.07,,0.19,site_5664,Thermo Fisher Scientific India Private Limited
South Eastern Coalfields Limited,Dipka Area,M/s Dipka Expansion Project South Eastern Coal Fields Limited Dipka Area,30-AUG-2026 11:39,30-AUG-2026 06:09,9.49,7.80,36.00,,0.27,site_5664,Thermo Fisher Scientific India Private Limited
South Eastern Coalfields Limited,Dipka Area,M/s Dipka Expansion Project South Eastern Coal Fields Limited Dipka Area,30-AUG-2026 11:38,30-AUG-2026 06:08,9.19,7.49,40.53,,0.19,site_5664,Thermo Fisher Scientific India Private Limited
South Eastern Coalfields Limited,Dipka Area,M/s Dipka Expansion Project South Eastern Coal Fields Limited Dipka Area,30-AUG-2026 11:38,30-AUG-2026 06:08,8.79,7.27,43.17,,0.20,site_5664,Thermo Fisher Scientific India Private Limited
South Eastern Coalfields Limited,Dipka Area,M/s Dipka Expansion Project South Eastern Coal Fields Limited Dipka Area,30-AUG-2026 11:37,30-AUG-2026 06:07,8.33,7.23,32.63,,0.12,site_5664,Thermo Fisher Scientific India Private Limited
South Eastern Coalfields Limited,Dipka Area,M/s Dipka Expansion Project South Eastern Coal Fields Limited Dipka Area,30-AUG-2026 11:37,30-AUG-2026 06:07,7.81,7.34,37.85,,0.53,site_5664,Thermo Fisher Scientific India Private Limited
South Eastern Coalfields Limited,Dipka Area,M/s Dipka Expansion Project South Eastern Coal Fields Limited Dipka Area,30-AUG-2026 11:36,30-AUG-2026 06:06,7.43,7.55,37.87,,0.57,site_5664,Thermo Fisher Scientific India Private Limited
South Eastern Coalfields Limited,Dipka Area,M/s Dipka Expansion Project South Eastern Coal Fields Limited Dipka Area,30-AUG-2026 11:36,30-AUG-2026 06:06,7.08,7.80,45.37,,0.48,site_5664,Thermo Fisher Scientific India Private Limited
South Eastern Coalfields Limited,Dipka Area,M/s Dipka Expansion Project South Eastern Coal Fields Limited Dipka Area,30-AUG-2026 11:35,30-AUG-2026 06:05,6.59,7.94,43.08,,0.57,site_5664,Thermo Fisher Scientific India Private Limited
South Eastern Coalfields Limited,Dipka Area,M/s Dipka Expansion Project South Eastern Coal Fields Limited Dipka Area,30-AUG-2026 11:35,30-AUG-2026 06:05,6.19,8.06,36.73,,0.46,site_5664,Thermo Fisher Scientific India Private Limited
South Eastern Coalfields Limited,Dipka Area,M/s Dipka Expansion Project South Eastern Coal Fields Limited Dipka Area,30-AUG-2026 11:34,30-AUG-2026 06:04,5.72,8.11,36.51,,0.49,site_5664,Thermo Fisher Scientific India Private Limited
South Eastern Coalfields Limited,Dipka Area,M/s Dipka Expansion Project South Eastern Coal Fields Limited Dipka Area,30-AUG-2026 11:34,30-AUG-2026 06:04,5.32,8.10,39.43,,0.44,site_5664,Thermo Fisher Scientific India Private Limited
South Eastern Coalfields Limited,Dipka Area,M/s Dipka Expansion Project South Eastern Coal Fields Limited Dipka Area,30-AUG-2026 11:33,30-AUG-2026 06:03,4.89,8.23,40.73,,0.31,site_5664,Thermo Fisher Scientific India Private Limited
South Eastern Coalfields Limited,Dipka Area,M/s Dipka Expansion Project South Eastern Coal Fields Limited Dipka Area,30-AUG-2026 11:33,30-AUG-2026 06:03,4.60,8.25,40.79,,0.24,site_5664,Thermo Fisher Scientific India Private Limited
South Eastern Coalfields Limited,Dipka Area,M/s Dipka Expansion Project South Eastern Coal Fields Limited Dipka Area,30-AUG-2026 11:32,30-AUG-2026 06:02,4.33,8.38,35.37,,0.25,site_5664,Thermo Fisher Scientific India Private Limited
South Eastern Coalfields Limited,Dipka Area,M/s Dipka Expansion Project South Eastern Coal Fields Limited Dipka Area,30-AUG-2026 11:32,30-AUG-2026 06:02,4.08,8.43,38.77,,0.16,site_5664,Thermo Fisher Scientific India Private Limited
South Eastern Coalfields Limited,Dipka Area,M/s Dipka Expansion Project South Eastern Coal Fields Limited Dipka Area,30-AUG-2026 11:31,30-AUG-2026 06:01,3.88,8.41,39.33,,0.13,site_5664,Thermo Fisher Scientific India Private Limited
South Eastern Coalfields Limited,Dipka Area,M/s Dipka Expansion Project South Eastern Coal Fields Limited Dipka Area,30-AUG-2026 11:31,30-AUG-2026 06:01,3.69,8.30,38.26,,0.16,site_5664,Thermo Fisher Scientific India Private Limited
South Eastern Coalfields Limited,"Bilaspur, CHHATTISGARHr",South Eastern Coalfields  Limited - AQMS_H_Q,30-AUG-2026 11:30,30-AUG-2026 06:00,3.85,,14.56,178.92,0.21,site_5592,Swan Environ
South Eastern Coalfields Limited,Dipka Area,M/s Dipka Expansion Project South Eastern Coal Fields Limited Dipka Area,30-AUG-2026 11:30,30-AUG-2026 06:00,3.32,8.06,33.96,,0.08,site_5664,Thermo Fisher Scientific India Private Limited
South Eastern Coalfields Limited,Dipka Area,M/s Dipka Expansion Project South Eastern Coal Fields Limited Dipka Area,30-AUG-2026 11:30,30-AUG-2026 06:00,2.93,7.99,40.92,,0.06,site_5664,Thermo Fisher Scientific India Private Limited
South Eastern Coalfields Limited,Dipka Area,M/s Dipka Expansion Project South Eastern Coal Fields Limited Dipka Area,30-AUG-2026 11:29,30-AUG-2026 05:59,2.32,7.97,39.24,,0.00,site_5664,Thermo Fisher Scientific India Private Limited
South Eastern Coalfields Limited,Dipka Area,M/s Dipka Expansion Project South Eastern Coal Fields Limited Dipka Area,30-AUG-2026 11:29,30-AUG-2026 05:59,1.83,7.96,43.09,,0.00,site_5664,Thermo Fisher Scientific India Private Limited
South Eastern Coalfields Limited,Dipka Area,M/s Dipka Expansion Project South Eastern Coal Fields Limited Dipka Area,30-AUG-2026 11:28,30-AUG-2026 05:58,1.11,8.11,43.03,,0.06,site_5664,Thermo Fisher Scientific India Private Limited
South Eastern Coalfields Limited,Dipka Area,M/s Dipka Expansion Project South Eastern Coal Fields Limited Dipka Area,30-AUG-2026 11:28,30-AUG-2026 05:58,0.48,8.30,39.50,,0.06,site_5664,Thermo Fisher Scientific India Private Limited
South Eastern Coalfields Limited,Dipka Area,M/s Dipka Expansion Project South Eastern Coal Fields Limited Dipka Area,30-AUG-2026 11:27,30-AUG-2026 05:57,0.00,8.59,38.03,,0.00,site_5664,Thermo Fisher Scientific India Private Limited
South Eastern Coalfields Limited,Dipka Area,M/s Dipka Expansion Project South Eastern Coal Fields Limited Dipka Area,30-AUG-2026 11:27,30-AUG-2026 05:57,0.00,8.86,41.35,,0.01,site_5664,Thermo Fisher Scientific India Private Limited
South Eastern Coalfields Limited,Dipka Area,M/s Dipka Expansion Project South Eastern Coal Fields Limited Dipka Area,30-AUG-2026 11:26,30-AUG-2026 05:56,0.00,9.17,32.39,,0.16,site_5664,Thermo Fisher Scientific India Private Limited
South Eastern Coalfields Limited,Dipka Area,M/s Dipka Expansion Project South Eastern Coal Fields Limited Dipka Area,30-AUG-2026 11:26,30-AUG-2026 05:56,0.00,9.51,42.56,,0.15,site_5664,Thermo Fisher Scientific India Private Limited
South Eastern Coalfields Limited,Dipka Area,M/s Dipka Expansion Project South Eastern Coal Fields Limited Dipka Area,30-AUG-2026 11:25,30-AUG-2026 05:55,0.00,9.71,44.17,,0.19,site_5664,Thermo Fisher Scientific India Private Limited
South Eastern Coalfields Limited,"Gevra , Chattisgarh",SECL GEVRA,30-AUG-2026 11:25,30-AUG-2026 11:15,49.50,88.44,14.22,11.01,1.06,site_,Envea India Pvt Ltd
South Eastern Coalfields Limited,"Gevra , Chattisgarh",SECL GEVRA,30-AUG-2026 11:25,30-AUG-2026 11:15,49.50,88.44,14.22,11.01,1.06,site_,Envea India Pvt Ltd
South Eastern Coalfields Limited,Dipka Area,M/s Dipka Expansion Project South Eastern Coal Fields Limited Dipka Area,30-AUG-2026 11:25,30-AUG-2026 05:55,0.00,9.78,43.83,,0.22,site_5664,Thermo Fisher Scientific India Private Limited
South Eastern Coalfields Limited,Dipka Area,M/s Dipka Expansion Project South Eastern Coal Fields Limited Dipka Area,30-AUG-2026 11:24,30-AUG-2026 05:54,0.00,9.77,41.32,,0.34,site_5664,Thermo Fisher Scientific India Private Limited
South Eastern Coalfields Limited,Dipka Area,M/s Dipka Expansion Project South Eastern Coal Fields Limited Dipka Area,30-AUG-2026 11:24,30-AUG-2026 05:54,0.00,9.68,37.07,,0.35,site_5664,Thermo Fisher Scientific India Private Limited
South Eastern Coalfields Limited,Dipka Area,M/s Dipka Expansion Project South Eastern Coal Fields Limited Dipka Area,30-AUG-2026 11:23,30-AUG-2026 05:53,0.00,9.58,40.62,,0.42,site_5664,Thermo Fisher Scientific India Private Limited
South Eastern Coalfields Limited,Dipka Area,M/s Dipka Expansion Project South Eastern Coal Fields Limited Dipka Area,30-AUG-2026 11:23,30-AUG-2026 05:53,0.00,9.53,43.05,,0.60,site_5664,Thermo Fisher Scientific India Private Limited
South Eastern Coalfields Limited,Dipka Area,M/s Dipka Expansion Project South Eastern Coal Fields Limited Dipka Area,30-AUG-2026 11:22,30-AUG-2026 05:52,0.42,9.57,37.41,,0.58,site_5664,Thermo Fisher Scientific India Private Limited
South Eastern Coalfields Limited,Dipka Area,M/s Dipka Expansion Project South Eastern Coal Fields Limited Dipka Area,30-AUG-2026 11:22,30-AUG-2026 05:52,0.90,9.72,41.55,,0.57,site_5664,Thermo Fisher Scientific India Private Limited
South Eastern Coalfields Limited,Dipka Area,M/s Dipka Expansion Project South Eastern Coal Fields Limited Dipka Area,30-AUG-2026 11:21,30-AUG-2026 05:51,1.40,10.00,34.02,,0.40,site_5664,Thermo Fisher Scientific India Private Limited
South Eastern Coalfields Limited,Dipka Area,M/s Dipka Expansion Project South Eastern Coal Fields Limited Dipka Area,30-AUG-2026 11:21,30-AUG-2026 05:51,1.80,10.40,40.76,,0.36,site_5664,Thermo Fisher Scientific India Private Limited
South Eastern Coalfields Limited,Dipka Area,M/s Dipka Expansion Project South Eastern Coal Fields Limited Dipka Area,30-AUG-2026 11:20,30-AUG-2026 05:50,2.28,10.67,42.99,,0.31,site_5664,Thermo Fisher Scientific India Private Limited
South Eastern Coalfields Limited,Dipka Area,M/s Dipka Expansion Project South Eastern Coal Fields Limited Dipka Area,30-AUG-2026 11:20,30-AUG-2026 05:50,2.52,10.82,34.36,,0.44,site_5664,Thermo Fisher Scientific India Private Limited
South Eastern Coalfields Limited,Dipka Area,M/s Dipka Expansion Project South Eastern Coal Fields Limited Dipka Area,30-AUG-2026 11:19,30-AUG-2026 05:49,2.68,10.90,36.20,,0.38,site_5664,Thermo Fisher Scientific India Private Limited
South Eastern Coalfields Limited,Dipka Area,M/s Dipka Expansion Project South Eastern Coal Fields Limited Dipka Area,30-AUG-2026 11:19,30-AUG-2026 05:49,3.07,10.89,34.30,,0.36,site_5664,Thermo Fisher Scientific India Private Limited
South Eastern Coalfields Limited,Dipka Area,M/s Dipka Expansion Project South Eastern Coal Fields Limited Dipka Area,30-AUG-2026 11:18,30-AUG-2026 05:48,3.55,10.81,38.99,,0.28,site_5664,Thermo Fisher Scientific India Private Limited
South Eastern Coalfields Limited,Dipka Area,M/s Dipka Expansion Project South Eastern Coal Fields Limited Dipka Area,30-AUG-2026 11:18,30-AUG-2026 05:48,4.00,10.61,40.14,,0.08,site_5664,Thermo Fisher Scientific India Private Limited
South Eastern Coalfields Limited,Dipka Area,M/s Dipka Expansion Project South Eastern Coal Fields Limited Dipka Area,30-AUG-2026 11:17,30-AUG-2026 05:47,4.47,10.47,35.49,,0.02,site_5664,Thermo Fisher Scientific India Private Limited
South Eastern Coalfields Limited,Dipka Area,M/s Dipka Expansion Project South Eastern Coal Fields Limited Dipka Area,30-AUG-2026 11:17,30-AUG-2026 05:47,5.30,10.31,30.05,,0.08,site_5664,Thermo Fisher Scientific India Private Limited
South Eastern Coalfields Limited,Dipka Area,M/s Dipka Expansion Project South Eastern Coal Fields Limited Dipka Area,30-AUG-2026 11:16,30-AUG-2026 05:46,6.15,10.21,37.90,,0.20,site_5664,Thermo Fisher Scientific India Private Limited
South Eastern Coalfields Limited,Dipka Area,M/s Dipka Expansion Project South Eastern Coal Fields Limited Dipka Area,30-AUG-2026 11:16,30-AUG-2026 05:46,6.62,10.13,38.10,,0.16,site_5664,Thermo Fisher Scientific India Private Limited
South Eastern Coalfields Limited,Dipka Area,M/s Dipka Expansion Project South Eastern Coal Fields Limited Dipka Area,30-AUG-2026 11:15,30-AUG-2026 05:45,7.15,10.10,34.19,,0.17,site_5664,Thermo Fisher Scientific India Private Limited
South Eastern Coalfields Limited,"Bilaspur, CHHATTISGARHr",South Eastern Coalfields  Limited - AQMS_H_Q,30-AUG-2026 11:15,30-AUG-2026 05:44,3.76,,15.64,315.67,0.17,site_5592,Swan Environ
South Eastern Coalfields Limited,Dipka Area,M/s Dipka Expansion Project South Eastern Coal Fields Limited Dipka Area,30-AUG-2026 11:15,30-AUG-2026 05:45,7.72,10.11,41.10,,0.10,site_5664,Thermo Fisher Scientific India Private Limited
South Eastern Coalfields Limited,Dipka Area,M/s Dipka Expansion Project South Eastern Coal Fields Limited Dipka Area,30-AUG-2026 11:14,30-AUG-2026 05:44,8.32,10.16,38.34,,0.00,site_5664,Thermo Fisher Scientific India Private Limited
South Eastern Coalfields Limited,Dipka Area,M/s Dipka Expansion Project South Eastern Coal Fields Limited Dipka Area,30-AUG-2026 11:14,30-AUG-2026 05:44,8.80,10.13,34.39,,0.00,site_5664,Thermo Fisher Scientific India Private Limited
South Eastern Coalfields Limited,Dipka Area,M/s Dipka Expansion Project South Eastern Coal Fields Limited Dipka Area,30-AUG-2026 11:13,30-AUG-2026 05:43,9.05,10.00,39.66,,0.00,site_5664,Thermo Fisher Scientific India Private Limited
South Eastern Coalfields Limited,Dipka Area,M/s Dipka Expansion Project South Eastern Coal Fields Limited Dipka Area,30-AUG-2026 11:13,30-AUG-2026 05:43,9.26,9.95,39.67,,0.00,site_5664,Thermo Fisher Scientific India Private Limited
South Eastern Coalfields Limited,Dipka Area,M/s Dipka Expansion Project South Eastern Coal Fields Limited Dipka Area,30-AUG-2026 11:12,30-AUG-2026 05:42,9.46,9.86,35.89,,0.06,site_5664,Thermo Fisher Scientific India Private Limited
South Eastern Coalfields Limited,Dipka Area,M/s Dipka Expansion Project South Eastern Coal Fields Limited Dipka Area,30-AUG-2026 11:12,30-AUG-2026 05:42,9.48,9.71,37.05,,0.00,site_5664,Thermo Fisher Scientific India Private Limited
South Eastern Coalfields Limited,Dipka Area,M/s Dipka Expansion Project South Eastern Coal Fields Limited Dipka Area,30-AUG-2026 11:11,30-AUG-2026 05:41,9.51,9.37,37.66,,0.00,site_5664,Thermo Fisher Scientific India Private Limited
South Eastern Coalfields Limited,Dipka Area,M/s Dipka Expansion Project South Eastern Coal Fields Limited Dipka Area,30-AUG-2026 11:11,30-AUG-2026 05:41,9.29,9.06,42.53,,0.00,site_5664,Thermo Fisher Scientific India Private Limited
South Eastern Coalfields Limited,Dipka Area,M/s Dipka Expansion Project South Eastern Coal Fields Limited Dipka Area,30-AUG-2026 11:10,30-AUG-2026 05:40,9.08,8.74,37.02,,0.00,site_5664,Thermo Fisher Scientific India Private Limited
South Eastern Coalfields Limited,Dipka Area,M/s Dipka Expansion Project South Eastern Coal Fields Limited Dipka Area,30-AUG-2026 11:10,30-AUG-2026 05:40,9.08,8.26,32.04,,0.00,site_5664,Thermo Fisher Scientific India Private Limited
South Eastern Coalfields Limited,"Gevra , Chattisgarh",SECL GEVRA,30-AUG-2026 11:10,30-AUG-2026 11:00,52.20,93.17,14.37,11.41,1.13,site_,Envea India Pvt Ltd
South Eastern Coalfields Limited,"Gevra , Chattisgarh",SECL GEVRA,30-AUG-2026 11:10,30-AUG-2026 11:00,52.20,93.17,14.37,11.41,1.13,site_,Envea India Pvt Ltd
South Eastern Coalfields Limited,Dipka Area,M/s Dipka Expansion Project South Eastern Coal Fields Limited Dipka Area,30-AUG-2026 11:09,30-AUG-2026 05:39,9.08,7.65,39.59,,0.00,site_5664,Thermo Fisher Scientific India Private Limited
South Eastern Coalfields Limited,Dipka Area,M/s Dipka Expansion Project South Eastern Coal Fields Limited Dipka Area,30-AUG-2026 11:09,30-AUG-2026 05:39,9.05,7.25,39.97,,0.11,site_5664,Thermo Fisher Scientific India Private Limited
South Eastern Coalfields Limited,Dipka Area,M/s Dipka Expansion Project South Eastern Coal Fields Limited Dipka Area,30-AUG-2026 11:08,30-AUG-2026 05:38,8.80,6.91,37.76,,0.12,site_5664,Thermo Fisher Scientific India Private Limited
South Eastern Coalfields Limited,Dipka Area,M/s Dipka Expansion Project South Eastern Coal Fields Limited Dipka Area,30-AUG-2026 11:08,30-AUG-2026 05:38,8.85,6.60,43.26,,0.00,site_5664,Thermo Fisher Scientific India Private Limited
South Eastern Coalfields Limited,Dipka Area,M/s Dipka Expansion Project South Eastern Coal Fields Limited Dipka Area,30-AUG-2026 11:07,30-AUG-2026 05:37,8.93,6.28,33.84,,0.01,site_5664,Thermo Fisher Scientific India Private Limited
South Eastern Coalfields Limited,Dipka Area,M/s Dipka Expansion Project South Eastern Coal Fields Limited Dipka Area,30-AUG-2026 11:07,30-AUG-2026 05:37,8.99,6.21,33.99,,0.04,site_5664,Thermo Fisher Scientific India Private Limited
South Eastern Coalfields Limited,Dipka Area,M/s Dipka Expansion Project South Eastern Coal Fields Limited Dipka Area,30-AUG-2026 11:06,30-AUG-2026 05:36,9.04,6.15,36.68,,0.09,site_5664,Thermo Fisher Scientific India Private Limited
South Eastern Coalfields Limited,Dipka Area,M/s Dipka Expansion Project South Eastern Coal Fields Limited Dipka Area,30-AUG-2026 11:06,30-AUG-2026 05:36,9.21,6.06,33.99,,0.11,site_5664,Thermo Fisher Scientific India Private Limited
South Eastern Coalfields Limited,Dipka Area,M/s Dipka Expansion Project South Eastern Coal Fields Limited Dipka Area,30-AUG-2026 11:05,30-AUG-2026 05:35,9.67,5.97,34.41,,0.20,site_5664,Thermo Fisher Scientific India Private Limited
South Eastern Coalfields Limited,Dipka Area,M/s Dipka Expansion Project South Eastern Coal Fields Limited Dipka Area,30-AUG-2026 11:05,30-AUG-2026 05:35,9.95,6.02,32.71,,0.08,site_5664,Thermo Fisher Scientific India Private Limited
South Eastern Coalfields Limited,Dipka Area,M/s Dipka Expansion Project South Eastern Coal Fields Limited Dipka Area,30-AUG-2026 11:04,30-AUG-2026 05:34,10.29,6.17,33.88,,0.09,site_5664,Thermo Fisher Scientific India Private Limited
South Eastern Coalfields Limited,Dipka Area,M/s Dipka Expansion Project South Eastern Coal Fields Limited Dipka Area,30-AUG-2026 11:04,30-AUG-2026 05:34,10.45,6.10,40.97,,0.05,site_5664,Thermo Fisher Scientific India Private Limited
South Eastern Coalfields Limited,Dipka Area,M/s Dipka Expansion Project South Eastern Coal Fields Limited Dipka Area,30-AUG-2026 11:03,30-AUG-2026 05:33,10.49,5.96,39.26,,0.01,site_5664,Thermo Fisher Scientific India Private Limited
South Eastern Coalfields Limited,Dipka Area,M/s Dipka Expansion Project South Eastern Coal Fields Limited Dipka Area,30-AUG-2026 11:03,30-AUG-2026 05:33,10.43,5.76,34.63,,0.17,site_5664,Thermo Fisher Scientific India Private Limited
South Eastern Coalfields Limited,Dipka Area,M/s Dipka Expansion Project South Eastern Coal Fields Limited Dipka Area,30-AUG-2026 11:02,30-AUG-2026 05:32,10.27,5.49,40.29,,0.22,site_5664,Thermo Fisher Scientific India Private Limited
South Eastern Coalfields Limited,Dipka Area,M/s Dipka Expansion Project South Eastern Coal Fields Limited Dipka Area,30-AUG-2026 11:02,30-AUG-2026 05:32,10.24,5.17,41.78,,0.18,site_5664,Thermo Fisher Scientific India Private Limited
South Eastern Coalfields Limited,Dipka Area,M/s Dipka Expansion Project South Eastern Coal Fields Limited Dipka Area,30-AUG-2026 11:01,30-AUG-2026 05:31,10.29,4.78,38.40,,0.00,site_5664,Thermo Fisher Scientific India Private Limited
South Eastern Coalfields Limited,Dipka Area,M/s Dipka Expansion Project South Eastern Coal Fields Limited Dipka Area,30-AUG-2026 11:01,30-AUG-2026 05:31,10.28,4.65,39.13,,0.01,site_5664,Thermo Fisher Scientific India Private Limited
South Eastern Coalfields Limited,Dipka Area,M/s Dipka Expansion Project South Eastern Coal Fields Limited Dipka Area,30-AUG-2026 11:00,30-AUG-2026 05:30,10.34,4.56,39.77,,0.04,site_5664,Thermo Fisher Scientific India Private Limited
South Eastern Coalfields Limited,"Bilaspur, CHHATTISGARHr",South Eastern Coalfields  Limited - AQMS_H_Q,30-AUG-2026 11:00,30-AUG-2026 05:29,4.04,,17.23,0.00,0.00,site_5592,Swan Environ
South Eastern Coalfields Limited,Dipka Area,M/s Dipka Expansion Project South Eastern Coal Fields Limited Dipka Area,30-AUG-2026 10:59,30-AUG-2026 05:29,10.24,4.60,35.27,,0.27,site_5664,Thermo Fisher Scientific India Private Limited
South Eastern Coalfields Limited,Dipka Area,M/s Dipka Expansion Project South Eastern Coal Fields Limited Dipka Area,30-AUG-2026 10:59,30-AUG-2026 05:29,10.14,4.57,34.84,,0.23,site_5664,Thermo Fisher Scientific India Private Limited
South Eastern Coalfields Limited,Dipka Area,M/s Dipka Expansion Project South Eastern Coal Fields Limited Dipka Area,30-AUG-2026 10:58,30-AUG-2026 05:28,9.88,4.44,33.12,,0.35,site_5664,Thermo Fisher Scientific India Private Limited
South Eastern Coalfields Limited,Dipka Area,M/s Dipka Expansion Project South Eastern Coal Fields Limited Dipka Area,30-AUG-2026 10:58,30-AUG-2026 05:28,9.77,4.27,34.74,,0.23,site_5664,Thermo Fisher Scientific India Private Limited
South Eastern Coalfields Limited,Dipka Area,M/s Dipka Expansion Project South Eastern Coal Fields Limited Dipka Area,30-AUG-2026 10:57,30-AUG-2026 05:27,9.80,4.12,39.96,,0.18,site_5664,Thermo Fisher Scientific India Private Limited
South Eastern Coalfields Limited,Dipka Area,M/s Dipka Expansion Project South Eastern Coal Fields Limited Dipka Area,30-AUG-2026 10:57,30-AUG-2026 05:27,9.91,3.90,38.01,,0.31,site_5664,Thermo Fisher Scientific India Private Limited
South Eastern Coalfields Limited,Dipka Area,M/s Dipka Expansion Project South Eastern Coal Fields Limited Dipka Area,30-AUG-2026 10:56,30-AUG-2026 05:26,9.99,3.63,36.05,,0.35,site_5664,Thermo Fisher Scientific India Private Limited
South Eastern Coalfields Limited,Dipka Area,M/s Dipka Expansion Project South Eastern Coal Fields Limited Dipka Area,30-AUG-2026 10:56,30-AUG-2026 05:26,9.82,3.50,43.29,,0.36,site_5664,Thermo Fisher Scientific India Private Limited
South Eastern Coalfields Limited,Dipka Area,M/s Dipka Expansion Project South Eastern Coal Fields Limited Dipka Area,30-AUG-2026 10:55,30-AUG-2026 05:25,9.64,3.55,38.01,,0.37,site_5664,Thermo Fisher Scientific India Private Limited
South Eastern Coalfields Limited,"Gevra , Chattisgarh",SECL GEVRA,30-AUG-2026 10:55,30-AUG-2026 10:45,53.00,94.45,14.41,11.52,1.14,site_,Envea India Pvt Ltd
South Eastern Coalfields Limited,"Gevra , Chattisgarh",SECL GEVRA,30-AUG-2026 10:55,30-AUG-2026 10:45,53.00,94.45,14.41,11.52,1.14,site_,Envea India Pvt Ltd
South Eastern Coalfields Limited,"Gevra , Chattisgarh",SECL GEVRA,30-AUG-2026 10:55,30-AUG-2026 10:45,53.00,94.45,14.41,11.52,1.14,site_,Envea India Pvt Ltd
South Eastern Coalfields Limited,Dipka Area,M/s Dipka Expansion Project South Eastern Coal Fields Limited Dipka Area,30-AUG-2026 10:55,30-AUG-2026 05:25,9.22,3.66,41.76,,0.32,site_5664,Thermo Fisher Scientific India Private Limited
South Eastern Coalfields Limited,Dipka Area,M/s Dipka Expansion Project South Eastern Coal Fields Limited Dipka Area,30-AUG-2026 10:54,30-AUG-2026 05:24,8.71,4.02,33.89,,0.11,site_5664,Thermo Fisher Scientific India Private Limited
South Eastern Coalfields Limited,Dipka Area,M/s Dipka Expansion Project South Eastern Coal Fields Limited Dipka Area,30-AUG-2026 10:54,30-AUG-2026 05:24,8.19,4.47,32.54,,0.29,site_5664,Thermo Fisher Scientific India Private Limited
South Eastern Coalfields Limited,Dipka Area,M/s Dipka Expansion Project South Eastern Coal Fields Limited Dipka Area,30-AUG-2026 10:53,30-AUG-2026 05:23,7.81,4.99,39.47,,0.24,site_5664,Thermo Fisher Scientific India Private Limited
South Eastern Coalfields Limited,Dipka Area,M/s Dipka Expansion Project South Eastern Coal Fields Limited Dipka Area,30-AUG-2026 10:53,30-AUG-2026 05:23,7.77,5.59,42.50,,0.25,site_5664,Thermo Fisher Scientific India Private Limited
South Eastern Coalfields Limited,Dipka Area,M/s Dipka Expansion Project South Eastern Coal Fields Limited Dipka Area,30-AUG-2026 10:52,30-AUG-2026 05:22,7.83,6.20,37.82,,0.29,site_5664,Thermo Fisher Scientific India Private Limited
South Eastern Coalfields Limited,Dipka Area,M/s Dipka Expansion Project South Eastern Coal Fields Limited Dipka Area,30-AUG-2026 10:52,30-AUG-2026 05:22,8.19,6.84,34.72,,0.25,site_5664,Thermo Fisher Scientific India Private Limited
South Eastern Coalfields Limited,Dipka Area,M/s Dipka Expansion Project South Eastern Coal Fields Limited Dipka Area,30-AUG-2026 10:51,30-AUG-2026 05:21,8.71,7.41,36.07,,0.37,site_5664,Thermo Fisher Scientific India Private Limited
South Eastern Coalfields Limited,Dipka Area,M/s Dipka Expansion Project South Eastern Coal Fields Limited Dipka Area,30-AUG-2026 10:51,30-AUG-2026 05:21,9.30,7.92,33.46,,0.27,site_5664,Thermo Fisher Scientific India Private Limited
South Eastern Coalfields Limited,Dipka Area,M/s Dipka Expansion Project South Eastern Coal Fields Limited Dipka Area,30-AUG-2026 10:50,30-AUG-2026 05:20,9.78,8.51,36.26,,0.29,site_5664,Thermo Fisher Scientific India Private Limited
South Eastern Coalfields Limited,Dipka Area,M/s Dipka Expansion Project South Eastern Coal Fields Limited Dipka Area,30-AUG-2026 10:50,30-AUG-2026 05:20,10.03,8.85,35.98,,0.34,site_5664,Thermo Fisher Scientific India Private Limited
South Eastern Coalfields Limited,Dipka Area,M/s Dipka Expansion Project South Eastern Coal Fields Limited Dipka Area,30-AUG-2026 10:49,30-AUG-2026 05:19,10.36,9.25,31.13,,0.48,site_5664,Thermo Fisher Scientific India Private Limited
South Eastern Coalfields Limited,Dipka Area,M/s Dipka Expansion Project South Eastern Coal Fields Limited Dipka Area,30-AUG-2026 10:49,30-AUG-2026 05:19,10.53,9.48,33.49,,0.35,site_5664,Thermo Fisher Scientific India Private Limited
South Eastern Coalfields Limited,Dipka Area,M/s Dipka Expansion Project South Eastern Coal Fields Limited Dipka Area,30-AUG-2026 10:48,30-AUG-2026 05:18,10.43,9.68,37.21,,0.34,site_5664,Thermo Fisher Scientific India Private Limited
South Eastern Coalfields Limited,Dipka Area,M/s Dipka Expansion Project South Eastern Coal Fields Limited Dipka Area,30-AUG-2026 10:48,30-AUG-2026 05:18,10.38,9.73,41.52,,0.33,site_5664,Thermo Fisher Scientific India Private Limited
South Eastern Coalfields Limited,Dipka Area,M/s Dipka Expansion Project South Eastern Coal Fields Limited Dipka Area,30-AUG-2026 10:47,30-AUG-2026 05:17,10.30,9.70,40.90,,0.25,site_5664,Thermo Fisher Scientific India Private Limited
South Eastern Coalfields Limited,Dipka Area,M/s Dipka Expansion Project South Eastern Coal Fields Limited Dipka Area,30-AUG-2026 10:47,30-AUG-2026 05:17,10.11,9.66,34.04,,0.28,site_5664,Thermo Fisher Scientific India Private Limited
South Eastern Coalfields Limited,Dipka Area,M/s Dipka Expansion Project South Eastern Coal Fields Limited Dipka Area,30-AUG-2026 10:46,30-AUG-2026 05:16,9.73,9.55,35.39,,0.26,site_5664,Thermo Fisher Scientific India Private Limited
South Eastern Coalfields Limited,Dipka Area,M/s Dipka Expansion Project South Eastern Coal Fields Limited Dipka Area,30-AUG-2026 10:46,30-AUG-2026 05:16,9.38,9.43,37.29,,0.26,site_5664,Thermo Fisher Scientific India Private Limited
South Eastern Coalfields Limited,Dipka Area,M/s Dipka Expansion Project South Eastern Coal Fields Limited Dipka Area,30-AUG-2026 10:45,30-AUG-2026 05:15,9.25,9.42,40.66,,0.10,site_5664,Thermo Fisher Scientific India Private Limited
South Eastern Coalfields Limited,"Bilaspur, CHHATTISGARHr",South Eastern Coalfields  Limited - AQMS_H_Q,30-AUG-2026 10:45,30-AUG-2026 05:14,4.05,,18.07,190.78,0.17,site_5592,Swan Environ
South Eastern Coalfields Limited,Dipka Area,M/s Dipka Expansion Project South Eastern Coal Fields Limited Dipka Area,30-AUG-2026 10:45,30-AUG-2026 05:15,8.95,9.42,35.64,,0.09,site_5664,Thermo Fisher Scientific India Private Limited
South Eastern Coalfields Limited,Dipka Area,M/s Dipka Expansion Project South Eastern Coal Fields Limited Dipka Area,30-AUG-2026 10:44,30-AUG-2026 05:14,8.91,9.43,39.49,,0.17,site_5664,Thermo Fisher Scientific India Private Limited
South Eastern Coalfields Limited,Dipka Area,M/s Dipka Expansion Project South Eastern Coal Fields Limited Dipka Area,30-AUG-2026 10:44,30-AUG-2026 05:14,9.19,9.39,36.59,,0.07,site_5664,Thermo Fisher Scientific India Private Limited
South Eastern Coalfields Limited,Dipka Area,M/s Dipka Expansion Project South Eastern Coal Fields Limited Dipka Area,30-AUG-2026 10:43,30-AUG-2026 05:13,9.88,9.33,40.69,,0.09,site_5664,Thermo Fisher Scientific India Private Limited
South Eastern Coalfields Limited,Dipka Area,M/s Dipka Expansion Project South Eastern Coal Fields Limited Dipka Area,30-AUG-2026 10:43,30-AUG-2026 05:13,10.50,9.32,34.05,,0.14,site_5664,Thermo Fisher Scientific India Private Limited
South Eastern Coalfields Limited,Dipka Area,M/s Dipka Expansion Project South Eastern Coal Fields Limited Dipka Area,30-AUG-2026 10:42,30-AUG-2026 05:12,11.10,9.20,32.36,,0.21,site_5664,Thermo Fisher Scientific India Private Limited
South Eastern Coalfields Limited,Dipka Area,M/s Dipka Expansion Project South Eastern Coal Fields Limited Dipka Area,30-AUG-2026 10:42,30-AUG-2026 05:12,11.52,9.25,33.89,,0.11,site_5664,Thermo Fisher Scientific India Private Limited
South Eastern Coalfields Limited,Dipka Area,M/s Dipka Expansion Project South Eastern Coal Fields Limited Dipka Area,30-AUG-2026 10:41,30-AUG-2026 05:11,11.83,9.43,36.21,,0.21,site_5664,Thermo Fisher Scientific India Private Limited
South Eastern Coalfields Limited,Dipka Area,M/s Dipka Expansion Project South Eastern Coal Fields Limited Dipka Area,30-AUG-2026 10:41,30-AUG-2026 05:11,12.02,9.59,36.67,,0.30,site_5664,Thermo Fisher Scientific India Private Limited
South Eastern Coalfields Limited,Dipka Area,M/s Dipka Expansion Project South Eastern Coal Fields Limited Dipka Area,30-AUG-2026 10:40,30-AUG-2026 05:10,12.17,9.98,37.19,,0.41,site_5664,Thermo Fisher Scientific India Private Limited
South Eastern Coalfields Limited,"Gevra , Chattisgarh",SECL GEVRA,30-AUG-2026 10:40,30-AUG-2026 10:30,37.60,67.70,13.55,9.24,0.77,site_,Envea India Pvt Ltd
South Eastern Coalfields Limited,"Gevra , Chattisgarh",SECL GEVRA,30-AUG-2026 10:40,30-AUG-2026 10:30,37.60,67.70,13.55,9.24,0.77,site_,Envea India Pvt Ltd
South Eastern Coalfields Limited,"Gevra , Chattisgarh",SECL GEVRA,30-AUG-2026 10:40,30-AUG-2026 10:30,37.60,67.70,13.55,9.24,0.77,site_,Envea India Pvt Ltd
South Eastern Coalfields Limited,Dipka Area,M/s Dipka Expansion Project South Eastern Coal Fields Limited Dipka Area,30-AUG-2026 10:40,30-AUG-2026 05:10,12.17,10.21,40.85,,0.43,site_5664,Thermo Fisher Scientific India Private Limited
South Eastern Coalfields Limited,Dipka Area,M/s Dipka Expansion Project South Eastern Coal Fields Limited Dipka Area,30-AUG-2026 10:39,30-AUG-2026 05:09,12.15,10.51,37.62,,0.31,site_5664,Thermo Fisher Scientific India Private Limited
South Eastern Coalfields Limited,Dipka Area,M/s Dipka Expansion Project South Eastern Coal Fields Limited Dipka Area,30-AUG-2026 10:39,30-AUG-2026 05:09,12.14,10.77,46.43,,0.29,site_5664,Thermo Fisher Scientific India Private Limited
South Eastern Coalfields Limited,Dipka Area,M/s Dipka Expansion Project South Eastern Coal Fields Limited Dipka Area,30-AUG-2026 10:38,30-AUG-2026 05:08,12.21,10.99,36.66,,0.29,site_5664,Thermo Fisher Scientific India Private Limited
South Eastern Coalfields Limited,Dipka Area,M/s Dipka Expansion Project South Eastern Coal Fields Limited Dipka Area,30-AUG-2026 10:38,30-AUG-2026 05:08,12.18,11.08,36.45,,0.21,site_5664,Thermo Fisher Scientific India Private Limited
South Eastern Coalfields Limited,Dipka Area,M/s Dipka Expansion Project South Eastern Coal Fields Limited Dipka Area,30-AUG-2026 10:37,30-AUG-2026 05:07,12.18,11.04,36.31,,0.12,site_5664,Thermo Fisher Scientific India Private Limited
South Eastern Coalfields Limited,Dipka Area,M/s Dipka Expansion Project South Eastern Coal Fields Limited Dipka Area,30-AUG-2026 10:37,30-AUG-2026 05:07,12.23,11.07,34.94,,0.13,site_5664,Thermo Fisher Scientific India Private Limited
South Eastern Coalfields Limited,Dipka Area,M/s Dipka Expansion Project South Eastern Coal Fields Limited Dipka Area,30-AUG-2026 10:36,30-AUG-2026 05:06,12.25,11.15,34.21,,0.00,site_5664,Thermo Fisher Scientific India Private Limited
South Eastern Coalfields Limited,Dipka Area,M/s Dipka Expansion Project South Eastern Coal Fields Limited Dipka Area,30-AUG-2026 10:36,30-AUG-2026 05:06,12.24,11.06,39.52,,0.00,site_5664,Thermo Fisher Scientific India Private Limited
South Eastern Coalfields Limited,Dipka Area,M/s Dipka Expansion Project South Eastern Coal Fields Limited Dipka Area,30-AUG-2026 10:35,30-AUG-2026 05:05,12.08,10.89,40.37,,0.00,site_5664,Thermo Fisher Scientific India Private Limited
South Eastern Coalfields Limited,Dipka Area,M/s Dipka Expansion Project South Eastern Coal Fields Limited Dipka Area,30-AUG-2026 10:35,30-AUG-2026 05:05,11.76,10.90,37.08,,0.00,site_5664,Thermo Fisher Scientific India Private Limited
South Eastern Coalfields Limited,Dipka Area,M/s Dipka Expansion Project South Eastern Coal Fields Limited Dipka Area,30-AUG-2026 10:34,30-AUG-2026 05:04,11.22,11.17,39.93,,0.00,site_5664,Thermo Fisher Scientific India Private Limited
South Eastern Coalfields Limited,Dipka Area,M/s Dipka Expansion Project South Eastern Coal Fields Limited Dipka Area,30-AUG-2026 10:34,30-AUG-2026 05:04,10.83,11.44,43.64,,0.01,site_5664,Thermo Fisher Scientific India Private Limited
South Eastern Coalfields Limited,Dipka Area,M/s Dipka Expansion Project South Eastern Coal Fields Limited Dipka Area,30-AUG-2026 10:33,30-AUG-2026 05:03,10.33,11.73,41.75,,0.00,site_5664,Thermo Fisher Scientific India Private Limited
South Eastern Coalfields Limited,Dipka Area,M/s Dipka Expansion Project South Eastern Coal Fields Limited Dipka Area,30-AUG-2026 10:33,30-AUG-2026 05:03,10.01,11.98,34.97,,0.00,site_5664,Thermo Fisher Scientific India Private Limited
South Eastern Coalfields Limited,Dipka Area,M/s Dipka Expansion Project South Eastern Coal Fields Limited Dipka Area,30-AUG-2026 10:32,30-AUG-2026 05:02,9.55,12.34,39.70,,0.06,site_5664,Thermo Fisher Scientific India Private Limited
South Eastern Coalfields Limited,Dipka Area,M/s Dipka Expansion Project South Eastern Coal Fields Limited Dipka Area,30-AUG-2026 10:32,30-AUG-2026 05:02,9.15,12.62,41.84,,0.24,site_5664,Thermo Fisher Scientific India Private Limited
South Eastern Coalfields Limited,Dipka Area,M/s Dipka Expansion Project South Eastern Coal Fields Limited Dipka Area,30-AUG-2026 10:31,30-AUG-2026 05:01,8.76,12.89,40.08,,0.25,site_5664,Thermo Fisher Scientific India Private Limited
South Eastern Coalfields Limited,Dipka Area,M/s Dipka Expansion Project South Eastern Coal Fields Limited Dipka Area,30-AUG-2026 10:31,30-AUG-2026 05:01,8.35,13.06,45.71,,0.16,site_5664,Thermo Fisher Scientific India Private Limited
South Eastern Coalfields Limited,"Bilaspur, CHHATTISGARHr",South Eastern Coalfields  Limited - AQMS_H_Q,30-AUG-2026 10:30,30-AUG-2026 04:59,4.14,,18.03,0.00,0.00,site_5592,Swan Environ
South Eastern Coalfields Limited,Dipka Area,M/s Dipka Expansion Project South Eastern Coal Fields Limited Dipka Area,30-AUG-2026 10:30,30-AUG-2026 05:00,8.01,13.26,41.85,,0.12,site_5664,Thermo Fisher Scientific India Private Limited
South Eastern Coalfields Limited,Dipka Area,M/s Dipka Expansion Project South Eastern Coal Fields Limited Dipka Area,30-AUG-2026 10:30,30-AUG-2026 05:00,7.81,13.54,39.57,,0.23,site_5664,Thermo Fisher Scientific India Private Limited
South Eastern Coalfields Limited,Dipka Area,M/s Dipka Expansion Project South Eastern Coal Fields Limited Dipka Area,30-AUG-2026 10:29,30-AUG-2026 04:59,7.65,13.73,39.20,,0.15,site_5664,Thermo Fisher Scientific India Private Limited
South Eastern Coalfields Limited,Dipka Area,M/s Dipka Expansion Project South Eastern Coal Fields Limited Dipka Area,30-AUG-2026 10:29,30-AUG-2026 04:59,7.50,13.85,43.68,,0.13,site_5664,Thermo Fisher Scientific India Private Limited
South Eastern Coalfields Limited,Dipka Area,M/s Dipka Expansion Project South Eastern Coal Fields Limited Dipka Area,30-AUG-2026 10:28,30-AUG-2026 04:58,7.44,13.92,37.17,,0.21,site_5664,Thermo Fisher Scientific India Private Limited
South Eastern Coalfields Limited,Dipka Area,M/s Dipka Expansion Project South Eastern Coal Fields Limited Dipka Area,30-AUG-2026 10:28,30-AUG-2026 04:58,7.37,13.92,40.96,,0.28,site_5664,Thermo Fisher Scientific India Private Limited
South Eastern Coalfields Limited,Dipka Area,M/s Dipka Expansion Project South Eastern Coal Fields Limited Dipka Area,30-AUG-2026 10:27,30-AUG-2026 04:57,7.16,13.82,35.00,,0.27,site_5664,Thermo Fisher Scientific India Private Limited
South Eastern Coalfields Limited,Dipka Area,M/s Dipka Expansion Project South Eastern Coal Fields Limited Dipka Area,30-AUG-2026 10:27,30-AUG-2026 04:57,7.06,13.69,41.87,,0.11,site_5664,Thermo Fisher Scientific India Private Limited
South Eastern Coalfields Limited,Dipka Area,M/s Dipka Expansion Project South Eastern Coal Fields Limited Dipka Area,30-AUG-2026 10:26,30-AUG-2026 04:56,7.11,13.58,37.29,,0.24,site_5664,Thermo Fisher Scientific India Private Limited
South Eastern Coalfields Limited,Dipka Area,M/s Dipka Expansion Project South Eastern Coal Fields Limited Dipka Area,30-AUG-2026 10:26,30-AUG-2026 04:56,7.34,13.48,40.01,,0.33,site_5664,Thermo Fisher Scientific India Private Limited
South Eastern Coalfields Limited,Dipka Area,M/s Dipka Expansion Project South Eastern Coal Fields Limited Dipka Area,30-AUG-2026 10:25,30-AUG-2026 04:55,7.60,13.30,36.79,,0.29,site_5664,Thermo Fisher Scientific India Private Limited
South Eastern Coalfields Limited,"Gevra , Chattisgarh",SECL GEVRA,30-AUG-2026 10:25,30-AUG-2026 10:15,53.70,95.65,14.45,11.62,1.16,site_,Envea India Pvt Ltd
South Eastern Coalfields Limited,"Gevra , Chattisgarh",SECL GEVRA,30-AUG-2026 10:25,30-AUG-2026 10:15,53.70,95.65,14.45,11.62,1.16,site_,Envea India Pvt Ltd
South Eastern Coalfields Limited,"Gevra , Chattisgarh",SECL GEVRA,30-AUG-2026 10:25,30-AUG-2026 10:15,53.70,95.65,14.45,11.62,1.16,site_,Envea India Pvt Ltd
South Eastern Coalfields Limited,Dipka Area,M/s Dipka Expansion Project South Eastern Coal Fields Limited Dipka Area,30-AUG-2026 10:25,30-AUG-2026 04:55,7.96,13.29,41.28,,0.32,site_5664,Thermo Fisher Scientific India Private Limited
South Eastern Coalfields Limited,Dipka Area,M/s Dipka Expansion Project South Eastern Coal Fields Limited Dipka Area,30-AUG-2026 10:24,30-AUG-2026 04:54,8.64,13.41,38.40,,0.40,site_5664,Thermo Fisher Scientific India Private Limited
South Eastern Coalfields Limited,Dipka Area,M/s Dipka Expansion Project South Eastern Coal Fields Limited Dipka Area,30-AUG-2026 10:24,30-AUG-2026 04:54,9.40,13.52,35.80,,0.48,site_5664,Thermo Fisher Scientific India Private Limited
South Eastern Coalfields Limited,Dipka Area,M/s Dipka Expansion Project South Eastern Coal Fields Limited Dipka Area,30-AUG-2026 10:23,30-AUG-2026 04:53,10.43,13.66,30.30,,0.43,site_5664,Thermo Fisher Scientific India Private Limited
South Eastern Coalfields Limited,Dipka Area,M/s Dipka Expansion Project South Eastern Coal Fields Limited Dipka Area,30-AUG-2026 10:23,30-AUG-2026 04:53,11.36,13.83,39.02,,0.37,site_5664,Thermo Fisher Scientific India Private Limited
South Eastern Coalfields Limited,Dipka Area,M/s Dipka Expansion Project South Eastern Coal Fields Limited Dipka Area,30-AUG-2026 10:22,30-AUG-2026 04:52,12.48,13.99,36.75,,0.46,site_5664,Thermo Fisher Scientific India Private Limited
South Eastern Coalfields Limited,Dipka Area,M/s Dipka Expansion Project South Eastern Coal Fields Limited Dipka Area,30-AUG-2026 10:22,30-AUG-2026 04:52,13.57,14.07,41.81,,0.35,site_5664,Thermo Fisher Scientific India Private Limited
South Eastern Coalfields Limited,Dipka Area,M/s Dipka Expansion Project South Eastern Coal Fields Limited Dipka Area,30-AUG-2026 10:21,30-AUG-2026 04:51,14.61,14.12,30.96,,0.28,site_5664,Thermo Fisher Scientific India Private Limited
South Eastern Coalfields Limited,Dipka Area,M/s Dipka Expansion Project South Eastern Coal Fields Limited Dipka Area,30-AUG-2026 10:21,30-AUG-2026 04:51,15.35,14.17,32.16,,0.43,site_5664,Thermo Fisher Scientific India Private Limited
South Eastern Coalfields Limited,Dipka Area,M/s Dipka Expansion Project South Eastern Coal Fields Limited Dipka Area,30-AUG-2026 10:20,30-AUG-2026 04:50,15.82,14.23,35.66,,0.49,site_5664,Thermo Fisher Scientific India Private Limited
South Eastern Coalfields Limited,Dipka Area,M/s Dipka Expansion Project South Eastern Coal Fields Limited Dipka Area,30-AUG-2026 10:20,30-AUG-2026 04:50,16.49,14.27,36.54,,0.48,site_5664,Thermo Fisher Scientific India Private Limited
South Eastern Coalfields Limited,Dipka Area,M/s Dipka Expansion Project South Eastern Coal Fields Limited Dipka Area,30-AUG-2026 10:19,30-AUG-2026 04:49,16.86,14.23,42.37,,0.43,site_5664,Thermo Fisher Scientific India Private Limited
South Eastern Coalfields Limited,Dipka Area,M/s Dipka Expansion Project South Eastern Coal Fields Limited Dipka Area,30-AUG-2026 10:19,30-AUG-2026 04:49,16.93,14.26,33.55,,0.41,site_5664,Thermo Fisher Scientific India Private Limited
South Eastern Coalfields Limited,Dipka Area,M/s Dipka Expansion Project South Eastern Coal Fields Limited Dipka Area,30-AUG-2026 10:18,30-AUG-2026 04:48,16.85,14.32,29.68,,0.37,site_5664,Thermo Fisher Scientific India Private Limited
South Eastern Coalfields Limited,Dipka Area,M/s Dipka Expansion Project South Eastern Coal Fields Limited Dipka Area,30-AUG-2026 10:18,30-AUG-2026 04:48,16.61,14.44,39.75,,0.37,site_5664,Thermo Fisher Scientific India Private Limited
South Eastern Coalfields Limited,Dipka Area,M/s Dipka Expansion Project South Eastern Coal Fields Limited Dipka Area,30-AUG-2026 10:17,30-AUG-2026 04:47,16.33,14.50,38.59,,0.26,site_5664,Thermo Fisher Scientific India Private Limited
South Eastern Coalfields Limited,Dipka Area,M/s Dipka Expansion Project South Eastern Coal Fields Limited Dipka Area,30-AUG-2026 10:17,30-AUG-2026 04:47,15.94,14.56,38.85,,0.29,site_5664,Thermo Fisher Scientific India Private Limited
South Eastern Coalfields Limited,Dipka Area,M/s Dipka Expansion Project South Eastern Coal Fields Limited Dipka Area,30-AUG-2026 10:16,30-AUG-2026 04:46,15.60,14.61,37.98,,0.22,site_5664,Thermo Fisher Scientific India Private Limited
South Eastern Coalfields Limited,Dipka Area,M/s Dipka Expansion Project South Eastern Coal Fields Limited Dipka Area,30-AUG-2026 10:16,30-AUG-2026 04:46,15.40,14.55,37.55,,0.00,site_5664,Thermo Fisher Scientific India Private Limited
South Eastern Coalfields Limited,"Bilaspur, CHHATTISGARHr",South Eastern Coalfields  Limited - AQMS_H_Q,30-AUG-2026 10:15,30-AUG-2026 04:45,5.06,,19.68,0.00,0.00,site_5592,Swan Environ
South Eastern Coalfields Limited,Dipka Area,M/s Dipka Expansion Project South Eastern Coal Fields Limited Dipka Area,30-AUG-2026 10:15,30-AUG-2026 04:45,15.35,14.54,36.84,,0.00,site_5664,Thermo Fisher Scientific India Private Limited
South Eastern Coalfields Limited,Dipka Area,M/s Dipka Expansion Project South Eastern Coal Fields Limited Dipka Area,30-AUG-2026 10:15,30-AUG-2026 04:45,15.46,14.47,47.23,,0.00,site_5664,Thermo Fisher Scientific India Private Limited
South Eastern Coalfields Limited,Dipka Area,M/s Dipka Expansion Project South Eastern Coal Fields Limited Dipka Area,30-AUG-2026 10:14,30-AUG-2026 04:44,15.47,14.42,32.78,,0.03,site_5664,Thermo Fisher Scientific India Private Limited
South Eastern Coalfields Limited,Dipka Area,M/s Dipka Expansion Project South Eastern Coal Fields Limited Dipka Area,30-AUG-2026 10:14,30-AUG-2026 04:44,15.16,14.46,38.29,,0.02,site_5664,Thermo Fisher Scientific India Private Limited
South Eastern Coalfields Limited,Dipka Area,M/s Dipka Expansion Project South Eastern Coal Fields Limited Dipka Area,30-AUG-2026 10:13,30-AUG-2026 04:43,14.62,14.62,36.49,,0.10,site_5664,Thermo Fisher Scientific India Private Limited
South Eastern Coalfields Limited,Dipka Area,M/s Dipka Expansion Project South Eastern Coal Fields Limited Dipka Area,30-AUG-2026 10:13,30-AUG-2026 04:43,13.97,14.79,38.41,,0.15,site_5664,Thermo Fisher Scientific India Private Limited
South Eastern Coalfields Limited,Dipka Area,M/s Dipka Expansion Project South Eastern Coal Fields Limited Dipka Area,30-AUG-2026 10:12,30-AUG-2026 04:42,13.09,15.00,42.56,,0.09,site_5664,Thermo Fisher Scientific India Private Limited
South Eastern Coalfields Limited,Dipka Area,M/s Dipka Expansion Project South Eastern Coal Fields Limited Dipka Area,30-AUG-2026 10:12,30-AUG-2026 04:42,12.15,15.21,38.31,,0.11,site_5664,Thermo Fisher Scientific India Private Limited
South Eastern Coalfields Limited,Dipka Area,M/s Dipka Expansion Project South Eastern Coal Fields Limited Dipka Area,30-AUG-2026 10:11,30-AUG-2026 04:41,11.15,15.45,32.45,,0.17,site_5664,Thermo Fisher Scientific India Private Limited
South Eastern Coalfields Limited,Dipka Area,M/s Dipka Expansion Project South Eastern Coal Fields Limited Dipka Area,30-AUG-2026 10:11,30-AUG-2026 04:41,10.59,15.53,40.01,,0.16,site_5664,Thermo Fisher Scientific India Private Limited
South Eastern Coalfields Limited,Dipka Area,M/s Dipka Expansion Project South Eastern Coal Fields Limited Dipka Area,30-AUG-2026 10:10,30-AUG-2026 04:40,9.97,15.64,41.36,,0.15,site_5664,Thermo Fisher Scientific India Private Limited
South Eastern Coalfields Limited,"Gevra , Chattisgarh",SECL GEVRA,30-AUG-2026 10:10,30-AUG-2026 10:00,48.70,87.07,14.17,10.89,1.04,site_,Envea India Pvt Ltd
South Eastern Coalfields Limited,"Gevra , Chattisgarh",SECL GEVRA,30-AUG-2026 10:10,30-AUG-2026 10:00,48.70,87.07,14.17,10.89,1.04,site_,Envea India Pvt Ltd
South Eastern Coalfields Limited,Dipka Area,M/s Dipka Expansion Project South Eastern Coal Fields Limited Dipka Area,30-AUG-2026 10:10,30-AUG-2026 04:40,9.74,15.61,39.68,,0.04,site_5664,Thermo Fisher Scientific India Private Limited
South Eastern Coalfields Limited,Dipka Area,M/s Dipka Expansion Project South Eastern Coal Fields Limited Dipka Area,30-AUG-2026 10:09,30-AUG-2026 04:39,9.52,15.43,36.54,,0.00,site_5664,Thermo Fisher Scientific India Private Limited
South Eastern Coalfields Limited,Dipka Area,M/s Dipka Expansion Project South Eastern Coal Fields Limited Dipka Area,30-AUG-2026 10:09,30-AUG-2026 04:39,9.31,15.36,39.20,,0.00,site_5664,Thermo Fisher Scientific India Private Limited
South Eastern Coalfields Limited,Dipka Area,M/s Dipka Expansion Project South Eastern Coal Fields Limited Dipka Area,30-AUG-2026 10:08,30-AUG-2026 04:38,8.84,15.33,42.08,,0.00,site_5664,Thermo Fisher Scientific India Private Limited
South Eastern Coalfields Limited,Dipka Area,M/s Dipka Expansion Project South Eastern Coal Fields Limited Dipka Area,30-AUG-2026 10:08,30-AUG-2026 04:38,8.37,15.39,37.35,,0.00,site_5664,Thermo Fisher Scientific India Private Limited
South Eastern Coalfields Limited,Dipka Area,M/s Dipka Expansion Project South Eastern Coal Fields Limited Dipka Area,30-AUG-2026 10:07,30-AUG-2026 04:37,7.76,15.42,36.20,,0.00,site_5664,Thermo Fisher Scientific India Private Limited
South Eastern Coalfields Limited,Dipka Area,M/s Dipka Expansion Project South Eastern Coal Fields Limited Dipka Area,30-AUG-2026 10:07,30-AUG-2026 04:37,7.16,15.50,35.51,,0.06,site_5664,Thermo Fisher Scientific India Private Limited
South Eastern Coalfields Limited,Dipka Area,M/s Dipka Expansion Project South Eastern Coal Fields Limited Dipka Area,30-AUG-2026 10:06,30-AUG-2026 04:36,6.48,15.52,39.41,,0.06,site_5664,Thermo Fisher Scientific India Private Limited
South Eastern Coalfields Limited,Dipka Area,M/s Dipka Expansion Project South Eastern Coal Fields Limited Dipka Area,30-AUG-2026 10:06,30-AUG-2026 04:36,5.90,15.38,38.27,,0.13,site_5664,Thermo Fisher Scientific India Private Limited
South Eastern Coalfields Limited,Dipka Area,M/s Dipka Expansion Project South Eastern Coal Fields Limited Dipka Area,30-AUG-2026 10:05,30-AUG-2026 04:35,5.37,15.03,34.82,,0.11,site_5664,Thermo Fisher Scientific India Private Limited
South Eastern Coalfields Limited,Dipka Area,M/s Dipka Expansion Project South Eastern Coal Fields Limited Dipka Area,30-AUG-2026 10:05,30-AUG-2026 04:35,4.90,14.76,39.04,,0.14,site_5664,Thermo Fisher Scientific India Private Limited
South Eastern Coalfields Limited,Dipka Area,M/s Dipka Expansion Project South Eastern Coal Fields Limited Dipka Area,30-AUG-2026 10:04,30-AUG-2026 04:34,4.35,14.38,40.99,,0.11,site_5664,Thermo Fisher Scientific India Private Limited
South Eastern Coalfields Limited,Dipka Area,M/s Dipka Expansion Project South Eastern Coal Fields Limited Dipka Area,30-AUG-2026 10:04,30-AUG-2026 04:34,3.93,13.91,37.70,,0.09,site_5664,Thermo Fisher Scientific India Private Limited
South Eastern Coalfields Limited,Dipka Area,M/s Dipka Expansion Project South Eastern Coal Fields Limited Dipka Area,30-AUG-2026 10:03,30-AUG-2026 04:33,3.38,13.40,43.58,,0.00,site_5664,Thermo Fisher Scientific India Private Limited
South Eastern Coalfields Limited,Dipka Area,M/s Dipka Expansion Project South Eastern Coal Fields Limited Dipka Area,30-AUG-2026 10:03,30-AUG-2026 04:33,3.04,12.95,33.43,,0.00,site_5664,Thermo Fisher Scientific India Private Limited
South Eastern Coalfields Limited,Dipka Area,M/s Dipka Expansion Project South Eastern Coal Fields Limited Dipka Area,30-AUG-2026 10:02,30-AUG-2026 04:32,2.70,12.52,41.86,,0.05,site_5664,Thermo Fisher Scientific India Private Limited
South Eastern Coalfields Limited,Dipka Area,M/s Dipka Expansion Project South Eastern Coal Fields Limited Dipka Area,30-AUG-2026 10:02,30-AUG-2026 04:32,2.57,12.14,44.81,,0.03,site_5664,Thermo Fisher Scientific India Private Limited
South Eastern Coalfields Limited,Dipka Area,M/s Dipka Expansion Project South Eastern Coal Fields Limited Dipka Area,30-AUG-2026 10:01,30-AUG-2026 04:31,2.62,11.79,41.79,,0.18,site_5664,Thermo Fisher Scientific India Private Limited
South Eastern Coalfields Limited,Dipka Area,M/s Dipka Expansion Project South Eastern Coal Fields Limited Dipka Area,30-AUG-2026 10:01,30-AUG-2026 04:31,2.74,11.63,39.33,,0.21,site_5664,Thermo Fisher Scientific India Private Limited
South Eastern Coalfields Limited,Dipka Area,M/s Dipka Expansion Project South Eastern Coal Fields Limited Dipka Area,30-AUG-2026 10:00,30-AUG-2026 04:30,3.09,11.45,39.31,,0.13,site_5664,Thermo Fisher Scientific India Private Limited
South Eastern Coalfields Limited,"Bilaspur, CHHATTISGARHr",South Eastern Coalfields  Limited - AQMS_H_Q,30-AUG-2026 10:00,30-AUG-2026 04:29,4.92,,21.38,270.00,0.14,site_5592,Swan Environ
South Eastern Coalfields Limited,Dipka Area,M/s Dipka Expansion Project South Eastern Coal Fields Limited Dipka Area,30-AUG-2026 09:59,30-AUG-2026 04:29,3.86,11.32,49.03,,0.23,site_5664,Thermo Fisher Scientific India Private Limited
South Eastern Coalfields Limited,Dipka Area,M/s Dipka Expansion Project South Eastern Coal Fields Limited Dipka Area,30-AUG-2026 09:59,30-AUG-2026 04:29,4.33,11.26,42.17,,0.22,site_5664,Thermo Fisher Scientific India Private Limited
South Eastern Coalfields Limited,Dipka Area,M/s Dipka Expansion Project South Eastern Coal Fields Limited Dipka Area,30-AUG-2026 09:58,30-AUG-2026 04:28,4.88,11.05,37.81,,0.23,site_5664,Thermo Fisher Scientific India Private Limited
South Eastern Coalfields Limited,Dipka Area,M/s Dipka Expansion Project South Eastern Coal Fields Limited Dipka Area,30-AUG-2026 09:58,30-AUG-2026 04:28,5.30,10.97,35.93,,0.24,site_5664,Thermo Fisher Scientific India Private Limited
South Eastern Coalfields Limited,Dipka Area,M/s Dipka Expansion Project South Eastern Coal Fields Limited Dipka Area,30-AUG-2026 09:57,30-AUG-2026 04:27,5.55,11.02,42.58,,0.21,site_5664,Thermo Fisher Scientific India Private Limited
South Eastern Coalfields Limited,Dipka Area,M/s Dipka Expansion Project South Eastern Coal Fields Limited Dipka Area,30-AUG-2026 09:57,30-AUG-2026 04:27,5.83,11.07,39.42,,0.25,site_5664,Thermo Fisher Scientific India Private Limited
South Eastern Coalfields Limited,Dipka Area,M/s Dipka Expansion Project South Eastern Coal Fields Limited Dipka Area,30-AUG-2026 09:56,30-AUG-2026 04:26,5.88,11.11,39.74,,0.15,site_5664,Thermo Fisher Scientific India Private Limited
South Eastern Coalfields Limited,Dipka Area,M/s Dipka Expansion Project South Eastern Coal Fields Limited Dipka Area,30-AUG-2026 09:56,30-AUG-2026 04:26,5.95,11.23,39.86,,0.07,site_5664,Thermo Fisher Scientific India Private Limited
South Eastern Coalfields Limited,Dipka Area,M/s Dipka Expansion Project South Eastern Coal Fields Limited Dipka Area,30-AUG-2026 09:55,30-AUG-2026 04:25,5.91,11.69,33.91,,0.25,site_5664,Thermo Fisher Scientific India Private Limited
South Eastern Coalfields Limited,"Gevra , Chattisgarh",SECL GEVRA,30-AUG-2026 09:55,30-AUG-2026 09:45,44.10,79.11,13.92,10.22,0.93,site_,Envea India Pvt Ltd
South Eastern Coalfields Limited,"Gevra , Chattisgarh",SECL GEVRA,30-AUG-2026 09:55,30-AUG-2026 09:45,44.10,79.11,13.92,10.22,0.93,site_,Envea India Pvt Ltd
South Eastern Coalfields Limited,"Gevra , Chattisgarh",SECL GEVRA,30-AUG-2026 09:55,30-AUG-2026 09:45,44.10,79.11,13.92,10.22,0.93,site_,Envea India Pvt Ltd
South Eastern Coalfields Limited,Dipka Area,M/s Dipka Expansion Project South Eastern Coal Fields Limited Dipka Area,30-AUG-2026 09:55,30-AUG-2026 04:25,5.84,12.11,33.13,,0.27,site_5664,Thermo Fisher Scientific India Private Limited
South Eastern Coalfields Limited,Dipka Area,M/s Dipka Expansion Project South Eastern Coal Fields Limited Dipka Area,30-AUG-2026 09:54,30-AUG-2026 04:24,5.93,12.52,40.35,,0.18,site_5664,Thermo Fisher Scientific India Private Limited
South Eastern Coalfields Limited,Dipka Area,M/s Dipka Expansion Project South Eastern Coal Fields Limited Dipka Area,30-AUG-2026 09:54,30-AUG-2026 04:24,6.00,12.97,40.06,,0.23,site_5664,Thermo Fisher Scientific India Private Limited
South Eastern Coalfields Limited,Dipka Area,M/s Dipka Expansion Project South Eastern Coal Fields Limited Dipka Area,30-AUG-2026 09:53,30-AUG-2026 04:23,6.25,13.49,38.48,,0.23,site_5664,Thermo Fisher Scientific India Private Limited
South Eastern Coalfields Limited,Dipka Area,M/s Dipka Expansion Project South Eastern Coal Fields Limited Dipka Area,30-AUG-2026 09:53,30-AUG-2026 04:23,6.54,13.84,39.77,,0.25,site_5664,Thermo Fisher Scientific India Private Limited
South Eastern Coalfields Limited,Dipka Area,M/s Dipka Expansion Project South Eastern Coal Fields Limited Dipka Area,30-AUG-2026 09:52,30-AUG-2026 04:22,6.91,13.90,36.92,,0.30,site_5664,Thermo Fisher Scientific India Private Limited
South Eastern Coalfields Limited,Dipka Area,M/s Dipka Expansion Project South Eastern Coal Fields Limited Dipka Area,30-AUG-2026 09:52,30-AUG-2026 04:22,7.16,13.84,35.44,,0.35,site_5664,Thermo Fisher Scientific India Private Limited
South Eastern Coalfields Limited,Dipka Area,M/s Dipka Expansion Project South Eastern Coal Fields Limited Dipka Area,30-AUG-2026 09:51,30-AUG-2026 04:21,7.42,13.74,36.26,,0.16,site_5664,Thermo Fisher Scientific India Private Limited
South Eastern Coalfields Limited,Dipka Area,M/s Dipka Expansion Project South Eastern Coal Fields Limited Dipka Area,30-AUG-2026 09:51,30-AUG-2026 04:21,7.76,13.52,38.25,,0.24,site_5664,Thermo Fisher Scientific India Private Limited
South Eastern Coalfields Limited,Dipka Area,M/s Dipka Expansion Project South Eastern Coal Fields Limited Dipka Area,30-AUG-2026 09:50,30-AUG-2026 04:20,8.24,13.32,37.38,,0.23,site_5664,Thermo Fisher Scientific India Private Limited
South Eastern Coalfields Limited,Dipka Area,M/s Dipka Expansion Project South Eastern Coal Fields Limited Dipka Area,30-AUG-2026 09:50,30-AUG-2026 04:20,8.52,13.22,38.08,,0.24,site_5664,Thermo Fisher Scientific India Private Limited
South Eastern Coalfields Limited,Dipka Area,M/s Dipka Expansion Project South Eastern Coal Fields Limited Dipka Area,30-AUG-2026 09:49,30-AUG-2026 04:19,8.83,13.36,39.07,,0.22,site_5664,Thermo Fisher Scientific India Private Limited
South Eastern Coalfields Limited,Dipka Area,M/s Dipka Expansion Project South Eastern Coal Fields Limited Dipka Area,30-AUG-2026 09:49,30-AUG-2026 04:19,9.30,13.63,38.19,,0.30,site_5664,Thermo Fisher Scientific India Private Limited
South Eastern Coalfields Limited,Dipka Area,M/s Dipka Expansion Project South Eastern Coal Fields Limited Dipka Area,30-AUG-2026 09:48,30-AUG-2026 04:18,9.89,13.98,34.28,,0.34,site_5664,Thermo Fisher Scientific India Private Limited
South Eastern Coalfields Limited,Dipka Area,M/s Dipka Expansion Project South Eastern Coal Fields Limited Dipka Area,30-AUG-2026 09:48,30-AUG-2026 04:18,10.23,14.29,36.88,,0.27,site_5664,Thermo Fisher Scientific India Private Limited
South Eastern Coalfields Limited,Dipka Area,M/s Dipka Expansion Project South Eastern Coal Fields Limited Dipka Area,30-AUG-2026 09:47,30-AUG-2026 04:17,10.31,14.54,41.46,,0.16,site_5664,Thermo Fisher Scientific India Private Limited
South Eastern Coalfields Limited,Dipka Area,M/s Dipka Expansion Project South Eastern Coal Fields Limited Dipka Area,30-AUG-2026 09:47,30-AUG-2026 04:17,10.48,14.83,44.47,,0.00,site_5664,Thermo Fisher Scientific India Private Limited
South Eastern Coalfields Limited,Dipka Area,M/s Dipka Expansion Project South Eastern Coal Fields Limited Dipka Area,30-AUG-2026 09:46,30-AUG-2026 04:16,10.85,15.15,44.46,,0.10,site_5664,Thermo Fisher Scientific India Private Limited
South Eastern Coalfields Limited,Dipka Area,M/s Dipka Expansion Project South Eastern Coal Fields Limited Dipka Area,30-AUG-2026 09:46,30-AUG-2026 04:16,11.14,15.27,35.33,,0.07,site_5664,Thermo Fisher Scientific India Private Limited
South Eastern Coalfields Limited,Dipka Area,M/s Dipka Expansion Project South Eastern Coal Fields Limited Dipka Area,30-AUG-2026 09:45,30-AUG-2026 04:15,11.29,15.46,35.81,,0.00,site_5664,Thermo Fisher Scientific India Private Limited
South Eastern Coalfields Limited,"Bilaspur, CHHATTISGARHr",South Eastern Coalfields  Limited - AQMS_H_Q,30-AUG-2026 09:45,30-AUG-2026 04:14,98.27,,0.00,3.54,8.04,site_5592,Swan Environ
South Eastern Coalfields Limited,Dipka Area,M/s Dipka Expansion Project South Eastern Coal Fields Limited Dipka Area,30-AUG-2026 09:45,30-AUG-2026 04:15,11.41,15.55,48.24,,0.00,site_5664,Thermo Fisher Scientific India Private Limited
South Eastern Coalfields Limited,Dipka Area,M/s Dipka Expansion Project South Eastern Coal Fields Limited Dipka Area,30-AUG-2026 09:44,30-AUG-2026 04:14,11.38,15.79,37.49,,0.00,site_5664,Thermo Fisher Scientific India Private Limited
South Eastern Coalfields Limited,Dipka Area,M/s Dipka Expansion Project South Eastern Coal Fields Limited Dipka Area,30-AUG-2026 09:44,30-AUG-2026 04:14,11.38,15.93,33.83,,0.00,site_5664,Thermo Fisher Scientific India Private Limited
South Eastern Coalfields Limited,Dipka Area,M/s Dipka Expansion Project South Eastern Coal Fields Limited Dipka Area,30-AUG-2026 09:43,30-AUG-2026 04:13,11.16,15.97,38.09,,0.00,site_5664,Thermo Fisher Scientific India Private Limited
South Eastern Coalfields Limited,Dipka Area,M/s Dipka Expansion Project South Eastern Coal Fields Limited Dipka Area,30-AUG-2026 09:43,30-AUG-2026 04:13,10.68,16.06,41.86,,0.00,site_5664,Thermo Fisher Scientific India Private Limited
South Eastern Coalfields Limited,Dipka Area,M/s Dipka Expansion Project South Eastern Coal Fields Limited Dipka Area,30-AUG-2026 09:42,30-AUG-2026 04:12,10.15,16.10,40.80,,0.00,site_5664,Thermo Fisher Scientific India Private Limited
South Eastern Coalfields Limited,Dipka Area,M/s Dipka Expansion Project South Eastern Coal Fields Limited Dipka Area,30-AUG-2026 09:42,30-AUG-2026 04:12,9.57,16.15,41.55,,0.10,site_5664,Thermo Fisher Scientific India Private Limited
South Eastern Coalfields Limited,Dipka Area,M/s Dipka Expansion Project South Eastern Coal Fields Limited Dipka Area,30-AUG-2026 09:41,30-AUG-2026 04:11,8.93,16.15,33.54,,0.01,site_5664,Thermo Fisher Scientific India Private Limited
South Eastern Coalfields Limited,Dipka Area,M/s Dipka Expansion Project South Eastern Coal Fields Limited Dipka Area,30-AUG-2026 09:41,30-AUG-2026 04:11,8.21,16.13,41.06,,0.13,site_5664,Thermo Fisher Scientific India Private Limited
South Eastern Coalfields Limited,Dipka Area,M/s Dipka Expansion Project South Eastern Coal Fields Limited Dipka Area,30-AUG-2026 09:40,30-AUG-2026 04:10,7.32,16.08,35.18,,0.31,site_5664,Thermo Fisher Scientific India Private Limited
South Eastern Coalfields Limited,"Gevra , Chattisgarh",SECL GEVRA,30-AUG-2026 09:40,30-AUG-2026 09:30,55.30,98.50,14.54,11.87,1.20,site_,Envea India Pvt Ltd
South Eastern Coalfields Limited,"Gevra , Chattisgarh",SECL GEVRA,30-AUG-2026 09:40,30-AUG-2026 09:30,55.30,98.50,14.54,11.87,1.20,site_,Envea India Pvt Ltd
South Eastern Coalfields Limited,Dipka Area,M/s Dipka Expansion Project South Eastern Coal Fields Limited Dipka Area,30-AUG-2026 09:40,30-AUG-2026 04:10,6.62,15.92,38.28,,0.28,site_5664,Thermo Fisher Scientific India Private Limited
South Eastern Coalfields Limited,Dipka Area,M/s Dipka Expansion Project South Eastern Coal Fields Limited Dipka Area,30-AUG-2026 09:39,30-AUG-2026 04:09,5.87,15.71,38.51,,0.27,site_5664,Thermo Fisher Scientific India Private Limited
South Eastern Coalfields Limited,Dipka Area,M/s Dipka Expansion Project South Eastern Coal Fields Limited Dipka Area,30-AUG-2026 09:39,30-AUG-2026 04:09,5.34,15.46,38.43,,0.37,site_5664,Thermo Fisher Scientific India Private Limited
South Eastern Coalfields Limited,Dipka Area,M/s Dipka Expansion Project South Eastern Coal Fields Limited Dipka Area,30-AUG-2026 09:38,30-AUG-2026 04:08,5.05,15.07,35.88,,0.35,site_5664,Thermo Fisher Scientific India Private Limited
South Eastern Coalfields Limited,Dipka Area,M/s Dipka Expansion Project South Eastern Coal Fields Limited Dipka Area,30-AUG-2026 09:38,30-AUG-2026 04:08,5.11,14.68,37.11,,0.32,site_5664,Thermo Fisher Scientific India Private Limited
South Eastern Coalfields Limited,Dipka Area,M/s Dipka Expansion Project South Eastern Coal Fields Limited Dipka Area,30-AUG-2026 09:37,30-AUG-2026 04:07,5.22,14.19,41.28,,0.31,site_5664,Thermo Fisher Scientific India Private Limited
South Eastern Coalfields Limited,Dipka Area,M/s Dipka Expansion Project South Eastern Coal Fields Limited Dipka Area,30-AUG-2026 09:37,30-AUG-2026 04:07,5.38,13.83,38.97,,0.34,site_5664,Thermo Fisher Scientific India Private Limited
South Eastern Coalfields Limited,Dipka Area,M/s Dipka Expansion Project South Eastern Coal Fields Limited Dipka Area,30-AUG-2026 09:36,30-AUG-2026 04:06,5.57,13.54,34.98,,0.38,site_5664,Thermo Fisher Scientific India Private Limited
South Eastern Coalfields Limited,Dipka Area,M/s Dipka Expansion Project South Eastern Coal Fields Limited Dipka Area,30-AUG-2026 09:36,30-AUG-2026 04:06,5.56,13.38,42.85,,0.37,site_5664,Thermo Fisher Scientific India Private Limited
South Eastern Coalfields Limited,Dipka Area,M/s Dipka Expansion Project South Eastern Coal Fields Limited Dipka Area,30-AUG-2026 09:35,30-AUG-2026 04:05,5.37,13.38,41.86,,0.38,site_5664,Thermo Fisher Scientific India Private Limited
South Eastern Coalfields Limited,Dipka Area,M/s Dipka Expansion Project South Eastern Coal Fields Limited Dipka Area,30-AUG-2026 09:35,30-AUG-2026 04:05,4.97,13.44,39.82,,0.36,site_5664,Thermo Fisher Scientific India Private Limited
South Eastern Coalfields Limited,Dipka Area,M/s Dipka Expansion Project South Eastern Coal Fields Limited Dipka Area,30-AUG-2026 09:34,30-AUG-2026 04:04,4.51,13.63,36.97,,0.30,site_5664,Thermo Fisher Scientific India Private Limited
South Eastern Coalfields Limited,Dipka Area,M/s Dipka Expansion Project South Eastern Coal Fields Limited Dipka Area,30-AUG-2026 09:34,30-AUG-2026 04:04,4.03,13.70,33.19,,0.30,site_5664,Thermo Fisher Scientific India Private Limited
South Eastern Coalfields Limited,Dipka Area,M/s Dipka Expansion Project South Eastern Coal Fields Limited Dipka Area,30-AUG-2026 09:33,30-AUG-2026 04:03,3.45,13.68,43.22,,0.33,site_5664,Thermo Fisher Scientific India Private Limited
South Eastern Coalfields Limited,Dipka Area,M/s Dipka Expansion Project South Eastern Coal Fields Limited Dipka Area,30-AUG-2026 09:33,30-AUG-2026 04:03,3.09,13.66,46.79,,0.24,site_5664,Thermo Fisher Scientific India Private Limited
South Eastern Coalfields Limited,Dipka Area,M/s Dipka Expansion Project South Eastern Coal Fields Limited Dipka Area,30-AUG-2026 09:32,30-AUG-2026 04:02,2.62,13.65,37.74,,0.41,site_5664,Thermo Fisher Scientific India Private Limited
South Eastern Coalfields Limited,Dipka Area,M/s Dipka Expansion Project South Eastern Coal Fields Limited Dipka Area,30-AUG-2026 09:32,30-AUG-2026 04:02,2.11,13.55,34.91,,0.41,site_5664,Thermo Fisher Scientific India Private Limited
South Eastern Coalfields Limited,Dipka Area,M/s Dipka Expansion Project South Eastern Coal Fields Limited Dipka Area,30-AUG-2026 09:31,30-AUG-2026 04:01,1.69,13.47,41.30,,0.37,site_5664,Thermo Fisher Scientific India Private Limited
South Eastern Coalfields Limited,Dipka Area,M/s Dipka Expansion Project South Eastern Coal Fields Limited Dipka Area,30-AUG-2026 09:31,30-AUG-2026 04:01,1.29,13.48,40.82,,0.28,site_5664,Thermo Fisher Scientific India Private Limited
South Eastern Coalfields Limited,Dipka Area,M/s Dipka Expansion Project South Eastern Coal Fields Limited Dipka Area,30-AUG-2026 09:30,30-AUG-2026 04:00,1.02,13.58,38.46,,0.33,site_5664,Thermo Fisher Scientific India Private Limited
South Eastern Coalfields Limited,"Bilaspur, CHHATTISGARHr",South Eastern Coalfields  Limited - AQMS_H_Q,30-AUG-2026 09:30,30-AUG-2026 03:59,3.64,,11.24,0.00,0.00,site_5592,Swan Environ
South Eastern Coalfields Limited,Dipka Area,M/s Dipka Expansion Project South Eastern Coal Fields Limited Dipka Area,30-AUG-2026 09:30,30-AUG-2026 04:00,0.87,13.61,37.97,,0.39,site_5664,Thermo Fisher Scientific India Private Limited
South Eastern Coalfields Limited,Dipka Area,M/s Dipka Expansion Project South Eastern Coal Fields Limited Dipka Area,30-AUG-2026 09:29,30-AUG-2026 03:59,1.07,13.56,36.44,,0.46,site_5664,Thermo Fisher Scientific India Private Limited
South Eastern Coalfields Limited,Dipka Area,M/s Dipka Expansion Project South Eastern Coal Fields Limited Dipka Area,30-AUG-2026 09:29,30-AUG-2026 03:59,1.33,13.56,41.47,,0.54,site_5664,Thermo Fisher Scientific India Private Limited
South Eastern Coalfields Limited,Dipka Area,M/s Dipka Expansion Project South Eastern Coal Fields Limited Dipka Area,30-AUG-2026 09:28,30-AUG-2026 03:58,1.58,13.69,39.47,,0.54,site_5664,Thermo Fisher Scientific India Private Limited
South Eastern Coalfields Limited,Dipka Area,M/s Dipka Expansion Project South Eastern Coal Fields Limited Dipka Area,30-AUG-2026 09:28,30-AUG-2026 03:58,2.04,13.82,40.70,,0.49,site_5664,Thermo Fisher Scientific India Private Limited
South Eastern Coalfields Limited,Dipka Area,M/s Dipka Expansion Project South Eastern Coal Fields Limited Dipka Area,30-AUG-2026 09:27,30-AUG-2026 03:57,2.61,14.01,39.07,,0.37,site_5664,Thermo Fisher Scientific India Private Limited
South Eastern Coalfields Limited,Dipka Area,M/s Dipka Expansion Project South Eastern Coal Fields Limited Dipka Area,30-AUG-2026 09:27,30-AUG-2026 03:57,3.27,14.25,36.57,,0.36,site_5664,Thermo Fisher Scientific India Private Limited
South Eastern Coalfields Limited,Dipka Area,M/s Dipka Expansion Project South Eastern Coal Fields Limited Dipka Area,30-AUG-2026 09:26,30-AUG-2026 03:56,3.90,14.53,38.22,,0.52,site_5664,Thermo Fisher Scientific India Private Limited
South Eastern Coalfields Limited,Dipka Area,M/s Dipka Expansion Project South Eastern Coal Fields Limited Dipka Area,30-AUG-2026 09:26,30-AUG-2026 03:56,4.44,14.75,43.33,,0.56,site_5664,Thermo Fisher Scientific India Private Limited
South Eastern Coalfields Limited,Dipka Area,M/s Dipka Expansion Project South Eastern Coal Fields Limited Dipka Area,30-AUG-2026 09:25,30-AUG-2026 03:55,5.12,14.88,39.17,,0.46,site_5664,Thermo Fisher Scientific India Private Limited
South Eastern Coalfields Limited,"Gevra , Chattisgarh",SECL GEVRA,30-AUG-2026 09:25,30-AUG-2026 09:15,44.40,79.57,13.93,10.25,0.94,site_,Envea India Pvt Ltd
South Eastern Coalfields Limited,"Gevra , Chattisgarh",SECL GEVRA,30-AUG-2026 09:25,30-AUG-2026 09:15,44.40,79.57,13.93,10.25,0.94,site_,Envea India Pvt Ltd
South Eastern Coalfields Limited,"Gevra , Chattisgarh",SECL GEVRA,30-AUG-2026 09:25,30-AUG-2026 09:15,44.40,79.57,13.93,10.25,0.94,site_,Envea India Pvt Ltd
South Eastern Coalfields Limited,"Gevra , Chattisgarh",SECL GEVRA,30-AUG-2026 09:25,30-AUG-2026 09:15,44.40,79.57,13.93,10.25,0.94,site_,Envea India Pvt Ltd
South Eastern Coalfields Limited,Dipka Area,M/s Dipka Expansion Project South Eastern Coal Fields Limited Dipka Area,30-AUG-2026 09:25,30-AUG-2026 03:55,5.69,15.14,32.71,,0.56,site_5664,Thermo Fisher Scientific India Private Limited
South Eastern Coalfields Limited,Dipka Area,M/s Dipka Expansion Project South Eastern Coal Fields Limited Dipka Area,30-AUG-2026 09:24,30-AUG-2026 03:54,6.34,15.38,38.09,,0.55,site_5664,Thermo Fisher Scientific India Private Limited
South Eastern Coalfields Limited,Dipka Area,M/s Dipka Expansion Project South Eastern Coal Fields Limited Dipka Area,30-AUG-2026 09:24,30-AUG-2026 03:54,6.73,15.58,37.55,,0.48,site_5664,Thermo Fisher Scientific India Private Limited
South Eastern Coalfields Limited,Dipka Area,M/s Dipka Expansion Project South Eastern Coal Fields Limited Dipka Area,30-AUG-2026 09:23,30-AUG-2026 03:53,7.00,15.90,38.31,,0.34,site_5664,Thermo Fisher Scientific India Private Limited
South Eastern Coalfields Limited,Dipka Area,M/s Dipka Expansion Project South Eastern Coal Fields Limited Dipka Area,30-AUG-2026 09:23,30-AUG-2026 03:53,7.43,16.26,36.44,,0.49,site_5664,Thermo Fisher Scientific India Private Limited
South Eastern Coalfields Limited,Dipka Area,M/s Dipka Expansion Project South Eastern Coal Fields Limited Dipka Area,30-AUG-2026 09:22,30-AUG-2026 03:52,7.99,16.63,37.70,,0.60,site_5664,Thermo Fisher Scientific India Private Limited
South Eastern Coalfields Limited,Dipka Area,M/s Dipka Expansion Project South Eastern Coal Fields Limited Dipka Area,30-AUG-2026 09:22,30-AUG-2026 03:52,8.19,16.85,36.92,,0.53,site_5664,Thermo Fisher Scientific India Private Limited
South Eastern Coalfields Limited,Dipka Area,M/s Dipka Expansion Project South Eastern Coal Fields Limited Dipka Area,30-AUG-2026 09:21,30-AUG-2026 03:51,8.47,17.30,41.78,,0.47,site_5664,Thermo Fisher Scientific India Private Limited
South Eastern Coalfields Limited,Dipka Area,M/s Dipka Expansion Project South Eastern Coal Fields Limited Dipka Area,30-AUG-2026 09:21,30-AUG-2026 03:51,8.64,17.72,37.59,,0.44,site_5664,Thermo Fisher Scientific India Private Limited
South Eastern Coalfields Limited,Dipka Area,M/s Dipka Expansion Project South Eastern Coal Fields Limited Dipka Area,30-AUG-2026 09:20,30-AUG-2026 03:50,8.78,18.03,46.04,,0.49,site_5664,Thermo Fisher Scientific India Private Limited
South Eastern Coalfields Limited,Dipka Area,M/s Dipka Expansion Project South Eastern Coal Fields Limited Dipka Area,30-AUG-2026 09:20,30-AUG-2026 03:50,8.67,18.23,39.54,,0.35,site_5664,Thermo Fisher Scientific India Private Limited
South Eastern Coalfields Limited,Dipka Area,M/s Dipka Expansion Project South Eastern Coal Fields Limited Dipka Area,30-AUG-2026 09:19,30-AUG-2026 03:49,8.44,18.52,43.61,,0.27,site_5664,Thermo Fisher Scientific India Private Limited
South Eastern Coalfields Limited,Dipka Area,M/s Dipka Expansion Project South Eastern Coal Fields Limited Dipka Area,30-AUG-2026 09:19,30-AUG-2026 03:49,8.28,18.84,38.87,,0.33,site_5664,Thermo Fisher Scientific India Private Limited
South Eastern Coalfields Limited,Dipka Area,M/s Dipka Expansion Project South Eastern Coal Fields Limited Dipka Area,30-AUG-2026 09:18,30-AUG-2026 03:48,8.08,19.20,36.71,,0.45,site_5664,Thermo Fisher Scientific India Private Limited
South Eastern Coalfields Limited,Dipka Area,M/s Dipka Expansion Project South Eastern Coal Fields Limited Dipka Area,30-AUG-2026 09:18,30-AUG-2026 03:48,7.76,19.49,38.37,,0.42,site_5664,Thermo Fisher Scientific India Private Limited
South Eastern Coalfields Limited,Dipka Area,M/s Dipka Expansion Project South Eastern Coal Fields Limited Dipka Area,30-AUG-2026 09:17,30-AUG-2026 03:47,7.31,19.89,36.91,,0.41,site_5664,Thermo Fisher Scientific India Private Limited
South Eastern Coalfields Limited,Dipka Area,M/s Dipka Expansion Project South Eastern Coal Fields Limited Dipka Area,30-AUG-2026 09:17,30-AUG-2026 03:47,6.87,20.26,35.86,,0.44,site_5664,Thermo Fisher Scientific India Private Limited
South Eastern Coalfields Limited,Dipka Area,M/s Dipka Expansion Project South Eastern Coal Fields Limited Dipka Area,30-AUG-2026 09:16,30-AUG-2026 03:46,6.20,20.60,40.84,,0.18,site_5664,Thermo Fisher Scientific India Private Limited
South Eastern Coalfields Limited,Dipka Area,M/s Dipka Expansion Project South Eastern Coal Fields Limited Dipka Area,30-AUG-2026 09:16,30-AUG-2026 03:46,5.57,20.85,33.59,,0.18,site_5664,Thermo Fisher Scientific India Private Limited
South Eastern Coalfields Limited,Dipka Area,M/s Dipka Expansion Project South Eastern Coal Fields Limited Dipka Area,30-AUG-2026 09:15,30-AUG-2026 03:45,4.57,21.15,41.24,,0.18,site_5664,Thermo Fisher Scientific India Private Limited
South Eastern Coalfields Limited,"Bilaspur, CHHATTISGARHr",South Eastern Coalfields  Limited - AQMS_H_Q,30-AUG-2026 09:15,30-AUG-2026 03:44,3.37,,11.27,0.00,0.00,site_5592,Swan Environ
South Eastern Coalfields Limited,Dipka Area,M/s Dipka Expansion Project South Eastern Coal Fields Limited Dipka Area,30-AUG-2026 09:15,30-AUG-2026 03:45,3.77,21.42,44.02,,0.23,site_5664,Thermo Fisher Scientific India Private Limited
South Eastern Coalfields Limited,Dipka Area,M/s Dipka Expansion Project South Eastern Coal Fields Limited Dipka Area,30-AUG-2026 09:14,30-AUG-2026 03:44,3.05,21.73,36.40,,0.28,site_5664,Thermo Fisher Scientific India Private Limited
South Eastern Coalfields Limited,Dipka Area,M/s Dipka Expansion Project South Eastern Coal Fields Limited Dipka Area,30-AUG-2026 09:14,30-AUG-2026 03:44,2.56,22.00,36.85,,0.25,site_5664,Thermo Fisher Scientific India Private Limited
South Eastern Coalfields Limited,Dipka Area,M/s Dipka Expansion Project South Eastern Coal Fields Limited Dipka Area,30-AUG-2026 09:13,30-AUG-2026 03:43,2.23,22.33,32.69,,0.36,site_5664,Thermo Fisher Scientific India Private Limited
South Eastern Coalfields Limited,Dipka Area,M/s Dipka Expansion Project South Eastern Coal Fields Limited Dipka Area,30-AUG-2026 09:13,30-AUG-2026 03:43,2.08,22.64,37.25,,0.38,site_5664,Thermo Fisher Scientific India Private Limited
South Eastern Coalfields Limited,Dipka Area,M/s Dipka Expansion Project South Eastern Coal Fields Limited Dipka Area,30-AUG-2026 09:12,30-AUG-2026 03:42,2.07,22.99,42.07,,0.24,site_5664,Thermo Fisher Scientific India Private Limited
South Eastern Coalfields Limited,Dipka Area,M/s Dipka Expansion Project South Eastern Coal Fields Limited Dipka Area,30-AUG-2026 09:12,30-AUG-2026 03:42,2.16,23.22,42.35,,0.25,site_5664,Thermo Fisher Scientific India Private Limited
South Eastern Coalfields Limited,Dipka Area,M/s Dipka Expansion Project South Eastern Coal Fields Limited Dipka Area,30-AUG-2026 09:11,30-AUG-2026 03:41,2.45,23.43,41.66,,0.42,site_5664,Thermo Fisher Scientific India Private Limited
South Eastern Coalfields Limited,Dipka Area,M/s Dipka Expansion Project South Eastern Coal Fields Limited Dipka Area,30-AUG-2026 09:11,30-AUG-2026 03:41,2.68,23.64,39.85,,0.21,site_5664,Thermo Fisher Scientific India Private Limited
South Eastern Coalfields Limited,Dipka Area,M/s Dipka Expansion Project South Eastern Coal Fields Limited Dipka Area,30-AUG-2026 09:10,30-AUG-2026 03:40,2.92,23.77,37.37,,0.32,site_5664,Thermo Fisher Scientific India Private Limited
South Eastern Coalfields Limited,"Gevra , Chattisgarh",SECL GEVRA,30-AUG-2026 09:10,30-AUG-2026 09:00,50.00,89.25,14.24,11.08,1.07,site_,Envea India Pvt Ltd
South Eastern Coalfields Limited,"Gevra , Chattisgarh",SECL GEVRA,30-AUG-2026 09:10,30-AUG-2026 09:00,50.00,89.25,14.24,11.08,1.07,site_,Envea India Pvt Ltd
South Eastern Coalfields Limited,"Gevra , Chattisgarh",SECL GEVRA,30-AUG-2026 09:10,30-AUG-2026 09:00,50.00,89.25,14.24,11.08,1.07,site_,Envea India Pvt Ltd
South Eastern Coalfields Limited,"Gevra , Chattisgarh",SECL GEVRA,30-AUG-2026 09:10,30-AUG-2026 09:00,50.00,89.25,14.24,11.08,1.07,site_,Envea India Pvt Ltd
South Eastern Coalfields Limited,Dipka Area,M/s Dipka Expansion Project South Eastern Coal Fields Limited Dipka Area,30-AUG-2026 09:10,30-AUG-2026 03:40,3.15,23.70,44.66,,0.29,site_5664,Thermo Fisher Scientific India Private Limited
South Eastern Coalfields Limited,Dipka Area,M/s Dipka Expansion Project South Eastern Coal Fields Limited Dipka Area,30-AUG-2026 09:09,30-AUG-2026 03:39,3.52,23.42,43.39,,0.22,site_5664,Thermo Fisher Scientific India Private Limited
South Eastern Coalfields Limited,Dipka Area,M/s Dipka Expansion Project South Eastern Coal Fields Limited Dipka Area,30-AUG-2026 09:09,30-AUG-2026 03:39,4.06,23.02,39.50,,0.16,site_5664,Thermo Fisher Scientific India Private Limited
South Eastern Coalfields Limited,Dipka Area,M/s Dipka Expansion Project South Eastern Coal Fields Limited Dipka Area,30-AUG-2026 09:08,30-AUG-2026 03:38,4.58,22.51,42.12,,0.05,site_5664,Thermo Fisher Scientific India Private Limited
South Eastern Coalfields Limited,Dipka Area,M/s Dipka Expansion Project South Eastern Coal Fields Limited Dipka Area,30-AUG-2026 09:08,30-AUG-2026 03:38,5.09,22.01,42.59,,0.02,site_5664,Thermo Fisher Scientific India Private Limited
South Eastern Coalfields Limited,Dipka Area,M/s Dipka Expansion Project South Eastern Coal Fields Limited Dipka Area,30-AUG-2026 09:07,30-AUG-2026 03:37,5.68,21.39,41.20,,0.06,site_5664,Thermo Fisher Scientific India Private Limited
South Eastern Coalfields Limited,Dipka Area,M/s Dipka Expansion Project South Eastern Coal Fields Limited Dipka Area,30-AUG-2026 09:07,30-AUG-2026 03:37,6.25,20.89,40.12,,0.07,site_5664,Thermo Fisher Scientific India Private Limited
South Eastern Coalfields Limited,Dipka Area,M/s Dipka Expansion Project South Eastern Coal Fields Limited Dipka Area,30-AUG-2026 09:06,30-AUG-2026 03:36,6.69,20.33,37.52,,0.06,site_5664,Thermo Fisher Scientific India Private Limited
South Eastern Coalfields Limited,Dipka Area,M/s Dipka Expansion Project South Eastern Coal Fields Limited Dipka Area,30-AUG-2026 09:06,30-AUG-2026 03:36,6.75,19.80,36.87,,0.26,site_5664,Thermo Fisher Scientific India Private Limited
South Eastern Coalfields Limited,Dipka Area,M/s Dipka Expansion Project South Eastern Coal Fields Limited Dipka Area,30-AUG-2026 09:05,30-AUG-2026 03:35,6.72,19.30,39.59,,0.10,site_5664,Thermo Fisher Scientific India Private Limited
South Eastern Coalfields Limited,Dipka Area,M/s Dipka Expansion Project South Eastern Coal Fields Limited Dipka Area,30-AUG-2026 09:05,30-AUG-2026 03:35,6.67,18.95,44.64,,0.14,site_5664,Thermo Fisher Scientific India Private Limited
South Eastern Coalfields Limited,Dipka Area,M/s Dipka Expansion Project South Eastern Coal Fields Limited Dipka Area,30-AUG-2026 09:04,30-AUG-2026 03:34,6.50,18.51,42.31,,0.16,site_5664,Thermo Fisher Scientific India Private Limited
South Eastern Coalfields Limited,Dipka Area,M/s Dipka Expansion Project South Eastern Coal Fields Limited Dipka Area,30-AUG-2026 09:04,30-AUG-2026 03:34,6.16,18.11,38.09,,0.24,site_5664,Thermo Fisher Scientific India Private Limited
South Eastern Coalfields Limited,Dipka Area,M/s Dipka Expansion Project South Eastern Coal Fields Limited Dipka Area,30-AUG-2026 09:03,30-AUG-2026 03:33,5.93,17.79,43.77,,0.22,site_5664,Thermo Fisher Scientific India Private Limited
South Eastern Coalfields Limited,Dipka Area,M/s Dipka Expansion Project South Eastern Coal Fields Limited Dipka Area,30-AUG-2026 09:03,30-AUG-2026 03:33,6.02,17.57,40.89,,0.25,site_5664,Thermo Fisher Scientific India Private Limited
South Eastern Coalfields Limited,Dipka Area,M/s Dipka Expansion Project South Eastern Coal Fields Limited Dipka Area,30-AUG-2026 09:02,30-AUG-2026 03:32,6.22,17.33,41.12,,0.19,site_5664,Thermo Fisher Scientific India Private Limited
South Eastern Coalfields Limited,Dipka Area,M/s Dipka Expansion Project South Eastern Coal Fields Limited Dipka Area,30-AUG-2026 09:02,30-AUG-2026 03:32,6.43,17.14,38.29,,0.21,site_5664,Thermo Fisher Scientific India Private Limited
South Eastern Coalfields Limited,Dipka Area,M/s Dipka Expansion Project South Eastern Coal Fields Limited Dipka Area,30-AUG-2026 09:01,30-AUG-2026 03:31,6.86,17.09,35.14,,0.26,site_5664,Thermo Fisher Scientific India Private Limited
South Eastern Coalfields Limited,Dipka Area,M/s Dipka Expansion Project South Eastern Coal Fields Limited Dipka Area,30-AUG-2026 09:01,30-AUG-2026 03:31,7.54,17.19,39.30,,0.28,site_5664,Thermo Fisher Scientific India Private Limited
South Eastern Coalfields Limited,"Bilaspur, CHHATTISGARHr",South Eastern Coalfields  Limited - AQMS_H_Q,30-AUG-2026 09:00,30-AUG-2026 03:30,98.22,,0.00,3.60,6.68,site_5592,Swan Environ
South Eastern Coalfields Limited,Dipka Area,M/s Dipka Expansion Project South Eastern Coal Fields Limited Dipka Area,30-AUG-2026 09:00,30-AUG-2026 03:30,8.49,17.33,37.75,,0.34,site_5664,Thermo Fisher Scientific India Private Limited
South Eastern Coalfields Limited,Dipka Area,M/s Dipka Expansion Project South Eastern Coal Fields Limited Dipka Area,30-AUG-2026 08:59,30-AUG-2026 03:29,10.60,17.64,39.67,,0.48,site_5664,Thermo Fisher Scientific India Private Limited
South Eastern Coalfields Limited,Dipka Area,M/s Dipka Expansion Project South Eastern Coal Fields Limited Dipka Area,30-AUG-2026 08:59,30-AUG-2026 03:29,11.69,17.81,37.50,,0.45,site_5664,Thermo Fisher Scientific India Private Limited
South Eastern Coalfields Limited,Dipka Area,M/s Dipka Expansion Project South Eastern Coal Fields Limited Dipka Area,30-AUG-2026 08:58,30-AUG-2026 03:28,12.95,18.06,40.02,,0.45,site_5664,Thermo Fisher Scientific India Private Limited
South Eastern Coalfields Limited,Dipka Area,M/s Dipka Expansion Project South Eastern Coal Fields Limited Dipka Area,30-AUG-2026 08:58,30-AUG-2026 03:28,13.97,18.19,39.41,,0.32,site_5664,Thermo Fisher Scientific India Private Limited
South Eastern Coalfields Limited,Dipka Area,M/s Dipka Expansion Project South Eastern Coal Fields Limited Dipka Area,30-AUG-2026 08:57,30-AUG-2026 03:27,14.92,18.37,41.10,,0.38,site_5664,Thermo Fisher Scientific India Private Limited
South Eastern Coalfields Limited,Dipka Area,M/s Dipka Expansion Project South Eastern Coal Fields Limited Dipka Area,30-AUG-2026 08:57,30-AUG-2026 03:27,15.63,18.43,36.80,,0.36,site_5664,Thermo Fisher Scientific India Private Limited
South Eastern Coalfields Limited,Dipka Area,M/s Dipka Expansion Project South Eastern Coal Fields Limited Dipka Area,30-AUG-2026 08:56,30-AUG-2026 03:26,16.38,18.38,39.60,,0.31,site_5664,Thermo Fisher Scientific India Private Limited
South Eastern Coalfields Limited,Dipka Area,M/s Dipka Expansion Project South Eastern Coal Fields Limited Dipka Area,30-AUG-2026 08:56,30-AUG-2026 03:26,16.89,18.30,40.53,,0.33,site_5664,Thermo Fisher Scientific India Private Limited
South Eastern Coalfields Limited,Dipka Area,M/s Dipka Expansion Project South Eastern Coal Fields Limited Dipka Area,30-AUG-2026 08:55,30-AUG-2026 03:25,17.33,18.20,39.57,,0.31,site_5664,Thermo Fisher Scientific India Private Limited
South Eastern Coalfields Limited,"Gevra , Chattisgarh",SECL GEVRA,30-AUG-2026 08:55,30-AUG-2026 08:45,45.90,82.21,14.02,10.48,0.97,site_,Envea India Pvt Ltd
South Eastern Coalfields Limited,"Gevra , Chattisgarh",SECL GEVRA,30-AUG-2026 08:55,30-AUG-2026 08:45,45.90,82.21,14.02,10.48,0.97,site_,Envea India Pvt Ltd
South Eastern Coalfields Limited,"Gevra , Chattisgarh",SECL GEVRA,30-AUG-2026 08:55,30-AUG-2026 08:45,45.90,82.21,14.02,10.48,0.97,site_,Envea India Pvt Ltd
South Eastern Coalfields Limited,Dipka Area,M/s Dipka Expansion Project South Eastern Coal Fields Limited Dipka Area,30-AUG-2026 08:55,30-AUG-2026 03:25,17.73,18.11,33.94,,0.28,site_5664,Thermo Fisher Scientific India Private Limited
South Eastern Coalfields Limited,Dipka Area,M/s Dipka Expansion Project South Eastern Coal Fields Limited Dipka Area,30-AUG-2026 08:54,30-AUG-2026 03:24,18.22,17.99,34.74,,0.27,site_5664,Thermo Fisher Scientific India Private Limited
South Eastern Coalfields Limited,Dipka Area,M/s Dipka Expansion Project South Eastern Coal Fields Limited Dipka Area,30-AUG-2026 08:54,30-AUG-2026 03:24,18.56,17.95,39.78,,0.25,site_5664,Thermo Fisher Scientific India Private Limited
South Eastern Coalfields Limited,Dipka Area,M/s Dipka Expansion Project South Eastern Coal Fields Limited Dipka Area,30-AUG-2026 08:53,30-AUG-2026 03:23,18.81,18.07,37.39,,0.32,site_5664,Thermo Fisher Scientific India Private Limited
South Eastern Coalfields Limited,Dipka Area,M/s Dipka Expansion Project South Eastern Coal Fields Limited Dipka Area,30-AUG-2026 08:53,30-AUG-2026 03:23,19.05,18.32,37.07,,0.40,site_5664,Thermo Fisher Scientific India Private Limited
South Eastern Coalfields Limited,Dipka Area,M/s Dipka Expansion Project South Eastern Coal Fields Limited Dipka Area,30-AUG-2026 08:52,30-AUG-2026 03:22,19.35,18.56,39.52,,0.44,site_5664,Thermo Fisher Scientific India Private Limited
South Eastern Coalfields Limited,Dipka Area,M/s Dipka Expansion Project South Eastern Coal Fields Limited Dipka Area,30-AUG-2026 08:52,30-AUG-2026 03:22,19.62,18.75,37.04,,0.38,site_5664,Thermo Fisher Scientific India Private Limited
South Eastern Coalfields Limited,Dipka Area,M/s Dipka Expansion Project South Eastern Coal Fields Limited Dipka Area,30-AUG-2026 08:51,30-AUG-2026 03:21,20.15,18.97,37.93,,0.33,site_5664,Thermo Fisher Scientific India Private Limited
South Eastern Coalfields Limited,Dipka Area,M/s Dipka Expansion Project South Eastern Coal Fields Limited Dipka Area,30-AUG-2026 08:51,30-AUG-2026 03:21,20.66,19.17,37.17,,0.17,site_5664,Thermo Fisher Scientific India Private Limited
South Eastern Coalfields Limited,Dipka Area,M/s Dipka Expansion Project South Eastern Coal Fields Limited Dipka Area,30-AUG-2026 08:50,30-AUG-2026 03:20,21.17,19.32,39.21,,0.17,site_5664,Thermo Fisher Scientific India Private Limited
South Eastern Coalfields Limited,Dipka Area,M/s Dipka Expansion Project South Eastern Coal Fields Limited Dipka Area,30-AUG-2026 08:50,30-AUG-2026 03:20,21.48,19.28,38.05,,0.17,site_5664,Thermo Fisher Scientific India Private Limited
South Eastern Coalfields Limited,Dipka Area,M/s Dipka Expansion Project South Eastern Coal Fields Limited Dipka Area,30-AUG-2026 08:49,30-AUG-2026 03:19,21.70,19.16,34.60,,0.10,site_5664,Thermo Fisher Scientific India Private Limited
South Eastern Coalfields Limited,Dipka Area,M/s Dipka Expansion Project South Eastern Coal Fields Limited Dipka Area,30-AUG-2026 08:49,30-AUG-2026 03:19,21.71,19.10,39.69,,0.18,site_5664,Thermo Fisher Scientific India Private Limited
South Eastern Coalfields Limited,Dipka Area,M/s Dipka Expansion Project South Eastern Coal Fields Limited Dipka Area,30-AUG-2026 08:48,30-AUG-2026 03:18,21.35,18.88,42.04,,0.19,site_5664,Thermo Fisher Scientific India Private Limited
South Eastern Coalfields Limited,Dipka Area,M/s Dipka Expansion Project South Eastern Coal Fields Limited Dipka Area,30-AUG-2026 08:48,30-AUG-2026 03:18,20.95,18.60,37.14,,0.18,site_5664,Thermo Fisher Scientific India Private Limited
South Eastern Coalfields Limited,Dipka Area,M/s Dipka Expansion Project South Eastern Coal Fields Limited Dipka Area,30-AUG-2026 08:47,30-AUG-2026 03:17,20.51,18.25,36.79,,0.14,site_5664,Thermo Fisher Scientific India Private Limited
South Eastern Coalfields Limited,Dipka Area,M/s Dipka Expansion Project South Eastern Coal Fields Limited Dipka Area,30-AUG-2026 08:47,30-AUG-2026 03:17,20.23,17.88,41.98,,0.24,site_5664,Thermo Fisher Scientific India Private Limited
South Eastern Coalfields Limited,Dipka Area,M/s Dipka Expansion Project South Eastern Coal Fields Limited Dipka Area,30-AUG-2026 08:46,30-AUG-2026 03:16,19.93,17.34,43.19,,0.31,site_5664,Thermo Fisher Scientific India Private Limited
South Eastern Coalfields Limited,Dipka Area,M/s Dipka Expansion Project South Eastern Coal Fields Limited Dipka Area,30-AUG-2026 08:46,30-AUG-2026 03:16,19.63,16.70,40.37,,0.39,site_5664,Thermo Fisher Scientific India Private Limited
South Eastern Coalfields Limited,"Bilaspur, CHHATTISGARHr",South Eastern Coalfields  Limited - AQMS_H_Q,30-AUG-2026 08:45,30-AUG-2026 03:15,98.41,,0.00,3.65,8.64,site_5592,Swan Environ
South Eastern Coalfields Limited,Dipka Area,M/s Dipka Expansion Project South Eastern Coal Fields Limited Dipka Area,30-AUG-2026 08:45,30-AUG-2026 03:15,19.27,16.00,37.42,,0.40,site_5664,Thermo Fisher Scientific India Private Limited
South Eastern Coalfields Limited,Dipka Area,M/s Dipka Expansion Project South Eastern Coal Fields Limited Dipka Area,30-AUG-2026 08:45,30-AUG-2026 03:15,18.92,15.61,35.29,,0.24,site_5664,Thermo Fisher Scientific India Private Limited
South Eastern Coalfields Limited,Dipka Area,M/s Dipka Expansion Project South Eastern Coal Fields Limited Dipka Area,30-AUG-2026 08:44,30-AUG-2026 03:14,18.30,15.09,39.10,,0.24,site_5664,Thermo Fisher Scientific India Private Limited
South Eastern Coalfields Limited,Dipka Area,M/s Dipka Expansion Project South Eastern Coal Fields Limited Dipka Area,30-AUG-2026 08:44,30-AUG-2026 03:14,17.64,14.65,39.11,,0.14,site_5664,Thermo Fisher Scientific India Private Limited
South Eastern Coalfields Limited,Dipka Area,M/s Dipka Expansion Project South Eastern Coal Fields Limited Dipka Area,30-AUG-2026 08:43,30-AUG-2026 03:13,16.82,14.28,37.95,,0.14,site_5664,Thermo Fisher Scientific India Private Limited
South Eastern Coalfields Limited,Dipka Area,M/s Dipka Expansion Project South Eastern Coal Fields Limited Dipka Area,30-AUG-2026 08:43,30-AUG-2026 03:13,16.08,14.05,34.91,,0.16,site_5664,Thermo Fisher Scientific India Private Limited
South Eastern Coalfields Limited,Dipka Area,M/s Dipka Expansion Project South Eastern Coal Fields Limited Dipka Area,30-AUG-2026 08:42,30-AUG-2026 03:12,15.36,13.57,37.46,,0.15,site_5664,Thermo Fisher Scientific India Private Limited
South Eastern Coalfields Limited,Dipka Area,M/s Dipka Expansion Project South Eastern Coal Fields Limited Dipka Area,30-AUG-2026 08:42,30-AUG-2026 03:12,14.80,12.98,39.28,,0.03,site_5664,Thermo Fisher Scientific India Private Limited
South Eastern Coalfields Limited,Dipka Area,M/s Dipka Expansion Project South Eastern Coal Fields Limited Dipka Area,30-AUG-2026 08:41,30-AUG-2026 03:11,14.16,12.18,39.42,,0.00,site_5664,Thermo Fisher Scientific India Private Limited
South Eastern Coalfields Limited,Dipka Area,M/s Dipka Expansion Project South Eastern Coal Fields Limited Dipka Area,30-AUG-2026 08:41,30-AUG-2026 03:11,13.79,11.62,38.65,,0.05,site_5664,Thermo Fisher Scientific India Private Limited
South Eastern Coalfields Limited,Dipka Area,M/s Dipka Expansion Project South Eastern Coal Fields Limited Dipka Area,30-AUG-2026 08:40,30-AUG-2026 03:10,13.47,10.89,41.09,,0.00,site_5664,Thermo Fisher Scientific India Private Limited
South Eastern Coalfields Limited,"Gevra , Chattisgarh",SECL GEVRA,30-AUG-2026 08:40,30-AUG-2026 08:30,40.90,73.53,13.74,9.74,0.85,site_,Envea India Pvt Ltd
South Eastern Coalfields Limited,"Gevra , Chattisgarh",SECL GEVRA,30-AUG-2026 08:40,30-AUG-2026 08:30,40.90,73.53,13.74,9.74,0.85,site_,Envea India Pvt Ltd
South Eastern Coalfields Limited,"Gevra , Chattisgarh",SECL GEVRA,30-AUG-2026 08:40,30-AUG-2026 08:30,40.90,73.53,13.74,9.74,0.85,site_,Envea India Pvt Ltd
South Eastern Coalfields Limited,Dipka Area,M/s Dipka Expansion Project South Eastern Coal Fields Limited Dipka Area,30-AUG-2026 08:40,30-AUG-2026 03:10,13.31,10.22,43.18,,0.00,site_5664,Thermo Fisher Scientific India Private Limited
South Eastern Coalfields Limited,Dipka Area,M/s Dipka Expansion Project South Eastern Coal Fields Limited Dipka Area,30-AUG-2026 08:39,30-AUG-2026 03:09,13.11,9.76,42.25,,0.04,site_5664,Thermo Fisher Scientific India Private Limited
South Eastern Coalfields Limited,Dipka Area,M/s Dipka Expansion Project South Eastern Coal Fields Limited Dipka Area,30-AUG-2026 08:39,30-AUG-2026 03:09,12.92,9.41,40.40,,0.12,site_5664,Thermo Fisher Scientific India Private Limited
South Eastern Coalfields Limited,Dipka Area,M/s Dipka Expansion Project South Eastern Coal Fields Limited Dipka Area,30-AUG-2026 08:38,30-AUG-2026 03:08,12.62,9.15,42.62,,0.00,site_5664,Thermo Fisher Scientific India Private Limited
South Eastern Coalfields Limited,Dipka Area,M/s Dipka Expansion Project South Eastern Coal Fields Limited Dipka Area,30-AUG-2026 08:38,30-AUG-2026 03:08,12.20,8.89,37.01,,0.00,site_5664,Thermo Fisher Scientific India Private Limited
South Eastern Coalfields Limited,Dipka Area,M/s Dipka Expansion Project South Eastern Coal Fields Limited Dipka Area,30-AUG-2026 08:37,30-AUG-2026 03:07,11.71,8.65,39.37,,0.00,site_5664,Thermo Fisher Scientific India Private Limited
South Eastern Coalfields Limited,Dipka Area,M/s Dipka Expansion Project South Eastern Coal Fields Limited Dipka Area,30-AUG-2026 08:37,30-AUG-2026 03:07,11.34,8.56,38.81,,0.14,site_5664,Thermo Fisher Scientific India Private Limited
South Eastern Coalfields Limited,Dipka Area,M/s Dipka Expansion Project South Eastern Coal Fields Limited Dipka Area,30-AUG-2026 08:36,30-AUG-2026 03:06,10.86,8.28,41.73,,0.10,site_5664,Thermo Fisher Scientific India Private Limited
South Eastern Coalfields Limited,Dipka Area,M/s Dipka Expansion Project South Eastern Coal Fields Limited Dipka Area,30-AUG-2026 08:36,30-AUG-2026 03:06,10.53,8.01,44.93,,0.10,site_5664,Thermo Fisher Scientific India Private Limited
South Eastern Coalfields Limited,Dipka Area,M/s Dipka Expansion Project South Eastern Coal Fields Limited Dipka Area,30-AUG-2026 08:35,30-AUG-2026 03:05,10.26,7.55,36.50,,0.17,site_5664,Thermo Fisher Scientific India Private Limited
South Eastern Coalfields Limited,Dipka Area,M/s Dipka Expansion Project South Eastern Coal Fields Limited Dipka Area,30-AUG-2026 08:35,30-AUG-2026 03:05,10.30,7.12,33.85,,0.32,site_5664,Thermo Fisher Scientific India Private Limited
South Eastern Coalfields Limited,Dipka Area,M/s Dipka Expansion Project South Eastern Coal Fields Limited Dipka Area,30-AUG-2026 08:34,30-AUG-2026 03:04,10.38,6.62,38.57,,0.23,site_5664,Thermo Fisher Scientific India Private Limited
South Eastern Coalfields Limited,Dipka Area,M/s Dipka Expansion Project South Eastern Coal Fields Limited Dipka Area,30-AUG-2026 08:34,30-AUG-2026 03:04,10.31,6.26,37.69,,0.23,site_5664,Thermo Fisher Scientific India Private Limited
South Eastern Coalfields Limited,Dipka Area,M/s Dipka Expansion Project South Eastern Coal Fields Limited Dipka Area,30-AUG-2026 08:33,30-AUG-2026 03:03,10.34,6.05,40.05,,0.29,site_5664,Thermo Fisher Scientific India Private Limited
South Eastern Coalfields Limited,Dipka Area,M/s Dipka Expansion Project South Eastern Coal Fields Limited Dipka Area,30-AUG-2026 08:33,30-AUG-2026 03:03,10.35,5.94,34.59,,0.44,site_5664,Thermo Fisher Scientific India Private Limited
South Eastern Coalfields Limited,Dipka Area,M/s Dipka Expansion Project South Eastern Coal Fields Limited Dipka Area,30-AUG-2026 08:32,30-AUG-2026 03:02,10.23,5.88,40.33,,0.40,site_5664,Thermo Fisher Scientific India Private Limited
South Eastern Coalfields Limited,Dipka Area,M/s Dipka Expansion Project South Eastern Coal Fields Limited Dipka Area,30-AUG-2026 08:32,30-AUG-2026 03:02,9.93,5.95,39.83,,0.30,site_5664,Thermo Fisher Scientific India Private Limited
South Eastern Coalfields Limited,Dipka Area,M/s Dipka Expansion Project South Eastern Coal Fields Limited Dipka Area,30-AUG-2026 08:31,30-AUG-2026 03:01,9.41,6.04,48.21,,0.24,site_5664,Thermo Fisher Scientific India Private Limited
South Eastern Coalfields Limited,Dipka Area,M/s Dipka Expansion Project South Eastern Coal Fields Limited Dipka Area,30-AUG-2026 08:31,30-AUG-2026 03:01,9.07,6.09,44.26,,0.27,site_5664,Thermo Fisher Scientific India Private Limited
South Eastern Coalfields Limited,Dipka Area,M/s Dipka Expansion Project South Eastern Coal Fields Limited Dipka Area,30-AUG-2026 08:30,30-AUG-2026 03:00,8.86,6.16,36.24,,0.29,site_5664,Thermo Fisher Scientific India Private Limited
South Eastern Coalfields Limited,Dipka Area,M/s Dipka Expansion Project South Eastern Coal Fields Limited Dipka Area,30-AUG-2026 08:30,30-AUG-2026 03:00,8.78,6.25,37.81,,0.24,site_5664,Thermo Fisher Scientific India Private Limited
South Eastern Coalfields Limited,"Bilaspur, CHHATTISGARHr",South Eastern Coalfields  Limited - AQMS_H_Q,30-AUG-2026 08:30,30-AUG-2026 02:59,0.00,,25.97,0.00,98.67,site_5592,Swan Environ
South Eastern Coalfields Limited,Dipka Area,M/s Dipka Expansion Project South Eastern Coal Fields Limited Dipka Area,30-AUG-2026 08:29,30-AUG-2026 02:59,8.75,6.48,45.03,,0.26,site_5664,Thermo Fisher Scientific India Private Limited
South Eastern Coalfields Limited,Dipka Area,M/s Dipka Expansion Project South Eastern Coal Fields Limited Dipka Area,30-AUG-2026 08:29,30-AUG-2026 02:59,8.72,6.71,43.92,,0.27,site_5664,Thermo Fisher Scientific India Private Limited
South Eastern Coalfields Limited,Dipka Area,M/s Dipka Expansion Project South Eastern Coal Fields Limited Dipka Area,30-AUG-2026 08:28,30-AUG-2026 02:58,9.00,7.08,38.00,,0.22,site_5664,Thermo Fisher Scientific India Private Limited
South Eastern Coalfields Limited,Dipka Area,M/s Dipka Expansion Project South Eastern Coal Fields Limited Dipka Area,30-AUG-2026 08:28,30-AUG-2026 02:58,9.18,7.43,39.90,,0.01,site_5664,Thermo Fisher Scientific India Private Limited
South Eastern Coalfields Limited,Dipka Area,M/s Dipka Expansion Project South Eastern Coal Fields Limited Dipka Area,30-AUG-2026 08:27,30-AUG-2026 02:57,9.05,7.90,40.03,,0.07,site_5664,Thermo Fisher Scientific India Private Limited
South Eastern Coalfields Limited,Dipka Area,M/s Dipka Expansion Project South Eastern Coal Fields Limited Dipka Area,30-AUG-2026 08:27,30-AUG-2026 02:57,8.67,8.29,39.47,,0.16,site_5664,Thermo Fisher Scientific India Private Limited
South Eastern Coalfields Limited,Dipka Area,M/s Dipka Expansion Project South Eastern Coal Fields Limited Dipka Area,30-AUG-2026 08:26,30-AUG-2026 02:56,8.36,8.74,38.22,,0.23,site_5664,Thermo Fisher Scientific India Private Limited
South Eastern Coalfields Limited,Dipka Area,M/s Dipka Expansion Project South Eastern Coal Fields Limited Dipka Area,30-AUG-2026 08:26,30-AUG-2026 02:56,8.19,9.14,38.63,,0.16,site_5664,Thermo Fisher Scientific India Private Limited
South Eastern Coalfields Limited,Dipka Area,M/s Dipka Expansion Project South Eastern Coal Fields Limited Dipka Area,30-AUG-2026 08:25,30-AUG-2026 02:55,7.94,9.49,38.63,,0.25,site_5664,Thermo Fisher Scientific India Private Limited
South Eastern Coalfields Limited,"Gevra , Chattisgarh",SECL GEVRA,30-AUG-2026 08:25,30-AUG-2026 08:15,52.60,93.86,14.39,11.47,1.13,site_,Envea India Pvt Ltd
South Eastern Coalfields Limited,"Gevra , Chattisgarh",SECL GEVRA,30-AUG-2026 08:25,30-AUG-2026 08:15,52.60,93.86,14.39,11.47,1.13,site_,Envea India Pvt Ltd
South Eastern Coalfields Limited,"Gevra , Chattisgarh",SECL GEVRA,30-AUG-2026 08:25,30-AUG-2026 08:15,52.60,93.86,14.39,11.47,1.13,site_,Envea India Pvt Ltd
South Eastern Coalfields Limited,Dipka Area,M/s Dipka Expansion Project South Eastern Coal Fields Limited Dipka Area,30-AUG-2026 08:25,30-AUG-2026 02:55,7.89,9.63,42.01,,0.27,site_5664,Thermo Fisher Scientific India Private Limited
South Eastern Coalfields Limited,Dipka Area,M/s Dipka Expansion Project South Eastern Coal Fields Limited Dipka Area,30-AUG-2026 08:24,30-AUG-2026 02:54,8.10,9.68,39.45,,0.24,site_5664,Thermo Fisher Scientific India Private Limited
South Eastern Coalfields Limited,Dipka Area,M/s Dipka Expansion Project South Eastern Coal Fields Limited Dipka Area,30-AUG-2026 08:24,30-AUG-2026 02:54,8.53,9.71,37.96,,0.17,site_5664,Thermo Fisher Scientific India Private Limited
South Eastern Coalfields Limited,Dipka Area,M/s Dipka Expansion Project South Eastern Coal Fields Limited Dipka Area,30-AUG-2026 08:23,30-AUG-2026 02:53,9.05,9.78,39.57,,0.25,site_5664,Thermo Fisher Scientific India Private Limited
South Eastern Coalfields Limited,Dipka Area,M/s Dipka Expansion Project South Eastern Coal Fields Limited Dipka Area,30-AUG-2026 08:23,30-AUG-2026 02:53,9.53,9.94,42.11,,0.39,site_5664,Thermo Fisher Scientific India Private Limited
South Eastern Coalfields Limited,Dipka Area,M/s Dipka Expansion Project South Eastern Coal Fields Limited Dipka Area,30-AUG-2026 08:22,30-AUG-2026 02:52,10.14,10.29,38.99,,0.25,site_5664,Thermo Fisher Scientific India Private Limited
South Eastern Coalfields Limited,Dipka Area,M/s Dipka Expansion Project South Eastern Coal Fields Limited Dipka Area,30-AUG-2026 08:22,30-AUG-2026 02:52,10.58,10.76,38.38,,0.21,site_5664,Thermo Fisher Scientific India Private Limited
South Eastern Coalfields Limited,Dipka Area,M/s Dipka Expansion Project South Eastern Coal Fields Limited Dipka Area,30-AUG-2026 08:21,30-AUG-2026 02:51,11.06,11.27,40.68,,0.32,site_5664,Thermo Fisher Scientific India Private Limited
South Eastern Coalfields Limited,Dipka Area,M/s Dipka Expansion Project South Eastern Coal Fields Limited Dipka Area,30-AUG-2026 08:21,30-AUG-2026 02:51,11.41,11.73,36.01,,0.33,site_5664,Thermo Fisher Scientific India Private Limited
South Eastern Coalfields Limited,Dipka Area,M/s Dipka Expansion Project South Eastern Coal Fields Limited Dipka Area,30-AUG-2026 08:20,30-AUG-2026 02:50,11.68,12.20,38.37,,0.37,site_5664,Thermo Fisher Scientific India Private Limited
South Eastern Coalfields Limited,Dipka Area,M/s Dipka Expansion Project South Eastern Coal Fields Limited Dipka Area,30-AUG-2026 08:20,30-AUG-2026 02:50,11.88,12.45,40.20,,0.37,site_5664,Thermo Fisher Scientific India Private Limited
South Eastern Coalfields Limited,Dipka Area,M/s Dipka Expansion Project South Eastern Coal Fields Limited Dipka Area,30-AUG-2026 08:19,30-AUG-2026 02:49,12.08,12.80,37.28,,0.43,site_5664,Thermo Fisher Scientific India Private Limited
South Eastern Coalfields Limited,Dipka Area,M/s Dipka Expansion Project South Eastern Coal Fields Limited Dipka Area,30-AUG-2026 08:19,30-AUG-2026 02:49,12.26,13.19,33.67,,0.45,site_5664,Thermo Fisher Scientific India Private Limited
South Eastern Coalfields Limited,Dipka Area,M/s Dipka Expansion Project South Eastern Coal Fields Limited Dipka Area,30-AUG-2026 08:18,30-AUG-2026 02:48,12.46,13.65,41.35,,0.46,site_5664,Thermo Fisher Scientific India Private Limited
South Eastern Coalfields Limited,Dipka Area,M/s Dipka Expansion Project South Eastern Coal Fields Limited Dipka Area,30-AUG-2026 08:18,30-AUG-2026 02:48,12.65,14.07,38.10,,0.49,site_5664,Thermo Fisher Scientific India Private Limited
South Eastern Coalfields Limited,Dipka Area,M/s Dipka Expansion Project South Eastern Coal Fields Limited Dipka Area,30-AUG-2026 08:17,30-AUG-2026 02:47,12.73,14.50,37.93,,0.63,site_5664,Thermo Fisher Scientific India Private Limited
South Eastern Coalfields Limited,Dipka Area,M/s Dipka Expansion Project South Eastern Coal Fields Limited Dipka Area,30-AUG-2026 08:17,30-AUG-2026 02:47,12.75,14.99,41.01,,0.64,site_5664,Thermo Fisher Scientific India Private Limited
South Eastern Coalfields Limited,Dipka Area,M/s Dipka Expansion Project South Eastern Coal Fields Limited Dipka Area,30-AUG-2026 08:16,30-AUG-2026 02:46,12.87,15.43,33.21,,0.48,site_5664,Thermo Fisher Scientific India Private Limited
South Eastern Coalfields Limited,Dipka Area,M/s Dipka Expansion Project South Eastern Coal Fields Limited Dipka Area,30-AUG-2026 08:16,30-AUG-2026 02:46,12.97,15.68,40.06,,0.47,site_5664,Thermo Fisher Scientific India Private Limited
South Eastern Coalfields Limited,Dipka Area,M/s Dipka Expansion Project South Eastern Coal Fields Limited Dipka Area,30-AUG-2026 08:15,30-AUG-2026 02:45,13.16,16.06,42.58,,0.43,site_5664,Thermo Fisher Scientific India Private Limited
South Eastern Coalfields Limited,"Bilaspur, CHHATTISGARHr",South Eastern Coalfields  Limited - AQMS_H_Q,30-AUG-2026 08:15,30-AUG-2026 02:44,3.57,,14.16,270.00,0.27,site_5592,Swan Environ
South Eastern Coalfields Limited,Dipka Area,M/s Dipka Expansion Project South Eastern Coal Fields Limited Dipka Area,30-AUG-2026 08:15,30-AUG-2026 02:45,13.25,16.39,35.25,,0.26,site_5664,Thermo Fisher Scientific India Private Limited
South Eastern Coalfields Limited,Dipka Area,M/s Dipka Expansion Project South Eastern Coal Fields Limited Dipka Area,30-AUG-2026 08:14,30-AUG-2026 02:44,13.59,16.75,36.17,,0.20,site_5664,Thermo Fisher Scientific India Private Limited
South Eastern Coalfields Limited,Dipka Area,M/s Dipka Expansion Project South Eastern Coal Fields Limited Dipka Area,30-AUG-2026 08:14,30-AUG-2026 02:44,13.97,17.01,36.63,,0.25,site_5664,Thermo Fisher Scientific India Private Limited
South Eastern Coalfields Limited,Dipka Area,M/s Dipka Expansion Project South Eastern Coal Fields Limited Dipka Area,30-AUG-2026 08:13,30-AUG-2026 02:43,14.36,17.27,37.32,,0.38,site_5664,Thermo Fisher Scientific India Private Limited
South Eastern Coalfields Limited,Dipka Area,M/s Dipka Expansion Project South Eastern Coal Fields Limited Dipka Area,30-AUG-2026 08:13,30-AUG-2026 02:43,14.66,17.50,37.79,,0.27,site_5664,Thermo Fisher Scientific India Private Limited
South Eastern Coalfields Limited,Dipka Area,M/s Dipka Expansion Project South Eastern Coal Fields Limited Dipka Area,30-AUG-2026 08:12,30-AUG-2026 02:42,14.69,17.78,39.10,,0.35,site_5664,Thermo Fisher Scientific India Private Limited
South Eastern Coalfields Limited,Dipka Area,M/s Dipka Expansion Project South Eastern Coal Fields Limited Dipka Area,30-AUG-2026 08:12,30-AUG-2026 02:42,14.67,17.99,39.62,,0.37,site_5664,Thermo Fisher Scientific India Private Limited
South Eastern Coalfields Limited,Dipka Area,M/s Dipka Expansion Project South Eastern Coal Fields Limited Dipka Area,30-AUG-2026 08:11,30-AUG-2026 02:41,14.79,18.17,41.98,,0.52,site_5664,Thermo Fisher Scientific India Private Limited
South Eastern Coalfields Limited,Dipka Area,M/s Dipka Expansion Project South Eastern Coal Fields Limited Dipka Area,30-AUG-2026 08:11,30-AUG-2026 02:41,14.84,18.25,35.99,,0.56,site_5664,Thermo Fisher Scientific India Private Limited
South Eastern Coalfields Limited,Dipka Area,M/s Dipka Expansion Project South Eastern Coal Fields Limited Dipka Area,30-AUG-2026 08:10,30-AUG-2026 02:40,14.73,18.24,35.72,,0.64,site_5664,Thermo Fisher Scientific India Private Limited
South Eastern Coalfields Limited,"Gevra , Chattisgarh",SECL GEVRA,30-AUG-2026 08:10,30-AUG-2026 08:00,19.00,35.33,12.52,6.49,0.33,site_,Envea India Pvt Ltd
South Eastern Coalfields Limited,"Gevra , Chattisgarh",SECL GEVRA,30-AUG-2026 08:10,30-AUG-2026 08:00,19.00,35.33,12.52,6.49,0.33,site_,Envea India Pvt Ltd
South Eastern Coalfields Limited,"Gevra , Chattisgarh",SECL GEVRA,30-AUG-2026 08:10,30-AUG-2026 08:00,19.00,35.33,12.52,6.49,0.33,site_,Envea India Pvt Ltd
South Eastern Coalfields Limited,"Gevra , Chattisgarh",SECL GEVRA,30-AUG-2026 08:10,30-AUG-2026 08:00,19.00,35.33,12.52,6.49,0.33,site_,Envea India Pvt Ltd
South Eastern Coalfields Limited,Dipka Area,M/s Dipka Expansion Project South Eastern Coal Fields Limited Dipka Area,30-AUG-2026 08:10,30-AUG-2026 02:40,14.47,18.28,29.27,,0.79,site_5664,Thermo Fisher Scientific India Private Limited
South Eastern Coalfields Limited,Dipka Area,M/s Dipka Expansion Project South Eastern Coal Fields Limited Dipka Area,30-AUG-2026 08:09,30-AUG-2026 02:39,14.27,18.19,40.95,,0.76,site_5664,Thermo Fisher Scientific India Private Limited
South Eastern Coalfields Limited,Dipka Area,M/s Dipka Expansion Project South Eastern Coal Fields Limited Dipka Area,30-AUG-2026 08:09,30-AUG-2026 02:39,14.08,18.11,39.41,,0.74,site_5664,Thermo Fisher Scientific India Private Limited
South Eastern Coalfields Limited,Dipka Area,M/s Dipka Expansion Project South Eastern Coal Fields Limited Dipka Area,30-AUG-2026 08:08,30-AUG-2026 02:38,13.60,18.01,31.51,,0.58,site_5664,Thermo Fisher Scientific India Private Limited
South Eastern Coalfields Limited,Dipka Area,M/s Dipka Expansion Project South Eastern Coal Fields Limited Dipka Area,30-AUG-2026 08:08,30-AUG-2026 02:38,13.19,17.96,38.41,,0.61,site_5664,Thermo Fisher Scientific India Private Limited
South Eastern Coalfields Limited,Dipka Area,M/s Dipka Expansion Project South Eastern Coal Fields Limited Dipka Area,30-AUG-2026 08:07,30-AUG-2026 02:37,12.67,17.92,42.58,,0.43,site_5664,Thermo Fisher Scientific India Private Limited
South Eastern Coalfields Limited,Dipka Area,M/s Dipka Expansion Project South Eastern Coal Fields Limited Dipka Area,30-AUG-2026 08:07,30-AUG-2026 02:37,12.39,17.82,36.79,,0.41,site_5664,Thermo Fisher Scientific India Private Limited
South Eastern Coalfields Limited,Dipka Area,M/s Dipka Expansion Project South Eastern Coal Fields Limited Dipka Area,30-AUG-2026 08:06,30-AUG-2026 02:36,12.20,17.89,41.48,,0.41,site_5664,Thermo Fisher Scientific India Private Limited
South Eastern Coalfields Limited,Dipka Area,M/s Dipka Expansion Project South Eastern Coal Fields Limited Dipka Area,30-AUG-2026 08:06,30-AUG-2026 02:36,12.20,17.96,37.22,,0.26,site_5664,Thermo Fisher Scientific India Private Limited
South Eastern Coalfields Limited,Dipka Area,M/s Dipka Expansion Project South Eastern Coal Fields Limited Dipka Area,30-AUG-2026 08:05,30-AUG-2026 02:35,12.28,18.08,34.84,,0.00,site_5664,Thermo Fisher Scientific India Private Limited
South Eastern Coalfields Limited,Dipka Area,M/s Dipka Expansion Project South Eastern Coal Fields Limited Dipka Area,30-AUG-2026 08:05,30-AUG-2026 02:35,12.43,18.19,32.81,,0.11,site_5664,Thermo Fisher Scientific India Private Limited
South Eastern Coalfields Limited,Dipka Area,M/s Dipka Expansion Project South Eastern Coal Fields Limited Dipka Area,30-AUG-2026 08:04,30-AUG-2026 02:34,12.80,18.20,40.54,,0.18,site_5664,Thermo Fisher Scientific India Private Limited
South Eastern Coalfields Limited,Dipka Area,M/s Dipka Expansion Project South Eastern Coal Fields Limited Dipka Area,30-AUG-2026 08:04,30-AUG-2026 02:34,13.00,18.16,39.16,,0.06,site_5664,Thermo Fisher Scientific India Private Limited
South Eastern Coalfields Limited,Dipka Area,M/s Dipka Expansion Project South Eastern Coal Fields Limited Dipka Area,30-AUG-2026 08:03,30-AUG-2026 02:33,13.11,17.94,39.99,,0.04,site_5664,Thermo Fisher Scientific India Private Limited
South Eastern Coalfields Limited,Dipka Area,M/s Dipka Expansion Project South Eastern Coal Fields Limited Dipka Area,30-AUG-2026 08:03,30-AUG-2026 02:33,13.02,17.71,37.18,,0.06,site_5664,Thermo Fisher Scientific India Private Limited
South Eastern Coalfields Limited,Dipka Area,M/s Dipka Expansion Project South Eastern Coal Fields Limited Dipka Area,30-AUG-2026 08:02,30-AUG-2026 02:32,12.92,17.44,40.93,,0.04,site_5664,Thermo Fisher Scientific India Private Limited
South Eastern Coalfields Limited,Dipka Area,M/s Dipka Expansion Project South Eastern Coal Fields Limited Dipka Area,30-AUG-2026 08:02,30-AUG-2026 02:32,12.83,17.23,34.97,,0.00,site_5664,Thermo Fisher Scientific India Private Limited
South Eastern Coalfields Limited,Dipka Area,M/s Dipka Expansion Project South Eastern Coal Fields Limited Dipka Area,30-AUG-2026 08:01,30-AUG-2026 02:31,12.60,17.10,35.90,,0.00,site_5664,Thermo Fisher Scientific India Private Limited
South Eastern Coalfields Limited,Dipka Area,M/s Dipka Expansion Project South Eastern Coal Fields Limited Dipka Area,30-AUG-2026 08:01,30-AUG-2026 02:31,12.40,17.01,34.61,,0.04,site_5664,Thermo Fisher Scientific India Private Limited
South Eastern Coalfields Limited,Dipka Area,M/s Dipka Expansion Project South Eastern Coal Fields Limited Dipka Area,30-AUG-2026 08:00,30-AUG-2026 02:30,12.16,17.04,40.51,,0.19,site_5664,Thermo Fisher Scientific India Private Limited
South Eastern Coalfields Limited,"Bilaspur, CHHATTISGARHr",South Eastern Coalfields  Limited - AQMS_H_Q,30-AUG-2026 08:00,30-AUG-2026 02:29,14.68,,0.34,25.80,,site_5592,Swan Environ
South Eastern Coalfields Limited,Dipka Area,M/s Dipka Expansion Project South Eastern Coal Fields Limited Dipka Area,30-AUG-2026 07:59,30-AUG-2026 02:29,11.72,17.52,35.47,,0.21,site_5664,Thermo Fisher Scientific India Private Limited
South Eastern Coalfields Limited,Dipka Area,M/s Dipka Expansion Project South Eastern Coal Fields Limited Dipka Area,30-AUG-2026 07:59,30-AUG-2026 02:29,11.30,17.82,35.92,,0.21,site_5664,Thermo Fisher Scientific India Private Limited
South Eastern Coalfields Limited,Dipka Area,M/s Dipka Expansion Project South Eastern Coal Fields Limited Dipka Area,30-AUG-2026 07:58,30-AUG-2026 02:28,10.79,18.24,35.94,,0.22,site_5664,Thermo Fisher Scientific India Private Limited
South Eastern Coalfields Limited,Dipka Area,M/s Dipka Expansion Project South Eastern Coal Fields Limited Dipka Area,30-AUG-2026 07:58,30-AUG-2026 02:28,10.40,18.77,38.76,,0.18,site_5664,Thermo Fisher Scientific India Private Limited
South Eastern Coalfields Limited,Dipka Area,M/s Dipka Expansion Project South Eastern Coal Fields Limited Dipka Area,30-AUG-2026 07:57,30-AUG-2026 02:27,10.04,19.29,36.85,,0.27,site_5664,Thermo Fisher Scientific India Private Limited
South Eastern Coalfields Limited,Dipka Area,M/s Dipka Expansion Project South Eastern Coal Fields Limited Dipka Area,30-AUG-2026 07:57,30-AUG-2026 02:27,9.76,19.65,39.76,,0.38,site_5664,Thermo Fisher Scientific India Private Limited
South Eastern Coalfields Limited,Dipka Area,M/s Dipka Expansion Project South Eastern Coal Fields Limited Dipka Area,30-AUG-2026 07:56,30-AUG-2026 02:26,9.25,20.05,38.97,,0.30,site_5664,Thermo Fisher Scientific India Private Limited
South Eastern Coalfields Limited,Dipka Area,M/s Dipka Expansion Project South Eastern Coal Fields Limited Dipka Area,30-AUG-2026 07:56,30-AUG-2026 02:26,8.95,20.29,35.50,,0.24,site_5664,Thermo Fisher Scientific India Private Limited
South Eastern Coalfields Limited,Dipka Area,M/s Dipka Expansion Project South Eastern Coal Fields Limited Dipka Area,30-AUG-2026 07:55,30-AUG-2026 02:25,8.29,20.82,38.59,,0.25,site_5664,Thermo Fisher Scientific India Private Limited
South Eastern Coalfields Limited,"Gevra , Chattisgarh",SECL GEVRA,30-AUG-2026 07:55,30-AUG-2026 07:45,55.60,98.95,14.56,11.90,1.20,site_,Envea India Pvt Ltd
South Eastern Coalfields Limited,"Gevra , Chattisgarh",SECL GEVRA,30-AUG-2026 07:55,30-AUG-2026 07:45,55.60,98.95,14.56,11.90,1.20,site_,Envea India Pvt Ltd
South Eastern Coalfields Limited,"Gevra , Chattisgarh",SECL GEVRA,30-AUG-2026 07:55,30-AUG-2026 07:45,55.60,98.95,14.56,11.90,1.20,site_,Envea India Pvt Ltd
South Eastern Coalfields Limited,Dipka Area,M/s Dipka Expansion Project South Eastern Coal Fields Limited Dipka Area,30-AUG-2026 07:55,30-AUG-2026 02:25,7.71,21.15,40.45,,0.21,site_5664,Thermo Fisher Scientific India Private Limited
South Eastern Coalfields Limited,Dipka Area,M/s Dipka Expansion Project South Eastern Coal Fields Limited Dipka Area,30-AUG-2026 07:54,30-AUG-2026 02:24,6.78,21.57,40.15,,0.02,site_5664,Thermo Fisher Scientific India Private Limited
South Eastern Coalfields Limited,Dipka Area,M/s Dipka Expansion Project South Eastern Coal Fields Limited Dipka Area,30-AUG-2026 07:54,30-AUG-2026 02:24,5.97,22.11,38.62,,0.04,site_5664,Thermo Fisher Scientific India Private Limited
South Eastern Coalfields Limited,Dipka Area,M/s Dipka Expansion Project South Eastern Coal Fields Limited Dipka Area,30-AUG-2026 07:53,30-AUG-2026 02:23,5.19,22.84,35.01,,0.13,site_5664,Thermo Fisher Scientific India Private Limited
South Eastern Coalfields Limited,Dipka Area,M/s Dipka Expansion Project South Eastern Coal Fields Limited Dipka Area,30-AUG-2026 07:53,30-AUG-2026 02:23,4.62,23.45,42.75,,0.15,site_5664,Thermo Fisher Scientific India Private Limited
South Eastern Coalfields Limited,Dipka Area,M/s Dipka Expansion Project South Eastern Coal Fields Limited Dipka Area,30-AUG-2026 07:52,30-AUG-2026 02:22,4.02,24.27,36.69,,0.07,site_5664,Thermo Fisher Scientific India Private Limited
South Eastern Coalfields Limited,Dipka Area,M/s Dipka Expansion Project South Eastern Coal Fields Limited Dipka Area,30-AUG-2026 07:52,30-AUG-2026 02:22,3.85,24.87,40.52,,0.06,site_5664,Thermo Fisher Scientific India Private Limited
South Eastern Coalfields Limited,Dipka Area,M/s Dipka Expansion Project South Eastern Coal Fields Limited Dipka Area,30-AUG-2026 07:51,30-AUG-2026 02:21,3.94,25.55,44.02,,0.23,site_5664,Thermo Fisher Scientific India Private Limited
South Eastern Coalfields Limited,Dipka Area,M/s Dipka Expansion Project South Eastern Coal Fields Limited Dipka Area,30-AUG-2026 07:51,30-AUG-2026 02:21,4.24,26.07,40.46,,0.27,site_5664,Thermo Fisher Scientific India Private Limited
South Eastern Coalfields Limited,Dipka Area,M/s Dipka Expansion Project South Eastern Coal Fields Limited Dipka Area,30-AUG-2026 07:50,30-AUG-2026 02:20,4.69,26.43,36.75,,0.29,site_5664,Thermo Fisher Scientific India Private Limited
South Eastern Coalfields Limited,Dipka Area,M/s Dipka Expansion Project South Eastern Coal Fields Limited Dipka Area,30-AUG-2026 07:50,30-AUG-2026 02:20,5.14,26.59,34.90,,0.40,site_5664,Thermo Fisher Scientific India Private Limited
South Eastern Coalfields Limited,Dipka Area,M/s Dipka Expansion Project South Eastern Coal Fields Limited Dipka Area,30-AUG-2026 07:49,30-AUG-2026 02:19,5.81,26.41,34.84,,0.48,site_5664,Thermo Fisher Scientific India Private Limited
South Eastern Coalfields Limited,Dipka Area,M/s Dipka Expansion Project South Eastern Coal Fields Limited Dipka Area,30-AUG-2026 07:49,30-AUG-2026 02:19,6.23,26.29,37.61,,0.52,site_5664,Thermo Fisher Scientific India Private Limited
South Eastern Coalfields Limited,Dipka Area,M/s Dipka Expansion Project South Eastern Coal Fields Limited Dipka Area,30-AUG-2026 07:48,30-AUG-2026 02:18,6.77,26.05,42.62,,0.52,site_5664,Thermo Fisher Scientific India Private Limited
South Eastern Coalfields Limited,Dipka Area,M/s Dipka Expansion Project South Eastern Coal Fields Limited Dipka Area,30-AUG-2026 07:48,30-AUG-2026 02:18,7.20,25.69,41.07,,0.51,site_5664,Thermo Fisher Scientific India Private Limited
South Eastern Coalfields Limited,Dipka Area,M/s Dipka Expansion Project South Eastern Coal Fields Limited Dipka Area,30-AUG-2026 07:47,30-AUG-2026 02:17,7.70,25.23,40.29,,0.55,site_5664,Thermo Fisher Scientific India Private Limited
South Eastern Coalfields Limited,Dipka Area,M/s Dipka Expansion Project South Eastern Coal Fields Limited Dipka Area,30-AUG-2026 07:47,30-AUG-2026 02:17,8.26,24.80,37.55,,0.56,site_5664,Thermo Fisher Scientific India Private Limited
South Eastern Coalfields Limited,Dipka Area,M/s Dipka Expansion Project South Eastern Coal Fields Limited Dipka Area,30-AUG-2026 07:46,30-AUG-2026 02:16,9.12,24.52,36.68,,0.48,site_5664,Thermo Fisher Scientific India Private Limited
South Eastern Coalfields Limited,Dipka Area,M/s Dipka Expansion Project South Eastern Coal Fields Limited Dipka Area,30-AUG-2026 07:46,30-AUG-2026 02:16,9.93,24.36,39.25,,0.52,site_5664,Thermo Fisher Scientific India Private Limited
South Eastern Coalfields Limited,Dipka Area,M/s Dipka Expansion Project South Eastern Coal Fields Limited Dipka Area,30-AUG-2026 07:45,30-AUG-2026 02:15,10.93,24.09,36.41,,0.46,site_5664,Thermo Fisher Scientific India Private Limited
South Eastern Coalfields Limited,"Bilaspur, CHHATTISGARHr",South Eastern Coalfields  Limited - AQMS_H_Q,30-AUG-2026 07:45,30-AUG-2026 02:14,3.60,,15.31,0.00,0.00,site_5592,Swan Environ
South Eastern Coalfields Limited,Dipka Area,M/s Dipka Expansion Project South Eastern Coal Fields Limited Dipka Area,30-AUG-2026 07:45,30-AUG-2026 02:15,11.81,23.84,41.96,,0.41,site_5664,Thermo Fisher Scientific India Private Limited
South Eastern Coalfields Limited,Dipka Area,M/s Dipka Expansion Project South Eastern Coal Fields Limited Dipka Area,30-AUG-2026 07:44,30-AUG-2026 02:14,12.81,23.65,35.29,,0.31,site_5664,Thermo Fisher Scientific India Private Limited
South Eastern Coalfields Limited,Dipka Area,M/s Dipka Expansion Project South Eastern Coal Fields Limited Dipka Area,30-AUG-2026 07:44,30-AUG-2026 02:14,13.62,23.63,40.41,,0.43,site_5664,Thermo Fisher Scientific India Private Limited
South Eastern Coalfields Limited,Dipka Area,M/s Dipka Expansion Project South Eastern Coal Fields Limited Dipka Area,30-AUG-2026 07:43,30-AUG-2026 02:13,14.33,23.68,34.95,,0.35,site_5664,Thermo Fisher Scientific India Private Limited
South Eastern Coalfields Limited,Dipka Area,M/s Dipka Expansion Project South Eastern Coal Fields Limited Dipka Area,30-AUG-2026 07:43,30-AUG-2026 02:13,14.81,23.76,33.40,,0.34,site_5664,Thermo Fisher Scientific India Private Limited
South Eastern Coalfields Limited,Dipka Area,M/s Dipka Expansion Project South Eastern Coal Fields Limited Dipka Area,30-AUG-2026 07:42,30-AUG-2026 02:12,15.30,23.86,34.80,,0.31,site_5664,Thermo Fisher Scientific India Private Limited
South Eastern Coalfields Limited,Dipka Area,M/s Dipka Expansion Project South Eastern Coal Fields Limited Dipka Area,30-AUG-2026 07:42,30-AUG-2026 02:12,15.76,23.96,42.89,,0.30,site_5664,Thermo Fisher Scientific India Private Limited
South Eastern Coalfields Limited,Dipka Area,M/s Dipka Expansion Project South Eastern Coal Fields Limited Dipka Area,30-AUG-2026 07:41,30-AUG-2026 02:11,16.24,24.06,38.04,,0.41,site_5664,Thermo Fisher Scientific India Private Limited
South Eastern Coalfields Limited,Dipka Area,M/s Dipka Expansion Project South Eastern Coal Fields Limited Dipka Area,30-AUG-2026 07:41,30-AUG-2026 02:11,16.48,24.15,35.54,,0.32,site_5664,Thermo Fisher Scientific India Private Limited
South Eastern Coalfields Limited,Dipka Area,M/s Dipka Expansion Project South Eastern Coal Fields Limited Dipka Area,30-AUG-2026 07:40,30-AUG-2026 02:10,16.69,24.10,39.24,,0.45,site_5664,Thermo Fisher Scientific India Private Limited
South Eastern Coalfields Limited,"Gevra , Chattisgarh",SECL GEVRA,30-AUG-2026 07:40,30-AUG-2026 07:30,21.30,39.29,12.64,6.82,0.38,site_,Envea India Pvt Ltd
South Eastern Coalfields Limited,"Gevra , Chattisgarh",SECL GEVRA,30-AUG-2026 07:40,30-AUG-2026 07:30,21.30,39.29,12.64,6.82,0.38,site_,Envea India Pvt Ltd
South Eastern Coalfields Limited,"Gevra , Chattisgarh",SECL GEVRA,30-AUG-2026 07:40,30-AUG-2026 07:30,21.30,39.29,12.64,6.82,0.38,site_,Envea India Pvt Ltd
South Eastern Coalfields Limited,"Gevra , Chattisgarh",SECL GEVRA,30-AUG-2026 07:40,30-AUG-2026 07:30,21.30,39.29,12.64,6.82,0.38,site_,Envea India Pvt Ltd
South Eastern Coalfields Limited,Dipka Area,M/s Dipka Expansion Project South Eastern Coal Fields Limited Dipka Area,30-AUG-2026 07:40,30-AUG-2026 02:10,16.94,23.96,41.80,,0.44,site_5664,Thermo Fisher Scientific India Private Limited
South Eastern Coalfields Limited,Dipka Area,M/s Dipka Expansion Project South Eastern Coal Fields Limited Dipka Area,30-AUG-2026 07:39,30-AUG-2026 02:09,17.13,23.72,38.67,,0.45,site_5664,Thermo Fisher Scientific India Private Limited
South Eastern Coalfields Limited,Dipka Area,M/s Dipka Expansion Project South Eastern Coal Fields Limited Dipka Area,30-AUG-2026 07:39,30-AUG-2026 02:09,17.22,23.52,36.89,,0.32,site_5664,Thermo Fisher Scientific India Private Limited
South Eastern Coalfields Limited,Dipka Area,M/s Dipka Expansion Project South Eastern Coal Fields Limited Dipka Area,30-AUG-2026 07:38,30-AUG-2026 02:08,17.31,23.30,35.08,,0.34,site_5664,Thermo Fisher Scientific India Private Limited
South Eastern Coalfields Limited,Dipka Area,M/s Dipka Expansion Project South Eastern Coal Fields Limited Dipka Area,30-AUG-2026 07:38,30-AUG-2026 02:08,17.38,23.11,37.81,,0.29,site_5664,Thermo Fisher Scientific India Private Limited
South Eastern Coalfields Limited,Dipka Area,M/s Dipka Expansion Project South Eastern Coal Fields Limited Dipka Area,30-AUG-2026 07:37,30-AUG-2026 02:07,17.34,22.88,41.06,,0.32,site_5664,Thermo Fisher Scientific India Private Limited
South Eastern Coalfields Limited,Dipka Area,M/s Dipka Expansion Project South Eastern Coal Fields Limited Dipka Area,30-AUG-2026 07:37,30-AUG-2026 02:07,17.30,22.64,44.26,,0.38,site_5664,Thermo Fisher Scientific India Private Limited
South Eastern Coalfields Limited,Dipka Area,M/s Dipka Expansion Project South Eastern Coal Fields Limited Dipka Area,30-AUG-2026 07:36,30-AUG-2026 02:06,17.16,22.30,36.88,,0.39,site_5664,Thermo Fisher Scientific India Private Limited
South Eastern Coalfields Limited,Dipka Area,M/s Dipka Expansion Project South Eastern Coal Fields Limited Dipka Area,30-AUG-2026 07:36,30-AUG-2026 02:06,16.95,21.99,40.15,,0.46,site_5664,Thermo Fisher Scientific India Private Limited
South Eastern Coalfields Limited,Dipka Area,M/s Dipka Expansion Project South Eastern Coal Fields Limited Dipka Area,30-AUG-2026 07:35,30-AUG-2026 02:05,16.72,21.63,37.45,,0.29,site_5664,Thermo Fisher Scientific India Private Limited
South Eastern Coalfields Limited,Dipka Area,M/s Dipka Expansion Project South Eastern Coal Fields Limited Dipka Area,30-AUG-2026 07:35,30-AUG-2026 02:05,16.58,21.22,44.43,,0.26,site_5664,Thermo Fisher Scientific India Private Limited
South Eastern Coalfields Limited,Dipka Area,M/s Dipka Expansion Project South Eastern Coal Fields Limited Dipka Area,30-AUG-2026 07:34,30-AUG-2026 02:04,16.42,20.57,40.00,,0.26,site_5664,Thermo Fisher Scientific India Private Limited
South Eastern Coalfields Limited,Dipka Area,M/s Dipka Expansion Project South Eastern Coal Fields Limited Dipka Area,30-AUG-2026 07:34,30-AUG-2026 02:04,16.19,20.02,40.56,,0.34,site_5664,Thermo Fisher Scientific India Private Limited
South Eastern Coalfields Limited,Dipka Area,M/s Dipka Expansion Project South Eastern Coal Fields Limited Dipka Area,30-AUG-2026 07:33,30-AUG-2026 02:03,16.07,19.42,29.94,,0.23,site_5664,Thermo Fisher Scientific India Private Limited
South Eastern Coalfields Limited,Dipka Area,M/s Dipka Expansion Project South Eastern Coal Fields Limited Dipka Area,30-AUG-2026 07:33,30-AUG-2026 02:03,15.97,18.92,39.55,,0.39,site_5664,Thermo Fisher Scientific India Private Limited
South Eastern Coalfields Limited,Dipka Area,M/s Dipka Expansion Project South Eastern Coal Fields Limited Dipka Area,30-AUG-2026 07:32,30-AUG-2026 02:02,16.01,18.43,41.42,,0.50,site_5664,Thermo Fisher Scientific India Private Limited
South Eastern Coalfields Limited,Dipka Area,M/s Dipka Expansion Project South Eastern Coal Fields Limited Dipka Area,30-AUG-2026 07:32,30-AUG-2026 02:02,16.08,18.00,40.31,,0.37,site_5664,Thermo Fisher Scientific India Private Limited
South Eastern Coalfields Limited,Dipka Area,M/s Dipka Expansion Project South Eastern Coal Fields Limited Dipka Area,30-AUG-2026 07:31,30-AUG-2026 02:01,16.22,17.72,41.24,,0.29,site_5664,Thermo Fisher Scientific India Private Limited
South Eastern Coalfields Limited,Dipka Area,M/s Dipka Expansion Project South Eastern Coal Fields Limited Dipka Area,30-AUG-2026 07:31,30-AUG-2026 02:01,16.33,17.61,35.71,,0.18,site_5664,Thermo Fisher Scientific India Private Limited
South Eastern Coalfields Limited,"Bilaspur, CHHATTISGARHr",South Eastern Coalfields  Limited - AQMS_H_Q,30-AUG-2026 07:30,30-AUG-2026 01:59,3.76,,15.75,0.00,0.00,site_5592,Swan Environ
South Eastern Coalfields Limited,Dipka Area,M/s Dipka Expansion Project South Eastern Coal Fields Limited Dipka Area,30-AUG-2026 07:30,30-AUG-2026 02:00,16.39,17.42,33.40,,0.28,site_5664,Thermo Fisher Scientific India Private Limited
South Eastern Coalfields Limited,Dipka Area,M/s Dipka Expansion Project South Eastern Coal Fields Limited Dipka Area,30-AUG-2026 07:30,30-AUG-2026 02:00,16.49,17.09,36.18,,0.29,site_5664,Thermo Fisher Scientific India Private Limited
South Eastern Coalfields Limited,Dipka Area,M/s Dipka Expansion Project South Eastern Coal Fields Limited Dipka Area,30-AUG-2026 07:29,30-AUG-2026 01:59,16.50,16.66,33.44,,0.22,site_5664,Thermo Fisher Scientific India Private Limited
South Eastern Coalfields Limited,Dipka Area,M/s Dipka Expansion Project South Eastern Coal Fields Limited Dipka Area,30-AUG-2026 07:29,30-AUG-2026 01:59,16.44,16.41,35.63,,0.21,site_5664,Thermo Fisher Scientific India Private Limited
South Eastern Coalfields Limited,Dipka Area,M/s Dipka Expansion Project South Eastern Coal Fields Limited Dipka Area,30-AUG-2026 07:28,30-AUG-2026 01:58,16.42,16.21,37.27,,0.39,site_5664,Thermo Fisher Scientific India Private Limited
South Eastern Coalfields Limited,Dipka Area,M/s Dipka Expansion Project South Eastern Coal Fields Limited Dipka Area,30-AUG-2026 07:28,30-AUG-2026 01:58,16.52,15.90,36.81,,0.32,site_5664,Thermo Fisher Scientific India Private Limited
South Eastern Coalfields Limited,Dipka Area,M/s Dipka Expansion Project South Eastern Coal Fields Limited Dipka Area,30-AUG-2026 07:27,30-AUG-2026 01:57,16.62,15.59,39.69,,0.22,site_5664,Thermo Fisher Scientific India Private Limited
South Eastern Coalfields Limited,Dipka Area,M/s Dipka Expansion Project South Eastern Coal Fields Limited Dipka Area,30-AUG-2026 07:27,30-AUG-2026 01:57,16.71,15.45,38.19,,0.26,site_5664,Thermo Fisher Scientific India Private Limited
South Eastern Coalfields Limited,Dipka Area,M/s Dipka Expansion Project South Eastern Coal Fields Limited Dipka Area,30-AUG-2026 07:26,30-AUG-2026 01:56,16.73,15.33,41.75,,0.28,site_5664,Thermo Fisher Scientific India Private Limited
South Eastern Coalfields Limited,Dipka Area,M/s Dipka Expansion Project South Eastern Coal Fields Limited Dipka Area,30-AUG-2026 07:26,30-AUG-2026 01:56,16.66,15.13,39.02,,0.38,site_5664,Thermo Fisher Scientific India Private Limited
South Eastern Coalfields Limited,Dipka Area,M/s Dipka Expansion Project South Eastern Coal Fields Limited Dipka Area,30-AUG-2026 07:25,30-AUG-2026 01:55,16.44,14.79,40.35,,0.22,site_5664,Thermo Fisher Scientific India Private Limited
South Eastern Coalfields Limited,"Gevra , Chattisgarh",SECL GEVRA,30-AUG-2026 07:25,30-AUG-2026 07:15,22.90,42.09,12.73,7.06,0.42,site_,Envea India Pvt Ltd
South Eastern Coalfields Limited,"Gevra , Chattisgarh",SECL GEVRA,30-AUG-2026 07:25,30-AUG-2026 07:15,22.90,42.09,12.73,7.06,0.42,site_,Envea India Pvt Ltd
South Eastern Coalfields Limited,"Gevra , Chattisgarh",SECL GEVRA,30-AUG-2026 07:25,30-AUG-2026 07:15,22.90,42.09,12.73,7.06,0.42,site_,Envea India Pvt Ltd
South Eastern Coalfields Limited,Dipka Area,M/s Dipka Expansion Project South Eastern Coal Fields Limited Dipka Area,30-AUG-2026 07:25,30-AUG-2026 01:55,16.23,14.53,38.87,,0.20,site_5664,Thermo Fisher Scientific India Private Limited
South Eastern Coalfields Limited,Dipka Area,M/s Dipka Expansion Project South Eastern Coal Fields Limited Dipka Area,30-AUG-2026 07:24,30-AUG-2026 01:54,15.95,14.32,36.05,,0.26,site_5664,Thermo Fisher Scientific India Private Limited
South Eastern Coalfields Limited,Dipka Area,M/s Dipka Expansion Project South Eastern Coal Fields Limited Dipka Area,30-AUG-2026 07:24,30-AUG-2026 01:54,15.70,14.18,33.46,,0.24,site_5664,Thermo Fisher Scientific India Private Limited
South Eastern Coalfields Limited,Dipka Area,M/s Dipka Expansion Project South Eastern Coal Fields Limited Dipka Area,30-AUG-2026 07:23,30-AUG-2026 01:53,15.18,14.08,42.99,,0.14,site_5664,Thermo Fisher Scientific India Private Limited
South Eastern Coalfields Limited,Dipka Area,M/s Dipka Expansion Project South Eastern Coal Fields Limited Dipka Area,30-AUG-2026 07:23,30-AUG-2026 01:53,14.60,14.07,39.75,,0.06,site_5664,Thermo Fisher Scientific India Private Limited
South Eastern Coalfields Limited,Dipka Area,M/s Dipka Expansion Project South Eastern Coal Fields Limited Dipka Area,30-AUG-2026 07:22,30-AUG-2026 01:52,13.73,14.19,37.33,,0.09,site_5664,Thermo Fisher Scientific India Private Limited
South Eastern Coalfields Limited,Dipka Area,M/s Dipka Expansion Project South Eastern Coal Fields Limited Dipka Area,30-AUG-2026 07:22,30-AUG-2026 01:52,12.85,14.20,39.91,,0.08,site_5664,Thermo Fisher Scientific India Private Limited
South Eastern Coalfields Limited,Dipka Area,M/s Dipka Expansion Project South Eastern Coal Fields Limited Dipka Area,30-AUG-2026 07:21,30-AUG-2026 01:51,11.86,14.07,38.95,,0.00,site_5664,Thermo Fisher Scientific India Private Limited
South Eastern Coalfields Limited,Dipka Area,M/s Dipka Expansion Project South Eastern Coal Fields Limited Dipka Area,30-AUG-2026 07:21,30-AUG-2026 01:51,10.87,13.91,40.09,,0.00,site_5664,Thermo Fisher Scientific India Private Limited
South Eastern Coalfields Limited,Dipka Area,M/s Dipka Expansion Project South Eastern Coal Fields Limited Dipka Area,30-AUG-2026 07:20,30-AUG-2026 01:50,9.80,13.67,40.60,,0.00,site_5664,Thermo Fisher Scientific India Private Limited
South Eastern Coalfields Limited,Dipka Area,M/s Dipka Expansion Project South Eastern Coal Fields Limited Dipka Area,30-AUG-2026 07:20,30-AUG-2026 01:50,9.06,13.34,34.40,,0.00,site_5664,Thermo Fisher Scientific India Private Limited
South Eastern Coalfields Limited,Dipka Area,M/s Dipka Expansion Project South Eastern Coal Fields Limited Dipka Area,30-AUG-2026 07:19,30-AUG-2026 01:49,8.31,12.95,35.88,,0.00,site_5664,Thermo Fisher Scientific India Private Limited
South Eastern Coalfields Limited,Dipka Area,M/s Dipka Expansion Project South Eastern Coal Fields Limited Dipka Area,30-AUG-2026 07:19,30-AUG-2026 01:49,7.72,12.69,34.77,,0.00,site_5664,Thermo Fisher Scientific India Private Limited
South Eastern Coalfields Limited,Dipka Area,M/s Dipka Expansion Project South Eastern Coal Fields Limited Dipka Area,30-AUG-2026 07:18,30-AUG-2026 01:48,6.94,12.47,38.33,,0.00,site_5664,Thermo Fisher Scientific India Private Limited
South Eastern Coalfields Limited,Dipka Area,M/s Dipka Expansion Project South Eastern Coal Fields Limited Dipka Area,30-AUG-2026 07:18,30-AUG-2026 01:48,6.39,12.31,39.94,,0.00,site_5664,Thermo Fisher Scientific India Private Limited
South Eastern Coalfields Limited,Dipka Area,M/s Dipka Expansion Project South Eastern Coal Fields Limited Dipka Area,30-AUG-2026 07:17,30-AUG-2026 01:47,5.89,12.04,32.62,,0.00,site_5664,Thermo Fisher Scientific India Private Limited
South Eastern Coalfields Limited,Dipka Area,M/s Dipka Expansion Project South Eastern Coal Fields Limited Dipka Area,30-AUG-2026 07:17,30-AUG-2026 01:47,5.49,12.00,37.58,,0.02,site_5664,Thermo Fisher Scientific India Private Limited
South Eastern Coalfields Limited,Dipka Area,M/s Dipka Expansion Project South Eastern Coal Fields Limited Dipka Area,30-AUG-2026 07:16,30-AUG-2026 01:46,5.31,12.01,45.02,,0.12,site_5664,Thermo Fisher Scientific India Private Limited
South Eastern Coalfields Limited,Dipka Area,M/s Dipka Expansion Project South Eastern Coal Fields Limited Dipka Area,30-AUG-2026 07:16,30-AUG-2026 01:46,5.15,12.11,38.44,,0.14,site_5664,Thermo Fisher Scientific India Private Limited
South Eastern Coalfields Limited,"Bilaspur, CHHATTISGARHr",South Eastern Coalfields  Limited - AQMS_H_Q,30-AUG-2026 07:15,30-AUG-2026 01:45,3.48,,13.69,0.00,0.00,site_5592,Swan Environ
South Eastern Coalfields Limited,Dipka Area,M/s Dipka Expansion Project South Eastern Coal Fields Limited Dipka Area,30-AUG-2026 07:15,30-AUG-2026 01:45,5.02,12.32,42.35,,0.00,site_5664,Thermo Fisher Scientific India Private Limited
South Eastern Coalfields Limited,Dipka Area,M/s Dipka Expansion Project South Eastern Coal Fields Limited Dipka Area,30-AUG-2026 07:15,30-AUG-2026 01:45,4.93,12.47,35.87,,0.11,site_5664,Thermo Fisher Scientific India Private Limited
South Eastern Coalfields Limited,Dipka Area,M/s Dipka Expansion Project South Eastern Coal Fields Limited Dipka Area,30-AUG-2026 07:14,30-AUG-2026 01:44,5.02,12.84,43.50,,0.23,site_5664,Thermo Fisher Scientific India Private Limited
South Eastern Coalfields Limited,Dipka Area,M/s Dipka Expansion Project South Eastern Coal Fields Limited Dipka Area,30-AUG-2026 07:14,30-AUG-2026 01:44,5.21,12.98,46.17,,0.29,site_5664,Thermo Fisher Scientific India Private Limited
South Eastern Coalfields Limited,Dipka Area,M/s Dipka Expansion Project South Eastern Coal Fields Limited Dipka Area,30-AUG-2026 07:13,30-AUG-2026 01:43,5.39,13.12,34.84,,0.23,site_5664,Thermo Fisher Scientific India Private Limited
South Eastern Coalfields Limited,Dipka Area,M/s Dipka Expansion Project South Eastern Coal Fields Limited Dipka Area,30-AUG-2026 07:13,30-AUG-2026 01:43,5.65,13.31,39.30,,0.39,site_5664,Thermo Fisher Scientific India Private Limited
South Eastern Coalfields Limited,Dipka Area,M/s Dipka Expansion Project South Eastern Coal Fields Limited Dipka Area,30-AUG-2026 07:12,30-AUG-2026 01:42,5.97,13.58,40.82,,0.36,site_5664,Thermo Fisher Scientific India Private Limited
South Eastern Coalfields Limited,Dipka Area,M/s Dipka Expansion Project South Eastern Coal Fields Limited Dipka Area,30-AUG-2026 07:12,30-AUG-2026 01:42,6.45,13.99,40.45,,0.36,site_5664,Thermo Fisher Scientific India Private Limited
South Eastern Coalfields Limited,Dipka Area,M/s Dipka Expansion Project South Eastern Coal Fields Limited Dipka Area,30-AUG-2026 07:11,30-AUG-2026 01:41,6.76,14.46,33.47,,0.22,site_5664,Thermo Fisher Scientific India Private Limited
South Eastern Coalfields Limited,Dipka Area,M/s Dipka Expansion Project South Eastern Coal Fields Limited Dipka Area,30-AUG-2026 07:11,30-AUG-2026 01:41,7.03,14.96,44.19,,0.34,site_5664,Thermo Fisher Scientific India Private Limited
South Eastern Coalfields Limited,Dipka Area,M/s Dipka Expansion Project South Eastern Coal Fields Limited Dipka Area,30-AUG-2026 07:10,30-AUG-2026 01:40,7.27,15.42,38.79,,0.39,site_5664,Thermo Fisher Scientific India Private Limited
South Eastern Coalfields Limited,"Gevra , Chattisgarh",SECL GEVRA,30-AUG-2026 07:10,30-AUG-2026 07:00,47.50,84.92,14.11,10.71,1.01,site_,Envea India Pvt Ltd
South Eastern Coalfields Limited,"Gevra , Chattisgarh",SECL GEVRA,30-AUG-2026 07:10,30-AUG-2026 07:00,47.50,84.92,14.11,10.71,1.01,site_,Envea India Pvt Ltd
South Eastern Coalfields Limited,"Gevra , Chattisgarh",SECL GEVRA,30-AUG-2026 07:10,30-AUG-2026 07:00,47.50,84.92,14.11,10.71,1.01,site_,Envea India Pvt Ltd
South Eastern Coalfields Limited,Dipka Area,M/s Dipka Expansion Project South Eastern Coal Fields Limited Dipka Area,30-AUG-2026 07:10,30-AUG-2026 01:40,7.49,15.65,34.81,,0.26,site_5664,Thermo Fisher Scientific India Private Limited
South Eastern Coalfields Limited,Dipka Area,M/s Dipka Expansion Project South Eastern Coal Fields Limited Dipka Area,30-AUG-2026 07:09,30-AUG-2026 01:39,7.80,15.80,41.66,,0.24,site_5664,Thermo Fisher Scientific India Private Limited
South Eastern Coalfields Limited,Dipka Area,M/s Dipka Expansion Project South Eastern Coal Fields Limited Dipka Area,30-AUG-2026 07:09,30-AUG-2026 01:39,8.05,15.77,38.30,,0.11,site_5664,Thermo Fisher Scientific India Private Limited
South Eastern Coalfields Limited,Dipka Area,M/s Dipka Expansion Project South Eastern Coal Fields Limited Dipka Area,30-AUG-2026 07:08,30-AUG-2026 01:38,8.39,15.62,35.76,,0.15,site_5664,Thermo Fisher Scientific India Private Limited
South Eastern Coalfields Limited,Dipka Area,M/s Dipka Expansion Project South Eastern Coal Fields Limited Dipka Area,30-AUG-2026 07:08,30-AUG-2026 01:38,8.67,15.46,39.49,,0.09,site_5664,Thermo Fisher Scientific India Private Limited
South Eastern Coalfields Limited,Dipka Area,M/s Dipka Expansion Project South Eastern Coal Fields Limited Dipka Area,30-AUG-2026 07:07,30-AUG-2026 01:37,9.16,15.30,41.80,,0.07,site_5664,Thermo Fisher Scientific India Private Limited
South Eastern Coalfields Limited,Dipka Area,M/s Dipka Expansion Project South Eastern Coal Fields Limited Dipka Area,30-AUG-2026 07:07,30-AUG-2026 01:37,9.58,15.16,37.88,,0.00,site_5664,Thermo Fisher Scientific India Private Limited
South Eastern Coalfields Limited,Dipka Area,M/s Dipka Expansion Project South Eastern Coal Fields Limited Dipka Area,30-AUG-2026 07:06,30-AUG-2026 01:36,10.02,14.98,40.19,,0.00,site_5664,Thermo Fisher Scientific India Private Limited
South Eastern Coalfields Limited,Dipka Area,M/s Dipka Expansion Project South Eastern Coal Fields Limited Dipka Area,30-AUG-2026 07:06,30-AUG-2026 01:36,10.36,14.81,38.26,,0.00,site_5664,Thermo Fisher Scientific India Private Limited
South Eastern Coalfields Limited,Dipka Area,M/s Dipka Expansion Project South Eastern Coal Fields Limited Dipka Area,30-AUG-2026 07:05,30-AUG-2026 01:35,10.92,14.71,35.29,,0.00,site_5664,Thermo Fisher Scientific India Private Limited
South Eastern Coalfields Limited,Dipka Area,M/s Dipka Expansion Project South Eastern Coal Fields Limited Dipka Area,30-AUG-2026 07:05,30-AUG-2026 01:35,11.46,14.51,42.44,,0.00,site_5664,Thermo Fisher Scientific India Private Limited
South Eastern Coalfields Limited,Dipka Area,M/s Dipka Expansion Project South Eastern Coal Fields Limited Dipka Area,30-AUG-2026 07:04,30-AUG-2026 01:34,12.08,14.22,40.05,,0.00,site_5664,Thermo Fisher Scientific India Private Limited
South Eastern Coalfields Limited,Dipka Area,M/s Dipka Expansion Project South Eastern Coal Fields Limited Dipka Area,30-AUG-2026 07:04,30-AUG-2026 01:34,12.56,14.12,34.67,,0.00,site_5664,Thermo Fisher Scientific India Private Limited
South Eastern Coalfields Limited,Dipka Area,M/s Dipka Expansion Project South Eastern Coal Fields Limited Dipka Area,30-AUG-2026 07:03,30-AUG-2026 01:33,13.21,14.10,34.31,,0.00,site_5664,Thermo Fisher Scientific India Private Limited
South Eastern Coalfields Limited,Dipka Area,M/s Dipka Expansion Project South Eastern Coal Fields Limited Dipka Area,30-AUG-2026 07:03,30-AUG-2026 01:33,13.69,14.23,38.11,,0.00,site_5664,Thermo Fisher Scientific India Private Limited
South Eastern Coalfields Limited,Dipka Area,M/s Dipka Expansion Project South Eastern Coal Fields Limited Dipka Area,30-AUG-2026 07:02,30-AUG-2026 01:32,14.01,14.46,37.52,,0.04,site_5664,Thermo Fisher Scientific India Private Limited
South Eastern Coalfields Limited,Dipka Area,M/s Dipka Expansion Project South Eastern Coal Fields Limited Dipka Area,30-AUG-2026 07:02,30-AUG-2026 01:32,14.30,14.80,34.84,,0.02,site_5664,Thermo Fisher Scientific India Private Limited
South Eastern Coalfields Limited,Dipka Area,M/s Dipka Expansion Project South Eastern Coal Fields Limited Dipka Area,30-AUG-2026 07:01,30-AUG-2026 01:31,14.61,15.20,33.74,,0.17,site_5664,Thermo Fisher Scientific India Private Limited
South Eastern Coalfields Limited,Dipka Area,M/s Dipka Expansion Project South Eastern Coal Fields Limited Dipka Area,30-AUG-2026 07:01,30-AUG-2026 01:31,14.94,15.51,38.18,,0.17,site_5664,Thermo Fisher Scientific India Private Limited
South Eastern Coalfields Limited,Dipka Area,M/s Dipka Expansion Project South Eastern Coal Fields Limited Dipka Area,30-AUG-2026 07:00,30-AUG-2026 01:30,15.26,15.77,38.20,,0.23,site_5664,Thermo Fisher Scientific India Private Limited
South Eastern Coalfields Limited,"Bilaspur, CHHATTISGARHr",South Eastern Coalfields  Limited - AQMS_H_Q,30-AUG-2026 07:00,30-AUG-2026 01:29,3.12,,12.51,271.61,0.34,site_5592,Swan Environ
South Eastern Coalfields Limited,Dipka Area,M/s Dipka Expansion Project South Eastern Coal Fields Limited Dipka Area,30-AUG-2026 06:59,30-AUG-2026 01:29,15.48,16.34,39.89,,0.30,site_5664,Thermo Fisher Scientific India Private Limited
South Eastern Coalfields Limited,Dipka Area,M/s Dipka Expansion Project South Eastern Coal Fields Limited Dipka Area,30-AUG-2026 06:59,30-AUG-2026 01:29,15.40,16.63,36.79,,0.36,site_5664,Thermo Fisher Scientific India Private Limited
South Eastern Coalfields Limited,Dipka Area,M/s Dipka Expansion Project South Eastern Coal Fields Limited Dipka Area,30-AUG-2026 06:58,30-AUG-2026 01:28,15.06,16.95,36.44,,0.20,site_5664,Thermo Fisher Scientific India Private Limited
South Eastern Coalfields Limited,Dipka Area,M/s Dipka Expansion Project South Eastern Coal Fields Limited Dipka Area,30-AUG-2026 06:58,30-AUG-2026 01:28,14.63,17.12,40.51,,0.19,site_5664,Thermo Fisher Scientific India Private Limited
South Eastern Coalfields Limited,Dipka Area,M/s Dipka Expansion Project South Eastern Coal Fields Limited Dipka Area,30-AUG-2026 06:57,30-AUG-2026 01:27,13.91,17.41,40.10,,0.24,site_5664,Thermo Fisher Scientific India Private Limited
South Eastern Coalfields Limited,Dipka Area,M/s Dipka Expansion Project South Eastern Coal Fields Limited Dipka Area,30-AUG-2026 06:57,30-AUG-2026 01:27,13.35,17.48,39.73,,0.30,site_5664,Thermo Fisher Scientific India Private Limited
South Eastern Coalfields Limited,Dipka Area,M/s Dipka Expansion Project South Eastern Coal Fields Limited Dipka Area,30-AUG-2026 06:56,30-AUG-2026 01:26,12.80,17.35,40.91,,0.27,site_5664,Thermo Fisher Scientific India Private Limited
South Eastern Coalfields Limited,Dipka Area,M/s Dipka Expansion Project South Eastern Coal Fields Limited Dipka Area,30-AUG-2026 06:56,30-AUG-2026 01:26,12.31,17.20,36.24,,0.41,site_5664,Thermo Fisher Scientific India Private Limited
South Eastern Coalfields Limited,Dipka Area,M/s Dipka Expansion Project South Eastern Coal Fields Limited Dipka Area,30-AUG-2026 06:55,30-AUG-2026 01:25,11.86,17.08,43.24,,0.44,site_5664,Thermo Fisher Scientific India Private Limited
South Eastern Coalfields Limited,"Gevra , Chattisgarh",SECL GEVRA,30-AUG-2026 06:55,30-AUG-2026 06:45,27.20,49.71,12.98,7.71,0.53,site_,Envea India Pvt Ltd
South Eastern Coalfields Limited,Dipka Area,M/s Dipka Expansion Project South Eastern Coal Fields Limited Dipka Area,30-AUG-2026 06:55,30-AUG-2026 01:25,11.30,17.07,42.36,,0.46,site_5664,Thermo Fisher Scientific India Private Limited
South Eastern Coalfields Limited,Dipka Area,M/s Dipka Expansion Project South Eastern Coal Fields Limited Dipka Area,30-AUG-2026 06:54,30-AUG-2026 01:24,10.79,16.90,36.30,,0.43,site_5664,Thermo Fisher Scientific India Private Limited
South Eastern Coalfields Limited,Dipka Area,M/s Dipka Expansion Project South Eastern Coal Fields Limited Dipka Area,30-AUG-2026 06:54,30-AUG-2026 01:24,10.33,16.88,40.06,,0.40,site_5664,Thermo Fisher Scientific India Private Limited
South Eastern Coalfields Limited,Dipka Area,M/s Dipka Expansion Project South Eastern Coal Fields Limited Dipka Area,30-AUG-2026 06:53,30-AUG-2026 01:23,9.71,16.88,40.67,,0.40,site_5664,Thermo Fisher Scientific India Private Limited
South Eastern Coalfields Limited,Dipka Area,M/s Dipka Expansion Project South Eastern Coal Fields Limited Dipka Area,30-AUG-2026 06:53,30-AUG-2026 01:23,9.34,16.90,36.60,,0.40,site_5664,Thermo Fisher Scientific India Private Limited
South Eastern Coalfields Limited,Dipka Area,M/s Dipka Expansion Project South Eastern Coal Fields Limited Dipka Area,30-AUG-2026 06:52,30-AUG-2026 01:22,8.92,16.92,39.20,,0.33,site_5664,Thermo Fisher Scientific India Private Limited
South Eastern Coalfields Limited,Dipka Area,M/s Dipka Expansion Project South Eastern Coal Fields Limited Dipka Area,30-AUG-2026 06:52,30-AUG-2026 01:22,8.76,16.90,37.49,,0.36,site_5664,Thermo Fisher Scientific India Private Limited
South Eastern Coalfields Limited,Dipka Area,M/s Dipka Expansion Project South Eastern Coal Fields Limited Dipka Area,30-AUG-2026 06:51,30-AUG-2026 01:21,8.58,17.00,41.47,,0.33,site_5664,Thermo Fisher Scientific India Private Limited
South Eastern Coalfields Limited,Dipka Area,M/s Dipka Expansion Project South Eastern Coal Fields Limited Dipka Area,30-AUG-2026 06:51,30-AUG-2026 01:21,8.36,17.04,33.58,,0.31,site_5664,Thermo Fisher Scientific India Private Limited
South Eastern Coalfields Limited,Dipka Area,M/s Dipka Expansion Project South Eastern Coal Fields Limited Dipka Area,30-AUG-2026 06:50,30-AUG-2026 01:20,8.11,17.18,37.51,,0.27,site_5664,Thermo Fisher Scientific India Private Limited
South Eastern Coalfields Limited,Dipka Area,M/s Dipka Expansion Project South Eastern Coal Fields Limited Dipka Area,30-AUG-2026 06:50,30-AUG-2026 01:20,7.72,17.34,34.84,,0.18,site_5664,Thermo Fisher Scientific India Private Limited
South Eastern Coalfields Limited,Dipka Area,M/s Dipka Expansion Project South Eastern Coal Fields Limited Dipka Area,30-AUG-2026 06:49,30-AUG-2026 01:19,7.25,17.57,38.13,,0.14,site_5664,Thermo Fisher Scientific India Private Limited
South Eastern Coalfields Limited,Dipka Area,M/s Dipka Expansion Project South Eastern Coal Fields Limited Dipka Area,30-AUG-2026 06:49,30-AUG-2026 01:19,6.99,17.79,35.39,,0.06,site_5664,Thermo Fisher Scientific India Private Limited
South Eastern Coalfields Limited,Dipka Area,M/s Dipka Expansion Project South Eastern Coal Fields Limited Dipka Area,30-AUG-2026 06:48,30-AUG-2026 01:18,6.61,18.08,40.29,,0.05,site_5664,Thermo Fisher Scientific India Private Limited
South Eastern Coalfields Limited,Dipka Area,M/s Dipka Expansion Project South Eastern Coal Fields Limited Dipka Area,30-AUG-2026 06:48,30-AUG-2026 01:18,6.32,18.27,40.80,,0.00,site_5664,Thermo Fisher Scientific India Private Limited
South Eastern Coalfields Limited,Dipka Area,M/s Dipka Expansion Project South Eastern Coal Fields Limited Dipka Area,30-AUG-2026 06:47,30-AUG-2026 01:17,6.32,18.33,39.59,,0.00,site_5664,Thermo Fisher Scientific India Private Limited
South Eastern Coalfields Limited,Dipka Area,M/s Dipka Expansion Project South Eastern Coal Fields Limited Dipka Area,30-AUG-2026 06:47,30-AUG-2026 01:17,6.37,18.41,42.57,,0.00,site_5664,Thermo Fisher Scientific India Private Limited
South Eastern Coalfields Limited,Dipka Area,M/s Dipka Expansion Project South Eastern Coal Fields Limited Dipka Area,30-AUG-2026 06:46,30-AUG-2026 01:16,6.17,18.43,34.50,,0.06,site_5664,Thermo Fisher Scientific India Private Limited
South Eastern Coalfields Limited,Dipka Area,M/s Dipka Expansion Project South Eastern Coal Fields Limited Dipka Area,30-AUG-2026 06:46,30-AUG-2026 01:16,5.77,18.36,39.59,,0.00,site_5664,Thermo Fisher Scientific India Private Limited
South Eastern Coalfields Limited,Dipka Area,M/s Dipka Expansion Project South Eastern Coal Fields Limited Dipka Area,30-AUG-2026 06:45,30-AUG-2026 01:15,5.36,18.28,40.39,,0.00,site_5664,Thermo Fisher Scientific India Private Limited
South Eastern Coalfields Limited,"Bilaspur, CHHATTISGARHr",South Eastern Coalfields  Limited - AQMS_H_Q,30-AUG-2026 06:45,30-AUG-2026 01:14,3.55,,12.80,240.97,0.26,site_5592,Swan Environ
South Eastern Coalfields Limited,Dipka Area,M/s Dipka Expansion Project South Eastern Coal Fields Limited Dipka Area,30-AUG-2026 06:45,30-AUG-2026 01:15,5.09,18.33,36.45,,0.16,site_5664,Thermo Fisher Scientific India Private Limited
South Eastern Coalfields Limited,Dipka Area,M/s Dipka Expansion Project South Eastern Coal Fields Limited Dipka Area,30-AUG-2026 06:44,30-AUG-2026 01:14,4.65,18.33,38.98,,0.03,site_5664,Thermo Fisher Scientific India Private Limited
South Eastern Coalfields Limited,Dipka Area,M/s Dipka Expansion Project South Eastern Coal Fields Limited Dipka Area,30-AUG-2026 06:44,30-AUG-2026 01:14,4.35,18.18,40.32,,0.09,site_5664,Thermo Fisher Scientific India Private Limited
South Eastern Coalfields Limited,Dipka Area,M/s Dipka Expansion Project South Eastern Coal Fields Limited Dipka Area,30-AUG-2026 06:43,30-AUG-2026 01:13,4.39,18.13,44.76,,0.25,site_5664,Thermo Fisher Scientific India Private Limited
South Eastern Coalfields Limited,Dipka Area,M/s Dipka Expansion Project South Eastern Coal Fields Limited Dipka Area,30-AUG-2026 06:43,30-AUG-2026 01:13,4.55,18.13,46.60,,0.32,site_5664,Thermo Fisher Scientific India Private Limited
South Eastern Coalfields Limited,Dipka Area,M/s Dipka Expansion Project South Eastern Coal Fields Limited Dipka Area,30-AUG-2026 06:42,30-AUG-2026 01:12,4.75,18.03,40.02,,0.36,site_5664,Thermo Fisher Scientific India Private Limited
South Eastern Coalfields Limited,Dipka Area,M/s Dipka Expansion Project South Eastern Coal Fields Limited Dipka Area,30-AUG-2026 06:42,30-AUG-2026 01:12,4.90,18.06,38.20,,0.32,site_5664,Thermo Fisher Scientific India Private Limited
South Eastern Coalfields Limited,Dipka Area,M/s Dipka Expansion Project South Eastern Coal Fields Limited Dipka Area,30-AUG-2026 06:41,30-AUG-2026 01:11,5.06,18.09,40.20,,0.27,site_5664,Thermo Fisher Scientific India Private Limited
South Eastern Coalfields Limited,Dipka Area,M/s Dipka Expansion Project South Eastern Coal Fields Limited Dipka Area,30-AUG-2026 06:41,30-AUG-2026 01:11,5.18,18.16,40.24,,0.37,site_5664,Thermo Fisher Scientific India Private Limited
South Eastern Coalfields Limited,Dipka Area,M/s Dipka Expansion Project South Eastern Coal Fields Limited Dipka Area,30-AUG-2026 06:40,30-AUG-2026 01:10,5.26,18.21,43.18,,0.34,site_5664,Thermo Fisher Scientific India Private Limited
South Eastern Coalfields Limited,"Gevra , Chattisgarh",SECL GEVRA,30-AUG-2026 06:40,30-AUG-2026 06:30,32.10,58.18,13.25,8.43,0.64,site_,Envea India Pvt Ltd
South Eastern Coalfields Limited,"Gevra , Chattisgarh",SECL GEVRA,30-AUG-2026 06:40,30-AUG-2026 06:30,32.10,58.18,13.25,8.43,0.64,site_,Envea India Pvt Ltd
South Eastern Coalfields Limited,Dipka Area,M/s Dipka Expansion Project South Eastern Coal Fields Limited Dipka Area,30-AUG-2026 06:40,30-AUG-2026 01:10,5.40,18.16,39.60,,0.38,site_5664,Thermo Fisher Scientific India Private Limited
South Eastern Coalfields Limited,Dipka Area,M/s Dipka Expansion Project South Eastern Coal Fields Limited Dipka Area,30-AUG-2026 06:39,30-AUG-2026 01:09,5.82,17.93,41.94,,0.50,site_5664,Thermo Fisher Scientific India Private Limited
South Eastern Coalfields Limited,Dipka Area,M/s Dipka Expansion Project South Eastern Coal Fields Limited Dipka Area,30-AUG-2026 06:39,30-AUG-2026 01:09,6.04,17.57,38.11,,0.50,site_5664,Thermo Fisher Scientific India Private Limited
South Eastern Coalfields Limited,Dipka Area,M/s Dipka Expansion Project South Eastern Coal Fields Limited Dipka Area,30-AUG-2026 06:38,30-AUG-2026 01:08,6.35,17.26,39.59,,0.36,site_5664,Thermo Fisher Scientific India Private Limited
South Eastern Coalfields Limited,Dipka Area,M/s Dipka Expansion Project South Eastern Coal Fields Limited Dipka Area,30-AUG-2026 06:38,30-AUG-2026 01:08,6.79,16.94,35.96,,0.34,site_5664,Thermo Fisher Scientific India Private Limited
South Eastern Coalfields Limited,Dipka Area,M/s Dipka Expansion Project South Eastern Coal Fields Limited Dipka Area,30-AUG-2026 06:37,30-AUG-2026 01:07,7.19,16.65,38.72,,0.41,site_5664,Thermo Fisher Scientific India Private Limited
South Eastern Coalfields Limited,Dipka Area,M/s Dipka Expansion Project South Eastern Coal Fields Limited Dipka Area,30-AUG-2026 06:37,30-AUG-2026 01:07,7.39,16.48,37.04,,0.34,site_5664,Thermo Fisher Scientific India Private Limited
South Eastern Coalfields Limited,Dipka Area,M/s Dipka Expansion Project South Eastern Coal Fields Limited Dipka Area,30-AUG-2026 06:36,30-AUG-2026 01:06,7.49,16.41,39.49,,0.37,site_5664,Thermo Fisher Scientific India Private Limited
South Eastern Coalfields Limited,Dipka Area,M/s Dipka Expansion Project South Eastern Coal Fields Limited Dipka Area,30-AUG-2026 06:36,30-AUG-2026 01:06,7.70,16.39,38.92,,0.32,site_5664,Thermo Fisher Scientific India Private Limited
South Eastern Coalfields Limited,Dipka Area,M/s Dipka Expansion Project South Eastern Coal Fields Limited Dipka Area,30-AUG-2026 06:35,30-AUG-2026 01:05,7.59,16.33,37.65,,0.50,site_5664,Thermo Fisher Scientific India Private Limited
South Eastern Coalfields Limited,Dipka Area,M/s Dipka Expansion Project South Eastern Coal Fields Limited Dipka Area,30-AUG-2026 06:35,30-AUG-2026 01:05,7.27,16.42,33.03,,0.39,site_5664,Thermo Fisher Scientific India Private Limited
South Eastern Coalfields Limited,Dipka Area,M/s Dipka Expansion Project South Eastern Coal Fields Limited Dipka Area,30-AUG-2026 06:34,30-AUG-2026 01:04,7.16,16.56,39.76,,0.46,site_5664,Thermo Fisher Scientific India Private Limited
South Eastern Coalfields Limited,Dipka Area,M/s Dipka Expansion Project South Eastern Coal Fields Limited Dipka Area,30-AUG-2026 06:34,30-AUG-2026 01:04,7.09,16.57,38.60,,0.42,site_5664,Thermo Fisher Scientific India Private Limited
South Eastern Coalfields Limited,Dipka Area,M/s Dipka Expansion Project South Eastern Coal Fields Limited Dipka Area,30-AUG-2026 06:33,30-AUG-2026 01:03,7.09,16.64,41.57,,0.49,site_5664,Thermo Fisher Scientific India Private Limited
South Eastern Coalfields Limited,Dipka Area,M/s Dipka Expansion Project South Eastern Coal Fields Limited Dipka Area,30-AUG-2026 06:33,30-AUG-2026 01:03,7.15,16.66,38.31,,0.45,site_5664,Thermo Fisher Scientific India Private Limited
South Eastern Coalfields Limited,Dipka Area,M/s Dipka Expansion Project South Eastern Coal Fields Limited Dipka Area,30-AUG-2026 06:32,30-AUG-2026 01:02,7.50,16.83,33.29,,0.39,site_5664,Thermo Fisher Scientific India Private Limited
South Eastern Coalfields Limited,Dipka Area,M/s Dipka Expansion Project South Eastern Coal Fields Limited Dipka Area,30-AUG-2026 06:32,30-AUG-2026 01:02,7.82,16.86,38.56,,0.54,site_5664,Thermo Fisher Scientific India Private Limited
South Eastern Coalfields Limited,Dipka Area,M/s Dipka Expansion Project South Eastern Coal Fields Limited Dipka Area,30-AUG-2026 06:31,30-AUG-2026 01:01,7.91,16.92,32.48,,0.62,site_5664,Thermo Fisher Scientific India Private Limited
South Eastern Coalfields Limited,Dipka Area,M/s Dipka Expansion Project South Eastern Coal Fields Limited Dipka Area,30-AUG-2026 06:31,30-AUG-2026 01:01,8.11,17.05,40.36,,0.67,site_5664,Thermo Fisher Scientific India Private Limited
South Eastern Coalfields Limited,Dipka Area,M/s Dipka Expansion Project South Eastern Coal Fields Limited Dipka Area,30-AUG-2026 06:30,30-AUG-2026 01:00,8.28,17.23,36.26,,0.48,site_5664,Thermo Fisher Scientific India Private Limited
South Eastern Coalfields Limited,"Bilaspur, CHHATTISGARHr",South Eastern Coalfields  Limited - AQMS_H_Q,30-AUG-2026 06:30,30-AUG-2026 00:59,98.97,,0.00,3.87,0.00,site_5592,Swan Environ
South Eastern Coalfields Limited,Dipka Area,M/s Dipka Expansion Project South Eastern Coal Fields Limited Dipka Area,30-AUG-2026 06:30,30-AUG-2026 01:00,8.37,17.42,32.13,,0.50,site_5664,Thermo Fisher Scientific India Private Limited
South Eastern Coalfields Limited,Dipka Area,M/s Dipka Expansion Project South Eastern Coal Fields Limited Dipka Area,30-AUG-2026 06:29,30-AUG-2026 00:59,8.41,17.67,42.84,,0.53,site_5664,Thermo Fisher Scientific India Private Limited
South Eastern Coalfields Limited,Dipka Area,M/s Dipka Expansion Project South Eastern Coal Fields Limited Dipka Area,30-AUG-2026 06:29,30-AUG-2026 00:59,8.49,18.00,33.02,,0.67,site_5664,Thermo Fisher Scientific India Private Limited
South Eastern Coalfields Limited,Dipka Area,M/s Dipka Expansion Project South Eastern Coal Fields Limited Dipka Area,30-AUG-2026 06:28,30-AUG-2026 00:58,8.72,18.33,33.99,,0.68,site_5664,Thermo Fisher Scientific India Private Limited
South Eastern Coalfields Limited,Dipka Area,M/s Dipka Expansion Project South Eastern Coal Fields Limited Dipka Area,30-AUG-2026 06:28,30-AUG-2026 00:58,8.77,18.54,45.59,,0.72,site_5664,Thermo Fisher Scientific India Private Limited
South Eastern Coalfields Limited,Dipka Area,M/s Dipka Expansion Project South Eastern Coal Fields Limited Dipka Area,30-AUG-2026 06:27,30-AUG-2026 00:57,8.64,18.75,36.93,,0.71,site_5664,Thermo Fisher Scientific India Private Limited
South Eastern Coalfields Limited,Dipka Area,M/s Dipka Expansion Project South Eastern Coal Fields Limited Dipka Area,30-AUG-2026 06:27,30-AUG-2026 00:57,8.65,18.90,39.74,,0.67,site_5664,Thermo Fisher Scientific India Private Limited
South Eastern Coalfields Limited,Dipka Area,M/s Dipka Expansion Project South Eastern Coal Fields Limited Dipka Area,30-AUG-2026 06:26,30-AUG-2026 00:56,8.64,18.90,36.71,,0.65,site_5664,Thermo Fisher Scientific India Private Limited
South Eastern Coalfields Limited,Dipka Area,M/s Dipka Expansion Project South Eastern Coal Fields Limited Dipka Area,30-AUG-2026 06:26,30-AUG-2026 00:56,8.56,18.89,35.60,,0.55,site_5664,Thermo Fisher Scientific India Private Limited
South Eastern Coalfields Limited,Dipka Area,M/s Dipka Expansion Project South Eastern Coal Fields Limited Dipka Area,30-AUG-2026 06:25,30-AUG-2026 00:55,8.28,18.98,33.87,,0.57,site_5664,Thermo Fisher Scientific India Private Limited
South Eastern Coalfields Limited,"Gevra , Chattisgarh",SECL GEVRA,30-AUG-2026 06:25,30-AUG-2026 06:15,22.10,40.73,12.69,6.95,0.40,site_,Envea India Pvt Ltd
South Eastern Coalfields Limited,"Gevra , Chattisgarh",SECL GEVRA,30-AUG-2026 06:25,30-AUG-2026 06:15,22.10,40.73,12.69,6.95,0.40,site_,Envea India Pvt Ltd
South Eastern Coalfields Limited,"Gevra , Chattisgarh",SECL GEVRA,30-AUG-2026 06:25,30-AUG-2026 06:15,22.10,40.73,12.69,6.95,0.40,site_,Envea India Pvt Ltd
South Eastern Coalfields Limited,Dipka Area,M/s Dipka Expansion Project South Eastern Coal Fields Limited Dipka Area,30-AUG-2026 06:25,30-AUG-2026 00:55,8.09,19.07,38.13,,0.46,site_5664,Thermo Fisher Scientific India Private Limited
South Eastern Coalfields Limited,Dipka Area,M/s Dipka Expansion Project South Eastern Coal Fields Limited Dipka Area,30-AUG-2026 06:24,30-AUG-2026 00:54,7.96,19.21,38.84,,0.42,site_5664,Thermo Fisher Scientific India Private Limited
South Eastern Coalfields Limited,Dipka Area,M/s Dipka Expansion Project South Eastern Coal Fields Limited Dipka Area,30-AUG-2026 06:24,30-AUG-2026 00:54,7.86,19.39,35.55,,0.32,site_5664,Thermo Fisher Scientific India Private Limited
South Eastern Coalfields Limited,Dipka Area,M/s Dipka Expansion Project South Eastern Coal Fields Limited Dipka Area,30-AUG-2026 06:23,30-AUG-2026 00:53,7.79,19.45,42.85,,0.36,site_5664,Thermo Fisher Scientific India Private Limited
South Eastern Coalfields Limited,Dipka Area,M/s Dipka Expansion Project South Eastern Coal Fields Limited Dipka Area,30-AUG-2026 06:23,30-AUG-2026 00:53,7.84,19.28,32.23,,0.35,site_5664,Thermo Fisher Scientific India Private Limited
South Eastern Coalfields Limited,Dipka Area,M/s Dipka Expansion Project South Eastern Coal Fields Limited Dipka Area,30-AUG-2026 06:22,30-AUG-2026 00:52,8.18,19.06,35.71,,0.33,site_5664,Thermo Fisher Scientific India Private Limited
South Eastern Coalfields Limited,Dipka Area,M/s Dipka Expansion Project South Eastern Coal Fields Limited Dipka Area,30-AUG-2026 06:22,30-AUG-2026 00:52,8.60,18.94,39.46,,0.23,site_5664,Thermo Fisher Scientific India Private Limited
South Eastern Coalfields Limited,Dipka Area,M/s Dipka Expansion Project South Eastern Coal Fields Limited Dipka Area,30-AUG-2026 06:21,30-AUG-2026 00:51,9.18,18.79,34.75,,0.14,site_5664,Thermo Fisher Scientific India Private Limited
South Eastern Coalfields Limited,Dipka Area,M/s Dipka Expansion Project South Eastern Coal Fields Limited Dipka Area,30-AUG-2026 06:21,30-AUG-2026 00:51,9.58,18.64,33.18,,0.17,site_5664,Thermo Fisher Scientific India Private Limited
South Eastern Coalfields Limited,Dipka Area,M/s Dipka Expansion Project South Eastern Coal Fields Limited Dipka Area,30-AUG-2026 06:20,30-AUG-2026 00:50,9.89,18.64,38.34,,0.25,site_5664,Thermo Fisher Scientific India Private Limited
South Eastern Coalfields Limited,Dipka Area,M/s Dipka Expansion Project South Eastern Coal Fields Limited Dipka Area,30-AUG-2026 06:20,30-AUG-2026 00:50,10.08,18.69,36.77,,0.28,site_5664,Thermo Fisher Scientific India Private Limited
South Eastern Coalfields Limited,Dipka Area,M/s Dipka Expansion Project South Eastern Coal Fields Limited Dipka Area,30-AUG-2026 06:19,30-AUG-2026 00:49,10.16,18.62,39.26,,0.26,site_5664,Thermo Fisher Scientific India Private Limited
South Eastern Coalfields Limited,Dipka Area,M/s Dipka Expansion Project South Eastern Coal Fields Limited Dipka Area,30-AUG-2026 06:19,30-AUG-2026 00:49,10.28,18.42,34.17,,0.24,site_5664,Thermo Fisher Scientific India Private Limited
South Eastern Coalfields Limited,Dipka Area,M/s Dipka Expansion Project South Eastern Coal Fields Limited Dipka Area,30-AUG-2026 06:18,30-AUG-2026 00:48,10.23,18.04,34.56,,0.14,site_5664,Thermo Fisher Scientific India Private Limited
South Eastern Coalfields Limited,Dipka Area,M/s Dipka Expansion Project South Eastern Coal Fields Limited Dipka Area,30-AUG-2026 06:18,30-AUG-2026 00:48,10.26,17.81,37.01,,0.10,site_5664,Thermo Fisher Scientific India Private Limited
South Eastern Coalfields Limited,Dipka Area,M/s Dipka Expansion Project South Eastern Coal Fields Limited Dipka Area,30-AUG-2026 06:17,30-AUG-2026 00:47,10.57,17.47,40.03,,0.09,site_5664,Thermo Fisher Scientific India Private Limited
South Eastern Coalfields Limited,Dipka Area,M/s Dipka Expansion Project South Eastern Coal Fields Limited Dipka Area,30-AUG-2026 06:17,30-AUG-2026 00:47,10.85,17.20,39.42,,0.13,site_5664,Thermo Fisher Scientific India Private Limited
South Eastern Coalfields Limited,Dipka Area,M/s Dipka Expansion Project South Eastern Coal Fields Limited Dipka Area,30-AUG-2026 06:16,30-AUG-2026 00:46,11.15,16.95,34.42,,0.21,site_5664,Thermo Fisher Scientific India Private Limited
South Eastern Coalfields Limited,Dipka Area,M/s Dipka Expansion Project South Eastern Coal Fields Limited Dipka Area,30-AUG-2026 06:16,30-AUG-2026 00:46,11.31,16.75,41.33,,0.24,site_5664,Thermo Fisher Scientific India Private Limited
South Eastern Coalfields Limited,"Bilaspur, CHHATTISGARHr",South Eastern Coalfields  Limited - AQMS_H_Q,30-AUG-2026 06:15,30-AUG-2026 00:44,0.20,,270.00,99.06,25.39,site_5592,Swan Environ
South Eastern Coalfields Limited,Dipka Area,M/s Dipka Expansion Project South Eastern Coal Fields Limited Dipka Area,30-AUG-2026 06:15,30-AUG-2026 00:45,11.60,16.70,37.90,,0.27,site_5664,Thermo Fisher Scientific India Private Limited
South Eastern Coalfields Limited,Dipka Area,M/s Dipka Expansion Project South Eastern Coal Fields Limited Dipka Area,30-AUG-2026 06:15,30-AUG-2026 00:45,11.83,16.56,34.57,,0.27,site_5664,Thermo Fisher Scientific India Private Limited
South Eastern Coalfields Limited,Dipka Area,M/s Dipka Expansion Project South Eastern Coal Fields Limited Dipka Area,30-AUG-2026 06:14,30-AUG-2026 00:44,11.80,16.38,37.15,,0.16,site_5664,Thermo Fisher Scientific India Private Limited
South Eastern Coalfields Limited,Dipka Area,M/s Dipka Expansion Project South Eastern Coal Fields Limited Dipka Area,30-AUG-2026 06:14,30-AUG-2026 00:44,11.95,16.14,37.98,,0.23,site_5664,Thermo Fisher Scientific India Private Limited
South Eastern Coalfields Limited,Dipka Area,M/s Dipka Expansion Project South Eastern Coal Fields Limited Dipka Area,30-AUG-2026 06:13,30-AUG-2026 00:43,12.22,15.91,39.00,,0.24,site_5664,Thermo Fisher Scientific India Private Limited
South Eastern Coalfields Limited,Dipka Area,M/s Dipka Expansion Project South Eastern Coal Fields Limited Dipka Area,30-AUG-2026 06:13,30-AUG-2026 00:43,12.40,15.76,39.51,,0.41,site_5664,Thermo Fisher Scientific India Private Limited
South Eastern Coalfields Limited,Dipka Area,M/s Dipka Expansion Project South Eastern Coal Fields Limited Dipka Area,30-AUG-2026 06:12,30-AUG-2026 00:42,12.66,15.54,38.75,,0.43,site_5664,Thermo Fisher Scientific India Private Limited
South Eastern Coalfields Limited,Dipka Area,M/s Dipka Expansion Project South Eastern Coal Fields Limited Dipka Area,30-AUG-2026 06:12,30-AUG-2026 00:42,12.94,15.30,38.01,,0.42,site_5664,Thermo Fisher Scientific India Private Limited
South Eastern Coalfields Limited,Dipka Area,M/s Dipka Expansion Project South Eastern Coal Fields Limited Dipka Area,30-AUG-2026 06:11,30-AUG-2026 00:41,13.33,15.25,43.20,,0.30,site_5664,Thermo Fisher Scientific India Private Limited
South Eastern Coalfields Limited,Dipka Area,M/s Dipka Expansion Project South Eastern Coal Fields Limited Dipka Area,30-AUG-2026 06:11,30-AUG-2026 00:41,13.36,15.27,38.80,,0.36,site_5664,Thermo Fisher Scientific India Private Limited
South Eastern Coalfields Limited,Dipka Area,M/s Dipka Expansion Project South Eastern Coal Fields Limited Dipka Area,30-AUG-2026 06:10,30-AUG-2026 00:40,13.09,15.21,40.83,,0.29,site_5664,Thermo Fisher Scientific India Private Limited
South Eastern Coalfields Limited,"Gevra , Chattisgarh",SECL GEVRA,30-AUG-2026 06:10,30-AUG-2026 06:00,35.30,63.78,13.43,8.91,0.72,site_,Envea India Pvt Ltd
South Eastern Coalfields Limited,"Gevra , Chattisgarh",SECL GEVRA,30-AUG-2026 06:10,30-AUG-2026 06:00,35.30,63.78,13.43,8.91,0.72,site_,Envea India Pvt Ltd
South Eastern Coalfields Limited,Dipka Area,M/s Dipka Expansion Project South Eastern Coal Fields Limited Dipka Area,30-AUG-2026 06:10,30-AUG-2026 00:40,12.75,15.17,36.66,,0.37,site_5664,Thermo Fisher Scientific India Private Limited
South Eastern Coalfields Limited,Dipka Area,M/s Dipka Expansion Project South Eastern Coal Fields Limited Dipka Area,30-AUG-2026 06:09,30-AUG-2026 00:39,12.31,15.15,36.13,,0.42,site_5664,Thermo Fisher Scientific India Private Limited
South Eastern Coalfields Limited,Dipka Area,M/s Dipka Expansion Project South Eastern Coal Fields Limited Dipka Area,30-AUG-2026 06:09,30-AUG-2026 00:39,11.87,15.30,38.41,,0.42,site_5664,Thermo Fisher Scientific India Private Limited
South Eastern Coalfields Limited,Dipka Area,M/s Dipka Expansion Project South Eastern Coal Fields Limited Dipka Area,30-AUG-2026 06:08,30-AUG-2026 00:38,11.28,15.49,37.25,,0.39,site_5664,Thermo Fisher Scientific India Private Limited
South Eastern Coalfields Limited,Dipka Area,M/s Dipka Expansion Project South Eastern Coal Fields Limited Dipka Area,30-AUG-2026 06:08,30-AUG-2026 00:38,10.68,15.68,37.92,,0.26,site_5664,Thermo Fisher Scientific India Private Limited
South Eastern Coalfields Limited,Dipka Area,M/s Dipka Expansion Project South Eastern Coal Fields Limited Dipka Area,30-AUG-2026 06:07,30-AUG-2026 00:37,10.12,15.89,37.50,,0.34,site_5664,Thermo Fisher Scientific India Private Limited
South Eastern Coalfields Limited,Dipka Area,M/s Dipka Expansion Project South Eastern Coal Fields Limited Dipka Area,30-AUG-2026 06:07,30-AUG-2026 00:37,9.74,15.95,43.09,,0.38,site_5664,Thermo Fisher Scientific India Private Limited
South Eastern Coalfields Limited,Dipka Area,M/s Dipka Expansion Project South Eastern Coal Fields Limited Dipka Area,30-AUG-2026 06:06,30-AUG-2026 00:36,9.30,16.07,34.20,,0.41,site_5664,Thermo Fisher Scientific India Private Limited
South Eastern Coalfields Limited,Dipka Area,M/s Dipka Expansion Project South Eastern Coal Fields Limited Dipka Area,30-AUG-2026 06:06,30-AUG-2026 00:36,8.76,16.07,34.93,,0.32,site_5664,Thermo Fisher Scientific India Private Limited
South Eastern Coalfields Limited,Dipka Area,M/s Dipka Expansion Project South Eastern Coal Fields Limited Dipka Area,30-AUG-2026 06:05,30-AUG-2026 00:35,8.21,15.89,40.38,,0.29,site_5664,Thermo Fisher Scientific India Private Limited
South Eastern Coalfields Limited,Dipka Area,M/s Dipka Expansion Project South Eastern Coal Fields Limited Dipka Area,30-AUG-2026 06:05,30-AUG-2026 00:35,8.09,15.73,38.14,,0.33,site_5664,Thermo Fisher Scientific India Private Limited
South Eastern Coalfields Limited,Dipka Area,M/s Dipka Expansion Project South Eastern Coal Fields Limited Dipka Area,30-AUG-2026 06:04,30-AUG-2026 00:34,7.97,15.69,45.45,,0.33,site_5664,Thermo Fisher Scientific India Private Limited
South Eastern Coalfields Limited,Dipka Area,M/s Dipka Expansion Project South Eastern Coal Fields Limited Dipka Area,30-AUG-2026 06:04,30-AUG-2026 00:34,7.85,15.76,32.74,,0.32,site_5664,Thermo Fisher Scientific India Private Limited
South Eastern Coalfields Limited,Dipka Area,M/s Dipka Expansion Project South Eastern Coal Fields Limited Dipka Area,30-AUG-2026 06:03,30-AUG-2026 00:33,7.60,15.74,38.87,,0.38,site_5664,Thermo Fisher Scientific India Private Limited
South Eastern Coalfields Limited,Dipka Area,M/s Dipka Expansion Project South Eastern Coal Fields Limited Dipka Area,30-AUG-2026 06:03,30-AUG-2026 00:33,7.43,15.82,39.63,,0.53,site_5664,Thermo Fisher Scientific India Private Limited
South Eastern Coalfields Limited,Dipka Area,M/s Dipka Expansion Project South Eastern Coal Fields Limited Dipka Area,30-AUG-2026 06:02,30-AUG-2026 00:32,7.28,15.93,36.06,,0.48,site_5664,Thermo Fisher Scientific India Private Limited
South Eastern Coalfields Limited,Dipka Area,M/s Dipka Expansion Project South Eastern Coal Fields Limited Dipka Area,30-AUG-2026 06:02,30-AUG-2026 00:32,7.23,16.00,38.63,,0.43,site_5664,Thermo Fisher Scientific India Private Limited
South Eastern Coalfields Limited,Dipka Area,M/s Dipka Expansion Project South Eastern Coal Fields Limited Dipka Area,30-AUG-2026 06:01,30-AUG-2026 00:31,7.35,15.98,36.65,,0.43,site_5664,Thermo Fisher Scientific India Private Limited
South Eastern Coalfields Limited,Dipka Area,M/s Dipka Expansion Project South Eastern Coal Fields Limited Dipka Area,30-AUG-2026 06:01,30-AUG-2026 00:31,7.51,15.92,38.51,,0.41,site_5664,Thermo Fisher Scientific India Private Limited
South Eastern Coalfields Limited,"Bilaspur, CHHATTISGARHr",South Eastern Coalfields  Limited - AQMS_H_Q,30-AUG-2026 06:00,30-AUG-2026 00:29,3.52,,12.36,241.36,0.29,site_5592,Swan Environ
South Eastern Coalfields Limited,Dipka Area,M/s Dipka Expansion Project South Eastern Coal Fields Limited Dipka Area,30-AUG-2026 06:00,30-AUG-2026 00:30,7.82,15.86,33.06,,0.50,site_5664,Thermo Fisher Scientific India Private Limited
South Eastern Coalfields Limited,Dipka Area,M/s Dipka Expansion Project South Eastern Coal Fields Limited Dipka Area,30-AUG-2026 05:59,30-AUG-2026 00:29,8.76,15.67,37.06,,0.46,site_5664,Thermo Fisher Scientific India Private Limited
South Eastern Coalfields Limited,Dipka Area,M/s Dipka Expansion Project South Eastern Coal Fields Limited Dipka Area,30-AUG-2026 05:59,30-AUG-2026 00:29,9.16,15.63,35.82,,0.44,site_5664,Thermo Fisher Scientific India Private Limited
South Eastern Coalfields Limited,Dipka Area,M/s Dipka Expansion Project South Eastern Coal Fields Limited Dipka Area,30-AUG-2026 05:58,30-AUG-2026 00:28,9.64,15.56,31.85,,0.50,site_5664,Thermo Fisher Scientific India Private Limited
South Eastern Coalfields Limited,Dipka Area,M/s Dipka Expansion Project South Eastern Coal Fields Limited Dipka Area,30-AUG-2026 05:58,30-AUG-2026 00:28,10.21,15.50,36.78,,0.33,site_5664,Thermo Fisher Scientific India Private Limited
South Eastern Coalfields Limited,Dipka Area,M/s Dipka Expansion Project South Eastern Coal Fields Limited Dipka Area,30-AUG-2026 05:57,30-AUG-2026 00:27,11.11,15.40,36.60,,0.38,site_5664,Thermo Fisher Scientific India Private Limited
South Eastern Coalfields Limited,Dipka Area,M/s Dipka Expansion Project South Eastern Coal Fields Limited Dipka Area,30-AUG-2026 05:57,30-AUG-2026 00:27,11.89,15.29,36.90,,0.43,site_5664,Thermo Fisher Scientific India Private Limited
South Eastern Coalfields Limited,Dipka Area,M/s Dipka Expansion Project South Eastern Coal Fields Limited Dipka Area,30-AUG-2026 05:56,30-AUG-2026 00:26,12.83,15.08,39.67,,0.33,site_5664,Thermo Fisher Scientific India Private Limited
South Eastern Coalfields Limited,Dipka Area,M/s Dipka Expansion Project South Eastern Coal Fields Limited Dipka Area,30-AUG-2026 05:56,30-AUG-2026 00:26,13.69,14.88,37.51,,0.32,site_5664,Thermo Fisher Scientific India Private Limited
South Eastern Coalfields Limited,Dipka Area,M/s Dipka Expansion Project South Eastern Coal Fields Limited Dipka Area,30-AUG-2026 05:55,30-AUG-2026 00:25,14.65,14.71,32.17,,0.28,site_5664,Thermo Fisher Scientific India Private Limited
South Eastern Coalfields Limited,"Gevra , Chattisgarh",SECL GEVRA,30-AUG-2026 05:55,30-AUG-2026 05:45,40.20,72.18,13.70,9.62,0.84,site_,Envea India Pvt Ltd
South Eastern Coalfields Limited,"Gevra , Chattisgarh",SECL GEVRA,30-AUG-2026 05:55,30-AUG-2026 05:45,40.20,72.18,13.70,9.62,0.84,site_,Envea India Pvt Ltd
South Eastern Coalfields Limited,"Gevra , Chattisgarh",SECL GEVRA,30-AUG-2026 05:55,30-AUG-2026 05:45,40.20,72.18,13.70,9.62,0.84,site_,Envea India Pvt Ltd
South Eastern Coalfields Limited,Dipka Area,M/s Dipka Expansion Project South Eastern Coal Fields Limited Dipka Area,30-AUG-2026 05:55,30-AUG-2026 00:25,15.29,14.50,37.08,,0.36,site_5664,Thermo Fisher Scientific India Private Limited
South Eastern Coalfields Limited,Dipka Area,M/s Dipka Expansion Project South Eastern Coal Fields Limited Dipka Area,30-AUG-2026 05:54,30-AUG-2026 00:24,15.83,14.27,34.81,,0.26,site_5664,Thermo Fisher Scientific India Private Limited
South Eastern Coalfields Limited,Dipka Area,M/s Dipka Expansion Project South Eastern Coal Fields Limited Dipka Area,30-AUG-2026 05:54,30-AUG-2026 00:24,16.32,14.05,36.01,,0.22,site_5664,Thermo Fisher Scientific India Private Limited
South Eastern Coalfields Limited,Dipka Area,M/s Dipka Expansion Project South Eastern Coal Fields Limited Dipka Area,30-AUG-2026 05:53,30-AUG-2026 00:23,16.72,13.80,34.73,,0.21,site_5664,Thermo Fisher Scientific India Private Limited
South Eastern Coalfields Limited,Dipka Area,M/s Dipka Expansion Project South Eastern Coal Fields Limited Dipka Area,30-AUG-2026 05:53,30-AUG-2026 00:23,17.04,13.62,37.01,,0.25,site_5664,Thermo Fisher Scientific India Private Limited
South Eastern Coalfields Limited,Dipka Area,M/s Dipka Expansion Project South Eastern Coal Fields Limited Dipka Area,30-AUG-2026 05:52,30-AUG-2026 00:22,17.32,13.38,37.67,,0.18,site_5664,Thermo Fisher Scientific India Private Limited
South Eastern Coalfields Limited,Dipka Area,M/s Dipka Expansion Project South Eastern Coal Fields Limited Dipka Area,30-AUG-2026 05:52,30-AUG-2026 00:22,17.61,13.26,37.34,,0.23,site_5664,Thermo Fisher Scientific India Private Limited
South Eastern Coalfields Limited,Dipka Area,M/s Dipka Expansion Project South Eastern Coal Fields Limited Dipka Area,30-AUG-2026 05:51,30-AUG-2026 00:21,17.72,13.08,35.96,,0.40,site_5664,Thermo Fisher Scientific India Private Limited
South Eastern Coalfields Limited,Dipka Area,M/s Dipka Expansion Project South Eastern Coal Fields Limited Dipka Area,30-AUG-2026 05:51,30-AUG-2026 00:21,17.67,12.89,38.33,,0.33,site_5664,Thermo Fisher Scientific India Private Limited
South Eastern Coalfields Limited,Dipka Area,M/s Dipka Expansion Project South Eastern Coal Fields Limited Dipka Area,30-AUG-2026 05:50,30-AUG-2026 00:20,17.64,12.61,31.37,,0.32,site_5664,Thermo Fisher Scientific India Private Limited
South Eastern Coalfields Limited,Dipka Area,M/s Dipka Expansion Project South Eastern Coal Fields Limited Dipka Area,30-AUG-2026 05:50,30-AUG-2026 00:20,17.62,12.31,35.63,,0.45,site_5664,Thermo Fisher Scientific India Private Limited
South Eastern Coalfields Limited,Dipka Area,M/s Dipka Expansion Project South Eastern Coal Fields Limited Dipka Area,30-AUG-2026 05:49,30-AUG-2026 00:19,17.57,11.89,39.36,,0.59,site_5664,Thermo Fisher Scientific India Private Limited
South Eastern Coalfields Limited,Dipka Area,M/s Dipka Expansion Project South Eastern Coal Fields Limited Dipka Area,30-AUG-2026 05:49,30-AUG-2026 00:19,17.45,11.60,37.17,,0.54,site_5664,Thermo Fisher Scientific India Private Limited
South Eastern Coalfields Limited,Dipka Area,M/s Dipka Expansion Project South Eastern Coal Fields Limited Dipka Area,30-AUG-2026 05:48,30-AUG-2026 00:18,17.25,11.29,39.12,,0.39,site_5664,Thermo Fisher Scientific India Private Limited
South Eastern Coalfields Limited,Dipka Area,M/s Dipka Expansion Project South Eastern Coal Fields Limited Dipka Area,30-AUG-2026 05:48,30-AUG-2026 00:18,17.27,11.17,38.21,,0.46,site_5664,Thermo Fisher Scientific India Private Limited
South Eastern Coalfields Limited,Dipka Area,M/s Dipka Expansion Project South Eastern Coal Fields Limited Dipka Area,30-AUG-2026 05:47,30-AUG-2026 00:17,17.30,11.11,40.81,,0.40,site_5664,Thermo Fisher Scientific India Private Limited
South Eastern Coalfields Limited,Dipka Area,M/s Dipka Expansion Project South Eastern Coal Fields Limited Dipka Area,30-AUG-2026 05:47,30-AUG-2026 00:17,17.28,11.17,33.68,,0.41,site_5664,Thermo Fisher Scientific India Private Limited
South Eastern Coalfields Limited,Dipka Area,M/s Dipka Expansion Project South Eastern Coal Fields Limited Dipka Area,30-AUG-2026 05:46,30-AUG-2026 00:16,17.11,11.45,34.37,,0.39,site_5664,Thermo Fisher Scientific India Private Limited
South Eastern Coalfields Limited,Dipka Area,M/s Dipka Expansion Project South Eastern Coal Fields Limited Dipka Area,30-AUG-2026 05:46,30-AUG-2026 00:16,16.93,11.72,38.23,,0.49,site_5664,Thermo Fisher Scientific India Private Limited
South Eastern Coalfields Limited,"Bilaspur, CHHATTISGARHr",South Eastern Coalfields  Limited - AQMS_H_Q,30-AUG-2026 05:45,30-AUG-2026 00:15,3.53,,12.20,0.00,0.00,site_5592,Swan Environ
South Eastern Coalfields Limited,Dipka Area,M/s Dipka Expansion Project South Eastern Coal Fields Limited Dipka Area,30-AUG-2026 05:45,30-AUG-2026 00:15,16.79,12.08,42.90,,0.42,site_5664,Thermo Fisher Scientific India Private Limited
South Eastern Coalfields Limited,Dipka Area,M/s Dipka Expansion Project South Eastern Coal Fields Limited Dipka Area,30-AUG-2026 05:45,30-AUG-2026 00:15,16.45,12.31,39.44,,0.22,site_5664,Thermo Fisher Scientific India Private Limited
South Eastern Coalfields Limited,Dipka Area,M/s Dipka Expansion Project South Eastern Coal Fields Limited Dipka Area,30-AUG-2026 05:44,30-AUG-2026 00:14,16.05,12.58,33.01,,0.23,site_5664,Thermo Fisher Scientific India Private Limited
South Eastern Coalfields Limited,Dipka Area,M/s Dipka Expansion Project South Eastern Coal Fields Limited Dipka Area,30-AUG-2026 05:44,30-AUG-2026 00:14,15.67,12.88,27.86,,0.33,site_5664,Thermo Fisher Scientific India Private Limited
South Eastern Coalfields Limited,Dipka Area,M/s Dipka Expansion Project South Eastern Coal Fields Limited Dipka Area,30-AUG-2026 05:43,30-AUG-2026 00:13,15.26,12.99,38.02,,0.46,site_5664,Thermo Fisher Scientific India Private Limited
South Eastern Coalfields Limited,Dipka Area,M/s Dipka Expansion Project South Eastern Coal Fields Limited Dipka Area,30-AUG-2026 05:43,30-AUG-2026 00:13,14.87,12.96,36.36,,0.40,site_5664,Thermo Fisher Scientific India Private Limited
South Eastern Coalfields Limited,Dipka Area,M/s Dipka Expansion Project South Eastern Coal Fields Limited Dipka Area,30-AUG-2026 05:42,30-AUG-2026 00:12,14.37,12.91,42.69,,0.44,site_5664,Thermo Fisher Scientific India Private Limited
South Eastern Coalfields Limited,Dipka Area,M/s Dipka Expansion Project South Eastern Coal Fields Limited Dipka Area,30-AUG-2026 05:42,30-AUG-2026 00:12,13.85,12.78,32.41,,0.47,site_5664,Thermo Fisher Scientific India Private Limited
South Eastern Coalfields Limited,Dipka Area,M/s Dipka Expansion Project South Eastern Coal Fields Limited Dipka Area,30-AUG-2026 05:41,30-AUG-2026 00:11,13.32,12.39,40.35,,0.54,site_5664,Thermo Fisher Scientific India Private Limited
South Eastern Coalfields Limited,Dipka Area,M/s Dipka Expansion Project South Eastern Coal Fields Limited Dipka Area,30-AUG-2026 05:41,30-AUG-2026 00:11,12.89,11.99,40.10,,0.64,site_5664,Thermo Fisher Scientific India Private Limited
South Eastern Coalfields Limited,Dipka Area,M/s Dipka Expansion Project South Eastern Coal Fields Limited Dipka Area,30-AUG-2026 05:40,30-AUG-2026 00:10,12.56,11.63,39.77,,0.81,site_5664,Thermo Fisher Scientific India Private Limited
South Eastern Coalfields Limited,"Gevra , Chattisgarh",SECL GEVRA,30-AUG-2026 05:40,30-AUG-2026 05:30,42.20,75.72,13.81,9.93,0.88,site_,Envea India Pvt Ltd
South Eastern Coalfields Limited,"Gevra , Chattisgarh",SECL GEVRA,30-AUG-2026 05:40,30-AUG-2026 05:30,42.20,75.72,13.81,9.93,0.88,site_,Envea India Pvt Ltd
South Eastern Coalfields Limited,"Gevra , Chattisgarh",SECL GEVRA,30-AUG-2026 05:40,30-AUG-2026 05:30,42.20,75.72,13.81,9.93,0.88,site_,Envea India Pvt Ltd
South Eastern Coalfields Limited,Dipka Area,M/s Dipka Expansion Project South Eastern Coal Fields Limited Dipka Area,30-AUG-2026 05:40,30-AUG-2026 00:10,12.40,11.32,42.55,,0.93,site_5664,Thermo Fisher Scientific India Private Limited
South Eastern Coalfields Limited,Dipka Area,M/s Dipka Expansion Project South Eastern Coal Fields Limited Dipka Area,30-AUG-2026 05:39,30-AUG-2026 00:09,12.16,10.99,37.12,,0.98,site_5664,Thermo Fisher Scientific India Private Limited
South Eastern Coalfields Limited,Dipka Area,M/s Dipka Expansion Project South Eastern Coal Fields Limited Dipka Area,30-AUG-2026 05:39,30-AUG-2026 00:09,12.18,10.69,36.97,,1.00,site_5664,Thermo Fisher Scientific India Private Limited
South Eastern Coalfields Limited,Dipka Area,M/s Dipka Expansion Project South Eastern Coal Fields Limited Dipka Area,30-AUG-2026 05:38,30-AUG-2026 00:08,12.11,10.58,43.58,,1.00,site_5664,Thermo Fisher Scientific India Private Limited
South Eastern Coalfields Limited,Dipka Area,M/s Dipka Expansion Project South Eastern Coal Fields Limited Dipka Area,30-AUG-2026 05:38,30-AUG-2026 00:08,11.91,10.43,35.24,,1.11,site_5664,Thermo Fisher Scientific India Private Limited
South Eastern Coalfields Limited,Dipka Area,M/s Dipka Expansion Project South Eastern Coal Fields Limited Dipka Area,30-AUG-2026 05:37,30-AUG-2026 00:07,11.48,10.26,38.77,,1.02,site_5664,Thermo Fisher Scientific India Private Limited
South Eastern Coalfields Limited,Dipka Area,M/s Dipka Expansion Project South Eastern Coal Fields Limited Dipka Area,30-AUG-2026 05:37,30-AUG-2026 00:07,11.15,10.21,36.84,,0.89,site_5664,Thermo Fisher Scientific India Private Limited
South Eastern Coalfields Limited,Dipka Area,M/s Dipka Expansion Project South Eastern Coal Fields Limited Dipka Area,30-AUG-2026 05:36,30-AUG-2026 00:06,11.06,10.24,35.44,,0.84,site_5664,Thermo Fisher Scientific India Private Limited
South Eastern Coalfields Limited,Dipka Area,M/s Dipka Expansion Project South Eastern Coal Fields Limited Dipka Area,30-AUG-2026 05:36,30-AUG-2026 00:06,11.09,10.48,39.38,,0.79,site_5664,Thermo Fisher Scientific India Private Limited
South Eastern Coalfields Limited,Dipka Area,M/s Dipka Expansion Project South Eastern Coal Fields Limited Dipka Area,30-AUG-2026 05:35,30-AUG-2026 00:05,11.17,10.63,34.77,,0.73,site_5664,Thermo Fisher Scientific India Private Limited
South Eastern Coalfields Limited,Dipka Area,M/s Dipka Expansion Project South Eastern Coal Fields Limited Dipka Area,30-AUG-2026 05:35,30-AUG-2026 00:05,11.12,10.80,29.67,,0.65,site_5664,Thermo Fisher Scientific India Private Limited
South Eastern Coalfields Limited,Dipka Area,M/s Dipka Expansion Project South Eastern Coal Fields Limited Dipka Area,30-AUG-2026 05:34,30-AUG-2026 00:04,11.14,11.04,31.73,,0.56,site_5664,Thermo Fisher Scientific India Private Limited
South Eastern Coalfields Limited,Dipka Area,M/s Dipka Expansion Project South Eastern Coal Fields Limited Dipka Area,30-AUG-2026 05:34,30-AUG-2026 00:04,11.11,11.22,37.22,,0.50,site_5664,Thermo Fisher Scientific India Private Limited
South Eastern Coalfields Limited,Dipka Area,M/s Dipka Expansion Project South Eastern Coal Fields Limited Dipka Area,30-AUG-2026 05:33,30-AUG-2026 00:03,10.94,11.45,33.42,,0.48,site_5664,Thermo Fisher Scientific India Private Limited
South Eastern Coalfields Limited,Dipka Area,M/s Dipka Expansion Project South Eastern Coal Fields Limited Dipka Area,30-AUG-2026 05:33,30-AUG-2026 00:03,10.72,11.56,31.62,,0.35,site_5664,Thermo Fisher Scientific India Private Limited
South Eastern Coalfields Limited,Dipka Area,M/s Dipka Expansion Project South Eastern Coal Fields Limited Dipka Area,30-AUG-2026 05:32,30-AUG-2026 00:02,10.53,11.94,34.79,,0.49,site_5664,Thermo Fisher Scientific India Private Limited
South Eastern Coalfields Limited,Dipka Area,M/s Dipka Expansion Project South Eastern Coal Fields Limited Dipka Area,30-AUG-2026 05:32,30-AUG-2026 00:02,10.65,12.35,34.61,,0.55,site_5664,Thermo Fisher Scientific India Private Limited
South Eastern Coalfields Limited,Dipka Area,M/s Dipka Expansion Project South Eastern Coal Fields Limited Dipka Area,30-AUG-2026 05:31,30-AUG-2026 00:01,10.87,12.75,38.47,,0.55,site_5664,Thermo Fisher Scientific India Private Limited
South Eastern Coalfields Limited,Dipka Area,M/s Dipka Expansion Project South Eastern Coal Fields Limited Dipka Area,30-AUG-2026 05:31,30-AUG-2026 00:01,11.17,12.94,31.07,,0.43,site_5664,Thermo Fisher Scientific India Private Limited
South Eastern Coalfields Limited,Dipka Area,M/s Dipka Expansion Project South Eastern Coal Fields Limited Dipka Area,30-AUG-2026 05:30,30-AUG-2026 00:00,11.47,12.99,32.41,,0.40,site_5664,Thermo Fisher Scientific India Private Limited
South Eastern Coalfields Limited,Dipka Area,M/s Dipka Expansion Project South Eastern Coal Fields Limited Dipka Area,30-AUG-2026 05:30,30-AUG-2026 00:00,11.75,12.95,35.81,,0.49,site_5664,Thermo Fisher Scientific India Private Limited
South Eastern Coalfields Limited,"Bilaspur, CHHATTISGARHr",South Eastern Coalfields  Limited - AQMS_H_Q,30-AUG-2026 05:30,29-AUG-2026 23:59,3.72,,12.20,247.00,0.26,site_5592,Swan Environ
South Eastern Coalfields Limited,Dipka Area,M/s Dipka Expansion Project South Eastern Coal Fields Limited Dipka Area,30-AUG-2026 05:29,29-AUG-2026 23:59,11.99,12.67,40.90,,0.37,site_5664,Thermo Fisher Scientific India Private Limited
South Eastern Coalfields Limited,Dipka Area,M/s Dipka Expansion Project South Eastern Coal Fields Limited Dipka Area,30-AUG-2026 05:29,29-AUG-2026 23:59,12.14,12.50,35.37,,0.31,site_5664,Thermo Fisher Scientific India Private Limited
South Eastern Coalfields Limited,Dipka Area,M/s Dipka Expansion Project South Eastern Coal Fields Limited Dipka Area,30-AUG-2026 05:28,29-AUG-2026 23:58,12.38,12.30,33.20,,0.48,site_5664,Thermo Fisher Scientific India Private Limited
South Eastern Coalfields Limited,Dipka Area,M/s Dipka Expansion Project South Eastern Coal Fields Limited Dipka Area,30-AUG-2026 05:28,29-AUG-2026 23:58,12.60,12.15,34.23,,0.56,site_5664,Thermo Fisher Scientific India Private Limited
South Eastern Coalfields Limited,Dipka Area,M/s Dipka Expansion Project South Eastern Coal Fields Limited Dipka Area,30-AUG-2026 05:27,29-AUG-2026 23:57,12.87,12.05,36.59,,0.54,site_5664,Thermo Fisher Scientific India Private Limited
South Eastern Coalfields Limited,Dipka Area,M/s Dipka Expansion Project South Eastern Coal Fields Limited Dipka Area,30-AUG-2026 05:27,29-AUG-2026 23:57,13.17,12.05,37.39,,0.45,site_5664,Thermo Fisher Scientific India Private Limited
South Eastern Coalfields Limited,Dipka Area,M/s Dipka Expansion Project South Eastern Coal Fields Limited Dipka Area,30-AUG-2026 05:26,29-AUG-2026 23:56,13.78,12.18,35.50,,0.42,site_5664,Thermo Fisher Scientific India Private Limited
South Eastern Coalfields Limited,Dipka Area,M/s Dipka Expansion Project South Eastern Coal Fields Limited Dipka Area,30-AUG-2026 05:26,29-AUG-2026 23:56,14.21,12.20,40.34,,0.58,site_5664,Thermo Fisher Scientific India Private Limited
South Eastern Coalfields Limited,Dipka Area,M/s Dipka Expansion Project South Eastern Coal Fields Limited Dipka Area,30-AUG-2026 05:25,29-AUG-2026 23:55,14.44,12.20,32.05,,0.62,site_5664,Thermo Fisher Scientific India Private Limited
South Eastern Coalfields Limited,"Gevra , Chattisgarh",SECL GEVRA,30-AUG-2026 05:25,30-AUG-2026 05:15,41.10,73.85,13.75,9.77,0.86,site_,Envea India Pvt Ltd
South Eastern Coalfields Limited,"Gevra , Chattisgarh",SECL GEVRA,30-AUG-2026 05:25,30-AUG-2026 05:15,41.10,73.85,13.75,9.77,0.86,site_,Envea India Pvt Ltd
South Eastern Coalfields Limited,"Gevra , Chattisgarh",SECL GEVRA,30-AUG-2026 05:25,30-AUG-2026 05:15,41.10,73.85,13.75,9.77,0.86,site_,Envea India Pvt Ltd
South Eastern Coalfields Limited,"Gevra , Chattisgarh",SECL GEVRA,30-AUG-2026 05:25,30-AUG-2026 05:15,41.10,73.85,13.75,9.77,0.86,site_,Envea India Pvt Ltd
South Eastern Coalfields Limited,Dipka Area,M/s Dipka Expansion Project South Eastern Coal Fields Limited Dipka Area,30-AUG-2026 05:25,29-AUG-2026 23:55,14.44,12.28,35.66,,0.50,site_5664,Thermo Fisher Scientific India Private Limited
South Eastern Coalfields Limited,Dipka Area,M/s Dipka Expansion Project South Eastern Coal Fields Limited Dipka Area,30-AUG-2026 05:24,29-AUG-2026 23:54,14.40,12.57,37.98,,0.54,site_5664,Thermo Fisher Scientific India Private Limited
South Eastern Coalfields Limited,Dipka Area,M/s Dipka Expansion Project South Eastern Coal Fields Limited Dipka Area,30-AUG-2026 05:24,29-AUG-2026 23:54,14.25,12.93,35.54,,0.68,site_5664,Thermo Fisher Scientific India Private Limited
South Eastern Coalfields Limited,Dipka Area,M/s Dipka Expansion Project South Eastern Coal Fields Limited Dipka Area,30-AUG-2026 05:23,29-AUG-2026 23:53,13.77,13.40,33.97,,0.48,site_5664,Thermo Fisher Scientific India Private Limited
South Eastern Coalfields Limited,Dipka Area,M/s Dipka Expansion Project South Eastern Coal Fields Limited Dipka Area,30-AUG-2026 05:23,29-AUG-2026 23:53,13.38,13.71,26.88,,0.40,site_5664,Thermo Fisher Scientific India Private Limited
South Eastern Coalfields Limited,Dipka Area,M/s Dipka Expansion Project South Eastern Coal Fields Limited Dipka Area,30-AUG-2026 05:22,29-AUG-2026 23:52,12.97,14.18,38.01,,0.41,site_5664,Thermo Fisher Scientific India Private Limited
South Eastern Coalfields Limited,Dipka Area,M/s Dipka Expansion Project South Eastern Coal Fields Limited Dipka Area,30-AUG-2026 05:22,29-AUG-2026 23:52,12.69,14.58,35.94,,0.47,site_5664,Thermo Fisher Scientific India Private Limited
South Eastern Coalfields Limited,Dipka Area,M/s Dipka Expansion Project South Eastern Coal Fields Limited Dipka Area,30-AUG-2026 05:21,29-AUG-2026 23:51,12.52,14.75,35.76,,0.30,site_5664,Thermo Fisher Scientific India Private Limited
South Eastern Coalfields Limited,Dipka Area,M/s Dipka Expansion Project South Eastern Coal Fields Limited Dipka Area,30-AUG-2026 05:21,29-AUG-2026 23:51,12.43,14.77,34.29,,0.20,site_5664,Thermo Fisher Scientific India Private Limited
South Eastern Coalfields Limited,Dipka Area,M/s Dipka Expansion Project South Eastern Coal Fields Limited Dipka Area,30-AUG-2026 05:20,29-AUG-2026 23:50,12.42,14.68,37.48,,0.23,site_5664,Thermo Fisher Scientific India Private Limited
South Eastern Coalfields Limited,Dipka Area,M/s Dipka Expansion Project South Eastern Coal Fields Limited Dipka Area,30-AUG-2026 05:20,29-AUG-2026 23:50,12.41,14.66,38.09,,0.25,site_5664,Thermo Fisher Scientific India Private Limited
South Eastern Coalfields Limited,Dipka Area,M/s Dipka Expansion Project South Eastern Coal Fields Limited Dipka Area,30-AUG-2026 05:19,29-AUG-2026 23:49,12.53,14.68,41.10,,0.19,site_5664,Thermo Fisher Scientific India Private Limited
South Eastern Coalfields Limited,Dipka Area,M/s Dipka Expansion Project South Eastern Coal Fields Limited Dipka Area,30-AUG-2026 05:19,29-AUG-2026 23:49,12.69,14.70,31.90,,0.14,site_5664,Thermo Fisher Scientific India Private Limited
South Eastern Coalfields Limited,Dipka Area,M/s Dipka Expansion Project South Eastern Coal Fields Limited Dipka Area,30-AUG-2026 05:18,29-AUG-2026 23:48,12.96,14.87,38.39,,0.09,site_5664,Thermo Fisher Scientific India Private Limited
South Eastern Coalfields Limited,Dipka Area,M/s Dipka Expansion Project South Eastern Coal Fields Limited Dipka Area,30-AUG-2026 05:18,29-AUG-2026 23:48,13.02,15.11,39.94,,0.05,site_5664,Thermo Fisher Scientific India Private Limited
South Eastern Coalfields Limited,Dipka Area,M/s Dipka Expansion Project South Eastern Coal Fields Limited Dipka Area,30-AUG-2026 05:17,29-AUG-2026 23:47,13.11,15.31,34.84,,0.17,site_5664,Thermo Fisher Scientific India Private Limited
South Eastern Coalfields Limited,Dipka Area,M/s Dipka Expansion Project South Eastern Coal Fields Limited Dipka Area,30-AUG-2026 05:17,29-AUG-2026 23:47,13.18,15.48,39.10,,0.20,site_5664,Thermo Fisher Scientific India Private Limited
South Eastern Coalfields Limited,Dipka Area,M/s Dipka Expansion Project South Eastern Coal Fields Limited Dipka Area,30-AUG-2026 05:16,29-AUG-2026 23:46,13.14,15.58,35.31,,0.36,site_5664,Thermo Fisher Scientific India Private Limited
South Eastern Coalfields Limited,Dipka Area,M/s Dipka Expansion Project South Eastern Coal Fields Limited Dipka Area,30-AUG-2026 05:16,29-AUG-2026 23:46,12.97,15.68,35.98,,0.34,site_5664,Thermo Fisher Scientific India Private Limited
South Eastern Coalfields Limited,Dipka Area,M/s Dipka Expansion Project South Eastern Coal Fields Limited Dipka Area,30-AUG-2026 05:15,29-AUG-2026 23:45,12.62,15.67,35.05,,0.23,site_5664,Thermo Fisher Scientific India Private Limited
South Eastern Coalfields Limited,"Bilaspur, CHHATTISGARHr",South Eastern Coalfields  Limited - AQMS_H_Q,30-AUG-2026 05:15,29-AUG-2026 23:44,0.34,,209.92,99.00,25.36,site_5592,Swan Environ
South Eastern Coalfields Limited,Dipka Area,M/s Dipka Expansion Project South Eastern Coal Fields Limited Dipka Area,30-AUG-2026 05:15,29-AUG-2026 23:45,12.31,15.51,41.07,,0.24,site_5664,Thermo Fisher Scientific India Private Limited
South Eastern Coalfields Limited,Dipka Area,M/s Dipka Expansion Project South Eastern Coal Fields Limited Dipka Area,30-AUG-2026 05:14,29-AUG-2026 23:44,12.09,15.33,34.58,,0.28,site_5664,Thermo Fisher Scientific India Private Limited
South Eastern Coalfields Limited,Dipka Area,M/s Dipka Expansion Project South Eastern Coal Fields Limited Dipka Area,30-AUG-2026 05:14,29-AUG-2026 23:44,11.87,15.16,33.67,,0.35,site_5664,Thermo Fisher Scientific India Private Limited
South Eastern Coalfields Limited,Dipka Area,M/s Dipka Expansion Project South Eastern Coal Fields Limited Dipka Area,30-AUG-2026 05:13,29-AUG-2026 23:43,11.80,15.03,34.27,,0.41,site_5664,Thermo Fisher Scientific India Private Limited
South Eastern Coalfields Limited,Dipka Area,M/s Dipka Expansion Project South Eastern Coal Fields Limited Dipka Area,30-AUG-2026 05:13,29-AUG-2026 23:43,11.75,14.80,35.94,,0.48,site_5664,Thermo Fisher Scientific India Private Limited
South Eastern Coalfields Limited,Dipka Area,M/s Dipka Expansion Project South Eastern Coal Fields Limited Dipka Area,30-AUG-2026 05:12,29-AUG-2026 23:42,11.64,14.41,36.82,,0.32,site_5664,Thermo Fisher Scientific India Private Limited
South Eastern Coalfields Limited,Dipka Area,M/s Dipka Expansion Project South Eastern Coal Fields Limited Dipka Area,30-AUG-2026 05:12,29-AUG-2026 23:42,11.67,14.17,36.75,,0.31,site_5664,Thermo Fisher Scientific India Private Limited
South Eastern Coalfields Limited,Dipka Area,M/s Dipka Expansion Project South Eastern Coal Fields Limited Dipka Area,30-AUG-2026 05:11,29-AUG-2026 23:41,11.57,13.83,37.24,,0.32,site_5664,Thermo Fisher Scientific India Private Limited
South Eastern Coalfields Limited,Dipka Area,M/s Dipka Expansion Project South Eastern Coal Fields Limited Dipka Area,30-AUG-2026 05:11,29-AUG-2026 23:41,11.54,13.60,39.15,,0.49,site_5664,Thermo Fisher Scientific India Private Limited
South Eastern Coalfields Limited,Dipka Area,M/s Dipka Expansion Project South Eastern Coal Fields Limited Dipka Area,30-AUG-2026 05:10,29-AUG-2026 23:40,11.47,13.25,40.24,,0.53,site_5664,Thermo Fisher Scientific India Private Limited
South Eastern Coalfields Limited,"Gevra , Chattisgarh",SECL GEVRA,30-AUG-2026 05:10,30-AUG-2026 05:00,21.30,39.39,12.65,6.83,0.38,site_,Envea India Pvt Ltd
South Eastern Coalfields Limited,"Gevra , Chattisgarh",SECL GEVRA,30-AUG-2026 05:10,30-AUG-2026 05:00,21.30,39.39,12.65,6.83,0.38,site_,Envea India Pvt Ltd
South Eastern Coalfields Limited,"Gevra , Chattisgarh",SECL GEVRA,30-AUG-2026 05:10,30-AUG-2026 05:00,21.30,39.39,12.65,6.83,0.38,site_,Envea India Pvt Ltd
South Eastern Coalfields Limited,Dipka Area,M/s Dipka Expansion Project South Eastern Coal Fields Limited Dipka Area,30-AUG-2026 05:10,29-AUG-2026 23:40,11.54,12.99,39.89,,0.62,site_5664,Thermo Fisher Scientific India Private Limited
South Eastern Coalfields Limited,Dipka Area,M/s Dipka Expansion Project South Eastern Coal Fields Limited Dipka Area,30-AUG-2026 05:09,29-AUG-2026 23:39,11.74,12.77,33.82,,0.64,site_5664,Thermo Fisher Scientific India Private Limited
South Eastern Coalfields Limited,Dipka Area,M/s Dipka Expansion Project South Eastern Coal Fields Limited Dipka Area,30-AUG-2026 05:09,29-AUG-2026 23:39,11.89,12.52,34.93,,0.51,site_5664,Thermo Fisher Scientific India Private Limited
South Eastern Coalfields Limited,Dipka Area,M/s Dipka Expansion Project South Eastern Coal Fields Limited Dipka Area,30-AUG-2026 05:08,29-AUG-2026 23:38,12.03,12.22,40.51,,0.43,site_5664,Thermo Fisher Scientific India Private Limited
South Eastern Coalfields Limited,Dipka Area,M/s Dipka Expansion Project South Eastern Coal Fields Limited Dipka Area,30-AUG-2026 05:08,29-AUG-2026 23:38,12.05,11.96,42.03,,0.48,site_5664,Thermo Fisher Scientific India Private Limited
South Eastern Coalfields Limited,Dipka Area,M/s Dipka Expansion Project South Eastern Coal Fields Limited Dipka Area,30-AUG-2026 05:07,29-AUG-2026 23:37,11.94,11.73,39.14,,0.47,site_5664,Thermo Fisher Scientific India Private Limited
South Eastern Coalfields Limited,Dipka Area,M/s Dipka Expansion Project South Eastern Coal Fields Limited Dipka Area,30-AUG-2026 05:07,29-AUG-2026 23:37,11.74,11.59,37.71,,0.40,site_5664,Thermo Fisher Scientific India Private Limited
South Eastern Coalfields Limited,Dipka Area,M/s Dipka Expansion Project South Eastern Coal Fields Limited Dipka Area,30-AUG-2026 05:06,29-AUG-2026 23:36,11.44,11.43,31.93,,0.39,site_5664,Thermo Fisher Scientific India Private Limited
South Eastern Coalfields Limited,Dipka Area,M/s Dipka Expansion Project South Eastern Coal Fields Limited Dipka Area,30-AUG-2026 05:06,29-AUG-2026 23:36,11.13,11.30,37.01,,0.26,site_5664,Thermo Fisher Scientific India Private Limited
South Eastern Coalfields Limited,Dipka Area,M/s Dipka Expansion Project South Eastern Coal Fields Limited Dipka Area,30-AUG-2026 05:05,29-AUG-2026 23:35,10.88,11.29,39.25,,0.35,site_5664,Thermo Fisher Scientific India Private Limited
South Eastern Coalfields Limited,Dipka Area,M/s Dipka Expansion Project South Eastern Coal Fields Limited Dipka Area,30-AUG-2026 05:05,29-AUG-2026 23:35,10.73,11.25,33.42,,0.28,site_5664,Thermo Fisher Scientific India Private Limited
South Eastern Coalfields Limited,Dipka Area,M/s Dipka Expansion Project South Eastern Coal Fields Limited Dipka Area,30-AUG-2026 05:04,29-AUG-2026 23:34,10.70,11.23,36.22,,0.25,site_5664,Thermo Fisher Scientific India Private Limited
South Eastern Coalfields Limited,Dipka Area,M/s Dipka Expansion Project South Eastern Coal Fields Limited Dipka Area,30-AUG-2026 05:04,29-AUG-2026 23:34,10.58,11.31,41.75,,0.30,site_5664,Thermo Fisher Scientific India Private Limited
South Eastern Coalfields Limited,Dipka Area,M/s Dipka Expansion Project South Eastern Coal Fields Limited Dipka Area,30-AUG-2026 05:03,29-AUG-2026 23:33,10.40,11.47,37.27,,0.44,site_5664,Thermo Fisher Scientific India Private Limited
South Eastern Coalfields Limited,Dipka Area,M/s Dipka Expansion Project South Eastern Coal Fields Limited Dipka Area,30-AUG-2026 05:03,29-AUG-2026 23:33,10.39,11.57,34.77,,0.27,site_5664,Thermo Fisher Scientific India Private Limited
South Eastern Coalfields Limited,Dipka Area,M/s Dipka Expansion Project South Eastern Coal Fields Limited Dipka Area,30-AUG-2026 05:02,29-AUG-2026 23:32,10.32,11.67,33.01,,0.24,site_5664,Thermo Fisher Scientific India Private Limited
South Eastern Coalfields Limited,Dipka Area,M/s Dipka Expansion Project South Eastern Coal Fields Limited Dipka Area,30-AUG-2026 05:02,29-AUG-2026 23:32,10.24,11.63,33.18,,0.30,site_5664,Thermo Fisher Scientific India Private Limited
South Eastern Coalfields Limited,Dipka Area,M/s Dipka Expansion Project South Eastern Coal Fields Limited Dipka Area,30-AUG-2026 05:01,29-AUG-2026 23:31,10.25,11.44,35.84,,0.41,site_5664,Thermo Fisher Scientific India Private Limited
South Eastern Coalfields Limited,Dipka Area,M/s Dipka Expansion Project South Eastern Coal Fields Limited Dipka Area,30-AUG-2026 05:01,29-AUG-2026 23:31,10.33,11.17,39.56,,0.42,site_5664,Thermo Fisher Scientific India Private Limited
South Eastern Coalfields Limited,Dipka Area,M/s Dipka Expansion Project South Eastern Coal Fields Limited Dipka Area,30-AUG-2026 05:00,29-AUG-2026 23:30,10.59,10.77,37.56,,0.31,site_5664,Thermo Fisher Scientific India Private Limited
South Eastern Coalfields Limited,"Bilaspur, CHHATTISGARHr",South Eastern Coalfields  Limited - AQMS_H_Q,30-AUG-2026 05:00,29-AUG-2026 23:29,3.60,,10.03,0.00,0.00,site_5592,Swan Environ
South Eastern Coalfields Limited,Dipka Area,M/s Dipka Expansion Project South Eastern Coal Fields Limited Dipka Area,30-AUG-2026 04:59,29-AUG-2026 23:29,10.97,10.29,29.04,,0.45,site_5664,Thermo Fisher Scientific India Private Limited
South Eastern Coalfields Limited,Dipka Area,M/s Dipka Expansion Project South Eastern Coal Fields Limited Dipka Area,30-AUG-2026 04:59,29-AUG-2026 23:29,11.21,10.27,36.97,,0.53,site_5664,Thermo Fisher Scientific India Private Limited
South Eastern Coalfields Limited,Dipka Area,M/s Dipka Expansion Project South Eastern Coal Fields Limited Dipka Area,30-AUG-2026 04:58,29-AUG-2026 23:28,11.55,10.40,39.23,,0.54,site_5664,Thermo Fisher Scientific India Private Limited
South Eastern Coalfields Limited,Dipka Area,M/s Dipka Expansion Project South Eastern Coal Fields Limited Dipka Area,30-AUG-2026 04:58,29-AUG-2026 23:28,11.80,10.57,36.88,,0.63,site_5664,Thermo Fisher Scientific India Private Limited
South Eastern Coalfields Limited,Dipka Area,M/s Dipka Expansion Project South Eastern Coal Fields Limited Dipka Area,30-AUG-2026 04:57,29-AUG-2026 23:27,12.04,10.75,33.98,,0.65,site_5664,Thermo Fisher Scientific India Private Limited
South Eastern Coalfields Limited,Dipka Area,M/s Dipka Expansion Project South Eastern Coal Fields Limited Dipka Area,30-AUG-2026 04:57,29-AUG-2026 23:27,12.08,10.88,37.37,,0.66,site_5664,Thermo Fisher Scientific India Private Limited
South Eastern Coalfields Limited,Dipka Area,M/s Dipka Expansion Project South Eastern Coal Fields Limited Dipka Area,30-AUG-2026 04:56,29-AUG-2026 23:26,11.99,10.87,38.80,,0.50,site_5664,Thermo Fisher Scientific India Private Limited
South Eastern Coalfields Limited,Dipka Area,M/s Dipka Expansion Project South Eastern Coal Fields Limited Dipka Area,30-AUG-2026 04:56,29-AUG-2026 23:26,11.94,10.76,36.87,,0.42,site_5664,Thermo Fisher Scientific India Private Limited
South Eastern Coalfields Limited,Dipka Area,M/s Dipka Expansion Project South Eastern Coal Fields Limited Dipka Area,30-AUG-2026 04:55,29-AUG-2026 23:25,11.78,10.51,36.47,,0.54,site_5664,Thermo Fisher Scientific India Private Limited
South Eastern Coalfields Limited,"Gevra , Chattisgarh",SECL GEVRA,30-AUG-2026 04:55,30-AUG-2026 04:45,18.50,34.46,12.49,6.41,0.32,site_,Envea India Pvt Ltd
South Eastern Coalfields Limited,"Gevra , Chattisgarh",SECL GEVRA,30-AUG-2026 04:55,30-AUG-2026 04:45,18.50,34.46,12.49,6.41,0.32,site_,Envea India Pvt Ltd
South Eastern Coalfields Limited,"Gevra , Chattisgarh",SECL GEVRA,30-AUG-2026 04:55,30-AUG-2026 04:45,18.50,34.46,12.49,6.41,0.32,site_,Envea India Pvt Ltd
South Eastern Coalfields Limited,Dipka Area,M/s Dipka Expansion Project South Eastern Coal Fields Limited Dipka Area,30-AUG-2026 04:55,29-AUG-2026 23:25,11.74,10.30,36.89,,0.47,site_5664,Thermo Fisher Scientific India Private Limited
South Eastern Coalfields Limited,Dipka Area,M/s Dipka Expansion Project South Eastern Coal Fields Limited Dipka Area,30-AUG-2026 04:54,29-AUG-2026 23:24,11.61,10.06,32.33,,0.43,site_5664,Thermo Fisher Scientific India Private Limited
South Eastern Coalfields Limited,Dipka Area,M/s Dipka Expansion Project South Eastern Coal Fields Limited Dipka Area,30-AUG-2026 04:54,29-AUG-2026 23:24,11.55,9.79,33.63,,0.39,site_5664,Thermo Fisher Scientific India Private Limited
South Eastern Coalfields Limited,Dipka Area,M/s Dipka Expansion Project South Eastern Coal Fields Limited Dipka Area,30-AUG-2026 04:53,29-AUG-2026 23:23,11.65,9.63,38.48,,0.32,site_5664,Thermo Fisher Scientific India Private Limited
South Eastern Coalfields Limited,Dipka Area,M/s Dipka Expansion Project South Eastern Coal Fields Limited Dipka Area,30-AUG-2026 04:53,29-AUG-2026 23:23,11.72,9.53,35.72,,0.31,site_5664,Thermo Fisher Scientific India Private Limited
South Eastern Coalfields Limited,Dipka Area,M/s Dipka Expansion Project South Eastern Coal Fields Limited Dipka Area,30-AUG-2026 04:52,29-AUG-2026 23:22,11.79,9.41,32.91,,0.39,site_5664,Thermo Fisher Scientific India Private Limited
South Eastern Coalfields Limited,Dipka Area,M/s Dipka Expansion Project South Eastern Coal Fields Limited Dipka Area,30-AUG-2026 04:52,29-AUG-2026 23:22,11.82,9.30,35.32,,0.40,site_5664,Thermo Fisher Scientific India Private Limited
South Eastern Coalfields Limited,Dipka Area,M/s Dipka Expansion Project South Eastern Coal Fields Limited Dipka Area,30-AUG-2026 04:51,29-AUG-2026 23:21,11.93,9.05,36.87,,0.42,site_5664,Thermo Fisher Scientific India Private Limited
South Eastern Coalfields Limited,Dipka Area,M/s Dipka Expansion Project South Eastern Coal Fields Limited Dipka Area,30-AUG-2026 04:51,29-AUG-2026 23:21,12.02,8.80,35.43,,0.42,site_5664,Thermo Fisher Scientific India Private Limited
South Eastern Coalfields Limited,Dipka Area,M/s Dipka Expansion Project South Eastern Coal Fields Limited Dipka Area,30-AUG-2026 04:50,29-AUG-2026 23:20,12.12,8.45,32.62,,0.25,site_5664,Thermo Fisher Scientific India Private Limited
South Eastern Coalfields Limited,Dipka Area,M/s Dipka Expansion Project South Eastern Coal Fields Limited Dipka Area,30-AUG-2026 04:50,29-AUG-2026 23:20,12.15,8.05,37.62,,0.38,site_5664,Thermo Fisher Scientific India Private Limited
South Eastern Coalfields Limited,Dipka Area,M/s Dipka Expansion Project South Eastern Coal Fields Limited Dipka Area,30-AUG-2026 04:49,29-AUG-2026 23:19,12.15,7.61,30.00,,0.42,site_5664,Thermo Fisher Scientific India Private Limited
South Eastern Coalfields Limited,Dipka Area,M/s Dipka Expansion Project South Eastern Coal Fields Limited Dipka Area,30-AUG-2026 04:49,29-AUG-2026 23:19,12.12,7.31,38.29,,0.38,site_5664,Thermo Fisher Scientific India Private Limited
South Eastern Coalfields Limited,Dipka Area,M/s Dipka Expansion Project South Eastern Coal Fields Limited Dipka Area,30-AUG-2026 04:48,29-AUG-2026 23:18,12.11,7.00,36.48,,0.52,site_5664,Thermo Fisher Scientific India Private Limited
South Eastern Coalfields Limited,Dipka Area,M/s Dipka Expansion Project South Eastern Coal Fields Limited Dipka Area,30-AUG-2026 04:48,29-AUG-2026 23:18,11.96,6.82,34.49,,0.60,site_5664,Thermo Fisher Scientific India Private Limited
South Eastern Coalfields Limited,Dipka Area,M/s Dipka Expansion Project South Eastern Coal Fields Limited Dipka Area,30-AUG-2026 04:47,29-AUG-2026 23:17,11.63,6.61,40.16,,0.46,site_5664,Thermo Fisher Scientific India Private Limited
South Eastern Coalfields Limited,Dipka Area,M/s Dipka Expansion Project South Eastern Coal Fields Limited Dipka Area,30-AUG-2026 04:47,29-AUG-2026 23:17,11.37,6.46,40.97,,0.50,site_5664,Thermo Fisher Scientific India Private Limited
South Eastern Coalfields Limited,Dipka Area,M/s Dipka Expansion Project South Eastern Coal Fields Limited Dipka Area,30-AUG-2026 04:46,29-AUG-2026 23:16,11.01,6.26,41.56,,0.44,site_5664,Thermo Fisher Scientific India Private Limited
South Eastern Coalfields Limited,Dipka Area,M/s Dipka Expansion Project South Eastern Coal Fields Limited Dipka Area,30-AUG-2026 04:46,29-AUG-2026 23:16,10.49,6.04,39.06,,0.57,site_5664,Thermo Fisher Scientific India Private Limited
South Eastern Coalfields Limited,"Bilaspur, CHHATTISGARHr",South Eastern Coalfields  Limited - AQMS_H_Q,30-AUG-2026 04:45,29-AUG-2026 23:14,3.50,,9.29,270.00,0.36,site_5592,Swan Environ
South Eastern Coalfields Limited,Dipka Area,M/s Dipka Expansion Project South Eastern Coal Fields Limited Dipka Area,30-AUG-2026 04:45,29-AUG-2026 23:15,9.95,5.95,39.77,,0.65,site_5664,Thermo Fisher Scientific India Private Limited
South Eastern Coalfields Limited,Dipka Area,M/s Dipka Expansion Project South Eastern Coal Fields Limited Dipka Area,30-AUG-2026 04:45,29-AUG-2026 23:15,9.46,5.76,36.48,,0.51,site_5664,Thermo Fisher Scientific India Private Limited
South Eastern Coalfields Limited,Dipka Area,M/s Dipka Expansion Project South Eastern Coal Fields Limited Dipka Area,30-AUG-2026 04:44,29-AUG-2026 23:14,8.97,5.52,36.36,,0.38,site_5664,Thermo Fisher Scientific India Private Limited
South Eastern Coalfields Limited,Dipka Area,M/s Dipka Expansion Project South Eastern Coal Fields Limited Dipka Area,30-AUG-2026 04:44,29-AUG-2026 23:14,8.44,5.32,38.02,,0.43,site_5664,Thermo Fisher Scientific India Private Limited
South Eastern Coalfields Limited,Dipka Area,M/s Dipka Expansion Project South Eastern Coal Fields Limited Dipka Area,30-AUG-2026 04:43,29-AUG-2026 23:13,8.04,5.21,38.17,,0.25,site_5664,Thermo Fisher Scientific India Private Limited
South Eastern Coalfields Limited,Dipka Area,M/s Dipka Expansion Project South Eastern Coal Fields Limited Dipka Area,30-AUG-2026 04:43,29-AUG-2026 23:13,7.93,5.00,33.91,,0.14,site_5664,Thermo Fisher Scientific India Private Limited
South Eastern Coalfields Limited,Dipka Area,M/s Dipka Expansion Project South Eastern Coal Fields Limited Dipka Area,30-AUG-2026 04:42,29-AUG-2026 23:12,7.62,4.75,33.04,,0.26,site_5664,Thermo Fisher Scientific India Private Limited
South Eastern Coalfields Limited,Dipka Area,M/s Dipka Expansion Project South Eastern Coal Fields Limited Dipka Area,30-AUG-2026 04:42,29-AUG-2026 23:12,7.29,4.57,38.21,,0.13,site_5664,Thermo Fisher Scientific India Private Limited
South Eastern Coalfields Limited,Dipka Area,M/s Dipka Expansion Project South Eastern Coal Fields Limited Dipka Area,30-AUG-2026 04:41,29-AUG-2026 23:11,6.93,4.49,40.01,,0.28,site_5664,Thermo Fisher Scientific India Private Limited
South Eastern Coalfields Limited,Dipka Area,M/s Dipka Expansion Project South Eastern Coal Fields Limited Dipka Area,30-AUG-2026 04:41,29-AUG-2026 23:11,6.66,4.37,36.01,,0.21,site_5664,Thermo Fisher Scientific India Private Limited
South Eastern Coalfields Limited,Dipka Area,M/s Dipka Expansion Project South Eastern Coal Fields Limited Dipka Area,30-AUG-2026 04:40,29-AUG-2026 23:10,6.21,4.37,32.44,,0.19,site_5664,Thermo Fisher Scientific India Private Limited
South Eastern Coalfields Limited,"Gevra , Chattisgarh",SECL GEVRA,30-AUG-2026 04:40,30-AUG-2026 04:30,39.50,71.05,13.66,9.53,0.82,site_,Envea India Pvt Ltd
South Eastern Coalfields Limited,"Gevra , Chattisgarh",SECL GEVRA,30-AUG-2026 04:40,30-AUG-2026 04:30,39.50,71.05,13.66,9.53,0.82,site_,Envea India Pvt Ltd
South Eastern Coalfields Limited,Dipka Area,M/s Dipka Expansion Project South Eastern Coal Fields Limited Dipka Area,30-AUG-2026 04:40,29-AUG-2026 23:10,5.55,4.39,35.64,,0.19,site_5664,Thermo Fisher Scientific India Private Limited
South Eastern Coalfields Limited,Dipka Area,M/s Dipka Expansion Project South Eastern Coal Fields Limited Dipka Area,30-AUG-2026 04:39,29-AUG-2026 23:09,4.88,4.35,36.09,,0.42,site_5664,Thermo Fisher Scientific India Private Limited
South Eastern Coalfields Limited,Dipka Area,M/s Dipka Expansion Project South Eastern Coal Fields Limited Dipka Area,30-AUG-2026 04:39,29-AUG-2026 23:09,4.48,4.38,36.17,,0.45,site_5664,Thermo Fisher Scientific India Private Limited
South Eastern Coalfields Limited,Dipka Area,M/s Dipka Expansion Project South Eastern Coal Fields Limited Dipka Area,30-AUG-2026 04:38,29-AUG-2026 23:08,4.21,4.39,33.10,,0.43,site_5664,Thermo Fisher Scientific India Private Limited
South Eastern Coalfields Limited,Dipka Area,M/s Dipka Expansion Project South Eastern Coal Fields Limited Dipka Area,30-AUG-2026 04:38,29-AUG-2026 23:08,3.65,4.53,32.44,,0.51,site_5664,Thermo Fisher Scientific India Private Limited
South Eastern Coalfields Limited,Dipka Area,M/s Dipka Expansion Project South Eastern Coal Fields Limited Dipka Area,30-AUG-2026 04:37,29-AUG-2026 23:07,3.40,4.61,41.04,,0.41,site_5664,Thermo Fisher Scientific India Private Limited
South Eastern Coalfields Limited,Dipka Area,M/s Dipka Expansion Project South Eastern Coal Fields Limited Dipka Area,30-AUG-2026 04:37,29-AUG-2026 23:07,3.52,4.74,42.34,,0.44,site_5664,Thermo Fisher Scientific India Private Limited
South Eastern Coalfields Limited,Dipka Area,M/s Dipka Expansion Project South Eastern Coal Fields Limited Dipka Area,30-AUG-2026 04:36,29-AUG-2026 23:06,3.86,5.06,37.08,,0.43,site_5664,Thermo Fisher Scientific India Private Limited
South Eastern Coalfields Limited,Dipka Area,M/s Dipka Expansion Project South Eastern Coal Fields Limited Dipka Area,30-AUG-2026 04:36,29-AUG-2026 23:06,4.13,5.35,32.64,,0.42,site_5664,Thermo Fisher Scientific India Private Limited
South Eastern Coalfields Limited,Dipka Area,M/s Dipka Expansion Project South Eastern Coal Fields Limited Dipka Area,30-AUG-2026 04:35,29-AUG-2026 23:05,4.44,5.68,36.37,,0.46,site_5664,Thermo Fisher Scientific India Private Limited
South Eastern Coalfields Limited,Dipka Area,M/s Dipka Expansion Project South Eastern Coal Fields Limited Dipka Area,30-AUG-2026 04:35,29-AUG-2026 23:05,4.63,5.83,40.91,,0.59,site_5664,Thermo Fisher Scientific India Private Limited
South Eastern Coalfields Limited,Dipka Area,M/s Dipka Expansion Project South Eastern Coal Fields Limited Dipka Area,30-AUG-2026 04:34,29-AUG-2026 23:04,4.88,5.87,37.67,,0.49,site_5664,Thermo Fisher Scientific India Private Limited
South Eastern Coalfields Limited,Dipka Area,M/s Dipka Expansion Project South Eastern Coal Fields Limited Dipka Area,30-AUG-2026 04:34,29-AUG-2026 23:04,4.85,5.80,42.36,,0.37,site_5664,Thermo Fisher Scientific India Private Limited
South Eastern Coalfields Limited,Dipka Area,M/s Dipka Expansion Project South Eastern Coal Fields Limited Dipka Area,30-AUG-2026 04:33,29-AUG-2026 23:03,4.76,5.70,36.43,,0.42,site_5664,Thermo Fisher Scientific India Private Limited
South Eastern Coalfields Limited,Dipka Area,M/s Dipka Expansion Project South Eastern Coal Fields Limited Dipka Area,30-AUG-2026 04:33,29-AUG-2026 23:03,4.78,5.57,31.06,,0.33,site_5664,Thermo Fisher Scientific India Private Limited
South Eastern Coalfields Limited,Dipka Area,M/s Dipka Expansion Project South Eastern Coal Fields Limited Dipka Area,30-AUG-2026 04:32,29-AUG-2026 23:02,4.71,5.37,39.58,,0.49,site_5664,Thermo Fisher Scientific India Private Limited
South Eastern Coalfields Limited,Dipka Area,M/s Dipka Expansion Project South Eastern Coal Fields Limited Dipka Area,30-AUG-2026 04:32,29-AUG-2026 23:02,4.78,5.33,37.35,,0.56,site_5664,Thermo Fisher Scientific India Private Limited
South Eastern Coalfields Limited,Dipka Area,M/s Dipka Expansion Project South Eastern Coal Fields Limited Dipka Area,30-AUG-2026 04:31,29-AUG-2026 23:01,4.83,5.45,34.12,,0.46,site_5664,Thermo Fisher Scientific India Private Limited
South Eastern Coalfields Limited,Dipka Area,M/s Dipka Expansion Project South Eastern Coal Fields Limited Dipka Area,30-AUG-2026 04:31,29-AUG-2026 23:01,5.05,5.63,31.07,,0.47,site_5664,Thermo Fisher Scientific India Private Limited
South Eastern Coalfields Limited,"Bilaspur, CHHATTISGARHr",South Eastern Coalfields  Limited - AQMS_H_Q,30-AUG-2026 04:30,29-AUG-2026 22:59,3.60,,9.06,0.00,0.00,site_5592,Swan Environ
South Eastern Coalfields Limited,Dipka Area,M/s Dipka Expansion Project South Eastern Coal Fields Limited Dipka Area,30-AUG-2026 04:30,29-AUG-2026 23:00,5.23,5.93,30.39,,0.59,site_5664,Thermo Fisher Scientific India Private Limited
South Eastern Coalfields Limited,Dipka Area,M/s Dipka Expansion Project South Eastern Coal Fields Limited Dipka Area,30-AUG-2026 04:30,29-AUG-2026 23:00,5.41,6.25,37.13,,0.49,site_5664,Thermo Fisher Scientific India Private Limited
South Eastern Coalfields Limited,Dipka Area,M/s Dipka Expansion Project South Eastern Coal Fields Limited Dipka Area,30-AUG-2026 04:29,29-AUG-2026 22:59,5.67,6.62,35.42,,0.52,site_5664,Thermo Fisher Scientific India Private Limited
South Eastern Coalfields Limited,Dipka Area,M/s Dipka Expansion Project South Eastern Coal Fields Limited Dipka Area,30-AUG-2026 04:29,29-AUG-2026 22:59,5.80,6.87,37.27,,0.51,site_5664,Thermo Fisher Scientific India Private Limited
South Eastern Coalfields Limited,Dipka Area,M/s Dipka Expansion Project South Eastern Coal Fields Limited Dipka Area,30-AUG-2026 04:28,29-AUG-2026 22:58,5.94,7.13,31.93,,0.52,site_5664,Thermo Fisher Scientific India Private Limited
South Eastern Coalfields Limited,Dipka Area,M/s Dipka Expansion Project South Eastern Coal Fields Limited Dipka Area,30-AUG-2026 04:28,29-AUG-2026 22:58,5.88,7.39,33.18,,0.63,site_5664,Thermo Fisher Scientific India Private Limited
South Eastern Coalfields Limited,Dipka Area,M/s Dipka Expansion Project South Eastern Coal Fields Limited Dipka Area,30-AUG-2026 04:27,29-AUG-2026 22:57,5.77,7.73,33.94,,0.46,site_5664,Thermo Fisher Scientific India Private Limited
South Eastern Coalfields Limited,Dipka Area,M/s Dipka Expansion Project South Eastern Coal Fields Limited Dipka Area,30-AUG-2026 04:27,29-AUG-2026 22:57,5.60,7.98,36.00,,0.35,site_5664,Thermo Fisher Scientific India Private Limited
South Eastern Coalfields Limited,Dipka Area,M/s Dipka Expansion Project South Eastern Coal Fields Limited Dipka Area,30-AUG-2026 04:26,29-AUG-2026 22:56,5.47,8.38,38.66,,0.50,site_5664,Thermo Fisher Scientific India Private Limited
South Eastern Coalfields Limited,Dipka Area,M/s Dipka Expansion Project South Eastern Coal Fields Limited Dipka Area,30-AUG-2026 04:26,29-AUG-2026 22:56,5.18,8.69,34.40,,0.63,site_5664,Thermo Fisher Scientific India Private Limited
South Eastern Coalfields Limited,Dipka Area,M/s Dipka Expansion Project South Eastern Coal Fields Limited Dipka Area,30-AUG-2026 04:25,29-AUG-2026 22:55,4.80,8.90,31.24,,0.42,site_5664,Thermo Fisher Scientific India Private Limited
South Eastern Coalfields Limited,"Gevra , Chattisgarh",SECL GEVRA,30-AUG-2026 04:25,30-AUG-2026 04:15,40.50,72.82,13.72,9.68,0.84,site_,Envea India Pvt Ltd
South Eastern Coalfields Limited,"Gevra , Chattisgarh",SECL GEVRA,30-AUG-2026 04:25,30-AUG-2026 04:15,40.50,72.82,13.72,9.68,0.84,site_,Envea India Pvt Ltd
South Eastern Coalfields Limited,"Gevra , Chattisgarh",SECL GEVRA,30-AUG-2026 04:25,30-AUG-2026 04:15,40.50,72.82,13.72,9.68,0.84,site_,Envea India Pvt Ltd
South Eastern Coalfields Limited,Dipka Area,M/s Dipka Expansion Project South Eastern Coal Fields Limited Dipka Area,30-AUG-2026 04:25,29-AUG-2026 22:55,4.60,9.05,33.33,,0.47,site_5664,Thermo Fisher Scientific India Private Limited
South Eastern Coalfields Limited,Dipka Area,M/s Dipka Expansion Project South Eastern Coal Fields Limited Dipka Area,30-AUG-2026 04:24,29-AUG-2026 22:54,4.40,9.31,40.27,,0.50,site_5664,Thermo Fisher Scientific India Private Limited
South Eastern Coalfields Limited,Dipka Area,M/s Dipka Expansion Project South Eastern Coal Fields Limited Dipka Area,30-AUG-2026 04:24,29-AUG-2026 22:54,4.28,9.39,38.09,,0.51,site_5664,Thermo Fisher Scientific India Private Limited
South Eastern Coalfields Limited,Dipka Area,M/s Dipka Expansion Project South Eastern Coal Fields Limited Dipka Area,30-AUG-2026 04:23,29-AUG-2026 22:53,4.15,9.37,33.86,,0.53,site_5664,Thermo Fisher Scientific India Private Limited
South Eastern Coalfields Limited,Dipka Area,M/s Dipka Expansion Project South Eastern Coal Fields Limited Dipka Area,30-AUG-2026 04:23,29-AUG-2026 22:53,4.18,9.45,33.17,,0.40,site_5664,Thermo Fisher Scientific India Private Limited
South Eastern Coalfields Limited,Dipka Area,M/s Dipka Expansion Project South Eastern Coal Fields Limited Dipka Area,30-AUG-2026 04:22,29-AUG-2026 22:52,4.38,9.54,40.39,,0.52,site_5664,Thermo Fisher Scientific India Private Limited
South Eastern Coalfields Limited,Dipka Area,M/s Dipka Expansion Project South Eastern Coal Fields Limited Dipka Area,30-AUG-2026 04:22,29-AUG-2026 22:52,4.54,9.58,38.59,,0.60,site_5664,Thermo Fisher Scientific India Private Limited
South Eastern Coalfields Limited,Dipka Area,M/s Dipka Expansion Project South Eastern Coal Fields Limited Dipka Area,30-AUG-2026 04:21,29-AUG-2026 22:51,4.73,9.56,38.23,,0.45,site_5664,Thermo Fisher Scientific India Private Limited
South Eastern Coalfields Limited,Dipka Area,M/s Dipka Expansion Project South Eastern Coal Fields Limited Dipka Area,30-AUG-2026 04:21,29-AUG-2026 22:51,4.87,9.47,33.11,,0.38,site_5664,Thermo Fisher Scientific India Private Limited
South Eastern Coalfields Limited,Dipka Area,M/s Dipka Expansion Project South Eastern Coal Fields Limited Dipka Area,30-AUG-2026 04:20,29-AUG-2026 22:50,5.07,9.38,35.47,,0.46,site_5664,Thermo Fisher Scientific India Private Limited
South Eastern Coalfields Limited,Dipka Area,M/s Dipka Expansion Project South Eastern Coal Fields Limited Dipka Area,30-AUG-2026 04:20,29-AUG-2026 22:50,5.39,9.27,34.42,,0.30,site_5664,Thermo Fisher Scientific India Private Limited
South Eastern Coalfields Limited,Dipka Area,M/s Dipka Expansion Project South Eastern Coal Fields Limited Dipka Area,30-AUG-2026 04:19,29-AUG-2026 22:49,5.65,9.15,38.39,,0.22,site_5664,Thermo Fisher Scientific India Private Limited
South Eastern Coalfields Limited,Dipka Area,M/s Dipka Expansion Project South Eastern Coal Fields Limited Dipka Area,30-AUG-2026 04:19,29-AUG-2026 22:49,5.73,8.94,31.87,,0.27,site_5664,Thermo Fisher Scientific India Private Limited
South Eastern Coalfields Limited,Dipka Area,M/s Dipka Expansion Project South Eastern Coal Fields Limited Dipka Area,30-AUG-2026 04:18,29-AUG-2026 22:48,5.82,8.66,34.20,,0.21,site_5664,Thermo Fisher Scientific India Private Limited
South Eastern Coalfields Limited,Dipka Area,M/s Dipka Expansion Project South Eastern Coal Fields Limited Dipka Area,30-AUG-2026 04:18,29-AUG-2026 22:48,5.81,8.41,35.77,,0.29,site_5664,Thermo Fisher Scientific India Private Limited
South Eastern Coalfields Limited,Dipka Area,M/s Dipka Expansion Project South Eastern Coal Fields Limited Dipka Area,30-AUG-2026 04:17,29-AUG-2026 22:47,5.73,8.13,41.07,,0.21,site_5664,Thermo Fisher Scientific India Private Limited
South Eastern Coalfields Limited,Dipka Area,M/s Dipka Expansion Project South Eastern Coal Fields Limited Dipka Area,30-AUG-2026 04:17,29-AUG-2026 22:47,5.48,7.97,32.17,,0.18,site_5664,Thermo Fisher Scientific India Private Limited
South Eastern Coalfields Limited,Dipka Area,M/s Dipka Expansion Project South Eastern Coal Fields Limited Dipka Area,30-AUG-2026 04:16,29-AUG-2026 22:46,5.07,7.71,35.14,,0.23,site_5664,Thermo Fisher Scientific India Private Limited
South Eastern Coalfields Limited,Dipka Area,M/s Dipka Expansion Project South Eastern Coal Fields Limited Dipka Area,30-AUG-2026 04:16,29-AUG-2026 22:46,4.65,7.55,33.48,,0.19,site_5664,Thermo Fisher Scientific India Private Limited
South Eastern Coalfields Limited,"Bilaspur, CHHATTISGARHr",South Eastern Coalfields  Limited - AQMS_H_Q,30-AUG-2026 04:15,29-AUG-2026 22:45,0.00,,3.38,0.34,8.87,site_5592,Swan Environ
South Eastern Coalfields Limited,Dipka Area,M/s Dipka Expansion Project South Eastern Coal Fields Limited Dipka Area,30-AUG-2026 04:15,29-AUG-2026 22:45,4.16,7.36,37.00,,0.20,site_5664,Thermo Fisher Scientific India Private Limited
South Eastern Coalfields Limited,Dipka Area,M/s Dipka Expansion Project South Eastern Coal Fields Limited Dipka Area,30-AUG-2026 04:15,29-AUG-2026 22:45,3.68,7.24,31.76,,0.44,site_5664,Thermo Fisher Scientific India Private Limited
South Eastern Coalfields Limited,Dipka Area,M/s Dipka Expansion Project South Eastern Coal Fields Limited Dipka Area,30-AUG-2026 04:14,29-AUG-2026 22:44,3.05,7.18,35.28,,0.37,site_5664,Thermo Fisher Scientific India Private Limited
South Eastern Coalfields Limited,Dipka Area,M/s Dipka Expansion Project South Eastern Coal Fields Limited Dipka Area,30-AUG-2026 04:14,29-AUG-2026 22:44,2.58,6.97,36.62,,0.32,site_5664,Thermo Fisher Scientific India Private Limited
South Eastern Coalfields Limited,Dipka Area,M/s Dipka Expansion Project South Eastern Coal Fields Limited Dipka Area,30-AUG-2026 04:13,29-AUG-2026 22:43,1.99,6.75,38.70,,0.44,site_5664,Thermo Fisher Scientific India Private Limited
South Eastern Coalfields Limited,Dipka Area,M/s Dipka Expansion Project South Eastern Coal Fields Limited Dipka Area,30-AUG-2026 04:13,29-AUG-2026 22:43,1.57,6.52,40.14,,0.46,site_5664,Thermo Fisher Scientific India Private Limited
South Eastern Coalfields Limited,Dipka Area,M/s Dipka Expansion Project South Eastern Coal Fields Limited Dipka Area,30-AUG-2026 04:12,29-AUG-2026 22:42,1.16,6.29,35.67,,0.46,site_5664,Thermo Fisher Scientific India Private Limited
South Eastern Coalfields Limited,Dipka Area,M/s Dipka Expansion Project South Eastern Coal Fields Limited Dipka Area,30-AUG-2026 04:12,29-AUG-2026 22:42,1.00,6.03,36.64,,0.42,site_5664,Thermo Fisher Scientific India Private Limited
South Eastern Coalfields Limited,Dipka Area,M/s Dipka Expansion Project South Eastern Coal Fields Limited Dipka Area,30-AUG-2026 04:11,29-AUG-2026 22:41,1.00,5.72,36.65,,0.54,site_5664,Thermo Fisher Scientific India Private Limited
South Eastern Coalfields Limited,Dipka Area,M/s Dipka Expansion Project South Eastern Coal Fields Limited Dipka Area,30-AUG-2026 04:11,29-AUG-2026 22:41,1.09,5.61,38.16,,0.56,site_5664,Thermo Fisher Scientific India Private Limited
South Eastern Coalfields Limited,Dipka Area,M/s Dipka Expansion Project South Eastern Coal Fields Limited Dipka Area,30-AUG-2026 04:10,29-AUG-2026 22:40,1.59,5.59,37.25,,0.49,site_5664,Thermo Fisher Scientific India Private Limited
South Eastern Coalfields Limited,"Gevra , Chattisgarh",SECL GEVRA,30-AUG-2026 04:10,30-AUG-2026 04:00,25.40,46.41,12.87,7.43,0.48,site_,Envea India Pvt Ltd
South Eastern Coalfields Limited,"Gevra , Chattisgarh",SECL GEVRA,30-AUG-2026 04:10,30-AUG-2026 04:00,25.40,46.41,12.87,7.43,0.48,site_,Envea India Pvt Ltd
South Eastern Coalfields Limited,"Gevra , Chattisgarh",SECL GEVRA,30-AUG-2026 04:10,30-AUG-2026 04:00,25.40,46.41,12.87,7.43,0.48,site_,Envea India Pvt Ltd
South Eastern Coalfields Limited,Dipka Area,M/s Dipka Expansion Project South Eastern Coal Fields Limited Dipka Area,30-AUG-2026 04:10,29-AUG-2026 22:40,2.13,5.66,31.05,,0.40,site_5664,Thermo Fisher Scientific India Private Limited
South Eastern Coalfields Limited,Dipka Area,M/s Dipka Expansion Project South Eastern Coal Fields Limited Dipka Area,30-AUG-2026 04:09,29-AUG-2026 22:39,2.83,5.84,34.38,,0.56,site_5664,Thermo Fisher Scientific India Private Limited
South Eastern Coalfields Limited,Dipka Area,M/s Dipka Expansion Project South Eastern Coal Fields Limited Dipka Area,30-AUG-2026 04:09,29-AUG-2026 22:39,3.48,6.13,33.96,,0.57,site_5664,Thermo Fisher Scientific India Private Limited
South Eastern Coalfields Limited,Dipka Area,M/s Dipka Expansion Project South Eastern Coal Fields Limited Dipka Area,30-AUG-2026 04:08,29-AUG-2026 22:38,4.23,6.63,34.97,,0.48,site_5664,Thermo Fisher Scientific India Private Limited
South Eastern Coalfields Limited,Dipka Area,M/s Dipka Expansion Project South Eastern Coal Fields Limited Dipka Area,30-AUG-2026 04:08,29-AUG-2026 22:38,4.97,6.93,36.29,,0.46,site_5664,Thermo Fisher Scientific India Private Limited
South Eastern Coalfields Limited,Dipka Area,M/s Dipka Expansion Project South Eastern Coal Fields Limited Dipka Area,30-AUG-2026 04:07,29-AUG-2026 22:37,5.63,7.17,32.86,,0.54,site_5664,Thermo Fisher Scientific India Private Limited
South Eastern Coalfields Limited,Dipka Area,M/s Dipka Expansion Project South Eastern Coal Fields Limited Dipka Area,30-AUG-2026 04:07,29-AUG-2026 22:37,6.16,7.30,33.17,,0.69,site_5664,Thermo Fisher Scientific India Private Limited
South Eastern Coalfields Limited,Dipka Area,M/s Dipka Expansion Project South Eastern Coal Fields Limited Dipka Area,30-AUG-2026 04:06,29-AUG-2026 22:36,6.76,7.27,34.06,,0.67,site_5664,Thermo Fisher Scientific India Private Limited
South Eastern Coalfields Limited,Dipka Area,M/s Dipka Expansion Project South Eastern Coal Fields Limited Dipka Area,30-AUG-2026 04:06,29-AUG-2026 22:36,7.35,7.14,35.86,,0.62,site_5664,Thermo Fisher Scientific India Private Limited
South Eastern Coalfields Limited,Dipka Area,M/s Dipka Expansion Project South Eastern Coal Fields Limited Dipka Area,30-AUG-2026 04:05,29-AUG-2026 22:35,7.99,6.79,36.17,,0.64,site_5664,Thermo Fisher Scientific India Private Limited
South Eastern Coalfields Limited,Dipka Area,M/s Dipka Expansion Project South Eastern Coal Fields Limited Dipka Area,30-AUG-2026 04:05,29-AUG-2026 22:35,8.27,6.55,32.44,,0.68,site_5664,Thermo Fisher Scientific India Private Limited
South Eastern Coalfields Limited,Dipka Area,M/s Dipka Expansion Project South Eastern Coal Fields Limited Dipka Area,30-AUG-2026 04:04,29-AUG-2026 22:34,8.58,6.44,31.60,,0.50,site_5664,Thermo Fisher Scientific India Private Limited
South Eastern Coalfields Limited,Dipka Area,M/s Dipka Expansion Project South Eastern Coal Fields Limited Dipka Area,30-AUG-2026 04:04,29-AUG-2026 22:34,9.00,6.31,33.62,,0.48,site_5664,Thermo Fisher Scientific India Private Limited
South Eastern Coalfields Limited,Dipka Area,M/s Dipka Expansion Project South Eastern Coal Fields Limited Dipka Area,30-AUG-2026 04:03,29-AUG-2026 22:33,9.47,6.43,35.76,,0.62,site_5664,Thermo Fisher Scientific India Private Limited
South Eastern Coalfields Limited,Dipka Area,M/s Dipka Expansion Project South Eastern Coal Fields Limited Dipka Area,30-AUG-2026 04:03,29-AUG-2026 22:33,9.76,6.69,33.41,,0.67,site_5664,Thermo Fisher Scientific India Private Limited
South Eastern Coalfields Limited,Dipka Area,M/s Dipka Expansion Project South Eastern Coal Fields Limited Dipka Area,30-AUG-2026 04:02,29-AUG-2026 22:32,10.11,7.10,33.23,,0.68,site_5664,Thermo Fisher Scientific India Private Limited
South Eastern Coalfields Limited,Dipka Area,M/s Dipka Expansion Project South Eastern Coal Fields Limited Dipka Area,30-AUG-2026 04:02,29-AUG-2026 22:32,10.65,7.52,36.78,,0.46,site_5664,Thermo Fisher Scientific India Private Limited
South Eastern Coalfields Limited,Dipka Area,M/s Dipka Expansion Project South Eastern Coal Fields Limited Dipka Area,30-AUG-2026 04:01,29-AUG-2026 22:31,11.35,8.01,39.75,,0.44,site_5664,Thermo Fisher Scientific India Private Limited
South Eastern Coalfields Limited,Dipka Area,M/s Dipka Expansion Project South Eastern Coal Fields Limited Dipka Area,30-AUG-2026 04:01,29-AUG-2026 22:31,11.66,8.54,35.64,,0.53,site_5664,Thermo Fisher Scientific India Private Limited
South Eastern Coalfields Limited,Dipka Area,M/s Dipka Expansion Project South Eastern Coal Fields Limited Dipka Area,30-AUG-2026 04:00,29-AUG-2026 22:30,12.01,9.15,34.92,,0.56,site_5664,Thermo Fisher Scientific India Private Limited
South Eastern Coalfields Limited,"Bilaspur, CHHATTISGARHr",South Eastern Coalfields  Limited - AQMS_H_Q,30-AUG-2026 04:00,29-AUG-2026 22:29,3.34,,8.99,270.00,0.38,site_5592,Swan Environ
South Eastern Coalfields Limited,Dipka Area,M/s Dipka Expansion Project South Eastern Coal Fields Limited Dipka Area,30-AUG-2026 03:59,29-AUG-2026 22:29,12.21,10.08,33.91,,0.70,site_5664,Thermo Fisher Scientific India Private Limited
South Eastern Coalfields Limited,Dipka Area,M/s Dipka Expansion Project South Eastern Coal Fields Limited Dipka Area,30-AUG-2026 03:59,29-AUG-2026 22:29,12.14,10.39,33.55,,0.89,site_5664,Thermo Fisher Scientific India Private Limited
South Eastern Coalfields Limited,Dipka Area,M/s Dipka Expansion Project South Eastern Coal Fields Limited Dipka Area,30-AUG-2026 03:58,29-AUG-2026 22:28,11.89,10.72,33.73,,0.83,site_5664,Thermo Fisher Scientific India Private Limited
South Eastern Coalfields Limited,Dipka Area,M/s Dipka Expansion Project South Eastern Coal Fields Limited Dipka Area,30-AUG-2026 03:58,29-AUG-2026 22:28,11.69,10.95,34.54,,0.51,site_5664,Thermo Fisher Scientific India Private Limited
South Eastern Coalfields Limited,Dipka Area,M/s Dipka Expansion Project South Eastern Coal Fields Limited Dipka Area,30-AUG-2026 03:57,29-AUG-2026 22:27,11.44,11.15,36.02,,0.46,site_5664,Thermo Fisher Scientific India Private Limited
South Eastern Coalfields Limited,Dipka Area,M/s Dipka Expansion Project South Eastern Coal Fields Limited Dipka Area,30-AUG-2026 03:57,29-AUG-2026 22:27,11.26,11.23,29.11,,0.62,site_5664,Thermo Fisher Scientific India Private Limited
South Eastern Coalfields Limited,Dipka Area,M/s Dipka Expansion Project South Eastern Coal Fields Limited Dipka Area,30-AUG-2026 03:56,29-AUG-2026 22:26,11.30,11.30,36.18,,0.54,site_5664,Thermo Fisher Scientific India Private Limited
South Eastern Coalfields Limited,Dipka Area,M/s Dipka Expansion Project South Eastern Coal Fields Limited Dipka Area,30-AUG-2026 03:56,29-AUG-2026 22:26,11.20,11.38,38.96,,0.49,site_5664,Thermo Fisher Scientific India Private Limited
South Eastern Coalfields Limited,Dipka Area,M/s Dipka Expansion Project South Eastern Coal Fields Limited Dipka Area,30-AUG-2026 03:55,29-AUG-2026 22:25,10.91,11.40,32.22,,0.47,site_5664,Thermo Fisher Scientific India Private Limited
South Eastern Coalfields Limited,"Gevra , Chattisgarh",SECL GEVRA,30-AUG-2026 03:55,30-AUG-2026 03:45,21.50,39.65,12.65,6.85,0.39,site_,Envea India Pvt Ltd
South Eastern Coalfields Limited,"Gevra , Chattisgarh",SECL GEVRA,30-AUG-2026 03:55,30-AUG-2026 03:45,21.50,39.65,12.65,6.85,0.39,site_,Envea India Pvt Ltd
South Eastern Coalfields Limited,"Gevra , Chattisgarh",SECL GEVRA,30-AUG-2026 03:55,30-AUG-2026 03:45,21.50,39.65,12.65,6.85,0.39,site_,Envea India Pvt Ltd
South Eastern Coalfields Limited,Dipka Area,M/s Dipka Expansion Project South Eastern Coal Fields Limited Dipka Area,30-AUG-2026 03:55,29-AUG-2026 22:25,10.62,11.29,33.47,,0.49,site_5664,Thermo Fisher Scientific India Private Limited
South Eastern Coalfields Limited,Dipka Area,M/s Dipka Expansion Project South Eastern Coal Fields Limited Dipka Area,30-AUG-2026 03:54,29-AUG-2026 22:24,10.31,11.07,37.66,,0.24,site_5664,Thermo Fisher Scientific India Private Limited
South Eastern Coalfields Limited,Dipka Area,M/s Dipka Expansion Project South Eastern Coal Fields Limited Dipka Area,30-AUG-2026 03:54,29-AUG-2026 22:24,10.18,10.86,34.98,,0.10,site_5664,Thermo Fisher Scientific India Private Limited
South Eastern Coalfields Limited,Dipka Area,M/s Dipka Expansion Project South Eastern Coal Fields Limited Dipka Area,30-AUG-2026 03:53,29-AUG-2026 22:23,9.99,10.61,30.91,,0.13,site_5664,Thermo Fisher Scientific India Private Limited
South Eastern Coalfields Limited,Dipka Area,M/s Dipka Expansion Project South Eastern Coal Fields Limited Dipka Area,30-AUG-2026 03:53,29-AUG-2026 22:23,9.91,10.42,35.03,,0.37,site_5664,Thermo Fisher Scientific India Private Limited
South Eastern Coalfields Limited,Dipka Area,M/s Dipka Expansion Project South Eastern Coal Fields Limited Dipka Area,30-AUG-2026 03:52,29-AUG-2026 22:22,10.06,10.18,37.18,,0.33,site_5664,Thermo Fisher Scientific India Private Limited
South Eastern Coalfields Limited,Dipka Area,M/s Dipka Expansion Project South Eastern Coal Fields Limited Dipka Area,30-AUG-2026 03:52,29-AUG-2026 22:22,10.19,10.03,31.21,,0.28,site_5664,Thermo Fisher Scientific India Private Limited
South Eastern Coalfields Limited,Dipka Area,M/s Dipka Expansion Project South Eastern Coal Fields Limited Dipka Area,30-AUG-2026 03:51,29-AUG-2026 22:21,10.41,9.92,37.22,,0.27,site_5664,Thermo Fisher Scientific India Private Limited
South Eastern Coalfields Limited,Dipka Area,M/s Dipka Expansion Project South Eastern Coal Fields Limited Dipka Area,30-AUG-2026 03:51,29-AUG-2026 22:21,10.44,9.99,31.81,,0.33,site_5664,Thermo Fisher Scientific India Private Limited
South Eastern Coalfields Limited,Dipka Area,M/s Dipka Expansion Project South Eastern Coal Fields Limited Dipka Area,30-AUG-2026 03:50,29-AUG-2026 22:20,10.40,10.13,33.59,,0.32,site_5664,Thermo Fisher Scientific India Private Limited
South Eastern Coalfields Limited,Dipka Area,M/s Dipka Expansion Project South Eastern Coal Fields Limited Dipka Area,30-AUG-2026 03:50,29-AUG-2026 22:20,10.37,10.17,38.82,,0.31,site_5664,Thermo Fisher Scientific India Private Limited
South Eastern Coalfields Limited,Dipka Area,M/s Dipka Expansion Project South Eastern Coal Fields Limited Dipka Area,30-AUG-2026 03:49,29-AUG-2026 22:19,10.28,10.15,38.60,,0.42,site_5664,Thermo Fisher Scientific India Private Limited
South Eastern Coalfields Limited,Dipka Area,M/s Dipka Expansion Project South Eastern Coal Fields Limited Dipka Area,30-AUG-2026 03:49,29-AUG-2026 22:19,10.37,10.07,33.97,,0.45,site_5664,Thermo Fisher Scientific India Private Limited
South Eastern Coalfields Limited,Dipka Area,M/s Dipka Expansion Project South Eastern Coal Fields Limited Dipka Area,30-AUG-2026 03:48,29-AUG-2026 22:18,10.39,9.91,38.85,,0.32,site_5664,Thermo Fisher Scientific India Private Limited
South Eastern Coalfields Limited,Dipka Area,M/s Dipka Expansion Project South Eastern Coal Fields Limited Dipka Area,30-AUG-2026 03:48,29-AUG-2026 22:18,10.26,9.72,39.54,,0.36,site_5664,Thermo Fisher Scientific India Private Limited
South Eastern Coalfields Limited,Dipka Area,M/s Dipka Expansion Project South Eastern Coal Fields Limited Dipka Area,30-AUG-2026 03:47,29-AUG-2026 22:17,10.13,9.43,35.02,,0.51,site_5664,Thermo Fisher Scientific India Private Limited
South Eastern Coalfields Limited,Dipka Area,M/s Dipka Expansion Project South Eastern Coal Fields Limited Dipka Area,30-AUG-2026 03:47,29-AUG-2026 22:17,10.00,9.10,43.13,,0.45,site_5664,Thermo Fisher Scientific India Private Limited
South Eastern Coalfields Limited,Dipka Area,M/s Dipka Expansion Project South Eastern Coal Fields Limited Dipka Area,30-AUG-2026 03:46,29-AUG-2026 22:16,9.78,8.69,33.03,,0.50,site_5664,Thermo Fisher Scientific India Private Limited
South Eastern Coalfields Limited,Dipka Area,M/s Dipka Expansion Project South Eastern Coal Fields Limited Dipka Area,30-AUG-2026 03:46,29-AUG-2026 22:16,9.51,8.46,30.67,,0.41,site_5664,Thermo Fisher Scientific India Private Limited
South Eastern Coalfields Limited,Dipka Area,M/s Dipka Expansion Project South Eastern Coal Fields Limited Dipka Area,30-AUG-2026 03:45,29-AUG-2026 22:15,9.18,8.27,34.70,,0.51,site_5664,Thermo Fisher Scientific India Private Limited
South Eastern Coalfields Limited,"Bilaspur, CHHATTISGARHr",South Eastern Coalfields  Limited - AQMS_H_Q,30-AUG-2026 03:45,29-AUG-2026 22:14,3.54,,9.33,265.67,0.34,site_5592,Swan Environ
South Eastern Coalfields Limited,Dipka Area,M/s Dipka Expansion Project South Eastern Coal Fields Limited Dipka Area,30-AUG-2026 03:45,29-AUG-2026 22:15,8.98,8.00,44.33,,0.40,site_5664,Thermo Fisher Scientific India Private Limited
South Eastern Coalfields Limited,Dipka Area,M/s Dipka Expansion Project South Eastern Coal Fields Limited Dipka Area,30-AUG-2026 03:44,29-AUG-2026 22:14,8.65,7.74,36.63,,0.42,site_5664,Thermo Fisher Scientific India Private Limited
South Eastern Coalfields Limited,Dipka Area,M/s Dipka Expansion Project South Eastern Coal Fields Limited Dipka Area,30-AUG-2026 03:44,29-AUG-2026 22:14,8.48,7.62,30.10,,0.43,site_5664,Thermo Fisher Scientific India Private Limited
South Eastern Coalfields Limited,Dipka Area,M/s Dipka Expansion Project South Eastern Coal Fields Limited Dipka Area,30-AUG-2026 03:43,29-AUG-2026 22:13,8.25,7.53,37.15,,0.52,site_5664,Thermo Fisher Scientific India Private Limited
South Eastern Coalfields Limited,Dipka Area,M/s Dipka Expansion Project South Eastern Coal Fields Limited Dipka Area,30-AUG-2026 03:43,29-AUG-2026 22:13,8.05,7.28,41.69,,0.44,site_5664,Thermo Fisher Scientific India Private Limited
South Eastern Coalfields Limited,Dipka Area,M/s Dipka Expansion Project South Eastern Coal Fields Limited Dipka Area,30-AUG-2026 03:42,29-AUG-2026 22:12,7.86,6.92,35.29,,0.39,site_5664,Thermo Fisher Scientific India Private Limited
South Eastern Coalfields Limited,Dipka Area,M/s Dipka Expansion Project South Eastern Coal Fields Limited Dipka Area,30-AUG-2026 03:42,29-AUG-2026 22:12,7.79,6.69,39.63,,0.33,site_5664,Thermo Fisher Scientific India Private Limited
South Eastern Coalfields Limited,Dipka Area,M/s Dipka Expansion Project South Eastern Coal Fields Limited Dipka Area,30-AUG-2026 03:41,29-AUG-2026 22:11,7.61,6.44,35.97,,0.24,site_5664,Thermo Fisher Scientific India Private Limited
South Eastern Coalfields Limited,Dipka Area,M/s Dipka Expansion Project South Eastern Coal Fields Limited Dipka Area,30-AUG-2026 03:41,29-AUG-2026 22:11,7.58,6.17,38.29,,0.24,site_5664,Thermo Fisher Scientific India Private Limited
South Eastern Coalfields Limited,Dipka Area,M/s Dipka Expansion Project South Eastern Coal Fields Limited Dipka Area,30-AUG-2026 03:40,29-AUG-2026 22:10,7.57,5.77,41.37,,0.22,site_5664,Thermo Fisher Scientific India Private Limited
South Eastern Coalfields Limited,"Gevra , Chattisgarh",SECL GEVRA,30-AUG-2026 03:40,30-AUG-2026 03:30,36.50,65.75,13.49,9.08,0.75,site_,Envea India Pvt Ltd
South Eastern Coalfields Limited,"Gevra , Chattisgarh",SECL GEVRA,30-AUG-2026 03:40,30-AUG-2026 03:30,36.50,65.75,13.49,9.08,0.75,site_,Envea India Pvt Ltd
South Eastern Coalfields Limited,"Gevra , Chattisgarh",SECL GEVRA,30-AUG-2026 03:40,30-AUG-2026 03:30,36.50,65.75,13.49,9.08,0.75,site_,Envea India Pvt Ltd
South Eastern Coalfields Limited,"Gevra , Chattisgarh",SECL GEVRA,30-AUG-2026 03:40,30-AUG-2026 03:30,36.50,65.75,13.49,9.08,0.75,site_,Envea India Pvt Ltd
South Eastern Coalfields Limited,Dipka Area,M/s Dipka Expansion Project South Eastern Coal Fields Limited Dipka Area,30-AUG-2026 03:40,29-AUG-2026 22:10,7.74,5.50,35.81,,0.30,site_5664,Thermo Fisher Scientific India Private Limited
South Eastern Coalfields Limited,Dipka Area,M/s Dipka Expansion Project South Eastern Coal Fields Limited Dipka Area,30-AUG-2026 03:39,29-AUG-2026 22:09,7.94,5.37,31.59,,0.36,site_5664,Thermo Fisher Scientific India Private Limited
South Eastern Coalfields Limited,Dipka Area,M/s Dipka Expansion Project South Eastern Coal Fields Limited Dipka Area,30-AUG-2026 03:39,29-AUG-2026 22:09,8.13,5.24,38.44,,0.31,site_5664,Thermo Fisher Scientific India Private Limited
South Eastern Coalfields Limited,Dipka Area,M/s Dipka Expansion Project South Eastern Coal Fields Limited Dipka Area,30-AUG-2026 03:38,29-AUG-2026 22:08,8.35,5.15,40.33,,0.30,site_5664,Thermo Fisher Scientific India Private Limited
South Eastern Coalfields Limited,Dipka Area,M/s Dipka Expansion Project South Eastern Coal Fields Limited Dipka Area,30-AUG-2026 03:38,29-AUG-2026 22:08,8.41,5.19,40.17,,0.36,site_5664,Thermo Fisher Scientific India Private Limited
South Eastern Coalfields Limited,Dipka Area,M/s Dipka Expansion Project South Eastern Coal Fields Limited Dipka Area,30-AUG-2026 03:37,29-AUG-2026 22:07,8.60,5.42,37.61,,0.25,site_5664,Thermo Fisher Scientific India Private Limited
South Eastern Coalfields Limited,Dipka Area,M/s Dipka Expansion Project South Eastern Coal Fields Limited Dipka Area,30-AUG-2026 03:37,29-AUG-2026 22:07,8.64,5.82,39.49,,0.39,site_5664,Thermo Fisher Scientific India Private Limited
South Eastern Coalfields Limited,Dipka Area,M/s Dipka Expansion Project South Eastern Coal Fields Limited Dipka Area,30-AUG-2026 03:36,29-AUG-2026 22:06,8.87,6.11,35.05,,0.47,site_5664,Thermo Fisher Scientific India Private Limited
South Eastern Coalfields Limited,Dipka Area,M/s Dipka Expansion Project South Eastern Coal Fields Limited Dipka Area,30-AUG-2026 03:36,29-AUG-2026 22:06,9.09,6.38,38.14,,0.52,site_5664,Thermo Fisher Scientific India Private Limited
South Eastern Coalfields Limited,Dipka Area,M/s Dipka Expansion Project South Eastern Coal Fields Limited Dipka Area,30-AUG-2026 03:35,29-AUG-2026 22:05,9.41,6.76,37.84,,0.43,site_5664,Thermo Fisher Scientific India Private Limited
South Eastern Coalfields Limited,Dipka Area,M/s Dipka Expansion Project South Eastern Coal Fields Limited Dipka Area,30-AUG-2026 03:35,29-AUG-2026 22:05,9.71,7.00,38.76,,0.43,site_5664,Thermo Fisher Scientific India Private Limited
South Eastern Coalfields Limited,Dipka Area,M/s Dipka Expansion Project South Eastern Coal Fields Limited Dipka Area,30-AUG-2026 03:34,29-AUG-2026 22:04,10.07,7.17,40.59,,0.38,site_5664,Thermo Fisher Scientific India Private Limited
South Eastern Coalfields Limited,Dipka Area,M/s Dipka Expansion Project South Eastern Coal Fields Limited Dipka Area,30-AUG-2026 03:34,29-AUG-2026 22:04,10.41,7.27,34.85,,0.42,site_5664,Thermo Fisher Scientific India Private Limited
South Eastern Coalfields Limited,Dipka Area,M/s Dipka Expansion Project South Eastern Coal Fields Limited Dipka Area,30-AUG-2026 03:33,29-AUG-2026 22:03,10.79,7.65,33.46,,0.37,site_5664,Thermo Fisher Scientific India Private Limited
South Eastern Coalfields Limited,Dipka Area,M/s Dipka Expansion Project South Eastern Coal Fields Limited Dipka Area,30-AUG-2026 03:33,29-AUG-2026 22:03,11.12,8.06,38.93,,0.41,site_5664,Thermo Fisher Scientific India Private Limited
South Eastern Coalfields Limited,Dipka Area,M/s Dipka Expansion Project South Eastern Coal Fields Limited Dipka Area,30-AUG-2026 03:32,29-AUG-2026 22:02,11.50,8.44,32.36,,0.59,site_5664,Thermo Fisher Scientific India Private Limited
South Eastern Coalfields Limited,Dipka Area,M/s Dipka Expansion Project South Eastern Coal Fields Limited Dipka Area,30-AUG-2026 03:32,29-AUG-2026 22:02,11.78,8.84,37.66,,0.67,site_5664,Thermo Fisher Scientific India Private Limited
South Eastern Coalfields Limited,Dipka Area,M/s Dipka Expansion Project South Eastern Coal Fields Limited Dipka Area,30-AUG-2026 03:31,29-AUG-2026 22:01,12.12,9.40,38.08,,0.52,site_5664,Thermo Fisher Scientific India Private Limited
South Eastern Coalfields Limited,Dipka Area,M/s Dipka Expansion Project South Eastern Coal Fields Limited Dipka Area,30-AUG-2026 03:31,29-AUG-2026 22:01,12.35,9.97,33.84,,0.50,site_5664,Thermo Fisher Scientific India Private Limited
South Eastern Coalfields Limited,Dipka Area,M/s Dipka Expansion Project South Eastern Coal Fields Limited Dipka Area,30-AUG-2026 03:30,29-AUG-2026 22:00,12.55,10.53,37.66,,0.47,site_5664,Thermo Fisher Scientific India Private Limited
South Eastern Coalfields Limited,"Bilaspur, CHHATTISGARHr",South Eastern Coalfields  Limited - AQMS_H_Q,30-AUG-2026 03:30,29-AUG-2026 21:59,0.00,,0.00,98.91,25.43,site_5592,Swan Environ
South Eastern Coalfields Limited,Dipka Area,M/s Dipka Expansion Project South Eastern Coal Fields Limited Dipka Area,30-AUG-2026 03:30,29-AUG-2026 22:00,12.87,11.01,37.15,,0.58,site_5664,Thermo Fisher Scientific India Private Limited
South Eastern Coalfields Limited,Dipka Area,M/s Dipka Expansion Project South Eastern Coal Fields Limited Dipka Area,30-AUG-2026 03:29,29-AUG-2026 21:59,13.16,11.57,34.35,,0.59,site_5664,Thermo Fisher Scientific India Private Limited
South Eastern Coalfields Limited,Dipka Area,M/s Dipka Expansion Project South Eastern Coal Fields Limited Dipka Area,30-AUG-2026 03:29,29-AUG-2026 21:59,13.42,12.18,33.62,,0.60,site_5664,Thermo Fisher Scientific India Private Limited
South Eastern Coalfields Limited,Dipka Area,M/s Dipka Expansion Project South Eastern Coal Fields Limited Dipka Area,30-AUG-2026 03:28,29-AUG-2026 21:58,13.77,12.86,34.19,,0.61,site_5664,Thermo Fisher Scientific India Private Limited
South Eastern Coalfields Limited,Dipka Area,M/s Dipka Expansion Project South Eastern Coal Fields Limited Dipka Area,30-AUG-2026 03:28,29-AUG-2026 21:58,14.14,13.39,36.22,,0.64,site_5664,Thermo Fisher Scientific India Private Limited
South Eastern Coalfields Limited,Dipka Area,M/s Dipka Expansion Project South Eastern Coal Fields Limited Dipka Area,30-AUG-2026 03:27,29-AUG-2026 21:57,14.47,13.98,37.94,,0.58,site_5664,Thermo Fisher Scientific India Private Limited
South Eastern Coalfields Limited,Dipka Area,M/s Dipka Expansion Project South Eastern Coal Fields Limited Dipka Area,30-AUG-2026 03:27,29-AUG-2026 21:57,14.71,14.55,34.49,,0.49,site_5664,Thermo Fisher Scientific India Private Limited
South Eastern Coalfields Limited,Dipka Area,M/s Dipka Expansion Project South Eastern Coal Fields Limited Dipka Area,30-AUG-2026 03:26,29-AUG-2026 21:56,14.86,15.06,39.11,,0.61,site_5664,Thermo Fisher Scientific India Private Limited
South Eastern Coalfields Limited,Dipka Area,M/s Dipka Expansion Project South Eastern Coal Fields Limited Dipka Area,30-AUG-2026 03:26,29-AUG-2026 21:56,14.89,15.31,38.61,,0.63,site_5664,Thermo Fisher Scientific India Private Limited
South Eastern Coalfields Limited,Dipka Area,M/s Dipka Expansion Project South Eastern Coal Fields Limited Dipka Area,30-AUG-2026 03:25,29-AUG-2026 21:55,14.77,15.52,40.47,,0.72,site_5664,Thermo Fisher Scientific India Private Limited
South Eastern Coalfields Limited,Dipka Area,M/s Dipka Expansion Project South Eastern Coal Fields Limited Dipka Area,30-AUG-2026 03:25,29-AUG-2026 21:55,14.65,15.67,35.99,,0.64,site_5664,Thermo Fisher Scientific India Private Limited
South Eastern Coalfields Limited,"Gevra , Chattisgarh",SECL GEVRA,30-AUG-2026 03:25,30-AUG-2026 03:15,37.10,66.81,13.52,9.17,0.76,site_,Envea India Pvt Ltd
South Eastern Coalfields Limited,"Gevra , Chattisgarh",SECL GEVRA,30-AUG-2026 03:25,30-AUG-2026 03:15,37.10,66.81,13.52,9.17,0.76,site_,Envea India Pvt Ltd
South Eastern Coalfields Limited,"Gevra , Chattisgarh",SECL GEVRA,30-AUG-2026 03:25,30-AUG-2026 03:15,37.10,66.81,13.52,9.17,0.76,site_,Envea India Pvt Ltd
South Eastern Coalfields Limited,Dipka Area,M/s Dipka Expansion Project South Eastern Coal Fields Limited Dipka Area,30-AUG-2026 03:24,29-AUG-2026 21:54,14.45,15.68,33.57,,0.64,site_5664,Thermo Fisher Scientific India Private Limited
South Eastern Coalfields Limited,Dipka Area,M/s Dipka Expansion Project South Eastern Coal Fields Limited Dipka Area,30-AUG-2026 03:24,29-AUG-2026 21:54,14.16,15.67,33.90,,0.79,site_5664,Thermo Fisher Scientific India Private Limited
South Eastern Coalfields Limited,Dipka Area,M/s Dipka Expansion Project South Eastern Coal Fields Limited Dipka Area,30-AUG-2026 03:23,29-AUG-2026 21:53,13.99,15.62,43.24,,0.76,site_5664,Thermo Fisher Scientific India Private Limited
South Eastern Coalfields Limited,Dipka Area,M/s Dipka Expansion Project South Eastern Coal Fields Limited Dipka Area,30-AUG-2026 03:23,29-AUG-2026 21:53,13.92,15.66,42.40,,0.65,site_5664,Thermo Fisher Scientific India Private Limited
South Eastern Coalfields Limited,Dipka Area,M/s Dipka Expansion Project South Eastern Coal Fields Limited Dipka Area,30-AUG-2026 03:22,29-AUG-2026 21:52,13.73,15.58,40.43,,0.52,site_5664,Thermo Fisher Scientific India Private Limited
South Eastern Coalfields Limited,Dipka Area,M/s Dipka Expansion Project South Eastern Coal Fields Limited Dipka Area,30-AUG-2026 03:22,29-AUG-2026 21:52,13.42,15.53,31.29,,0.61,site_5664,Thermo Fisher Scientific India Private Limited
South Eastern Coalfields Limited,Dipka Area,M/s Dipka Expansion Project South Eastern Coal Fields Limited Dipka Area,30-AUG-2026 03:21,29-AUG-2026 21:51,13.29,15.53,37.03,,0.63,site_5664,Thermo Fisher Scientific India Private Limited
South Eastern Coalfields Limited,Dipka Area,M/s Dipka Expansion Project South Eastern Coal Fields Limited Dipka Area,30-AUG-2026 03:21,29-AUG-2026 21:51,13.25,15.56,32.22,,0.62,site_5664,Thermo Fisher Scientific India Private Limited
South Eastern Coalfields Limited,Dipka Area,M/s Dipka Expansion Project South Eastern Coal Fields Limited Dipka Area,30-AUG-2026 03:20,29-AUG-2026 21:50,13.10,15.75,35.70,,0.62,site_5664,Thermo Fisher Scientific India Private Limited
South Eastern Coalfields Limited,Dipka Area,M/s Dipka Expansion Project South Eastern Coal Fields Limited Dipka Area,30-AUG-2026 03:20,29-AUG-2026 21:50,12.81,15.90,39.31,,0.65,site_5664,Thermo Fisher Scientific India Private Limited
South Eastern Coalfields Limited,Dipka Area,M/s Dipka Expansion Project South Eastern Coal Fields Limited Dipka Area,30-AUG-2026 03:19,29-AUG-2026 21:49,12.55,16.23,30.95,,0.58,site_5664,Thermo Fisher Scientific India Private Limited
South Eastern Coalfields Limited,Dipka Area,M/s Dipka Expansion Project South Eastern Coal Fields Limited Dipka Area,30-AUG-2026 03:19,29-AUG-2026 21:49,12.37,16.59,35.03,,0.45,site_5664,Thermo Fisher Scientific India Private Limited
South Eastern Coalfields Limited,Dipka Area,M/s Dipka Expansion Project South Eastern Coal Fields Limited Dipka Area,30-AUG-2026 03:18,29-AUG-2026 21:48,11.81,16.75,32.59,,0.50,site_5664,Thermo Fisher Scientific India Private Limited
South Eastern Coalfields Limited,Dipka Area,M/s Dipka Expansion Project South Eastern Coal Fields Limited Dipka Area,30-AUG-2026 03:18,29-AUG-2026 21:48,11.24,16.86,40.36,,0.61,site_5664,Thermo Fisher Scientific India Private Limited
South Eastern Coalfields Limited,Dipka Area,M/s Dipka Expansion Project South Eastern Coal Fields Limited Dipka Area,30-AUG-2026 03:17,29-AUG-2026 21:47,10.54,16.94,38.05,,0.62,site_5664,Thermo Fisher Scientific India Private Limited
South Eastern Coalfields Limited,Dipka Area,M/s Dipka Expansion Project South Eastern Coal Fields Limited Dipka Area,30-AUG-2026 03:17,29-AUG-2026 21:47,9.96,17.08,35.31,,0.52,site_5664,Thermo Fisher Scientific India Private Limited
South Eastern Coalfields Limited,Dipka Area,M/s Dipka Expansion Project South Eastern Coal Fields Limited Dipka Area,30-AUG-2026 03:16,29-AUG-2026 21:46,9.29,17.04,39.13,,0.50,site_5664,Thermo Fisher Scientific India Private Limited
South Eastern Coalfields Limited,Dipka Area,M/s Dipka Expansion Project South Eastern Coal Fields Limited Dipka Area,30-AUG-2026 03:16,29-AUG-2026 21:46,8.84,16.91,36.59,,0.44,site_5664,Thermo Fisher Scientific India Private Limited
South Eastern Coalfields Limited,"Bilaspur, CHHATTISGARHr",South Eastern Coalfields  Limited - AQMS_H_Q,30-AUG-2026 03:15,29-AUG-2026 21:45,3.35,,9.10,180.00,0.23,site_5592,Swan Environ
South Eastern Coalfields Limited,Dipka Area,M/s Dipka Expansion Project South Eastern Coal Fields Limited Dipka Area,30-AUG-2026 03:15,29-AUG-2026 21:45,8.58,16.90,36.78,,0.46,site_5664,Thermo Fisher Scientific India Private Limited
South Eastern Coalfields Limited,Dipka Area,M/s Dipka Expansion Project South Eastern Coal Fields Limited Dipka Area,30-AUG-2026 03:15,29-AUG-2026 21:45,8.45,16.81,39.09,,0.50,site_5664,Thermo Fisher Scientific India Private Limited
South Eastern Coalfields Limited,Dipka Area,M/s Dipka Expansion Project South Eastern Coal Fields Limited Dipka Area,30-AUG-2026 03:14,29-AUG-2026 21:44,8.55,16.73,34.91,,0.47,site_5664,Thermo Fisher Scientific India Private Limited
South Eastern Coalfields Limited,Dipka Area,M/s Dipka Expansion Project South Eastern Coal Fields Limited Dipka Area,30-AUG-2026 03:14,29-AUG-2026 21:44,8.66,16.69,37.61,,0.43,site_5664,Thermo Fisher Scientific India Private Limited
South Eastern Coalfields Limited,Dipka Area,M/s Dipka Expansion Project South Eastern Coal Fields Limited Dipka Area,30-AUG-2026 03:13,29-AUG-2026 21:43,8.61,16.65,33.93,,0.42,site_5664,Thermo Fisher Scientific India Private Limited
South Eastern Coalfields Limited,Dipka Area,M/s Dipka Expansion Project South Eastern Coal Fields Limited Dipka Area,30-AUG-2026 03:13,29-AUG-2026 21:43,8.34,16.68,39.72,,0.39,site_5664,Thermo Fisher Scientific India Private Limited
South Eastern Coalfields Limited,Dipka Area,M/s Dipka Expansion Project South Eastern Coal Fields Limited Dipka Area,30-AUG-2026 03:12,29-AUG-2026 21:42,7.88,16.67,35.14,,0.41,site_5664,Thermo Fisher Scientific India Private Limited
South Eastern Coalfields Limited,Dipka Area,M/s Dipka Expansion Project South Eastern Coal Fields Limited Dipka Area,30-AUG-2026 03:12,29-AUG-2026 21:42,7.38,16.66,36.06,,0.35,site_5664,Thermo Fisher Scientific India Private Limited
South Eastern Coalfields Limited,Dipka Area,M/s Dipka Expansion Project South Eastern Coal Fields Limited Dipka Area,30-AUG-2026 03:11,29-AUG-2026 21:41,6.71,16.75,39.02,,0.34,site_5664,Thermo Fisher Scientific India Private Limited
South Eastern Coalfields Limited,Dipka Area,M/s Dipka Expansion Project South Eastern Coal Fields Limited Dipka Area,30-AUG-2026 03:11,29-AUG-2026 21:41,6.08,16.72,36.70,,0.53,site_5664,Thermo Fisher Scientific India Private Limited
South Eastern Coalfields Limited,Dipka Area,M/s Dipka Expansion Project South Eastern Coal Fields Limited Dipka Area,30-AUG-2026 03:10,29-AUG-2026 21:40,5.61,16.72,42.39,,0.45,site_5664,Thermo Fisher Scientific India Private Limited
South Eastern Coalfields Limited,"Gevra , Chattisgarh",SECL GEVRA,30-AUG-2026 03:10,30-AUG-2026 03:00,53.60,95.59,14.45,11.62,1.16,site_,Envea India Pvt Ltd
South Eastern Coalfields Limited,"Gevra , Chattisgarh",SECL GEVRA,30-AUG-2026 03:10,30-AUG-2026 03:00,53.60,95.59,14.45,11.62,1.16,site_,Envea India Pvt Ltd
South Eastern Coalfields Limited,Dipka Area,M/s Dipka Expansion Project South Eastern Coal Fields Limited Dipka Area,30-AUG-2026 03:10,29-AUG-2026 21:40,5.33,16.68,36.48,,0.40,site_5664,Thermo Fisher Scientific India Private Limited
South Eastern Coalfields Limited,Dipka Area,M/s Dipka Expansion Project South Eastern Coal Fields Limited Dipka Area,30-AUG-2026 03:09,29-AUG-2026 21:39,5.00,16.53,33.45,,0.51,site_5664,Thermo Fisher Scientific India Private Limited
South Eastern Coalfields Limited,Dipka Area,M/s Dipka Expansion Project South Eastern Coal Fields Limited Dipka Area,30-AUG-2026 03:09,29-AUG-2026 21:39,4.92,16.47,35.19,,0.77,site_5664,Thermo Fisher Scientific India Private Limited
South Eastern Coalfields Limited,Dipka Area,M/s Dipka Expansion Project South Eastern Coal Fields Limited Dipka Area,30-AUG-2026 03:08,29-AUG-2026 21:38,4.97,16.31,42.22,,0.75,site_5664,Thermo Fisher Scientific India Private Limited
South Eastern Coalfields Limited,Dipka Area,M/s Dipka Expansion Project South Eastern Coal Fields Limited Dipka Area,30-AUG-2026 03:08,29-AUG-2026 21:38,5.20,16.19,36.23,,0.71,site_5664,Thermo Fisher Scientific India Private Limited
South Eastern Coalfields Limited,Dipka Area,M/s Dipka Expansion Project South Eastern Coal Fields Limited Dipka Area,30-AUG-2026 03:07,29-AUG-2026 21:37,5.61,16.13,33.46,,0.92,site_5664,Thermo Fisher Scientific India Private Limited
South Eastern Coalfields Limited,Dipka Area,M/s Dipka Expansion Project South Eastern Coal Fields Limited Dipka Area,30-AUG-2026 03:07,29-AUG-2026 21:37,6.06,16.08,37.88,,0.95,site_5664,Thermo Fisher Scientific India Private Limited
South Eastern Coalfields Limited,Dipka Area,M/s Dipka Expansion Project South Eastern Coal Fields Limited Dipka Area,30-AUG-2026 03:06,29-AUG-2026 21:36,6.82,16.19,37.35,,0.89,site_5664,Thermo Fisher Scientific India Private Limited
South Eastern Coalfields Limited,Dipka Area,M/s Dipka Expansion Project South Eastern Coal Fields Limited Dipka Area,30-AUG-2026 03:06,29-AUG-2026 21:36,7.49,16.39,38.84,,0.72,site_5664,Thermo Fisher Scientific India Private Limited
South Eastern Coalfields Limited,Dipka Area,M/s Dipka Expansion Project South Eastern Coal Fields Limited Dipka Area,30-AUG-2026 03:05,29-AUG-2026 21:35,8.24,16.50,33.44,,0.81,site_5664,Thermo Fisher Scientific India Private Limited
South Eastern Coalfields Limited,Dipka Area,M/s Dipka Expansion Project South Eastern Coal Fields Limited Dipka Area,30-AUG-2026 03:05,29-AUG-2026 21:35,8.86,16.59,36.30,,0.85,site_5664,Thermo Fisher Scientific India Private Limited
South Eastern Coalfields Limited,Dipka Area,M/s Dipka Expansion Project South Eastern Coal Fields Limited Dipka Area,30-AUG-2026 03:04,29-AUG-2026 21:34,9.32,16.59,30.89,,0.75,site_5664,Thermo Fisher Scientific India Private Limited
South Eastern Coalfields Limited,Dipka Area,M/s Dipka Expansion Project South Eastern Coal Fields Limited Dipka Area,30-AUG-2026 03:04,29-AUG-2026 21:34,9.76,16.60,37.85,,0.45,site_5664,Thermo Fisher Scientific India Private Limited
South Eastern Coalfields Limited,Dipka Area,M/s Dipka Expansion Project South Eastern Coal Fields Limited Dipka Area,30-AUG-2026 03:03,29-AUG-2026 21:33,10.31,16.59,38.94,,0.56,site_5664,Thermo Fisher Scientific India Private Limited
South Eastern Coalfields Limited,Dipka Area,M/s Dipka Expansion Project South Eastern Coal Fields Limited Dipka Area,30-AUG-2026 03:03,29-AUG-2026 21:33,10.84,16.63,34.21,,0.73,site_5664,Thermo Fisher Scientific India Private Limited
South Eastern Coalfields Limited,Dipka Area,M/s Dipka Expansion Project South Eastern Coal Fields Limited Dipka Area,30-AUG-2026 03:02,29-AUG-2026 21:32,11.42,16.79,33.02,,0.57,site_5664,Thermo Fisher Scientific India Private Limited
South Eastern Coalfields Limited,Dipka Area,M/s Dipka Expansion Project South Eastern Coal Fields Limited Dipka Area,30-AUG-2026 03:02,29-AUG-2026 21:32,11.95,16.88,33.79,,0.54,site_5664,Thermo Fisher Scientific India Private Limited
South Eastern Coalfields Limited,Dipka Area,M/s Dipka Expansion Project South Eastern Coal Fields Limited Dipka Area,30-AUG-2026 03:01,29-AUG-2026 21:31,12.66,17.11,34.94,,0.58,site_5664,Thermo Fisher Scientific India Private Limited
South Eastern Coalfields Limited,Dipka Area,M/s Dipka Expansion Project South Eastern Coal Fields Limited Dipka Area,30-AUG-2026 03:01,29-AUG-2026 21:31,13.35,17.39,34.24,,0.57,site_5664,Thermo Fisher Scientific India Private Limited
South Eastern Coalfields Limited,"Bilaspur, CHHATTISGARHr",South Eastern Coalfields  Limited - AQMS_H_Q,30-AUG-2026 03:00,29-AUG-2026 21:30,3.23,,8.68,0.00,0.00,site_5592,Swan Environ
South Eastern Coalfields Limited,Dipka Area,M/s Dipka Expansion Project South Eastern Coal Fields Limited Dipka Area,30-AUG-2026 03:00,29-AUG-2026 21:30,13.93,17.69,32.94,,0.58,site_5664,Thermo Fisher Scientific India Private Limited
South Eastern Coalfields Limited,Dipka Area,M/s Dipka Expansion Project South Eastern Coal Fields Limited Dipka Area,30-AUG-2026 02:59,29-AUG-2026 21:29,14.41,17.84,36.36,,0.51,site_5664,Thermo Fisher Scientific India Private Limited
South Eastern Coalfields Limited,Dipka Area,M/s Dipka Expansion Project South Eastern Coal Fields Limited Dipka Area,30-AUG-2026 02:59,29-AUG-2026 21:29,14.54,17.95,36.17,,0.49,site_5664,Thermo Fisher Scientific India Private Limited
South Eastern Coalfields Limited,Dipka Area,M/s Dipka Expansion Project South Eastern Coal Fields Limited Dipka Area,30-AUG-2026 02:58,29-AUG-2026 21:28,14.68,18.16,29.04,,0.54,site_5664,Thermo Fisher Scientific India Private Limited
South Eastern Coalfields Limited,Dipka Area,M/s Dipka Expansion Project South Eastern Coal Fields Limited Dipka Area,30-AUG-2026 02:58,29-AUG-2026 21:28,14.54,18.30,32.51,,0.43,site_5664,Thermo Fisher Scientific India Private Limited
South Eastern Coalfields Limited,Dipka Area,M/s Dipka Expansion Project South Eastern Coal Fields Limited Dipka Area,30-AUG-2026 02:57,29-AUG-2026 21:27,14.27,18.40,42.35,,0.34,site_5664,Thermo Fisher Scientific India Private Limited
South Eastern Coalfields Limited,Dipka Area,M/s Dipka Expansion Project South Eastern Coal Fields Limited Dipka Area,30-AUG-2026 02:57,29-AUG-2026 21:27,13.92,18.65,40.13,,0.36,site_5664,Thermo Fisher Scientific India Private Limited
South Eastern Coalfields Limited,Dipka Area,M/s Dipka Expansion Project South Eastern Coal Fields Limited Dipka Area,30-AUG-2026 02:56,29-AUG-2026 21:26,13.27,18.88,33.82,,0.40,site_5664,Thermo Fisher Scientific India Private Limited
South Eastern Coalfields Limited,Dipka Area,M/s Dipka Expansion Project South Eastern Coal Fields Limited Dipka Area,30-AUG-2026 02:56,29-AUG-2026 21:26,12.83,19.01,27.01,,0.29,site_5664,Thermo Fisher Scientific India Private Limited
South Eastern Coalfields Limited,Dipka Area,M/s Dipka Expansion Project South Eastern Coal Fields Limited Dipka Area,30-AUG-2026 02:55,29-AUG-2026 21:25,12.28,19.22,38.50,,0.31,site_5664,Thermo Fisher Scientific India Private Limited
South Eastern Coalfields Limited,Dipka Area,M/s Dipka Expansion Project South Eastern Coal Fields Limited Dipka Area,30-AUG-2026 02:55,29-AUG-2026 21:25,11.96,19.33,36.76,,0.23,site_5664,Thermo Fisher Scientific India Private Limited
South Eastern Coalfields Limited,"Gevra , Chattisgarh",SECL GEVRA,30-AUG-2026 02:55,30-AUG-2026 02:45,45.00,80.61,13.97,10.34,0.95,site_,Envea India Pvt Ltd
South Eastern Coalfields Limited,"Gevra , Chattisgarh",SECL GEVRA,30-AUG-2026 02:55,30-AUG-2026 02:45,45.00,80.61,13.97,10.34,0.95,site_,Envea India Pvt Ltd
South Eastern Coalfields Limited,Dipka Area,M/s Dipka Expansion Project South Eastern Coal Fields Limited Dipka Area,30-AUG-2026 02:54,29-AUG-2026 21:24,11.52,19.39,31.50,,0.38,site_5664,Thermo Fisher Scientific India Private Limited
South Eastern Coalfields Limited,Dipka Area,M/s Dipka Expansion Project South Eastern Coal Fields Limited Dipka Area,30-AUG-2026 02:54,29-AUG-2026 21:24,11.15,19.44,38.88,,0.42,site_5664,Thermo Fisher Scientific India Private Limited
South Eastern Coalfields Limited,Dipka Area,M/s Dipka Expansion Project South Eastern Coal Fields Limited Dipka Area,30-AUG-2026 02:53,29-AUG-2026 21:23,10.92,19.55,30.81,,0.23,site_5664,Thermo Fisher Scientific India Private Limited
South Eastern Coalfields Limited,Dipka Area,M/s Dipka Expansion Project South Eastern Coal Fields Limited Dipka Area,30-AUG-2026 02:53,29-AUG-2026 21:23,10.78,19.64,37.62,,0.13,site_5664,Thermo Fisher Scientific India Private Limited
South Eastern Coalfields Limited,Dipka Area,M/s Dipka Expansion Project South Eastern Coal Fields Limited Dipka Area,30-AUG-2026 02:52,29-AUG-2026 21:22,10.71,19.44,42.43,,0.30,site_5664,Thermo Fisher Scientific India Private Limited
South Eastern Coalfields Limited,Dipka Area,M/s Dipka Expansion Project South Eastern Coal Fields Limited Dipka Area,30-AUG-2026 02:52,29-AUG-2026 21:22,10.47,19.26,36.06,,0.30,site_5664,Thermo Fisher Scientific India Private Limited
South Eastern Coalfields Limited,Dipka Area,M/s Dipka Expansion Project South Eastern Coal Fields Limited Dipka Area,30-AUG-2026 02:51,29-AUG-2026 21:21,10.45,19.09,34.21,,0.27,site_5664,Thermo Fisher Scientific India Private Limited
South Eastern Coalfields Limited,Dipka Area,M/s Dipka Expansion Project South Eastern Coal Fields Limited Dipka Area,30-AUG-2026 02:51,29-AUG-2026 21:21,10.55,18.89,35.79,,0.42,site_5664,Thermo Fisher Scientific India Private Limited
South Eastern Coalfields Limited,Dipka Area,M/s Dipka Expansion Project South Eastern Coal Fields Limited Dipka Area,30-AUG-2026 02:50,29-AUG-2026 21:20,10.49,18.66,38.03,,0.43,site_5664,Thermo Fisher Scientific India Private Limited
South Eastern Coalfields Limited,Dipka Area,M/s Dipka Expansion Project South Eastern Coal Fields Limited Dipka Area,30-AUG-2026 02:50,29-AUG-2026 21:20,10.19,18.59,39.80,,0.45,site_5664,Thermo Fisher Scientific India Private Limited
South Eastern Coalfields Limited,Dipka Area,M/s Dipka Expansion Project South Eastern Coal Fields Limited Dipka Area,30-AUG-2026 02:49,29-AUG-2026 21:19,9.83,18.74,35.09,,0.34,site_5664,Thermo Fisher Scientific India Private Limited
South Eastern Coalfields Limited,Dipka Area,M/s Dipka Expansion Project South Eastern Coal Fields Limited Dipka Area,30-AUG-2026 02:49,29-AUG-2026 21:19,9.51,18.84,36.19,,0.38,site_5664,Thermo Fisher Scientific India Private Limited
South Eastern Coalfields Limited,Dipka Area,M/s Dipka Expansion Project South Eastern Coal Fields Limited Dipka Area,30-AUG-2026 02:48,29-AUG-2026 21:18,8.71,18.89,38.15,,0.51,site_5664,Thermo Fisher Scientific India Private Limited
South Eastern Coalfields Limited,Dipka Area,M/s Dipka Expansion Project South Eastern Coal Fields Limited Dipka Area,30-AUG-2026 02:48,29-AUG-2026 21:18,7.93,18.85,35.56,,0.47,site_5664,Thermo Fisher Scientific India Private Limited
South Eastern Coalfields Limited,Dipka Area,M/s Dipka Expansion Project South Eastern Coal Fields Limited Dipka Area,30-AUG-2026 02:47,29-AUG-2026 21:17,7.27,18.69,37.56,,0.35,site_5664,Thermo Fisher Scientific India Private Limited
South Eastern Coalfields Limited,Dipka Area,M/s Dipka Expansion Project South Eastern Coal Fields Limited Dipka Area,30-AUG-2026 02:47,29-AUG-2026 21:17,6.80,18.40,36.68,,0.41,site_5664,Thermo Fisher Scientific India Private Limited
South Eastern Coalfields Limited,Dipka Area,M/s Dipka Expansion Project South Eastern Coal Fields Limited Dipka Area,30-AUG-2026 02:46,29-AUG-2026 21:16,6.12,17.91,36.74,,0.36,site_5664,Thermo Fisher Scientific India Private Limited
South Eastern Coalfields Limited,Dipka Area,M/s Dipka Expansion Project South Eastern Coal Fields Limited Dipka Area,30-AUG-2026 02:46,29-AUG-2026 21:16,5.50,17.53,38.36,,0.32,site_5664,Thermo Fisher Scientific India Private Limited
South Eastern Coalfields Limited,Dipka Area,M/s Dipka Expansion Project South Eastern Coal Fields Limited Dipka Area,30-AUG-2026 02:45,29-AUG-2026 21:15,5.03,17.09,35.59,,0.25,site_5664,Thermo Fisher Scientific India Private Limited
South Eastern Coalfields Limited,Dipka Area,M/s Dipka Expansion Project South Eastern Coal Fields Limited Dipka Area,30-AUG-2026 02:45,29-AUG-2026 21:15,4.70,16.74,41.49,,0.30,site_5664,Thermo Fisher Scientific India Private Limited
South Eastern Coalfields Limited,"Bilaspur, CHHATTISGARHr",South Eastern Coalfields  Limited - AQMS_H_Q,30-AUG-2026 02:45,29-AUG-2026 21:14,0.00,,3.16,0.37,7.92,site_5592,Swan Environ
South Eastern Coalfields Limited,Dipka Area,M/s Dipka Expansion Project South Eastern Coal Fields Limited Dipka Area,30-AUG-2026 02:44,29-AUG-2026 21:14,4.23,16.52,31.99,,0.29,site_5664,Thermo Fisher Scientific India Private Limited
South Eastern Coalfields Limited,Dipka Area,M/s Dipka Expansion Project South Eastern Coal Fields Limited Dipka Area,30-AUG-2026 02:44,29-AUG-2026 21:14,3.87,16.39,31.81,,0.21,site_5664,Thermo Fisher Scientific India Private Limited
South Eastern Coalfields Limited,Dipka Area,M/s Dipka Expansion Project South Eastern Coal Fields Limited Dipka Area,30-AUG-2026 02:43,29-AUG-2026 21:13,3.50,16.26,33.89,,0.22,site_5664,Thermo Fisher Scientific India Private Limited
South Eastern Coalfields Limited,Dipka Area,M/s Dipka Expansion Project South Eastern Coal Fields Limited Dipka Area,30-AUG-2026 02:43,29-AUG-2026 21:13,3.18,16.12,39.73,,0.36,site_5664,Thermo Fisher Scientific India Private Limited
South Eastern Coalfields Limited,Dipka Area,M/s Dipka Expansion Project South Eastern Coal Fields Limited Dipka Area,30-AUG-2026 02:42,29-AUG-2026 21:12,2.99,15.99,39.59,,0.35,site_5664,Thermo Fisher Scientific India Private Limited
South Eastern Coalfields Limited,Dipka Area,M/s Dipka Expansion Project South Eastern Coal Fields Limited Dipka Area,30-AUG-2026 02:42,29-AUG-2026 21:12,2.85,15.96,36.25,,0.32,site_5664,Thermo Fisher Scientific India Private Limited
South Eastern Coalfields Limited,Dipka Area,M/s Dipka Expansion Project South Eastern Coal Fields Limited Dipka Area,30-AUG-2026 02:41,29-AUG-2026 21:11,2.72,15.91,34.93,,0.40,site_5664,Thermo Fisher Scientific India Private Limited
South Eastern Coalfields Limited,Dipka Area,M/s Dipka Expansion Project South Eastern Coal Fields Limited Dipka Area,30-AUG-2026 02:41,29-AUG-2026 21:11,2.70,15.88,38.12,,0.43,site_5664,Thermo Fisher Scientific India Private Limited
South Eastern Coalfields Limited,Dipka Area,M/s Dipka Expansion Project South Eastern Coal Fields Limited Dipka Area,30-AUG-2026 02:40,29-AUG-2026 21:10,2.77,15.86,40.15,,0.54,site_5664,Thermo Fisher Scientific India Private Limited
South Eastern Coalfields Limited,"Gevra , Chattisgarh",SECL GEVRA,30-AUG-2026 02:40,30-AUG-2026 02:30,34.30,61.93,13.37,8.75,0.69,site_,Envea India Pvt Ltd
South Eastern Coalfields Limited,"Gevra , Chattisgarh",SECL GEVRA,30-AUG-2026 02:40,30-AUG-2026 02:30,34.30,61.93,13.37,8.75,0.69,site_,Envea India Pvt Ltd
South Eastern Coalfields Limited,"Gevra , Chattisgarh",SECL GEVRA,30-AUG-2026 02:40,30-AUG-2026 02:30,34.30,61.93,13.37,8.75,0.69,site_,Envea India Pvt Ltd
South Eastern Coalfields Limited,Dipka Area,M/s Dipka Expansion Project South Eastern Coal Fields Limited Dipka Area,30-AUG-2026 02:40,29-AUG-2026 21:10,2.88,15.84,35.84,,0.51,site_5664,Thermo Fisher Scientific India Private Limited
South Eastern Coalfields Limited,Dipka Area,M/s Dipka Expansion Project South Eastern Coal Fields Limited Dipka Area,30-AUG-2026 02:39,29-AUG-2026 21:09,3.03,15.78,35.31,,0.58,site_5664,Thermo Fisher Scientific India Private Limited
South Eastern Coalfields Limited,Dipka Area,M/s Dipka Expansion Project South Eastern Coal Fields Limited Dipka Area,30-AUG-2026 02:39,29-AUG-2026 21:09,3.23,15.74,33.79,,0.69,site_5664,Thermo Fisher Scientific India Private Limited
South Eastern Coalfields Limited,Dipka Area,M/s Dipka Expansion Project South Eastern Coal Fields Limited Dipka Area,30-AUG-2026 02:38,29-AUG-2026 21:08,3.60,15.57,33.83,,0.59,site_5664,Thermo Fisher Scientific India Private Limited
South Eastern Coalfields Limited,Dipka Area,M/s Dipka Expansion Project South Eastern Coal Fields Limited Dipka Area,30-AUG-2026 02:38,29-AUG-2026 21:08,3.89,15.40,38.15,,0.56,site_5664,Thermo Fisher Scientific India Private Limited
South Eastern Coalfields Limited,Dipka Area,M/s Dipka Expansion Project South Eastern Coal Fields Limited Dipka Area,30-AUG-2026 02:37,29-AUG-2026 21:07,4.27,15.24,32.00,,0.61,site_5664,Thermo Fisher Scientific India Private Limited
South Eastern Coalfields Limited,Dipka Area,M/s Dipka Expansion Project South Eastern Coal Fields Limited Dipka Area,30-AUG-2026 02:37,29-AUG-2026 21:07,4.76,15.14,35.18,,0.66,site_5664,Thermo Fisher Scientific India Private Limited
South Eastern Coalfields Limited,Dipka Area,M/s Dipka Expansion Project South Eastern Coal Fields Limited Dipka Area,30-AUG-2026 02:36,29-AUG-2026 21:06,5.20,15.10,38.29,,0.70,site_5664,Thermo Fisher Scientific India Private Limited
South Eastern Coalfields Limited,Dipka Area,M/s Dipka Expansion Project South Eastern Coal Fields Limited Dipka Area,30-AUG-2026 02:36,29-AUG-2026 21:06,5.62,15.11,38.07,,0.71,site_5664,Thermo Fisher Scientific India Private Limited
South Eastern Coalfields Limited,Dipka Area,M/s Dipka Expansion Project South Eastern Coal Fields Limited Dipka Area,30-AUG-2026 02:35,29-AUG-2026 21:05,6.17,15.24,43.26,,0.72,site_5664,Thermo Fisher Scientific India Private Limited
South Eastern Coalfields Limited,Dipka Area,M/s Dipka Expansion Project South Eastern Coal Fields Limited Dipka Area,30-AUG-2026 02:35,29-AUG-2026 21:05,6.67,15.34,37.58,,0.80,site_5664,Thermo Fisher Scientific India Private Limited
South Eastern Coalfields Limited,Dipka Area,M/s Dipka Expansion Project South Eastern Coal Fields Limited Dipka Area,30-AUG-2026 02:34,29-AUG-2026 21:04,7.23,15.48,37.65,,0.77,site_5664,Thermo Fisher Scientific India Private Limited
South Eastern Coalfields Limited,Dipka Area,M/s Dipka Expansion Project South Eastern Coal Fields Limited Dipka Area,30-AUG-2026 02:34,29-AUG-2026 21:04,7.64,15.61,37.55,,0.73,site_5664,Thermo Fisher Scientific India Private Limited
South Eastern Coalfields Limited,Dipka Area,M/s Dipka Expansion Project South Eastern Coal Fields Limited Dipka Area,30-AUG-2026 02:33,29-AUG-2026 21:03,8.17,15.70,32.23,,0.78,site_5664,Thermo Fisher Scientific India Private Limited
South Eastern Coalfields Limited,Dipka Area,M/s Dipka Expansion Project South Eastern Coal Fields Limited Dipka Area,30-AUG-2026 02:33,29-AUG-2026 21:03,8.60,15.84,36.28,,0.80,site_5664,Thermo Fisher Scientific India Private Limited
South Eastern Coalfields Limited,Dipka Area,M/s Dipka Expansion Project South Eastern Coal Fields Limited Dipka Area,30-AUG-2026 02:32,29-AUG-2026 21:02,8.95,16.09,31.05,,0.82,site_5664,Thermo Fisher Scientific India Private Limited
South Eastern Coalfields Limited,Dipka Area,M/s Dipka Expansion Project South Eastern Coal Fields Limited Dipka Area,30-AUG-2026 02:32,29-AUG-2026 21:02,9.31,16.33,35.57,,0.71,site_5664,Thermo Fisher Scientific India Private Limited
South Eastern Coalfields Limited,Dipka Area,M/s Dipka Expansion Project South Eastern Coal Fields Limited Dipka Area,30-AUG-2026 02:31,29-AUG-2026 21:01,9.79,16.61,42.52,,0.57,site_5664,Thermo Fisher Scientific India Private Limited
South Eastern Coalfields Limited,Dipka Area,M/s Dipka Expansion Project South Eastern Coal Fields Limited Dipka Area,30-AUG-2026 02:31,29-AUG-2026 21:01,10.28,16.85,37.68,,0.50,site_5664,Thermo Fisher Scientific India Private Limited
South Eastern Coalfields Limited,Dipka Area,M/s Dipka Expansion Project South Eastern Coal Fields Limited Dipka Area,30-AUG-2026 02:30,29-AUG-2026 21:00,10.84,17.14,35.19,,0.62,site_5664,Thermo Fisher Scientific India Private Limited
South Eastern Coalfields Limited,Dipka Area,M/s Dipka Expansion Project South Eastern Coal Fields Limited Dipka Area,30-AUG-2026 02:30,29-AUG-2026 21:00,11.36,17.28,34.41,,0.56,site_5664,Thermo Fisher Scientific India Private Limited
South Eastern Coalfields Limited,"Bilaspur, CHHATTISGARHr",South Eastern Coalfields  Limited - AQMS_H_Q,30-AUG-2026 02:30,29-AUG-2026 20:59,3.25,,8.18,270.00,0.19,site_5592,Swan Environ
South Eastern Coalfields Limited,Dipka Area,M/s Dipka Expansion Project South Eastern Coal Fields Limited Dipka Area,30-AUG-2026 02:29,29-AUG-2026 20:59,11.88,17.31,32.59,,0.56,site_5664,Thermo Fisher Scientific India Private Limited
South Eastern Coalfields Limited,Dipka Area,M/s Dipka Expansion Project South Eastern Coal Fields Limited Dipka Area,30-AUG-2026 02:29,29-AUG-2026 20:59,12.21,17.26,32.55,,0.45,site_5664,Thermo Fisher Scientific India Private Limited
South Eastern Coalfields Limited,Dipka Area,M/s Dipka Expansion Project South Eastern Coal Fields Limited Dipka Area,30-AUG-2026 02:28,29-AUG-2026 20:58,12.54,17.14,33.14,,0.48,site_5664,Thermo Fisher Scientific India Private Limited
South Eastern Coalfields Limited,Dipka Area,M/s Dipka Expansion Project South Eastern Coal Fields Limited Dipka Area,30-AUG-2026 02:28,29-AUG-2026 20:58,12.81,16.95,33.97,,0.40,site_5664,Thermo Fisher Scientific India Private Limited
South Eastern Coalfields Limited,Dipka Area,M/s Dipka Expansion Project South Eastern Coal Fields Limited Dipka Area,30-AUG-2026 02:27,29-AUG-2026 20:57,12.94,16.64,37.08,,0.28,site_5664,Thermo Fisher Scientific India Private Limited
South Eastern Coalfields Limited,Dipka Area,M/s Dipka Expansion Project South Eastern Coal Fields Limited Dipka Area,30-AUG-2026 02:27,29-AUG-2026 20:57,12.98,16.30,32.16,,0.32,site_5664,Thermo Fisher Scientific India Private Limited
South Eastern Coalfields Limited,Dipka Area,M/s Dipka Expansion Project South Eastern Coal Fields Limited Dipka Area,30-AUG-2026 02:26,29-AUG-2026 20:56,13.05,15.77,38.45,,0.39,site_5664,Thermo Fisher Scientific India Private Limited
South Eastern Coalfields Limited,Dipka Area,M/s Dipka Expansion Project South Eastern Coal Fields Limited Dipka Area,30-AUG-2026 02:26,29-AUG-2026 20:56,13.18,15.21,37.15,,0.41,site_5664,Thermo Fisher Scientific India Private Limited
South Eastern Coalfields Limited,Dipka Area,M/s Dipka Expansion Project South Eastern Coal Fields Limited Dipka Area,30-AUG-2026 02:25,29-AUG-2026 20:55,13.21,14.54,36.88,,0.15,site_5664,Thermo Fisher Scientific India Private Limited
South Eastern Coalfields Limited,Dipka Area,M/s Dipka Expansion Project South Eastern Coal Fields Limited Dipka Area,30-AUG-2026 02:25,29-AUG-2026 20:55,13.16,14.10,36.76,,0.05,site_5664,Thermo Fisher Scientific India Private Limited
South Eastern Coalfields Limited,"Gevra , Chattisgarh",SECL GEVRA,30-AUG-2026 02:25,30-AUG-2026 02:15,27.40,50.00,12.99,7.74,0.53,site_,Envea India Pvt Ltd
South Eastern Coalfields Limited,"Gevra , Chattisgarh",SECL GEVRA,30-AUG-2026 02:25,30-AUG-2026 02:15,27.40,50.00,12.99,7.74,0.53,site_,Envea India Pvt Ltd
South Eastern Coalfields Limited,"Gevra , Chattisgarh",SECL GEVRA,30-AUG-2026 02:25,30-AUG-2026 02:15,27.40,50.00,12.99,7.74,0.53,site_,Envea India Pvt Ltd
South Eastern Coalfields Limited,"Gevra , Chattisgarh",SECL GEVRA,30-AUG-2026 02:25,30-AUG-2026 02:15,27.40,50.00,12.99,7.74,0.53,site_,Envea India Pvt Ltd
South Eastern Coalfields Limited,Dipka Area,M/s Dipka Expansion Project South Eastern Coal Fields Limited Dipka Area,30-AUG-2026 02:24,29-AUG-2026 20:54,13.13,13.02,38.99,,0.07,site_5664,Thermo Fisher Scientific India Private Limited
South Eastern Coalfields Limited,Dipka Area,M/s Dipka Expansion Project South Eastern Coal Fields Limited Dipka Area,30-AUG-2026 02:24,29-AUG-2026 20:54,12.98,12.39,32.62,,0.30,site_5664,Thermo Fisher Scientific India Private Limited
South Eastern Coalfields Limited,Dipka Area,M/s Dipka Expansion Project South Eastern Coal Fields Limited Dipka Area,30-AUG-2026 02:23,29-AUG-2026 20:53,12.73,11.78,34.01,,0.20,site_5664,Thermo Fisher Scientific India Private Limited
South Eastern Coalfields Limited,Dipka Area,M/s Dipka Expansion Project South Eastern Coal Fields Limited Dipka Area,30-AUG-2026 02:23,29-AUG-2026 20:53,12.53,11.21,33.70,,0.17,site_5664,Thermo Fisher Scientific India Private Limited
South Eastern Coalfields Limited,Dipka Area,M/s Dipka Expansion Project South Eastern Coal Fields Limited Dipka Area,30-AUG-2026 02:22,29-AUG-2026 20:52,12.15,10.64,36.53,,0.25,site_5664,Thermo Fisher Scientific India Private Limited
South Eastern Coalfields Limited,Dipka Area,M/s Dipka Expansion Project South Eastern Coal Fields Limited Dipka Area,30-AUG-2026 02:22,29-AUG-2026 20:52,11.88,10.28,33.34,,0.25,site_5664,Thermo Fisher Scientific India Private Limited
South Eastern Coalfields Limited,Dipka Area,M/s Dipka Expansion Project South Eastern Coal Fields Limited Dipka Area,30-AUG-2026 02:21,29-AUG-2026 20:51,11.57,9.93,40.50,,0.17,site_5664,Thermo Fisher Scientific India Private Limited
South Eastern Coalfields Limited,Dipka Area,M/s Dipka Expansion Project South Eastern Coal Fields Limited Dipka Area,30-AUG-2026 02:21,29-AUG-2026 20:51,11.40,9.69,36.78,,0.15,site_5664,Thermo Fisher Scientific India Private Limited
South Eastern Coalfields Limited,Dipka Area,M/s Dipka Expansion Project South Eastern Coal Fields Limited Dipka Area,30-AUG-2026 02:20,29-AUG-2026 20:50,11.13,9.47,38.31,,0.28,site_5664,Thermo Fisher Scientific India Private Limited
South Eastern Coalfields Limited,Dipka Area,M/s Dipka Expansion Project South Eastern Coal Fields Limited Dipka Area,30-AUG-2026 02:20,29-AUG-2026 20:50,10.88,9.37,42.92,,0.38,site_5664,Thermo Fisher Scientific India Private Limited
South Eastern Coalfields Limited,Dipka Area,M/s Dipka Expansion Project South Eastern Coal Fields Limited Dipka Area,30-AUG-2026 02:19,29-AUG-2026 20:49,10.74,9.32,37.51,,0.44,site_5664,Thermo Fisher Scientific India Private Limited
South Eastern Coalfields Limited,Dipka Area,M/s Dipka Expansion Project South Eastern Coal Fields Limited Dipka Area,30-AUG-2026 02:19,29-AUG-2026 20:49,10.56,9.19,31.39,,0.35,site_5664,Thermo Fisher Scientific India Private Limited
South Eastern Coalfields Limited,Dipka Area,M/s Dipka Expansion Project South Eastern Coal Fields Limited Dipka Area,30-AUG-2026 02:18,29-AUG-2026 20:48,10.30,9.07,38.07,,0.39,site_5664,Thermo Fisher Scientific India Private Limited
South Eastern Coalfields Limited,Dipka Area,M/s Dipka Expansion Project South Eastern Coal Fields Limited Dipka Area,30-AUG-2026 02:18,29-AUG-2026 20:48,9.94,8.87,38.13,,0.49,site_5664,Thermo Fisher Scientific India Private Limited
South Eastern Coalfields Limited,Dipka Area,M/s Dipka Expansion Project South Eastern Coal Fields Limited Dipka Area,30-AUG-2026 02:17,29-AUG-2026 20:47,9.63,8.56,35.25,,0.44,site_5664,Thermo Fisher Scientific India Private Limited
South Eastern Coalfields Limited,Dipka Area,M/s Dipka Expansion Project South Eastern Coal Fields Limited Dipka Area,30-AUG-2026 02:17,29-AUG-2026 20:47,9.38,8.31,36.15,,0.48,site_5664,Thermo Fisher Scientific India Private Limited
South Eastern Coalfields Limited,Dipka Area,M/s Dipka Expansion Project South Eastern Coal Fields Limited Dipka Area,30-AUG-2026 02:16,29-AUG-2026 20:46,9.19,8.08,40.87,,0.56,site_5664,Thermo Fisher Scientific India Private Limited
South Eastern Coalfields Limited,Dipka Area,M/s Dipka Expansion Project South Eastern Coal Fields Limited Dipka Area,30-AUG-2026 02:16,29-AUG-2026 20:46,9.08,7.94,41.44,,0.60,site_5664,Thermo Fisher Scientific India Private Limited
South Eastern Coalfields Limited,Dipka Area,M/s Dipka Expansion Project South Eastern Coal Fields Limited Dipka Area,30-AUG-2026 02:15,29-AUG-2026 20:45,9.05,7.74,37.74,,0.51,site_5664,Thermo Fisher Scientific India Private Limited
South Eastern Coalfields Limited,"Bilaspur, CHHATTISGARHr",South Eastern Coalfields  Limited - AQMS_H_Q,30-AUG-2026 02:15,29-AUG-2026 20:44,3.25,,8.37,269.92,0.73,site_5592,Swan Environ
South Eastern Coalfields Limited,Dipka Area,M/s Dipka Expansion Project South Eastern Coal Fields Limited Dipka Area,30-AUG-2026 02:15,29-AUG-2026 20:45,9.11,7.58,39.12,,0.52,site_5664,Thermo Fisher Scientific India Private Limited
South Eastern Coalfields Limited,Dipka Area,M/s Dipka Expansion Project South Eastern Coal Fields Limited Dipka Area,30-AUG-2026 02:14,29-AUG-2026 20:44,8.86,7.40,33.75,,0.30,site_5664,Thermo Fisher Scientific India Private Limited
South Eastern Coalfields Limited,Dipka Area,M/s Dipka Expansion Project South Eastern Coal Fields Limited Dipka Area,30-AUG-2026 02:14,29-AUG-2026 20:44,8.38,7.22,36.31,,0.32,site_5664,Thermo Fisher Scientific India Private Limited
South Eastern Coalfields Limited,Dipka Area,M/s Dipka Expansion Project South Eastern Coal Fields Limited Dipka Area,30-AUG-2026 02:13,29-AUG-2026 20:43,7.72,7.03,38.25,,0.26,site_5664,Thermo Fisher Scientific India Private Limited
South Eastern Coalfields Limited,Dipka Area,M/s Dipka Expansion Project South Eastern Coal Fields Limited Dipka Area,30-AUG-2026 02:13,29-AUG-2026 20:43,7.03,6.95,38.71,,0.31,site_5664,Thermo Fisher Scientific India Private Limited
South Eastern Coalfields Limited,Dipka Area,M/s Dipka Expansion Project South Eastern Coal Fields Limited Dipka Area,30-AUG-2026 02:12,29-AUG-2026 20:42,6.14,6.95,42.03,,0.36,site_5664,Thermo Fisher Scientific India Private Limited
South Eastern Coalfields Limited,Dipka Area,M/s Dipka Expansion Project South Eastern Coal Fields Limited Dipka Area,30-AUG-2026 02:12,29-AUG-2026 20:42,5.39,6.98,34.06,,0.24,site_5664,Thermo Fisher Scientific India Private Limited
South Eastern Coalfields Limited,Dipka Area,M/s Dipka Expansion Project South Eastern Coal Fields Limited Dipka Area,30-AUG-2026 02:11,29-AUG-2026 20:41,4.31,7.20,38.24,,0.19,site_5664,Thermo Fisher Scientific India Private Limited
South Eastern Coalfields Limited,Dipka Area,M/s Dipka Expansion Project South Eastern Coal Fields Limited Dipka Area,30-AUG-2026 02:11,29-AUG-2026 20:41,3.81,7.53,36.32,,0.37,site_5664,Thermo Fisher Scientific India Private Limited
South Eastern Coalfields Limited,Dipka Area,M/s Dipka Expansion Project South Eastern Coal Fields Limited Dipka Area,30-AUG-2026 02:10,29-AUG-2026 20:40,3.33,7.74,36.50,,0.44,site_5664,Thermo Fisher Scientific India Private Limited
South Eastern Coalfields Limited,"Gevra , Chattisgarh",SECL GEVRA,30-AUG-2026 02:10,30-AUG-2026 02:00,22.20,40.92,12.69,6.96,0.41,site_,Envea India Pvt Ltd
South Eastern Coalfields Limited,"Gevra , Chattisgarh",SECL GEVRA,30-AUG-2026 02:10,30-AUG-2026 02:00,22.20,40.92,12.69,6.96,0.41,site_,Envea India Pvt Ltd
South Eastern Coalfields Limited,"Gevra , Chattisgarh",SECL GEVRA,30-AUG-2026 02:10,30-AUG-2026 02:00,22.20,40.92,12.69,6.96,0.41,site_,Envea India Pvt Ltd
South Eastern Coalfields Limited,"Gevra , Chattisgarh",SECL GEVRA,30-AUG-2026 02:10,30-AUG-2026 02:00,22.20,40.92,12.69,6.96,0.41,site_,Envea India Pvt Ltd
South Eastern Coalfields Limited,Dipka Area,M/s Dipka Expansion Project South Eastern Coal Fields Limited Dipka Area,30-AUG-2026 02:10,29-AUG-2026 20:40,2.95,7.84,39.82,,0.41,site_5664,Thermo Fisher Scientific India Private Limited
South Eastern Coalfields Limited,Dipka Area,M/s Dipka Expansion Project South Eastern Coal Fields Limited Dipka Area,30-AUG-2026 02:09,29-AUG-2026 20:39,2.73,7.86,35.54,,0.51,site_5664,Thermo Fisher Scientific India Private Limited
South Eastern Coalfields Limited,Dipka Area,M/s Dipka Expansion Project South Eastern Coal Fields Limited Dipka Area,30-AUG-2026 02:09,29-AUG-2026 20:39,2.67,7.94,30.28,,0.48,site_5664,Thermo Fisher Scientific India Private Limited
South Eastern Coalfields Limited,Dipka Area,M/s Dipka Expansion Project South Eastern Coal Fields Limited Dipka Area,30-AUG-2026 02:08,29-AUG-2026 20:38,3.00,7.91,35.36,,0.58,site_5664,Thermo Fisher Scientific India Private Limited
South Eastern Coalfields Limited,Dipka Area,M/s Dipka Expansion Project South Eastern Coal Fields Limited Dipka Area,30-AUG-2026 02:08,29-AUG-2026 20:38,3.34,7.84,40.44,,0.52,site_5664,Thermo Fisher Scientific India Private Limited
South Eastern Coalfields Limited,Dipka Area,M/s Dipka Expansion Project South Eastern Coal Fields Limited Dipka Area,30-AUG-2026 02:07,29-AUG-2026 20:37,3.68,7.85,36.07,,0.57,site_5664,Thermo Fisher Scientific India Private Limited
South Eastern Coalfields Limited,Dipka Area,M/s Dipka Expansion Project South Eastern Coal Fields Limited Dipka Area,30-AUG-2026 02:07,29-AUG-2026 20:37,4.08,8.07,36.09,,0.73,site_5664,Thermo Fisher Scientific India Private Limited
South Eastern Coalfields Limited,Dipka Area,M/s Dipka Expansion Project South Eastern Coal Fields Limited Dipka Area,30-AUG-2026 02:06,29-AUG-2026 20:36,4.57,8.41,32.72,,0.85,site_5664,Thermo Fisher Scientific India Private Limited
South Eastern Coalfields Limited,Dipka Area,M/s Dipka Expansion Project South Eastern Coal Fields Limited Dipka Area,30-AUG-2026 02:06,29-AUG-2026 20:36,5.14,8.68,33.62,,0.59,site_5664,Thermo Fisher Scientific India Private Limited
South Eastern Coalfields Limited,Dipka Area,M/s Dipka Expansion Project South Eastern Coal Fields Limited Dipka Area,30-AUG-2026 02:05,29-AUG-2026 20:35,5.63,9.05,33.84,,0.62,site_5664,Thermo Fisher Scientific India Private Limited
South Eastern Coalfields Limited,Dipka Area,M/s Dipka Expansion Project South Eastern Coal Fields Limited Dipka Area,30-AUG-2026 02:05,29-AUG-2026 20:35,6.05,9.41,34.52,,0.62,site_5664,Thermo Fisher Scientific India Private Limited
South Eastern Coalfields Limited,Dipka Area,M/s Dipka Expansion Project South Eastern Coal Fields Limited Dipka Area,30-AUG-2026 02:04,29-AUG-2026 20:34,6.71,9.72,39.21,,0.66,site_5664,Thermo Fisher Scientific India Private Limited
South Eastern Coalfields Limited,Dipka Area,M/s Dipka Expansion Project South Eastern Coal Fields Limited Dipka Area,30-AUG-2026 02:04,29-AUG-2026 20:34,7.43,9.79,36.15,,0.60,site_5664,Thermo Fisher Scientific India Private Limited
South Eastern Coalfields Limited,Dipka Area,M/s Dipka Expansion Project South Eastern Coal Fields Limited Dipka Area,30-AUG-2026 02:03,29-AUG-2026 20:33,8.28,9.81,33.79,,0.61,site_5664,Thermo Fisher Scientific India Private Limited
South Eastern Coalfields Limited,Dipka Area,M/s Dipka Expansion Project South Eastern Coal Fields Limited Dipka Area,30-AUG-2026 02:03,29-AUG-2026 20:33,9.03,9.82,31.19,,0.61,site_5664,Thermo Fisher Scientific India Private Limited
South Eastern Coalfields Limited,Dipka Area,M/s Dipka Expansion Project South Eastern Coal Fields Limited Dipka Area,30-AUG-2026 02:02,29-AUG-2026 20:32,9.80,9.87,30.74,,0.67,site_5664,Thermo Fisher Scientific India Private Limited
South Eastern Coalfields Limited,Dipka Area,M/s Dipka Expansion Project South Eastern Coal Fields Limited Dipka Area,30-AUG-2026 02:02,29-AUG-2026 20:32,10.49,9.87,36.50,,0.66,site_5664,Thermo Fisher Scientific India Private Limited
South Eastern Coalfields Limited,Dipka Area,M/s Dipka Expansion Project South Eastern Coal Fields Limited Dipka Area,30-AUG-2026 02:01,29-AUG-2026 20:31,10.95,9.90,40.64,,0.68,site_5664,Thermo Fisher Scientific India Private Limited
South Eastern Coalfields Limited,Dipka Area,M/s Dipka Expansion Project South Eastern Coal Fields Limited Dipka Area,30-AUG-2026 02:01,29-AUG-2026 20:31,11.14,9.95,37.74,,0.79,site_5664,Thermo Fisher Scientific India Private Limited
South Eastern Coalfields Limited,Dipka Area,M/s Dipka Expansion Project South Eastern Coal Fields Limited Dipka Area,30-AUG-2026 02:00,29-AUG-2026 20:30,11.29,10.01,29.58,,0.90,site_5664,Thermo Fisher Scientific India Private Limited
South Eastern Coalfields Limited,"Bilaspur, CHHATTISGARHr",South Eastern Coalfields  Limited - AQMS_H_Q,30-AUG-2026 02:00,29-AUG-2026 20:29,3.14,,8.24,270.00,0.20,site_5592,Swan Environ
South Eastern Coalfields Limited,Dipka Area,M/s Dipka Expansion Project South Eastern Coal Fields Limited Dipka Area,30-AUG-2026 01:59,29-AUG-2026 20:29,11.91,10.16,40.62,,0.91,site_5664,Thermo Fisher Scientific India Private Limited
South Eastern Coalfields Limited,Dipka Area,M/s Dipka Expansion Project South Eastern Coal Fields Limited Dipka Area,30-AUG-2026 01:59,29-AUG-2026 20:29,12.11,10.26,35.05,,0.94,site_5664,Thermo Fisher Scientific India Private Limited
South Eastern Coalfields Limited,Dipka Area,M/s Dipka Expansion Project South Eastern Coal Fields Limited Dipka Area,30-AUG-2026 01:58,29-AUG-2026 20:28,12.51,10.48,38.43,,0.94,site_5664,Thermo Fisher Scientific India Private Limited
South Eastern Coalfields Limited,Dipka Area,M/s Dipka Expansion Project South Eastern Coal Fields Limited Dipka Area,30-AUG-2026 01:58,29-AUG-2026 20:28,12.83,10.68,35.94,,0.86,site_5664,Thermo Fisher Scientific India Private Limited
South Eastern Coalfields Limited,Dipka Area,M/s Dipka Expansion Project South Eastern Coal Fields Limited Dipka Area,30-AUG-2026 01:57,29-AUG-2026 20:27,13.26,10.94,31.84,,0.78,site_5664,Thermo Fisher Scientific India Private Limited
South Eastern Coalfields Limited,Dipka Area,M/s Dipka Expansion Project South Eastern Coal Fields Limited Dipka Area,30-AUG-2026 01:57,29-AUG-2026 20:27,13.33,11.16,32.49,,0.69,site_5664,Thermo Fisher Scientific India Private Limited
South Eastern Coalfields Limited,Dipka Area,M/s Dipka Expansion Project South Eastern Coal Fields Limited Dipka Area,30-AUG-2026 01:56,29-AUG-2026 20:26,13.42,11.42,36.25,,0.52,site_5664,Thermo Fisher Scientific India Private Limited
South Eastern Coalfields Limited,Dipka Area,M/s Dipka Expansion Project South Eastern Coal Fields Limited Dipka Area,30-AUG-2026 01:56,29-AUG-2026 20:26,13.79,11.64,41.11,,0.52,site_5664,Thermo Fisher Scientific India Private Limited
South Eastern Coalfields Limited,Dipka Area,M/s Dipka Expansion Project South Eastern Coal Fields Limited Dipka Area,30-AUG-2026 01:55,29-AUG-2026 20:25,14.10,11.89,36.49,,0.34,site_5664,Thermo Fisher Scientific India Private Limited
South Eastern Coalfields Limited,"Gevra , Chattisgarh",SECL GEVRA,30-AUG-2026 01:55,30-AUG-2026 01:45,26.70,48.81,12.95,7.63,0.51,site_,Envea India Pvt Ltd
South Eastern Coalfields Limited,"Gevra , Chattisgarh",SECL GEVRA,30-AUG-2026 01:55,30-AUG-2026 01:45,26.70,48.81,12.95,7.63,0.51,site_,Envea India Pvt Ltd
South Eastern Coalfields Limited,Dipka Area,M/s Dipka Expansion Project South Eastern Coal Fields Limited Dipka Area,30-AUG-2026 01:55,29-AUG-2026 20:25,14.29,12.11,33.95,,0.42,site_5664,Thermo Fisher Scientific India Private Limited
South Eastern Coalfields Limited,Dipka Area,M/s Dipka Expansion Project South Eastern Coal Fields Limited Dipka Area,30-AUG-2026 01:54,29-AUG-2026 20:24,14.26,12.25,37.76,,0.35,site_5664,Thermo Fisher Scientific India Private Limited
South Eastern Coalfields Limited,Dipka Area,M/s Dipka Expansion Project South Eastern Coal Fields Limited Dipka Area,30-AUG-2026 01:54,29-AUG-2026 20:24,14.31,12.30,38.46,,0.28,site_5664,Thermo Fisher Scientific India Private Limited
South Eastern Coalfields Limited,Dipka Area,M/s Dipka Expansion Project South Eastern Coal Fields Limited Dipka Area,30-AUG-2026 01:53,29-AUG-2026 20:23,14.17,12.31,35.10,,0.32,site_5664,Thermo Fisher Scientific India Private Limited
South Eastern Coalfields Limited,Dipka Area,M/s Dipka Expansion Project South Eastern Coal Fields Limited Dipka Area,30-AUG-2026 01:53,29-AUG-2026 20:23,13.68,12.29,35.21,,0.24,site_5664,Thermo Fisher Scientific India Private Limited
South Eastern Coalfields Limited,Dipka Area,M/s Dipka Expansion Project South Eastern Coal Fields Limited Dipka Area,30-AUG-2026 01:52,29-AUG-2026 20:22,13.08,12.13,34.14,,0.23,site_5664,Thermo Fisher Scientific India Private Limited
South Eastern Coalfields Limited,Dipka Area,M/s Dipka Expansion Project South Eastern Coal Fields Limited Dipka Area,30-AUG-2026 01:52,29-AUG-2026 20:22,12.63,12.01,35.36,,0.23,site_5664,Thermo Fisher Scientific India Private Limited
South Eastern Coalfields Limited,Dipka Area,M/s Dipka Expansion Project South Eastern Coal Fields Limited Dipka Area,30-AUG-2026 01:51,29-AUG-2026 20:21,12.21,11.87,40.74,,0.28,site_5664,Thermo Fisher Scientific India Private Limited
South Eastern Coalfields Limited,Dipka Area,M/s Dipka Expansion Project South Eastern Coal Fields Limited Dipka Area,30-AUG-2026 01:51,29-AUG-2026 20:21,11.68,11.80,31.84,,0.20,site_5664,Thermo Fisher Scientific India Private Limited
South Eastern Coalfields Limited,Dipka Area,M/s Dipka Expansion Project South Eastern Coal Fields Limited Dipka Area,30-AUG-2026 01:50,29-AUG-2026 20:20,11.20,11.73,36.66,,0.37,site_5664,Thermo Fisher Scientific India Private Limited
South Eastern Coalfields Limited,Dipka Area,M/s Dipka Expansion Project South Eastern Coal Fields Limited Dipka Area,30-AUG-2026 01:50,29-AUG-2026 20:20,10.84,11.70,38.90,,0.28,site_5664,Thermo Fisher Scientific India Private Limited
South Eastern Coalfields Limited,Dipka Area,M/s Dipka Expansion Project South Eastern Coal Fields Limited Dipka Area,30-AUG-2026 01:49,29-AUG-2026 20:19,10.41,11.63,39.23,,0.17,site_5664,Thermo Fisher Scientific India Private Limited
South Eastern Coalfields Limited,Dipka Area,M/s Dipka Expansion Project South Eastern Coal Fields Limited Dipka Area,30-AUG-2026 01:49,29-AUG-2026 20:19,9.93,11.51,35.67,,0.37,site_5664,Thermo Fisher Scientific India Private Limited
South Eastern Coalfields Limited,Dipka Area,M/s Dipka Expansion Project South Eastern Coal Fields Limited Dipka Area,30-AUG-2026 01:48,29-AUG-2026 20:18,9.47,11.32,35.76,,0.33,site_5664,Thermo Fisher Scientific India Private Limited
South Eastern Coalfields Limited,Dipka Area,M/s Dipka Expansion Project South Eastern Coal Fields Limited Dipka Area,30-AUG-2026 01:48,29-AUG-2026 20:18,9.21,11.18,36.87,,0.47,site_5664,Thermo Fisher Scientific India Private Limited
South Eastern Coalfields Limited,Dipka Area,M/s Dipka Expansion Project South Eastern Coal Fields Limited Dipka Area,30-AUG-2026 01:47,29-AUG-2026 20:17,8.87,10.96,42.96,,0.51,site_5664,Thermo Fisher Scientific India Private Limited
South Eastern Coalfields Limited,Dipka Area,M/s Dipka Expansion Project South Eastern Coal Fields Limited Dipka Area,30-AUG-2026 01:47,29-AUG-2026 20:17,8.46,10.78,34.21,,0.62,site_5664,Thermo Fisher Scientific India Private Limited
South Eastern Coalfields Limited,Dipka Area,M/s Dipka Expansion Project South Eastern Coal Fields Limited Dipka Area,30-AUG-2026 01:46,29-AUG-2026 20:16,8.03,10.70,38.14,,0.72,site_5664,Thermo Fisher Scientific India Private Limited
South Eastern Coalfields Limited,Dipka Area,M/s Dipka Expansion Project South Eastern Coal Fields Limited Dipka Area,30-AUG-2026 01:46,29-AUG-2026 20:16,7.73,10.75,35.80,,0.68,site_5664,Thermo Fisher Scientific India Private Limited
South Eastern Coalfields Limited,Dipka Area,M/s Dipka Expansion Project South Eastern Coal Fields Limited Dipka Area,30-AUG-2026 01:45,29-AUG-2026 20:15,7.29,10.95,38.21,,0.49,site_5664,Thermo Fisher Scientific India Private Limited
South Eastern Coalfields Limited,"Bilaspur, CHHATTISGARHr",South Eastern Coalfields  Limited - AQMS_H_Q,30-AUG-2026 01:45,29-AUG-2026 20:15,3.43,,7.97,270.00,0.60,site_5592,Swan Environ
South Eastern Coalfields Limited,Dipka Area,M/s Dipka Expansion Project South Eastern Coal Fields Limited Dipka Area,30-AUG-2026 01:45,29-AUG-2026 20:15,7.06,11.05,38.06,,0.71,site_5664,Thermo Fisher Scientific India Private Limited
South Eastern Coalfields Limited,Dipka Area,M/s Dipka Expansion Project South Eastern Coal Fields Limited Dipka Area,30-AUG-2026 01:44,29-AUG-2026 20:14,6.84,11.24,39.79,,0.84,site_5664,Thermo Fisher Scientific India Private Limited
South Eastern Coalfields Limited,Dipka Area,M/s Dipka Expansion Project South Eastern Coal Fields Limited Dipka Area,30-AUG-2026 01:44,29-AUG-2026 20:14,6.68,11.38,34.26,,0.88,site_5664,Thermo Fisher Scientific India Private Limited
South Eastern Coalfields Limited,Dipka Area,M/s Dipka Expansion Project South Eastern Coal Fields Limited Dipka Area,30-AUG-2026 01:43,29-AUG-2026 20:13,6.58,11.49,35.89,,0.88,site_5664,Thermo Fisher Scientific India Private Limited
South Eastern Coalfields Limited,Dipka Area,M/s Dipka Expansion Project South Eastern Coal Fields Limited Dipka Area,30-AUG-2026 01:43,29-AUG-2026 20:13,6.73,11.41,35.51,,0.91,site_5664,Thermo Fisher Scientific India Private Limited
South Eastern Coalfields Limited,Dipka Area,M/s Dipka Expansion Project South Eastern Coal Fields Limited Dipka Area,30-AUG-2026 01:42,29-AUG-2026 20:12,6.76,11.23,36.50,,0.86,site_5664,Thermo Fisher Scientific India Private Limited
South Eastern Coalfields Limited,Dipka Area,M/s Dipka Expansion Project South Eastern Coal Fields Limited Dipka Area,30-AUG-2026 01:42,29-AUG-2026 20:12,6.57,11.14,39.09,,0.70,site_5664,Thermo Fisher Scientific India Private Limited
South Eastern Coalfields Limited,Dipka Area,M/s Dipka Expansion Project South Eastern Coal Fields Limited Dipka Area,30-AUG-2026 01:41,29-AUG-2026 20:11,6.37,11.07,29.55,,0.74,site_5664,Thermo Fisher Scientific India Private Limited
South Eastern Coalfields Limited,Dipka Area,M/s Dipka Expansion Project South Eastern Coal Fields Limited Dipka Area,30-AUG-2026 01:41,29-AUG-2026 20:11,6.19,11.02,34.54,,0.81,site_5664,Thermo Fisher Scientific India Private Limited
South Eastern Coalfields Limited,Dipka Area,M/s Dipka Expansion Project South Eastern Coal Fields Limited Dipka Area,30-AUG-2026 01:40,29-AUG-2026 20:10,6.05,11.08,36.05,,0.91,site_5664,Thermo Fisher Scientific India Private Limited
South Eastern Coalfields Limited,"Gevra , Chattisgarh",SECL GEVRA,30-AUG-2026 01:40,30-AUG-2026 01:30,28.00,51.03,13.02,7.82,0.54,site_,Envea India Pvt Ltd
South Eastern Coalfields Limited,Dipka Area,M/s Dipka Expansion Project South Eastern Coal Fields Limited Dipka Area,30-AUG-2026 01:40,29-AUG-2026 20:10,5.66,11.23,36.75,,0.70,site_5664,Thermo Fisher Scientific India Private Limited
South Eastern Coalfields Limited,"Gevra , Chattisgarh",SECL GEVRA,30-AUG-2026 01:40,30-AUG-2026 01:30,28.00,51.03,13.02,7.82,0.54,site_,Envea India Pvt Ltd
South Eastern Coalfields Limited,"Gevra , Chattisgarh",SECL GEVRA,30-AUG-2026 01:40,30-AUG-2026 01:30,28.00,51.03,13.02,7.82,0.54,site_,Envea India Pvt Ltd
South Eastern Coalfields Limited,Dipka Area,M/s Dipka Expansion Project South Eastern Coal Fields Limited Dipka Area,30-AUG-2026 01:39,29-AUG-2026 20:09,5.43,11.48,32.52,,0.75,site_5664,Thermo Fisher Scientific India Private Limited
South Eastern Coalfields Limited,Dipka Area,M/s Dipka Expansion Project South Eastern Coal Fields Limited Dipka Area,30-AUG-2026 01:39,29-AUG-2026 20:09,5.39,11.63,37.13,,0.66,site_5664,Thermo Fisher Scientific India Private Limited
South Eastern Coalfields Limited,Dipka Area,M/s Dipka Expansion Project South Eastern Coal Fields Limited Dipka Area,30-AUG-2026 01:38,29-AUG-2026 20:08,5.37,11.77,30.47,,0.64,site_5664,Thermo Fisher Scientific India Private Limited
South Eastern Coalfields Limited,Dipka Area,M/s Dipka Expansion Project South Eastern Coal Fields Limited Dipka Area,30-AUG-2026 01:38,29-AUG-2026 20:08,5.36,11.89,36.41,,0.72,site_5664,Thermo Fisher Scientific India Private Limited
South Eastern Coalfields Limited,Dipka Area,M/s Dipka Expansion Project South Eastern Coal Fields Limited Dipka Area,30-AUG-2026 01:37,29-AUG-2026 20:07,5.34,11.98,35.90,,0.71,site_5664,Thermo Fisher Scientific India Private Limited
South Eastern Coalfields Limited,Dipka Area,M/s Dipka Expansion Project South Eastern Coal Fields Limited Dipka Area,30-AUG-2026 01:37,29-AUG-2026 20:07,5.41,11.99,38.00,,0.75,site_5664,Thermo Fisher Scientific India Private Limited
South Eastern Coalfields Limited,Dipka Area,M/s Dipka Expansion Project South Eastern Coal Fields Limited Dipka Area,30-AUG-2026 01:36,29-AUG-2026 20:06,5.38,11.82,35.63,,0.76,site_5664,Thermo Fisher Scientific India Private Limited
South Eastern Coalfields Limited,Dipka Area,M/s Dipka Expansion Project South Eastern Coal Fields Limited Dipka Area,30-AUG-2026 01:36,29-AUG-2026 20:06,5.46,11.64,34.71,,0.69,site_5664,Thermo Fisher Scientific India Private Limited
South Eastern Coalfields Limited,Dipka Area,M/s Dipka Expansion Project South Eastern Coal Fields Limited Dipka Area,30-AUG-2026 01:35,29-AUG-2026 20:05,5.70,11.31,36.71,,0.61,site_5664,Thermo Fisher Scientific India Private Limited
South Eastern Coalfields Limited,Dipka Area,M/s Dipka Expansion Project South Eastern Coal Fields Limited Dipka Area,30-AUG-2026 01:35,29-AUG-2026 20:05,5.94,11.02,35.56,,0.71,site_5664,Thermo Fisher Scientific India Private Limited
South Eastern Coalfields Limited,Dipka Area,M/s Dipka Expansion Project South Eastern Coal Fields Limited Dipka Area,30-AUG-2026 01:34,29-AUG-2026 20:04,6.08,10.76,36.97,,0.70,site_5664,Thermo Fisher Scientific India Private Limited
South Eastern Coalfields Limited,Dipka Area,M/s Dipka Expansion Project South Eastern Coal Fields Limited Dipka Area,30-AUG-2026 01:34,29-AUG-2026 20:04,6.14,10.57,31.20,,0.61,site_5664,Thermo Fisher Scientific India Private Limited
South Eastern Coalfields Limited,Dipka Area,M/s Dipka Expansion Project South Eastern Coal Fields Limited Dipka Area,30-AUG-2026 01:33,29-AUG-2026 20:03,6.36,10.54,32.69,,0.81,site_5664,Thermo Fisher Scientific India Private Limited
South Eastern Coalfields Limited,Dipka Area,M/s Dipka Expansion Project South Eastern Coal Fields Limited Dipka Area,30-AUG-2026 01:33,29-AUG-2026 20:03,6.34,10.62,31.67,,0.69,site_5664,Thermo Fisher Scientific India Private Limited
South Eastern Coalfields Limited,Dipka Area,M/s Dipka Expansion Project South Eastern Coal Fields Limited Dipka Area,30-AUG-2026 01:32,29-AUG-2026 20:02,6.20,10.79,40.01,,0.84,site_5664,Thermo Fisher Scientific India Private Limited
South Eastern Coalfields Limited,Dipka Area,M/s Dipka Expansion Project South Eastern Coal Fields Limited Dipka Area,30-AUG-2026 01:32,29-AUG-2026 20:02,6.04,11.05,33.25,,0.83,site_5664,Thermo Fisher Scientific India Private Limited
South Eastern Coalfields Limited,Dipka Area,M/s Dipka Expansion Project South Eastern Coal Fields Limited Dipka Area,30-AUG-2026 01:31,29-AUG-2026 20:01,6.04,11.20,39.27,,0.74,site_5664,Thermo Fisher Scientific India Private Limited
South Eastern Coalfields Limited,Dipka Area,M/s Dipka Expansion Project South Eastern Coal Fields Limited Dipka Area,30-AUG-2026 01:31,29-AUG-2026 20:01,6.17,11.36,34.54,,0.88,site_5664,Thermo Fisher Scientific India Private Limited
South Eastern Coalfields Limited,"Bilaspur, CHHATTISGARHr",South Eastern Coalfields  Limited - AQMS_H_Q,30-AUG-2026 01:30,29-AUG-2026 20:00,3.29,,8.06,275.53,0.88,site_5592,Swan Environ
South Eastern Coalfields Limited,Dipka Area,M/s Dipka Expansion Project South Eastern Coal Fields Limited Dipka Area,30-AUG-2026 01:30,29-AUG-2026 20:00,6.24,11.45,41.39,,0.88,site_5664,Thermo Fisher Scientific India Private Limited
South Eastern Coalfields Limited,Dipka Area,M/s Dipka Expansion Project South Eastern Coal Fields Limited Dipka Area,30-AUG-2026 01:30,29-AUG-2026 20:00,6.40,11.52,35.58,,0.75,site_5664,Thermo Fisher Scientific India Private Limited
South Eastern Coalfields Limited,Dipka Area,M/s Dipka Expansion Project South Eastern Coal Fields Limited Dipka Area,30-AUG-2026 01:29,29-AUG-2026 19:59,6.58,11.52,40.07,,0.72,site_5664,Thermo Fisher Scientific India Private Limited
South Eastern Coalfields Limited,Dipka Area,M/s Dipka Expansion Project South Eastern Coal Fields Limited Dipka Area,30-AUG-2026 01:29,29-AUG-2026 19:59,6.74,11.49,30.76,,0.71,site_5664,Thermo Fisher Scientific India Private Limited
South Eastern Coalfields Limited,Dipka Area,M/s Dipka Expansion Project South Eastern Coal Fields Limited Dipka Area,30-AUG-2026 01:28,29-AUG-2026 19:58,6.97,11.57,32.80,,0.46,site_5664,Thermo Fisher Scientific India Private Limited
South Eastern Coalfields Limited,Dipka Area,M/s Dipka Expansion Project South Eastern Coal Fields Limited Dipka Area,30-AUG-2026 01:28,29-AUG-2026 19:58,7.29,11.47,31.52,,0.42,site_5664,Thermo Fisher Scientific India Private Limited
South Eastern Coalfields Limited,Dipka Area,M/s Dipka Expansion Project South Eastern Coal Fields Limited Dipka Area,30-AUG-2026 01:27,29-AUG-2026 19:57,7.60,11.22,32.67,,0.26,site_5664,Thermo Fisher Scientific India Private Limited
South Eastern Coalfields Limited,Dipka Area,M/s Dipka Expansion Project South Eastern Coal Fields Limited Dipka Area,30-AUG-2026 01:27,29-AUG-2026 19:57,7.81,11.04,36.14,,0.39,site_5664,Thermo Fisher Scientific India Private Limited
South Eastern Coalfields Limited,Dipka Area,M/s Dipka Expansion Project South Eastern Coal Fields Limited Dipka Area,30-AUG-2026 01:26,29-AUG-2026 19:56,8.15,10.83,35.36,,0.35,site_5664,Thermo Fisher Scientific India Private Limited
South Eastern Coalfields Limited,Dipka Area,M/s Dipka Expansion Project South Eastern Coal Fields Limited Dipka Area,30-AUG-2026 01:26,29-AUG-2026 19:56,8.45,10.64,31.63,,0.39,site_5664,Thermo Fisher Scientific India Private Limited
South Eastern Coalfields Limited,Dipka Area,M/s Dipka Expansion Project South Eastern Coal Fields Limited Dipka Area,30-AUG-2026 01:25,29-AUG-2026 19:55,8.82,10.37,37.29,,0.43,site_5664,Thermo Fisher Scientific India Private Limited
South Eastern Coalfields Limited,"Gevra , Chattisgarh",SECL GEVRA,30-AUG-2026 01:25,30-AUG-2026 01:15,33.90,61.25,13.35,8.69,0.69,site_,Envea India Pvt Ltd
South Eastern Coalfields Limited,"Gevra , Chattisgarh",SECL GEVRA,30-AUG-2026 01:25,30-AUG-2026 01:15,33.90,61.25,13.35,8.69,0.69,site_,Envea India Pvt Ltd
South Eastern Coalfields Limited,"Gevra , Chattisgarh",SECL GEVRA,30-AUG-2026 01:25,30-AUG-2026 01:15,33.90,61.25,13.35,8.69,0.69,site_,Envea India Pvt Ltd
South Eastern Coalfields Limited,"Gevra , Chattisgarh",SECL GEVRA,30-AUG-2026 01:25,30-AUG-2026 01:15,33.90,61.25,13.35,8.69,0.69,site_,Envea India Pvt Ltd
South Eastern Coalfields Limited,Dipka Area,M/s Dipka Expansion Project South Eastern Coal Fields Limited Dipka Area,30-AUG-2026 01:25,29-AUG-2026 19:55,9.05,10.35,34.28,,0.54,site_5664,Thermo Fisher Scientific India Private Limited
South Eastern Coalfields Limited,Dipka Area,M/s Dipka Expansion Project South Eastern Coal Fields Limited Dipka Area,30-AUG-2026 01:24,29-AUG-2026 19:54,9.25,10.43,34.10,,0.53,site_5664,Thermo Fisher Scientific India Private Limited
South Eastern Coalfields Limited,Dipka Area,M/s Dipka Expansion Project South Eastern Coal Fields Limited Dipka Area,30-AUG-2026 01:24,29-AUG-2026 19:54,9.59,10.37,36.33,,0.58,site_5664,Thermo Fisher Scientific India Private Limited
South Eastern Coalfields Limited,Dipka Area,M/s Dipka Expansion Project South Eastern Coal Fields Limited Dipka Area,30-AUG-2026 01:23,29-AUG-2026 19:53,10.01,10.29,37.18,,0.63,site_5664,Thermo Fisher Scientific India Private Limited
South Eastern Coalfields Limited,Dipka Area,M/s Dipka Expansion Project South Eastern Coal Fields Limited Dipka Area,30-AUG-2026 01:23,29-AUG-2026 19:53,10.36,10.13,36.63,,0.76,site_5664,Thermo Fisher Scientific India Private Limited
South Eastern Coalfields Limited,Dipka Area,M/s Dipka Expansion Project South Eastern Coal Fields Limited Dipka Area,30-AUG-2026 01:22,29-AUG-2026 19:52,10.31,10.00,38.01,,0.80,site_5664,Thermo Fisher Scientific India Private Limited
South Eastern Coalfields Limited,Dipka Area,M/s Dipka Expansion Project South Eastern Coal Fields Limited Dipka Area,30-AUG-2026 01:22,29-AUG-2026 19:52,10.14,9.79,31.17,,0.61,site_5664,Thermo Fisher Scientific India Private Limited
South Eastern Coalfields Limited,Dipka Area,M/s Dipka Expansion Project South Eastern Coal Fields Limited Dipka Area,30-AUG-2026 01:21,29-AUG-2026 19:51,9.81,9.62,38.16,,0.54,site_5664,Thermo Fisher Scientific India Private Limited
South Eastern Coalfields Limited,Dipka Area,M/s Dipka Expansion Project South Eastern Coal Fields Limited Dipka Area,30-AUG-2026 01:21,29-AUG-2026 19:51,9.35,9.58,33.03,,0.48,site_5664,Thermo Fisher Scientific India Private Limited
South Eastern Coalfields Limited,Dipka Area,M/s Dipka Expansion Project South Eastern Coal Fields Limited Dipka Area,30-AUG-2026 01:20,29-AUG-2026 19:50,8.77,9.52,40.45,,0.45,site_5664,Thermo Fisher Scientific India Private Limited
South Eastern Coalfields Limited,Dipka Area,M/s Dipka Expansion Project South Eastern Coal Fields Limited Dipka Area,30-AUG-2026 01:20,29-AUG-2026 19:50,8.27,9.54,41.02,,0.40,site_5664,Thermo Fisher Scientific India Private Limited
South Eastern Coalfields Limited,Dipka Area,M/s Dipka Expansion Project South Eastern Coal Fields Limited Dipka Area,30-AUG-2026 01:19,29-AUG-2026 19:49,7.97,9.45,37.02,,0.41,site_5664,Thermo Fisher Scientific India Private Limited
South Eastern Coalfields Limited,Dipka Area,M/s Dipka Expansion Project South Eastern Coal Fields Limited Dipka Area,30-AUG-2026 01:19,29-AUG-2026 19:49,7.65,9.34,36.94,,0.36,site_5664,Thermo Fisher Scientific India Private Limited
South Eastern Coalfields Limited,Dipka Area,M/s Dipka Expansion Project South Eastern Coal Fields Limited Dipka Area,30-AUG-2026 01:18,29-AUG-2026 19:48,7.25,9.20,34.16,,0.35,site_5664,Thermo Fisher Scientific India Private Limited
South Eastern Coalfields Limited,Dipka Area,M/s Dipka Expansion Project South Eastern Coal Fields Limited Dipka Area,30-AUG-2026 01:18,29-AUG-2026 19:48,6.89,8.99,31.30,,0.14,site_5664,Thermo Fisher Scientific India Private Limited
South Eastern Coalfields Limited,Dipka Area,M/s Dipka Expansion Project South Eastern Coal Fields Limited Dipka Area,30-AUG-2026 01:17,29-AUG-2026 19:47,6.52,8.79,36.65,,0.23,site_5664,Thermo Fisher Scientific India Private Limited
South Eastern Coalfields Limited,Dipka Area,M/s Dipka Expansion Project South Eastern Coal Fields Limited Dipka Area,30-AUG-2026 01:17,29-AUG-2026 19:47,6.14,8.66,31.02,,0.22,site_5664,Thermo Fisher Scientific India Private Limited
South Eastern Coalfields Limited,Dipka Area,M/s Dipka Expansion Project South Eastern Coal Fields Limited Dipka Area,30-AUG-2026 01:16,29-AUG-2026 19:46,5.68,8.67,35.52,,0.38,site_5664,Thermo Fisher Scientific India Private Limited
South Eastern Coalfields Limited,Dipka Area,M/s Dipka Expansion Project South Eastern Coal Fields Limited Dipka Area,30-AUG-2026 01:16,29-AUG-2026 19:46,5.36,8.77,30.51,,0.31,site_5664,Thermo Fisher Scientific India Private Limited
South Eastern Coalfields Limited,Dipka Area,M/s Dipka Expansion Project South Eastern Coal Fields Limited Dipka Area,30-AUG-2026 01:15,29-AUG-2026 19:45,5.16,9.10,35.04,,0.35,site_5664,Thermo Fisher Scientific India Private Limited
South Eastern Coalfields Limited,Dipka Area,M/s Dipka Expansion Project South Eastern Coal Fields Limited Dipka Area,30-AUG-2026 01:15,29-AUG-2026 19:45,5.04,9.50,34.92,,0.41,site_5664,Thermo Fisher Scientific India Private Limited
South Eastern Coalfields Limited,"Bilaspur, CHHATTISGARHr",South Eastern Coalfields  Limited - AQMS_H_Q,30-AUG-2026 01:15,29-AUG-2026 19:44,3.30,,8.70,263.23,0.83,site_5592,Swan Environ
South Eastern Coalfields Limited,Dipka Area,M/s Dipka Expansion Project South Eastern Coal Fields Limited Dipka Area,30-AUG-2026 01:14,29-AUG-2026 19:44,4.72,9.99,39.17,,0.26,site_5664,Thermo Fisher Scientific India Private Limited
South Eastern Coalfields Limited,Dipka Area,M/s Dipka Expansion Project South Eastern Coal Fields Limited Dipka Area,30-AUG-2026 01:14,29-AUG-2026 19:44,4.34,10.35,38.34,,0.29,site_5664,Thermo Fisher Scientific India Private Limited
South Eastern Coalfields Limited,Dipka Area,M/s Dipka Expansion Project South Eastern Coal Fields Limited Dipka Area,30-AUG-2026 01:13,29-AUG-2026 19:43,3.87,10.69,35.32,,0.46,site_5664,Thermo Fisher Scientific India Private Limited
South Eastern Coalfields Limited,Dipka Area,M/s Dipka Expansion Project South Eastern Coal Fields Limited Dipka Area,30-AUG-2026 01:13,29-AUG-2026 19:43,3.42,10.87,40.51,,0.53,site_5664,Thermo Fisher Scientific India Private Limited
South Eastern Coalfields Limited,Dipka Area,M/s Dipka Expansion Project South Eastern Coal Fields Limited Dipka Area,30-AUG-2026 01:12,29-AUG-2026 19:42,2.78,10.86,39.93,,0.43,site_5664,Thermo Fisher Scientific India Private Limited
South Eastern Coalfields Limited,Dipka Area,M/s Dipka Expansion Project South Eastern Coal Fields Limited Dipka Area,30-AUG-2026 01:12,29-AUG-2026 19:42,2.27,10.79,39.43,,0.42,site_5664,Thermo Fisher Scientific India Private Limited
South Eastern Coalfields Limited,Dipka Area,M/s Dipka Expansion Project South Eastern Coal Fields Limited Dipka Area,30-AUG-2026 01:11,29-AUG-2026 19:41,1.77,10.71,34.96,,0.43,site_5664,Thermo Fisher Scientific India Private Limited
South Eastern Coalfields Limited,Dipka Area,M/s Dipka Expansion Project South Eastern Coal Fields Limited Dipka Area,30-AUG-2026 01:11,29-AUG-2026 19:41,1.38,10.69,34.92,,0.55,site_5664,Thermo Fisher Scientific India Private Limited
South Eastern Coalfields Limited,Dipka Area,M/s Dipka Expansion Project South Eastern Coal Fields Limited Dipka Area,30-AUG-2026 01:10,29-AUG-2026 19:40,1.04,10.73,37.65,,0.57,site_5664,Thermo Fisher Scientific India Private Limited
South Eastern Coalfields Limited,"Gevra , Chattisgarh",SECL GEVRA,30-AUG-2026 01:10,30-AUG-2026 01:00,47.20,84.34,14.09,10.66,1.00,site_,Envea India Pvt Ltd
South Eastern Coalfields Limited,"Gevra , Chattisgarh",SECL GEVRA,30-AUG-2026 01:10,30-AUG-2026 01:00,47.20,84.34,14.09,10.66,1.00,site_,Envea India Pvt Ltd
South Eastern Coalfields Limited,"Gevra , Chattisgarh",SECL GEVRA,30-AUG-2026 01:10,30-AUG-2026 01:00,47.20,84.34,14.09,10.66,1.00,site_,Envea India Pvt Ltd
South Eastern Coalfields Limited,Dipka Area,M/s Dipka Expansion Project South Eastern Coal Fields Limited Dipka Area,30-AUG-2026 01:10,29-AUG-2026 19:40,0.88,10.84,36.70,,0.60,site_5664,Thermo Fisher Scientific India Private Limited
South Eastern Coalfields Limited,Dipka Area,M/s Dipka Expansion Project South Eastern Coal Fields Limited Dipka Area,30-AUG-2026 01:09,29-AUG-2026 19:39,0.86,11.00,38.87,,0.81,site_5664,Thermo Fisher Scientific India Private Limited
South Eastern Coalfields Limited,Dipka Area,M/s Dipka Expansion Project South Eastern Coal Fields Limited Dipka Area,30-AUG-2026 01:09,29-AUG-2026 19:39,0.88,11.17,33.16,,0.77,site_5664,Thermo Fisher Scientific India Private Limited
South Eastern Coalfields Limited,Dipka Area,M/s Dipka Expansion Project South Eastern Coal Fields Limited Dipka Area,30-AUG-2026 01:08,29-AUG-2026 19:38,0.98,11.29,33.49,,0.67,site_5664,Thermo Fisher Scientific India Private Limited
South Eastern Coalfields Limited,Dipka Area,M/s Dipka Expansion Project South Eastern Coal Fields Limited Dipka Area,30-AUG-2026 01:08,29-AUG-2026 19:38,1.24,11.34,38.88,,0.67,site_5664,Thermo Fisher Scientific India Private Limited
South Eastern Coalfields Limited,Dipka Area,M/s Dipka Expansion Project South Eastern Coal Fields Limited Dipka Area,30-AUG-2026 01:07,29-AUG-2026 19:37,1.70,11.29,41.45,,0.76,site_5664,Thermo Fisher Scientific India Private Limited
South Eastern Coalfields Limited,Dipka Area,M/s Dipka Expansion Project South Eastern Coal Fields Limited Dipka Area,30-AUG-2026 01:07,29-AUG-2026 19:37,2.09,11.25,35.24,,0.87,site_5664,Thermo Fisher Scientific India Private Limited
South Eastern Coalfields Limited,Dipka Area,M/s Dipka Expansion Project South Eastern Coal Fields Limited Dipka Area,30-AUG-2026 01:06,29-AUG-2026 19:36,2.68,11.33,33.25,,0.85,site_5664,Thermo Fisher Scientific India Private Limited
South Eastern Coalfields Limited,Dipka Area,M/s Dipka Expansion Project South Eastern Coal Fields Limited Dipka Area,30-AUG-2026 01:06,29-AUG-2026 19:36,3.17,11.30,33.53,,0.71,site_5664,Thermo Fisher Scientific India Private Limited
South Eastern Coalfields Limited,Dipka Area,M/s Dipka Expansion Project South Eastern Coal Fields Limited Dipka Area,30-AUG-2026 01:05,29-AUG-2026 19:35,3.71,11.38,35.22,,0.82,site_5664,Thermo Fisher Scientific India Private Limited
South Eastern Coalfields Limited,Dipka Area,M/s Dipka Expansion Project South Eastern Coal Fields Limited Dipka Area,30-AUG-2026 01:05,29-AUG-2026 19:35,4.19,11.47,37.08,,0.79,site_5664,Thermo Fisher Scientific India Private Limited
South Eastern Coalfields Limited,Dipka Area,M/s Dipka Expansion Project South Eastern Coal Fields Limited Dipka Area,30-AUG-2026 01:04,29-AUG-2026 19:34,4.61,11.58,36.24,,0.81,site_5664,Thermo Fisher Scientific India Private Limited
South Eastern Coalfields Limited,Dipka Area,M/s Dipka Expansion Project South Eastern Coal Fields Limited Dipka Area,30-AUG-2026 01:04,29-AUG-2026 19:34,4.89,11.51,36.35,,0.79,site_5664,Thermo Fisher Scientific India Private Limited
South Eastern Coalfields Limited,Dipka Area,M/s Dipka Expansion Project South Eastern Coal Fields Limited Dipka Area,30-AUG-2026 01:03,29-AUG-2026 19:33,5.12,11.34,33.46,,0.71,site_5664,Thermo Fisher Scientific India Private Limited
South Eastern Coalfields Limited,Dipka Area,M/s Dipka Expansion Project South Eastern Coal Fields Limited Dipka Area,30-AUG-2026 01:03,29-AUG-2026 19:33,5.25,11.29,36.58,,0.74,site_5664,Thermo Fisher Scientific India Private Limited
South Eastern Coalfields Limited,Dipka Area,M/s Dipka Expansion Project South Eastern Coal Fields Limited Dipka Area,30-AUG-2026 01:02,29-AUG-2026 19:32,5.47,11.25,34.09,,0.63,site_5664,Thermo Fisher Scientific India Private Limited
South Eastern Coalfields Limited,Dipka Area,M/s Dipka Expansion Project South Eastern Coal Fields Limited Dipka Area,30-AUG-2026 01:02,29-AUG-2026 19:32,5.65,11.21,31.88,,0.56,site_5664,Thermo Fisher Scientific India Private Limited
South Eastern Coalfields Limited,Dipka Area,M/s Dipka Expansion Project South Eastern Coal Fields Limited Dipka Area,30-AUG-2026 01:01,29-AUG-2026 19:31,5.86,11.16,33.29,,0.42,site_5664,Thermo Fisher Scientific India Private Limited
South Eastern Coalfields Limited,Dipka Area,M/s Dipka Expansion Project South Eastern Coal Fields Limited Dipka Area,30-AUG-2026 01:01,29-AUG-2026 19:31,6.16,11.12,31.56,,0.50,site_5664,Thermo Fisher Scientific India Private Limited
South Eastern Coalfields Limited,Dipka Area,M/s Dipka Expansion Project South Eastern Coal Fields Limited Dipka Area,30-AUG-2026 01:00,29-AUG-2026 19:30,6.43,11.10,31.02,,0.34,site_5664,Thermo Fisher Scientific India Private Limited
South Eastern Coalfields Limited,"Bilaspur, CHHATTISGARHr",South Eastern Coalfields  Limited - AQMS_H_Q,30-AUG-2026 01:00,29-AUG-2026 19:29,3.51,,8.89,243.33,0.60,site_5592,Swan Environ
South Eastern Coalfields Limited,Dipka Area,M/s Dipka Expansion Project South Eastern Coal Fields Limited Dipka Area,30-AUG-2026 00:59,29-AUG-2026 19:29,6.68,11.28,37.85,,0.18,site_5664,Thermo Fisher Scientific India Private Limited
South Eastern Coalfields Limited,Dipka Area,M/s Dipka Expansion Project South Eastern Coal Fields Limited Dipka Area,30-AUG-2026 00:59,29-AUG-2026 19:29,6.72,11.27,35.87,,0.33,site_5664,Thermo Fisher Scientific India Private Limited
South Eastern Coalfields Limited,Dipka Area,M/s Dipka Expansion Project South Eastern Coal Fields Limited Dipka Area,30-AUG-2026 00:58,29-AUG-2026 19:28,6.84,11.22,29.53,,0.41,site_5664,Thermo Fisher Scientific India Private Limited
South Eastern Coalfields Limited,Dipka Area,M/s Dipka Expansion Project South Eastern Coal Fields Limited Dipka Area,30-AUG-2026 00:58,29-AUG-2026 19:28,6.84,11.21,39.49,,0.39,site_5664,Thermo Fisher Scientific India Private Limited
South Eastern Coalfields Limited,Dipka Area,M/s Dipka Expansion Project South Eastern Coal Fields Limited Dipka Area,30-AUG-2026 00:57,29-AUG-2026 19:27,6.83,11.16,37.84,,0.34,site_5664,Thermo Fisher Scientific India Private Limited
South Eastern Coalfields Limited,Dipka Area,M/s Dipka Expansion Project South Eastern Coal Fields Limited Dipka Area,30-AUG-2026 00:57,29-AUG-2026 19:27,6.79,11.10,35.40,,0.49,site_5664,Thermo Fisher Scientific India Private Limited
South Eastern Coalfields Limited,Dipka Area,M/s Dipka Expansion Project South Eastern Coal Fields Limited Dipka Area,30-AUG-2026 00:56,29-AUG-2026 19:26,6.66,10.91,33.97,,0.58,site_5664,Thermo Fisher Scientific India Private Limited
South Eastern Coalfields Limited,Dipka Area,M/s Dipka Expansion Project South Eastern Coal Fields Limited Dipka Area,30-AUG-2026 00:56,29-AUG-2026 19:26,6.60,10.85,32.47,,0.48,site_5664,Thermo Fisher Scientific India Private Limited
South Eastern Coalfields Limited,Dipka Area,M/s Dipka Expansion Project South Eastern Coal Fields Limited Dipka Area,30-AUG-2026 00:55,29-AUG-2026 19:25,6.56,10.74,35.98,,0.53,site_5664,Thermo Fisher Scientific India Private Limited
South Eastern Coalfields Limited,"Gevra , Chattisgarh",SECL GEVRA,30-AUG-2026 00:55,30-AUG-2026 00:45,54.60,97.29,14.50,11.76,1.18,site_,Envea India Pvt Ltd
South Eastern Coalfields Limited,"Gevra , Chattisgarh",SECL GEVRA,30-AUG-2026 00:55,30-AUG-2026 00:45,54.60,97.29,14.50,11.76,1.18,site_,Envea India Pvt Ltd
South Eastern Coalfields Limited,Dipka Area,M/s Dipka Expansion Project South Eastern Coal Fields Limited Dipka Area,30-AUG-2026 00:55,29-AUG-2026 19:25,6.56,10.54,32.66,,0.61,site_5664,Thermo Fisher Scientific India Private Limited
South Eastern Coalfields Limited,Dipka Area,M/s Dipka Expansion Project South Eastern Coal Fields Limited Dipka Area,30-AUG-2026 00:54,29-AUG-2026 19:24,6.75,10.27,33.47,,0.63,site_5664,Thermo Fisher Scientific India Private Limited
South Eastern Coalfields Limited,Dipka Area,M/s Dipka Expansion Project South Eastern Coal Fields Limited Dipka Area,30-AUG-2026 00:54,29-AUG-2026 19:24,6.98,10.07,34.49,,0.44,site_5664,Thermo Fisher Scientific India Private Limited
South Eastern Coalfields Limited,Dipka Area,M/s Dipka Expansion Project South Eastern Coal Fields Limited Dipka Area,30-AUG-2026 00:53,29-AUG-2026 19:23,7.33,9.82,37.50,,0.31,site_5664,Thermo Fisher Scientific India Private Limited
South Eastern Coalfields Limited,Dipka Area,M/s Dipka Expansion Project South Eastern Coal Fields Limited Dipka Area,30-AUG-2026 00:53,29-AUG-2026 19:23,7.63,9.53,35.89,,0.30,site_5664,Thermo Fisher Scientific India Private Limited
South Eastern Coalfields Limited,Dipka Area,M/s Dipka Expansion Project South Eastern Coal Fields Limited Dipka Area,30-AUG-2026 00:52,29-AUG-2026 19:22,7.99,9.32,35.05,,0.29,site_5664,Thermo Fisher Scientific India Private Limited
South Eastern Coalfields Limited,Dipka Area,M/s Dipka Expansion Project South Eastern Coal Fields Limited Dipka Area,30-AUG-2026 00:52,29-AUG-2026 19:22,8.26,9.34,33.58,,0.26,site_5664,Thermo Fisher Scientific India Private Limited
South Eastern Coalfields Limited,Dipka Area,M/s Dipka Expansion Project South Eastern Coal Fields Limited Dipka Area,30-AUG-2026 00:51,29-AUG-2026 19:21,8.23,9.41,30.78,,0.27,site_5664,Thermo Fisher Scientific India Private Limited
South Eastern Coalfields Limited,Dipka Area,M/s Dipka Expansion Project South Eastern Coal Fields Limited Dipka Area,30-AUG-2026 00:51,29-AUG-2026 19:21,8.24,9.46,35.18,,0.36,site_5664,Thermo Fisher Scientific India Private Limited
South Eastern Coalfields Limited,Dipka Area,M/s Dipka Expansion Project South Eastern Coal Fields Limited Dipka Area,30-AUG-2026 00:50,29-AUG-2026 19:20,8.26,9.54,40.64,,0.41,site_5664,Thermo Fisher Scientific India Private Limited
South Eastern Coalfields Limited,Dipka Area,M/s Dipka Expansion Project South Eastern Coal Fields Limited Dipka Area,30-AUG-2026 00:50,29-AUG-2026 19:20,8.21,9.62,41.90,,0.31,site_5664,Thermo Fisher Scientific India Private Limited
South Eastern Coalfields Limited,Dipka Area,M/s Dipka Expansion Project South Eastern Coal Fields Limited Dipka Area,30-AUG-2026 00:49,29-AUG-2026 19:19,7.92,9.55,37.86,,0.29,site_5664,Thermo Fisher Scientific India Private Limited
South Eastern Coalfields Limited,Dipka Area,M/s Dipka Expansion Project South Eastern Coal Fields Limited Dipka Area,30-AUG-2026 00:49,29-AUG-2026 19:19,7.59,9.41,36.31,,0.36,site_5664,Thermo Fisher Scientific India Private Limited
South Eastern Coalfields Limited,Dipka Area,M/s Dipka Expansion Project South Eastern Coal Fields Limited Dipka Area,30-AUG-2026 00:48,29-AUG-2026 19:18,7.48,9.26,34.00,,0.37,site_5664,Thermo Fisher Scientific India Private Limited
South Eastern Coalfields Limited,Dipka Area,M/s Dipka Expansion Project South Eastern Coal Fields Limited Dipka Area,30-AUG-2026 00:48,29-AUG-2026 19:18,7.35,8.94,37.06,,0.36,site_5664,Thermo Fisher Scientific India Private Limited
South Eastern Coalfields Limited,Dipka Area,M/s Dipka Expansion Project South Eastern Coal Fields Limited Dipka Area,30-AUG-2026 00:47,29-AUG-2026 19:17,7.04,8.42,37.10,,0.44,site_5664,Thermo Fisher Scientific India Private Limited
South Eastern Coalfields Limited,Dipka Area,M/s Dipka Expansion Project South Eastern Coal Fields Limited Dipka Area,30-AUG-2026 00:47,29-AUG-2026 19:17,6.74,8.11,30.35,,0.40,site_5664,Thermo Fisher Scientific India Private Limited
South Eastern Coalfields Limited,Dipka Area,M/s Dipka Expansion Project South Eastern Coal Fields Limited Dipka Area,30-AUG-2026 00:46,29-AUG-2026 19:16,6.31,7.78,31.61,,0.31,site_5664,Thermo Fisher Scientific India Private Limited
South Eastern Coalfields Limited,Dipka Area,M/s Dipka Expansion Project South Eastern Coal Fields Limited Dipka Area,30-AUG-2026 00:46,29-AUG-2026 19:16,6.02,7.49,32.73,,0.26,site_5664,Thermo Fisher Scientific India Private Limited
South Eastern Coalfields Limited,Dipka Area,M/s Dipka Expansion Project South Eastern Coal Fields Limited Dipka Area,30-AUG-2026 00:45,29-AUG-2026 19:15,5.66,7.19,31.02,,0.17,site_5664,Thermo Fisher Scientific India Private Limited
South Eastern Coalfields Limited,"Bilaspur, CHHATTISGARHr",South Eastern Coalfields  Limited - AQMS_H_Q,30-AUG-2026 00:45,29-AUG-2026 19:14,3.39,,9.84,270.00,0.59,site_5592,Swan Environ
South Eastern Coalfields Limited,Dipka Area,M/s Dipka Expansion Project South Eastern Coal Fields Limited Dipka Area,30-AUG-2026 00:45,29-AUG-2026 19:15,5.31,7.11,35.50,,0.16,site_5664,Thermo Fisher Scientific India Private Limited
South Eastern Coalfields Limited,Dipka Area,M/s Dipka Expansion Project South Eastern Coal Fields Limited Dipka Area,30-AUG-2026 00:44,29-AUG-2026 19:14,4.91,7.22,32.87,,0.16,site_5664,Thermo Fisher Scientific India Private Limited
South Eastern Coalfields Limited,Dipka Area,M/s Dipka Expansion Project South Eastern Coal Fields Limited Dipka Area,30-AUG-2026 00:44,29-AUG-2026 19:14,4.54,7.20,38.57,,0.31,site_5664,Thermo Fisher Scientific India Private Limited
South Eastern Coalfields Limited,Dipka Area,M/s Dipka Expansion Project South Eastern Coal Fields Limited Dipka Area,30-AUG-2026 00:43,29-AUG-2026 19:13,4.15,7.31,38.39,,0.37,site_5664,Thermo Fisher Scientific India Private Limited
South Eastern Coalfields Limited,Dipka Area,M/s Dipka Expansion Project South Eastern Coal Fields Limited Dipka Area,30-AUG-2026 00:43,29-AUG-2026 19:13,3.67,7.55,32.35,,0.31,site_5664,Thermo Fisher Scientific India Private Limited
South Eastern Coalfields Limited,Dipka Area,M/s Dipka Expansion Project South Eastern Coal Fields Limited Dipka Area,30-AUG-2026 00:42,29-AUG-2026 19:12,3.03,7.83,32.08,,0.25,site_5664,Thermo Fisher Scientific India Private Limited
South Eastern Coalfields Limited,Dipka Area,M/s Dipka Expansion Project South Eastern Coal Fields Limited Dipka Area,30-AUG-2026 00:42,29-AUG-2026 19:12,2.48,8.07,36.74,,0.30,site_5664,Thermo Fisher Scientific India Private Limited
South Eastern Coalfields Limited,Dipka Area,M/s Dipka Expansion Project South Eastern Coal Fields Limited Dipka Area,30-AUG-2026 00:41,29-AUG-2026 19:11,1.62,8.17,34.51,,0.29,site_5664,Thermo Fisher Scientific India Private Limited
South Eastern Coalfields Limited,Dipka Area,M/s Dipka Expansion Project South Eastern Coal Fields Limited Dipka Area,30-AUG-2026 00:41,29-AUG-2026 19:11,0.90,8.17,37.19,,0.27,site_5664,Thermo Fisher Scientific India Private Limited
South Eastern Coalfields Limited,Dipka Area,M/s Dipka Expansion Project South Eastern Coal Fields Limited Dipka Area,30-AUG-2026 00:40,29-AUG-2026 19:10,0.26,8.15,31.49,,0.30,site_5664,Thermo Fisher Scientific India Private Limited
South Eastern Coalfields Limited,"Gevra , Chattisgarh",SECL GEVRA,30-AUG-2026 00:40,30-AUG-2026 00:30,52.40,93.52,14.38,11.44,1.13,site_,Envea India Pvt Ltd
South Eastern Coalfields Limited,"Gevra , Chattisgarh",SECL GEVRA,30-AUG-2026 00:40,30-AUG-2026 00:30,52.40,93.52,14.38,11.44,1.13,site_,Envea India Pvt Ltd
South Eastern Coalfields Limited,"Gevra , Chattisgarh",SECL GEVRA,30-AUG-2026 00:40,30-AUG-2026 00:30,52.40,93.52,14.38,11.44,1.13,site_,Envea India Pvt Ltd
South Eastern Coalfields Limited,"Gevra , Chattisgarh",SECL GEVRA,30-AUG-2026 00:40,30-AUG-2026 00:30,52.40,93.52,14.38,11.44,1.13,site_,Envea India Pvt Ltd
South Eastern Coalfields Limited,Dipka Area,M/s Dipka Expansion Project South Eastern Coal Fields Limited Dipka Area,30-AUG-2026 00:40,29-AUG-2026 19:10,0.00,8.04,39.64,,0.30,site_5664,Thermo Fisher Scientific India Private Limited
South Eastern Coalfields Limited,Dipka Area,M/s Dipka Expansion Project South Eastern Coal Fields Limited Dipka Area,30-AUG-2026 00:39,29-AUG-2026 19:09,0.00,7.90,32.92,,0.33,site_5664,Thermo Fisher Scientific India Private Limited
South Eastern Coalfields Limited,Dipka Area,M/s Dipka Expansion Project South Eastern Coal Fields Limited Dipka Area,30-AUG-2026 00:39,29-AUG-2026 19:09,0.00,7.74,33.87,,0.22,site_5664,Thermo Fisher Scientific India Private Limited
South Eastern Coalfields Limited,Dipka Area,M/s Dipka Expansion Project South Eastern Coal Fields Limited Dipka Area,30-AUG-2026 00:38,29-AUG-2026 19:08,0.00,7.80,36.50,,0.26,site_5664,Thermo Fisher Scientific India Private Limited
South Eastern Coalfields Limited,Dipka Area,M/s Dipka Expansion Project South Eastern Coal Fields Limited Dipka Area,30-AUG-2026 00:38,29-AUG-2026 19:08,0.00,8.04,32.56,,0.38,site_5664,Thermo Fisher Scientific India Private Limited
South Eastern Coalfields Limited,Dipka Area,M/s Dipka Expansion Project South Eastern Coal Fields Limited Dipka Area,30-AUG-2026 00:37,29-AUG-2026 19:07,0.00,8.19,37.05,,0.53,site_5664,Thermo Fisher Scientific India Private Limited
South Eastern Coalfields Limited,Dipka Area,M/s Dipka Expansion Project South Eastern Coal Fields Limited Dipka Area,30-AUG-2026 00:37,29-AUG-2026 19:07,0.00,8.24,40.85,,0.49,site_5664,Thermo Fisher Scientific India Private Limited
South Eastern Coalfields Limited,Dipka Area,M/s Dipka Expansion Project South Eastern Coal Fields Limited Dipka Area,30-AUG-2026 00:36,29-AUG-2026 19:06,0.00,8.35,35.98,,0.50,site_5664,Thermo Fisher Scientific India Private Limited
South Eastern Coalfields Limited,Dipka Area,M/s Dipka Expansion Project South Eastern Coal Fields Limited Dipka Area,30-AUG-2026 00:36,29-AUG-2026 19:06,0.00,8.41,34.23,,0.61,site_5664,Thermo Fisher Scientific India Private Limited
South Eastern Coalfields Limited,Dipka Area,M/s Dipka Expansion Project South Eastern Coal Fields Limited Dipka Area,30-AUG-2026 00:35,29-AUG-2026 19:05,0.14,8.32,36.16,,0.47,site_5664,Thermo Fisher Scientific India Private Limited
South Eastern Coalfields Limited,Dipka Area,M/s Dipka Expansion Project South Eastern Coal Fields Limited Dipka Area,30-AUG-2026 00:35,29-AUG-2026 19:05,0.80,8.17,31.90,,0.52,site_5664,Thermo Fisher Scientific India Private Limited
South Eastern Coalfields Limited,Dipka Area,M/s Dipka Expansion Project South Eastern Coal Fields Limited Dipka Area,30-AUG-2026 00:34,29-AUG-2026 19:04,1.54,8.11,39.16,,0.53,site_5664,Thermo Fisher Scientific India Private Limited
South Eastern Coalfields Limited,Dipka Area,M/s Dipka Expansion Project South Eastern Coal Fields Limited Dipka Area,30-AUG-2026 00:34,29-AUG-2026 19:04,2.30,8.11,34.77,,0.54,site_5664,Thermo Fisher Scientific India Private Limited
South Eastern Coalfields Limited,Dipka Area,M/s Dipka Expansion Project South Eastern Coal Fields Limited Dipka Area,30-AUG-2026 00:33,29-AUG-2026 19:03,2.98,8.11,33.96,,0.55,site_5664,Thermo Fisher Scientific India Private Limited
South Eastern Coalfields Limited,Dipka Area,M/s Dipka Expansion Project South Eastern Coal Fields Limited Dipka Area,30-AUG-2026 00:33,29-AUG-2026 19:03,3.51,8.11,33.51,,0.50,site_5664,Thermo Fisher Scientific India Private Limited
South Eastern Coalfields Limited,Dipka Area,M/s Dipka Expansion Project South Eastern Coal Fields Limited Dipka Area,30-AUG-2026 00:32,29-AUG-2026 19:02,4.26,8.11,36.32,,0.38,site_5664,Thermo Fisher Scientific India Private Limited
South Eastern Coalfields Limited,Dipka Area,M/s Dipka Expansion Project South Eastern Coal Fields Limited Dipka Area,30-AUG-2026 00:32,29-AUG-2026 19:02,4.94,8.11,33.03,,0.35,site_5664,Thermo Fisher Scientific India Private Limited
South Eastern Coalfields Limited,Dipka Area,M/s Dipka Expansion Project South Eastern Coal Fields Limited Dipka Area,30-AUG-2026 00:31,29-AUG-2026 19:01,5.44,8.11,32.12,,0.44,site_5664,Thermo Fisher Scientific India Private Limited
South Eastern Coalfields Limited,Dipka Area,M/s Dipka Expansion Project South Eastern Coal Fields Limited Dipka Area,30-AUG-2026 00:31,29-AUG-2026 19:01,5.84,8.11,28.07,,0.34,site_5664,Thermo Fisher Scientific India Private Limited
South Eastern Coalfields Limited,Dipka Area,M/s Dipka Expansion Project South Eastern Coal Fields Limited Dipka Area,30-AUG-2026 00:30,29-AUG-2026 19:00,6.23,8.11,34.38,,0.44,site_5664,Thermo Fisher Scientific India Private Limited
South Eastern Coalfields Limited,"Bilaspur, CHHATTISGARHr",South Eastern Coalfields  Limited - AQMS_H_Q,30-AUG-2026 00:30,29-AUG-2026 18:59,3.42,,11.22,269.39,0.38,site_5592,Swan Environ
South Eastern Coalfields Limited,Dipka Area,M/s Dipka Expansion Project South Eastern Coal Fields Limited Dipka Area,30-AUG-2026 00:30,29-AUG-2026 19:00,6.52,8.11,34.83,,0.45,site_5664,Thermo Fisher Scientific India Private Limited
South Eastern Coalfields Limited,Dipka Area,M/s Dipka Expansion Project South Eastern Coal Fields Limited Dipka Area,30-AUG-2026 00:29,29-AUG-2026 18:59,6.59,8.11,27.34,,0.43,site_5664,Thermo Fisher Scientific India Private Limited
South Eastern Coalfields Limited,Dipka Area,M/s Dipka Expansion Project South Eastern Coal Fields Limited Dipka Area,30-AUG-2026 00:29,29-AUG-2026 18:59,6.38,8.11,30.38,,0.41,site_5664,Thermo Fisher Scientific India Private Limited
South Eastern Coalfields Limited,Dipka Area,M/s Dipka Expansion Project South Eastern Coal Fields Limited Dipka Area,30-AUG-2026 00:28,29-AUG-2026 18:58,6.21,8.11,34.35,,0.28,site_5664,Thermo Fisher Scientific India Private Limited
South Eastern Coalfields Limited,Dipka Area,M/s Dipka Expansion Project South Eastern Coal Fields Limited Dipka Area,30-AUG-2026 00:28,29-AUG-2026 18:58,6.08,8.11,35.74,,0.36,site_5664,Thermo Fisher Scientific India Private Limited
South Eastern Coalfields Limited,Dipka Area,M/s Dipka Expansion Project South Eastern Coal Fields Limited Dipka Area,30-AUG-2026 00:27,29-AUG-2026 18:57,6.01,8.11,33.94,,0.46,site_5664,Thermo Fisher Scientific India Private Limited
South Eastern Coalfields Limited,Dipka Area,M/s Dipka Expansion Project South Eastern Coal Fields Limited Dipka Area,30-AUG-2026 00:27,29-AUG-2026 18:57,5.95,8.11,35.82,,0.44,site_5664,Thermo Fisher Scientific India Private Limited
South Eastern Coalfields Limited,Dipka Area,M/s Dipka Expansion Project South Eastern Coal Fields Limited Dipka Area,30-AUG-2026 00:26,29-AUG-2026 18:56,5.96,8.11,31.20,,0.44,site_5664,Thermo Fisher Scientific India Private Limited
South Eastern Coalfields Limited,Dipka Area,M/s Dipka Expansion Project South Eastern Coal Fields Limited Dipka Area,30-AUG-2026 00:26,29-AUG-2026 18:56,6.04,8.11,38.69,,0.51,site_5664,Thermo Fisher Scientific India Private Limited
South Eastern Coalfields Limited,Dipka Area,M/s Dipka Expansion Project South Eastern Coal Fields Limited Dipka Area,30-AUG-2026 00:25,29-AUG-2026 18:55,6.14,8.11,28.81,,0.46,site_5664,Thermo Fisher Scientific India Private Limited
South Eastern Coalfields Limited,"Gevra , Chattisgarh",SECL GEVRA,30-AUG-2026 00:25,30-AUG-2026 00:15,28.10,51.29,13.03,7.85,0.55,site_,Envea India Pvt Ltd
South Eastern Coalfields Limited,"Gevra , Chattisgarh",SECL GEVRA,30-AUG-2026 00:25,30-AUG-2026 00:15,28.10,51.29,13.03,7.85,0.55,site_,Envea India Pvt Ltd
South Eastern Coalfields Limited,Dipka Area,M/s Dipka Expansion Project South Eastern Coal Fields Limited Dipka Area,30-AUG-2026 00:25,29-AUG-2026 18:55,6.20,8.11,31.54,,0.43,site_5664,Thermo Fisher Scientific India Private Limited
South Eastern Coalfields Limited,Dipka Area,M/s Dipka Expansion Project South Eastern Coal Fields Limited Dipka Area,30-AUG-2026 00:24,29-AUG-2026 18:54,6.12,8.11,35.62,,0.38,site_5664,Thermo Fisher Scientific India Private Limited
South Eastern Coalfields Limited,Dipka Area,M/s Dipka Expansion Project South Eastern Coal Fields Limited Dipka Area,30-AUG-2026 00:24,29-AUG-2026 18:54,5.92,8.11,35.86,,0.47,site_5664,Thermo Fisher Scientific India Private Limited
South Eastern Coalfields Limited,Dipka Area,M/s Dipka Expansion Project South Eastern Coal Fields Limited Dipka Area,30-AUG-2026 00:23,29-AUG-2026 18:53,5.56,8.11,41.78,,0.34,site_5664,Thermo Fisher Scientific India Private Limited
South Eastern Coalfields Limited,Dipka Area,M/s Dipka Expansion Project South Eastern Coal Fields Limited Dipka Area,30-AUG-2026 00:23,29-AUG-2026 18:53,5.10,8.11,37.57,,0.22,site_5664,Thermo Fisher Scientific India Private Limited
South Eastern Coalfields Limited,Dipka Area,M/s Dipka Expansion Project South Eastern Coal Fields Limited Dipka Area,30-AUG-2026 00:22,29-AUG-2026 18:52,4.68,8.11,29.59,,0.19,site_5664,Thermo Fisher Scientific India Private Limited
South Eastern Coalfields Limited,Dipka Area,M/s Dipka Expansion Project South Eastern Coal Fields Limited Dipka Area,30-AUG-2026 00:22,29-AUG-2026 18:52,4.33,8.11,32.70,,0.19,site_5664,Thermo Fisher Scientific India Private Limited
South Eastern Coalfields Limited,Dipka Area,M/s Dipka Expansion Project South Eastern Coal Fields Limited Dipka Area,30-AUG-2026 00:21,29-AUG-2026 18:51,3.78,8.11,34.70,,0.01,site_5664,Thermo Fisher Scientific India Private Limited
South Eastern Coalfields Limited,Dipka Area,M/s Dipka Expansion Project South Eastern Coal Fields Limited Dipka Area,30-AUG-2026 00:21,29-AUG-2026 18:51,3.42,8.11,36.27,,0.00,site_5664,Thermo Fisher Scientific India Private Limited
South Eastern Coalfields Limited,Dipka Area,M/s Dipka Expansion Project South Eastern Coal Fields Limited Dipka Area,30-AUG-2026 00:20,29-AUG-2026 18:50,3.33,8.11,38.13,,0.00,site_5664,Thermo Fisher Scientific India Private Limited
South Eastern Coalfields Limited,Dipka Area,M/s Dipka Expansion Project South Eastern Coal Fields Limited Dipka Area,30-AUG-2026 00:20,29-AUG-2026 18:50,3.49,8.11,37.48,,0.00,site_5664,Thermo Fisher Scientific India Private Limited
South Eastern Coalfields Limited,Dipka Area,M/s Dipka Expansion Project South Eastern Coal Fields Limited Dipka Area,30-AUG-2026 00:19,29-AUG-2026 18:49,3.56,8.09,34.67,,0.00,site_5664,Thermo Fisher Scientific India Private Limited
South Eastern Coalfields Limited,Dipka Area,M/s Dipka Expansion Project South Eastern Coal Fields Limited Dipka Area,30-AUG-2026 00:19,29-AUG-2026 18:49,3.55,7.98,34.26,,0.00,site_5664,Thermo Fisher Scientific India Private Limited
South Eastern Coalfields Limited,Dipka Area,M/s Dipka Expansion Project South Eastern Coal Fields Limited Dipka Area,30-AUG-2026 00:18,29-AUG-2026 18:48,3.63,7.81,35.98,,0.00,site_5664,Thermo Fisher Scientific India Private Limited
South Eastern Coalfields Limited,Dipka Area,M/s Dipka Expansion Project South Eastern Coal Fields Limited Dipka Area,30-AUG-2026 00:18,29-AUG-2026 18:48,3.80,7.76,35.79,,0.00,site_5664,Thermo Fisher Scientific India Private Limited
South Eastern Coalfields Limited,Dipka Area,M/s Dipka Expansion Project South Eastern Coal Fields Limited Dipka Area,30-AUG-2026 00:17,29-AUG-2026 18:47,3.93,7.72,35.85,,0.00,site_5664,Thermo Fisher Scientific India Private Limited
South Eastern Coalfields Limited,Dipka Area,M/s Dipka Expansion Project South Eastern Coal Fields Limited Dipka Area,30-AUG-2026 00:17,29-AUG-2026 18:47,4.03,7.68,36.36,,0.00,site_5664,Thermo Fisher Scientific India Private Limited
South Eastern Coalfields Limited,Dipka Area,M/s Dipka Expansion Project South Eastern Coal Fields Limited Dipka Area,30-AUG-2026 00:16,29-AUG-2026 18:46,4.11,7.74,36.51,,0.03,site_5664,Thermo Fisher Scientific India Private Limited
South Eastern Coalfields Limited,Dipka Area,M/s Dipka Expansion Project South Eastern Coal Fields Limited Dipka Area,30-AUG-2026 00:16,29-AUG-2026 18:46,4.31,7.93,36.70,,0.03,site_5664,Thermo Fisher Scientific India Private Limited
South Eastern Coalfields Limited,"Bilaspur, CHHATTISGARHr",South Eastern Coalfields  Limited - AQMS_H_Q,30-AUG-2026 00:15,29-AUG-2026 18:44,3.36,,12.51,270.00,0.43,site_5592,Swan Environ
South Eastern Coalfields Limited,Dipka Area,M/s Dipka Expansion Project South Eastern Coal Fields Limited Dipka Area,30-AUG-2026 00:15,29-AUG-2026 18:45,4.75,8.12,35.04,,0.07,site_5664,Thermo Fisher Scientific India Private Limited
South Eastern Coalfields Limited,Dipka Area,M/s Dipka Expansion Project South Eastern Coal Fields Limited Dipka Area,30-AUG-2026 00:15,29-AUG-2026 18:45,4.97,8.34,36.70,,0.18,site_5664,Thermo Fisher Scientific India Private Limited
South Eastern Coalfields Limited,Dipka Area,M/s Dipka Expansion Project South Eastern Coal Fields Limited Dipka Area,30-AUG-2026 00:14,29-AUG-2026 18:44,5.17,8.53,35.55,,0.12,site_5664,Thermo Fisher Scientific India Private Limited
South Eastern Coalfields Limited,Dipka Area,M/s Dipka Expansion Project South Eastern Coal Fields Limited Dipka Area,30-AUG-2026 00:14,29-AUG-2026 18:44,5.34,8.59,35.58,,0.08,site_5664,Thermo Fisher Scientific India Private Limited
South Eastern Coalfields Limited,Dipka Area,M/s Dipka Expansion Project South Eastern Coal Fields Limited Dipka Area,30-AUG-2026 00:13,29-AUG-2026 18:43,5.66,8.59,31.42,,0.14,site_5664,Thermo Fisher Scientific India Private Limited
South Eastern Coalfields Limited,Dipka Area,M/s Dipka Expansion Project South Eastern Coal Fields Limited Dipka Area,30-AUG-2026 00:13,29-AUG-2026 18:43,5.85,8.60,33.68,,0.01,site_5664,Thermo Fisher Scientific India Private Limited
South Eastern Coalfields Limited,Dipka Area,M/s Dipka Expansion Project South Eastern Coal Fields Limited Dipka Area,30-AUG-2026 00:12,29-AUG-2026 18:42,5.86,8.67,38.40,,0.09,site_5664,Thermo Fisher Scientific India Private Limited
South Eastern Coalfields Limited,Dipka Area,M/s Dipka Expansion Project South Eastern Coal Fields Limited Dipka Area,30-AUG-2026 00:12,29-AUG-2026 18:42,5.93,8.64,39.94,,0.13,site_5664,Thermo Fisher Scientific India Private Limited
South Eastern Coalfields Limited,Dipka Area,M/s Dipka Expansion Project South Eastern Coal Fields Limited Dipka Area,30-AUG-2026 00:11,29-AUG-2026 18:41,5.95,8.57,38.71,,0.25,site_5664,Thermo Fisher Scientific India Private Limited
South Eastern Coalfields Limited,Dipka Area,M/s Dipka Expansion Project South Eastern Coal Fields Limited Dipka Area,30-AUG-2026 00:11,29-AUG-2026 18:41,5.84,8.56,37.23,,0.38,site_5664,Thermo Fisher Scientific India Private Limited
South Eastern Coalfields Limited,Dipka Area,M/s Dipka Expansion Project South Eastern Coal Fields Limited Dipka Area,30-AUG-2026 00:10,29-AUG-2026 18:40,5.60,8.54,27.26,,0.34,site_5664,Thermo Fisher Scientific India Private Limited
South Eastern Coalfields Limited,"Gevra , Chattisgarh",SECL GEVRA,30-AUG-2026 00:10,30-AUG-2026 00:00,0.10,0.00,0.00,0.00,0.68,site_,Envea India Pvt Ltd
South Eastern Coalfields Limited,"Gevra , Chattisgarh",SECL GEVRA,30-AUG-2026 00:10,30-AUG-2026 00:00,0.10,0.00,0.00,0.00,0.68,site_,Envea India Pvt Ltd
South Eastern Coalfields Limited,"Gevra , Chattisgarh",SECL GEVRA,30-AUG-2026 00:10,30-AUG-2026 00:00,0.10,0.00,0.00,0.00,0.68,site_,Envea India Pvt Ltd
South Eastern Coalfields Limited,"Gevra , Chattisgarh",SECL GEVRA,30-AUG-2026 00:10,30-AUG-2026 00:00,0.10,0.00,0.00,0.00,0.68,site_,Envea India Pvt Ltd
South Eastern Coalfields Limited,Dipka Area,M/s Dipka Expansion Project South Eastern Coal Fields Limited Dipka Area,30-AUG-2026 00:10,29-AUG-2026 18:40,5.36,8.49,29.30,,0.32,site_5664,Thermo Fisher Scientific India Private Limited
South Eastern Coalfields Limited,Dipka Area,M/s Dipka Expansion Project South Eastern Coal Fields Limited Dipka Area,30-AUG-2026 00:09,29-AUG-2026 18:39,5.14,8.41,33.59,,0.44,site_5664,Thermo Fisher Scientific India Private Limited
South Eastern Coalfields Limited,Dipka Area,M/s Dipka Expansion Project South Eastern Coal Fields Limited Dipka Area,30-AUG-2026 00:09,29-AUG-2026 18:39,4.88,8.40,33.74,,0.53,site_5664,Thermo Fisher Scientific India Private Limited
South Eastern Coalfields Limited,Dipka Area,M/s Dipka Expansion Project South Eastern Coal Fields Limited Dipka Area,30-AUG-2026 00:08,29-AUG-2026 18:38,4.50,8.41,36.36,,0.56,site_5664,Thermo Fisher Scientific India Private Limited
South Eastern Coalfields Limited,Dipka Area,M/s Dipka Expansion Project South Eastern Coal Fields Limited Dipka Area,30-AUG-2026 00:08,29-AUG-2026 18:38,4.15,8.46,33.90,,0.71,site_5664,Thermo Fisher Scientific India Private Limited
South Eastern Coalfields Limited,Dipka Area,M/s Dipka Expansion Project South Eastern Coal Fields Limited Dipka Area,30-AUG-2026 00:07,29-AUG-2026 18:37,3.67,8.47,36.65,,0.87,site_5664,Thermo Fisher Scientific India Private Limited
South Eastern Coalfields Limited,Dipka Area,M/s Dipka Expansion Project South Eastern Coal Fields Limited Dipka Area,30-AUG-2026 00:07,29-AUG-2026 18:37,3.29,8.47,36.22,,0.78,site_5664,Thermo Fisher Scientific India Private Limited
South Eastern Coalfields Limited,Dipka Area,M/s Dipka Expansion Project South Eastern Coal Fields Limited Dipka Area,30-AUG-2026 00:06,29-AUG-2026 18:36,3.07,8.47,32.57,,0.72,site_5664,Thermo Fisher Scientific India Private Limited
South Eastern Coalfields Limited,Dipka Area,M/s Dipka Expansion Project South Eastern Coal Fields Limited Dipka Area,30-AUG-2026 00:06,29-AUG-2026 18:36,3.03,8.58,35.59,,0.74,site_5664,Thermo Fisher Scientific India Private Limited
South Eastern Coalfields Limited,Dipka Area,M/s Dipka Expansion Project South Eastern Coal Fields Limited Dipka Area,30-AUG-2026 00:05,29-AUG-2026 18:35,3.20,8.73,30.51,,0.74,site_5664,Thermo Fisher Scientific India Private Limited
South Eastern Coalfields Limited,Dipka Area,M/s Dipka Expansion Project South Eastern Coal Fields Limited Dipka Area,30-AUG-2026 00:05,29-AUG-2026 18:35,3.50,8.96,34.93,,0.78,site_5664,Thermo Fisher Scientific India Private Limited
South Eastern Coalfields Limited,Dipka Area,M/s Dipka Expansion Project South Eastern Coal Fields Limited Dipka Area,30-AUG-2026 00:04,29-AUG-2026 18:34,3.98,9.45,33.26,,0.68,site_5664,Thermo Fisher Scientific India Private Limited
South Eastern Coalfields Limited,Dipka Area,M/s Dipka Expansion Project South Eastern Coal Fields Limited Dipka Area,30-AUG-2026 00:04,29-AUG-2026 18:34,4.37,9.98,37.13,,0.61,site_5664,Thermo Fisher Scientific India Private Limited
South Eastern Coalfields Limited,Dipka Area,M/s Dipka Expansion Project South Eastern Coal Fields Limited Dipka Area,30-AUG-2026 00:03,29-AUG-2026 18:33,4.75,10.73,30.97,,0.57,site_5664,Thermo Fisher Scientific India Private Limited
South Eastern Coalfields Limited,Dipka Area,M/s Dipka Expansion Project South Eastern Coal Fields Limited Dipka Area,30-AUG-2026 00:03,29-AUG-2026 18:33,5.11,11.41,26.17,,0.45,site_5664,Thermo Fisher Scientific India Private Limited
South Eastern Coalfields Limited,Dipka Area,M/s Dipka Expansion Project South Eastern Coal Fields Limited Dipka Area,30-AUG-2026 00:02,29-AUG-2026 18:32,5.56,12.22,27.27,,0.33,site_5664,Thermo Fisher Scientific India Private Limited
South Eastern Coalfields Limited,Dipka Area,M/s Dipka Expansion Project South Eastern Coal Fields Limited Dipka Area,30-AUG-2026 00:01,29-AUG-2026 18:31,6.43,14.08,30.30,,0.46,site_5664,Thermo Fisher Scientific India Private Limited
South Eastern Coalfields Limited,"Bilaspur, CHHATTISGARHr",South Eastern Coalfields  Limited - AQMS_H_Q,30-AUG-2026 00:00,29-AUG-2026 18:30,3.41,,13.21,277.17,1.06,site_5592,Swan Environ
South Eastern Coalfields Limited,Dipka Area,M/s Dipka Expansion Project South Eastern Coal Fields Limited Dipka Area,30-AUG-2026 00:00,29-AUG-2026 18:30,6.43,14.28,31.14,,0.41,site_5664,Thermo Fisher Scientific India Private Limited
